nca-1,nca-2,nca-3,nca-4,nca-5,nca-6,nca-7,nca-8,nca-9,nca-10,nca-11,nca-12,LoanStatus
-0.7343339837464326,-0.23262143470945426,-0.4388788668095087,-2.9816875371622578,-1.902308713979068,0.2960351148271032,-1.833734430801065,-0.7241938815691824,-0.23298771896249945,-0.6291165588229015,45.75877253317821,25000.018616043424,0
-4.629242585852479,-1.91604199255479,-3.0155034016214293,-19.115800135786543,-12.142080534466075,0.7545663256510556,-12.040473720129361,-4.824877136697774,-1.9208910164335076,-4.295113189345291,87.54925544641601,150000.04654096565,0
-2.9573505128092856,-1.1974969655451728,-1.893891345596459,-12.213209377836687,-7.741221955781234,0.5178943522512239,-7.676702474285051,-3.0229967746421322,-1.2015441419061579,-2.6993581844114805,40.631245269297416,96000.02437867614,0
-0.21442570806245217,-0.021285833070621915,-0.06900711886053773,-1.0611476770412849,-0.5998244495196301,0.23439698002222067,-0.6151093171285991,-0.20951130248361083,-0.02279973263047534,-0.13829154402020752,39.50389218137026,10000.014821738232,1
-0.701381935716545,-0.2523698527189645,-0.42084358463613186,-3.0611257834388033,-1.9207182454121154,0.16100955979426979,-1.9048377805022145,-0.760628652473485,-0.2527313322582674,-0.6258151471361532,32.58337537945422,24500.013981110085,0
-4.2798510220849755,-1.7840619196862815,-2.806665556640649,-17.81875501941811,-11.302175433679754,0.7051666860431692,-11.20602953190447,-4.455918920540708,-1.7502732590041017,-3.990049508739262,98.04626684655375,140000.04914809167,1
-0.5583879761503905,-0.20938905037400593,-0.35489589538105887,-2.4972997385524103,-1.5644151746428503,0.18473369132042988,-1.5506708867589751,-0.6071223298849738,-0.21223616144848007,-0.4970653466548642,47.00720564580144,20000.018561086643,1
-10.359569903578997,-4.246494562114006,-6.651962657205696,-42.16387591370216,-26.81171353104612,1.5435393788663563,-26.586502246691783,-10.683814022821014,-4.251133540809978,-9.541605933064696,171.60798250451228,330000.0950743522,0
-1.925426863924744,-0.7510640529398658,-1.2498146464904625,-7.966638471130991,-5.0715835528794955,0.3453157039403945,-5.079737257220606,-1.9830229281363476,-0.7517024210511094,-1.7577971959118648,71.07130679297607,63000.03154992001,0
-1.4134188930571407,-0.5333487519941923,-0.8995862000440918,-6.338647892819225,-4.0093572991175135,0.31623172109522646,-3.9750129080119203,-1.5020225743292972,-0.5355593249233193,-1.3492934895100408,58.51694817432618,50000.02576469809,1
-4.794273338551129,-1.9386893369425378,-3.0295068475118625,-19.512432519806968,-12.343707907174755,0.8660309249060747,-12.260045758913153,-4.928921193648342,-1.9423587228074453,-4.403655844631705,87.98556677996942,154100.04709026517,1
-3.0796914305861165,-1.2569996824657257,-2.0056038718504894,-12.728485843527018,-8.07377648112615,0.491915879639005,-8.006043563454462,-3.151362457901801,-1.2584831138189803,-2.7985183877826,94.03348122011687,100000.04351191066,1
-1.9704355878538968,-0.7203746143309085,-1.1455447805083738,-8.10348561518647,-5.162232179325606,0.47136602042809234,-5.066191204756152,-1.9241857710069727,-0.7210540952413679,-1.7751910648381293,60.77175663155991,65000.028108734456,0
-0.5985774789129122,-0.1881305585252713,-0.32225482457881227,-2.981688079170545,-1.9023097758213694,0.2960363016848816,-1.8337357066897433,-0.6152268517212188,-0.18821223215464677,-0.6663022912838282,44.758754361168464,25000.018255350173,1
-10.560093246452363,-4.370270772245725,-6.804271383247226,-43.060238636917674,-27.3822667728108,1.574264682515082,-27.152261602733557,-10.888896688116688,-4.374499340461767,-9.766040392468344,128.05942068331206,337000.0805609888,0
-3.900538023362485,-1.5737480943863869,-2.495059034397776,-16.020747055607035,-10.218506576624344,0.5739349593602138,-10.132039521743959,-3.9830846175358317,-1.5756186670324963,-3.5446754537623506,104.10689478034938,125900.04978736519,1
-0.4569975811815011,-0.1330427430260385,-0.24732275085124253,-1.9695573869717276,-1.2212980329944096,0.16718424452902336,-1.2116971703315842,-0.39835584492386783,-0.13588302148318396,-0.3773297042615463,63.60623418132646,16000.023944193164,0
-4.6643334377718935,-1.9325442924201495,-3.037219349942225,-18.841362067575584,-11.859316433163318,0.7545619334083097,-11.757277248093896,-4.82202856573973,-1.9355775244384523,-4.27820886284584,95.54940114602928,150000.0492638815,0
-2.939212069220471,-1.189434235659194,-1.9075616033666984,-12.068831475621321,-7.656357195522183,0.460014048391482,-7.591532950765287,-3.0575828272335452,-1.1904709177030663,-2.6532453150971684,46.070834916744744,94400.0261345435,0
-8.467484614151985,-3.5162095240420563,-5.463536946176491,-34.50477962642411,-21.93710890005774,1.2414167477893436,-21.752968670502504,-8.71780254638646,-3.5202376337015737,-7.803607737138663,142.58838877717275,270000.07855372987,1
-2.445831305701103,-0.9735758379149437,-1.5512039822658366,-10.040354881626927,-6.334319082713471,0.5266200330391928,-6.2793724634401356,-2.5737422715328058,-0.9747620030069929,-2.2026713981194948,78.02683592057667,80000.03575063084,1
-0.5134418617839336,-0.15225207150558656,-0.2797038140244714,-2.497321221844591,-1.5644451997416278,0.18475318123689285,-1.5507066756751344,-0.5185090503880931,-0.1517379255108081,-0.4970454959516779,26.00682617892269,20000.01119683739,0
-0.7027207831399002,-0.26082289097977635,-0.44755719417601136,-3.1219757696822183,-1.9547999313750526,0.20664581201342128,-1.9390227344366002,-0.7007078731556299,-0.2611875372705022,-0.623542033560337,53.75891673325683,25000.02144799488,0
-0.06886382544709417,0.021027071634683425,-0.01448649859174914,-0.42090208815389013,-0.19230505940902065,0.21246207305854045,-0.21101770872157405,-0.08085466659012985,0.034091870728668504,0.007876333217662918,57.75263273423593,5000.0206873254065,1
-0.7027232789070511,-0.18814779081821684,-0.32226055919354696,-2.9816589882460036,-1.9022694061649996,0.2960105667362217,-1.8336875919038857,-0.5637611058996509,-0.18822371961041776,-0.5768782409916315,72.7592600586771,25000.02806343519,1
-4.619109032021007,-1.884148990730596,-2.952731093217871,-18.84134628920497,-11.859294663249718,0.7545482530465397,-11.75725130089808,-4.8361129562096785,-1.8877521338984975,-4.260384710800283,110.54967202058597,150000.0545142332,1
-3.4679468891640917,-1.4131869842637188,-2.242661627320183,-14.312544505026128,-9.076007495590256,0.5779342572599054,-9.015537000803569,-3.570359537298997,-1.4144205683611584,-3.1351231403696613,78.41217184908825,112500.03936033373,1
-0.4831777701862234,-0.13181338825513775,-0.2802640528931399,-2.341599545005695,-1.4148085688408052,0.2782317690715937,-1.4232273877664532,-0.5220401366882533,-0.12888739864280943,-0.4942562810414943,41.00709762068057,20000.016408193093,1
-14.172208190749815,-5.948387635484226,-9.134412126789206,-57.54509782099833,-36.598993911668636,2.003438983565837,-36.28998482559871,-14.64340489694788,-5.955108336987988,-13.04974818554753,202.64668250078157,450000.118681666,0
-4.664330422538272,-1.884128652534717,-2.952724300879964,-18.841380425616006,-11.85934212831259,0.7545786703630845,-11.757307875169035,-4.689867714856312,-1.8877385654392855,-4.278191842377159,77.5490758661227,150000.04295069835,1
-12.544433934194208,-5.2288295173038835,-8.138673216385692,-51.18115239046795,-32.58647064280997,1.822488793713638,-32.31179477557332,-12.998424489774086,-5.240074737487366,-11.59175645838323,184.13045638201004,400000.1069053015,1
-4.638628487731219,-1.8841354555329384,-2.945119760017979,-18.841369190877487,-11.859326420964937,0.7545684531854849,-11.757289146473083,-4.837527628421346,-1.8877431128340658,-4.295113813612684,88.54927464952573,150000.04680862065,1
-0.38183504733781054,-0.1230549164555457,-0.2612652929647897,-2.3414651280074037,-1.4948219263096088,0.2741217357567763,-1.4296817026958835,-0.4347859858087455,-0.12288934632682863,-0.4306631702941154,41.00709736867603,20000.016406687242,1
-0.16624865727833021,0.0012473137212368755,-0.0744416730663083,-1.061149670586322,-0.5998272706909669,0.23439886508708427,-0.6151126803609223,-0.1948984342777141,0.004322857542944521,-0.2082031539213928,37.50385608094049,10000.014120579359,0
-51.86888534813341,-21.73465469709892,-33.67211192498321,-209.95673917572324,-133.61989198037395,7.2643968161708585,-132.49377049975774,-53.57221422527762,-21.7609956801154,-47.85873682212261,576.5316494635106,1640000.3758765429,0
-2.5720739357206543,-0.9967162960741899,-1.6181126540121258,-10.84594536326613,-6.889443738267026,0.4684279464660716,-6.8310646248949345,-2.6484681942276493,-0.9947597475438094,-2.3599467895158015,76.77840184673026,85000.03588279778,0
-4.664330375545259,-1.9222811299305158,-2.9421782701682067,-18.84138177734806,-11.859343811090785,0.7545794166414665,-11.757309871335185,-4.866255735356167,-1.9245195070716512,-4.2603526519649355,76.5490579055221,150000.04260640335,0
-88.85972003939813,-37.28107474160241,-57.69249476830017,-359.2709336879046,-228.6325123575685,12.35550732818621,-226.69037959566867,-91.6401597820671,-37.31835405235736,-81.96985853384852,1010.2202600775205,2806600.651507836,0
-0.09856762617745948,-0.039085493949764315,-0.09144793698972598,-0.8582999061768173,-0.521205871657535,0.1286064817803751,-0.5162444499990388,-0.18416793079104452,-0.04173645601029496,-0.10379531874399246,65.52347190863102,7200.023687754703,1
-17.3744465668183,-7.223572415871854,-11.252069260789295,-70.21623685224972,-44.657340964146634,2.490627321648532,-44.28028507978094,-17.875838388761174,-7.229881010236707,-15.95104276959356,233.36373397035322,549100.139949593,1
-0.7027163306874542,-0.1699610718600591,-0.3704319619168104,-2.809673584834463,-1.6201555344423475,0.5268145389527186,-1.602981757956167,-0.6727897635338529,-0.15130788858684163,-0.6468455542808603,34.75857450173579,25000.014694320496,1
-0.5952531298918348,-0.26081771166114875,-0.41917818137678636,-2.9816872856743055,-1.902308509082483,0.2960352416461878,-1.8337342025134808,-0.6588880630356483,-0.2611839940974231,-0.6432490939612742,45.75877251805595,25000.01861025763,1
-0.7027229589433411,-0.23263620893510475,-0.47260945690034084,-2.9816625803969834,-1.9022740894921741,0.29601306345032213,-1.8336931690794773,-0.7249841510592964,-0.2329975686065811,-0.6235569992007092,69.75920606403896,25000.027023384053,1
-4.560196285855493,-1.85140678274711,-2.895040594667237,-19.115769504921474,-12.142038342686012,0.7545399423720883,-12.040423442048024,-4.704511918289421,-1.853352142679887,-4.278560379154158,116.54977912385925,150000.05668952304,1
-0.6636275413241747,-0.2486705460791496,-0.4070757099088212,-2.91708412279151,-1.824375586445163,0.19961504148648387,-1.8096917971891493,-0.693376422926322,-0.2490073657795898,-0.5589419236114211,72.19874131453125,23400.02773951738,1
-2.8704031613345995,-1.1875358262855844,-1.9078429863389748,-12.725368991502094,-8.067186614859912,0.5354103688405297,-7.999915173950894,-3.0519163023486295,-1.1885683348036609,-2.7984871773349833,61.032884922235425,100000.03193619843,1
-4.664331475781074,-1.8841323829694563,-2.945118745095695,-18.841374426184213,-11.859333661964428,0.7545730286174314,-11.757297774589258,-4.845175241679365,-1.887741066506694,-4.278197524630371,83.54918432175806,150000.045057569,0
-0.7027191303840539,-0.18813180006006233,-0.32225525559082496,-2.9816860971218726,-1.9023069676210589,0.29603441561690547,-1.83373235525263,-0.6156189534799392,-0.18821306426953563,-0.576853720044388,46.75879042151544,25000.01895669706,0
-2.9330920802295055,-1.216742115902231,-1.9262837936360342,-12.46259719366033,-7.807900962445807,0.5312047417749788,-7.739227477269891,-3.1356452406892092,-1.2174227551916366,-2.839558113616867,62.032904206932095,100000.03221774101,1
-0.962393406136513,-0.33141396353621433,-0.5890010898485726,-4.417964788361259,-2.786873834121142,0.2504750024735386,-2.7628271174369776,-1.0127605001042423,-0.3287092328169639,-0.9165804608755325,61.26223037248829,35000.02513642287,0
-2.9579674697701814,-1.1767939003522603,-1.8725599732284366,-12.08513952543872,-7.659689280430179,0.5134889642233406,-7.595849826207573,-3.0260398515563547,-1.1800228090158982,-2.6649649203323116,64.28135465786119,95000.03255950082,1
-10.946181765817206,-4.545347910952375,-7.069173943023979,-44.612518975984536,-28.338838519033082,1.7101241630175872,-28.098498623965817,-11.32217851111304,-4.551947268827485,-10.142581577122337,155.61405053329872,350000.091561113,0
-9.915846463619083,-4.08686212823444,-6.395213875992177,-40.081900224471454,-25.387046352896505,1.476679416570255,-25.170260253505045,-10.203787713697404,-4.090768447509941,-9.142538723470388,138.5978424435325,315700.08192140923,1
-5.456659382457892,-2.2718440566309397,-3.5451467937403787,-22.020455371339533,-13.87472990197548,1.0178009017419487,-13.755524919510298,-5.592750058320984,-2.1936583951735,-5.028877163709062,125.30788427219755,175000.06233246205,1
-1.336576134327565,-0.5353980900938236,-0.8760818528439943,-5.6349683599902285,-3.526065164059272,0.26643661454306006,-3.4951577083941534,-1.3870345517917815,-0.5368640864735081,-1.208934136583113,43.76509302975318,45000.02005382518,0
-7.852010811843775,-3.1834665890242877,-4.995185322907001,-31.826008615587632,-20.189270716075768,1.1886670693084818,-20.019287038363334,-8.097754235026667,-3.186735640157636,-7.244728275276523,146.5821048143813,250000.07779717966,1
-1.4801063335085831,-0.5938484993743932,-0.9421523012193234,-6.318573980414731,-3.992589410945285,0.3000676980678901,-3.9595770967341397,-1.5585457538629786,-0.5836856475437635,-1.3972353365153065,52.51684002578969,50000.023665180954,1
-11.552238597386248,-4.816767301401836,-7.486323304279943,-47.106152626426386,-29.97689383867033,1.6564947016675735,-29.724192729187187,-11.950397008192539,-4.824875993909554,-10.671662057217421,166.91997508965977,368000.09748646355,0
-4.616522860024638,-1.8841483671481798,-2.9527308758914823,-18.841347271937416,-11.859296061846797,0.754549202439581,-11.757252969483169,-4.797873208348922,-1.887751715004777,-4.278222041872965,109.549653954944,150000.0541630974,1
-11.960039906921283,-4.988139186188527,-7.67905789909605,-48.62167528978274,-30.92454973378236,1.7092391923229366,-30.673280190376715,-12.270583980871171,-4.993819897013075,-11.025543190997269,159.1937131476835,380200.0960579436,0
-76.39641233510953,-31.97779780533319,-49.53514692117552,-308.9596412263041,-196.59550661212947,10.658140928118192,-194.97353707549027,-78.8077451569043,-32.01343202590692,-70.49490381156455,896.6834304998873,2414000.570085175,1
-0.7090579358022714,-0.25544504814324803,-0.4468403162456983,-3.1475941617496628,-1.9711125662469295,0.20753072058787958,-1.9552005321217392,-0.7518195684614873,-0.25842743104825033,-0.5826994788014862,44.828818957873466,25200.018340645816,0
-1.1686208753666916,-0.38771735007807523,-0.6831078063990261,-4.902370454114361,-3.124792040266187,0.3617919397230541,-3.045920055521165,-1.196691315419548,-0.388024793274937,-1.0331574814943034,43.01349023361523,40000.01923972221,0
-1.1781169071731064,-0.40798622808410473,-0.681079312330718,-5.0217331265497,-3.1598344925519135,0.2510789617464462,-3.1323511619986264,-1.153024855113976,-0.4088055571997425,-1.062117368213142,75.01406808579289,40000.030474976615,1
-0.48318217904923993,-0.13182844847463107,-0.2802693602990574,-2.497280612846886,-1.5643888997545246,0.18471738025143083,-1.5506395787909963,-0.5220522145012605,-0.1288975397673912,-0.47802866879567874,65.00753062854653,20000.024857523862,0
-4.594271618832811,-1.8528424683760985,-2.9369553420127037,-18.819363560473512,-11.837322509678334,0.9082482598618575,-11.735292807637466,-4.687626328302652,-1.854621507308196,-4.278198373495306,84.5492022166053,150000.04539377723,1
-6.238491471018403,-2.5847876770033484,-4.041567610542128,-25.22159055090365,-15.912197646772457,1.1273922943434862,-15.775828964743473,-6.469686937502361,-2.5877676650065586,-5.763318757438815,124.06580753623147,200000.0645505959,1
-0.581730595930896,-0.1881219292718212,-0.3222519463730459,-2.98170258420153,-1.9023299240505893,0.2960491925461164,-1.833759725160917,-0.6152201866285675,-0.18820647556529121,-0.5945905647220455,30.758501395983803,25000.01334817811,0
-0.22732427368511945,-0.008784873412532382,-0.14666658840735447,-1.0610198943690734,-0.679846776539424,0.23029225141468357,-0.6215743049215837,-0.20456276164023135,-0.009161897139743582,-0.1856286041183411,33.503783722358136,10000.012729680602,0
-2.870406775572066,-1.187550998415514,-1.9078478077946468,-12.58504643013667,-8.01464778026613,0.6247693550132448,-7.894570123984163,-3.0519276605038757,-1.1885783732331636,-2.8170100588289793,86.03333685800845,100000.04066448957,1
-0.7264109699373705,-0.26891215787352823,-0.4409422684701812,-3.0951525079669255,-1.9314687383820677,0.18950633839941594,-1.914293639016359,-0.7718689969755331,-0.26459065449889435,-0.6238602753533441,39.758664001193566,25000.016539143806,1
-4.581465281786178,-1.8841310119702073,-2.9505185213372465,-18.819366809731015,-11.837326936013895,0.90825094185052,-11.735298080634312,-4.7346629039133905,-1.8877400998103502,-4.320964488008817,81.54914812113242,150000.04434632408,1
-0.8611875947700808,-0.2672384454261588,-0.487945150358231,-3.7777295394259705,-2.379368831525311,0.22854931746941268,-2.358752651230364,-0.8477477624512348,-0.2691462171283078,-0.7894567535690863,69.51079027000623,30000.02749825539,0
-3.079687200922103,-1.26932384820082,-1.998079715442345,-12.753702489459421,-8.105517608938944,0.4810355506549226,-8.029896043514064,-3.1654945911706402,-1.2744231948572717,-2.7984929521017756,67.03299341096874,100000.03406152067,0
-0.22732619584486422,0.01145779873834371,-0.013522395678362947,-1.1804053272480193,-0.714920886259014,0.11959955329049858,-0.7080431322971324,-0.21604908715696897,0.011601271202230824,-0.20188856448763334,43.5039641122916,10000.016255140094,0
-3.713548240013845,-1.4300969329241002,-2.2922730078849622,-14.999997551900107,-9.414352101839212,0.6230505501104681,-9.332908763936434,-3.7895182966356025,-1.4447003751920386,-3.401762607058918,99.03992925295515,120000.04729816214,1
-2.287367971418641,-0.8534476527322186,-1.3513712895227368,-9.383914852237227,-5.977184754467056,0.5151804629233017,-5.8742716723277635,-2.3424782523135885,-0.8542725851115973,-2.0854217480495123,84.27535951564576,75000.03740652461,0
-3.0365603641144014,-1.2370078235529354,-1.9640015986794603,-12.770567006972579,-8.127199729174162,0.48062892541886415,-8.055801260875336,-3.1841729155339964,-1.243766623505891,-2.8395735909551,78.03319202225211,100000.03792001649,1
-0.7027198336142236,-0.18959025504485436,-0.364178206922153,-2.981682114607097,-1.9023013373688409,0.2960306450103131,-1.8337256384271448,-0.6816657080302317,-0.18949782239612553,-0.6568990292063771,50.75886279405965,25000.020363394877,1
-9.202759218297489,-3.78748414671854,-5.941771662005294,-37.536167684231216,-23.888612656217713,1.3543560137995718,-23.68255247838716,-9.48467173453795,-3.7910513096755585,-8.506954048769119,143.71578244956683,293200.08142635017,0
-0.7027160419823107,-0.2083685504726649,-0.4382077925965908,-2.981707252657274,-1.9023360890924859,0.29605259570660103,-1.8337670577724834,-0.749483649192835,-0.2089723682991954,-0.6235164272263289,26.758429295530572,25000.01195888573,0
-12.676202332860326,-5.1926686702977705,-8.108747552490204,-51.33084930114949,-32.6655454557486,2.008447143199914,-32.39029945130871,-13.070998844654694,-5.1982009148859385,-11.633688617329332,175.48061776346864,401000.10398675693,0
-0.6076011551547552,-0.2453825159179958,-0.43180780074865915,-3.137510842052731,-1.9718868229619348,0.2066383689877933,-1.9547056078101246,-0.700232605958046,-0.2475600301664893,-0.6235495830985794,61.75906114293981,25000.024251500818,0
-1.5311778554359858,-0.5888820790012379,-0.9542342112281604,-6.338627503845566,-4.009328765363722,0.31621312375357136,-3.9749788892259823,-1.5822128986263175,-0.5896173291236806,-1.3544909607912325,78.51730958206406,50000.032780276495,0
-4.495337229921353,-1.865654738631991,-2.9108155284180843,-18.466366514495277,-11.71705058549643,0.6889170822586278,-11.602522135337068,-4.653044666615349,-1.8631231662615078,-4.10310318174609,104.79797799095358,145000.05204716173,1
-4.687267555160095,-1.9160394829407579,-3.0155025170964924,-19.08127720964642,-12.103936891019046,0.7533572410209493,-12.002671174482686,-4.837270512434848,-1.9208893272944603,-4.301429778105775,83.54918336889239,150000.04513150654,1
-0.638134698569358,-0.18812775845793736,-0.4791005126151965,-3.1010896713811196,-1.9374059366330898,0.18535708266363143,-1.9202308177288794,-0.7728688223717263,-0.1882104645754152,-0.6467607694857708,39.758663914646874,25000.016537447038,1
-0.4708178444387657,-0.14184929808595464,-0.32023872557667116,-2.4348416457961344,-1.4948198739466765,0.274119405713154,-1.4296791363094148,-0.47568702401919866,-0.1423746438904763,-0.49706141399966663,43.00713352752296,20000.017127115407,0
-0.4999329465295723,-0.2498646108915074,-0.419464236973493,-3.1219733088373838,-1.954796741929736,0.20664417361816684,-1.9390189523589907,-0.641405314629579,-0.2483338358271947,-0.6432586408252343,55.758952801145206,25000.02213995785,1
-4.188939333011894,-1.7596259789422466,-2.7037514496370867,-17.210086468359478,-10.9262471391214,0.6453539715971828,-10.834488078990837,-4.321186598281146,-1.7616379798049204,-3.821802137967106,81.29437507736924,135000.04276243338,0
-0.6222601621132986,-0.2498547791198494,-0.419460991002635,-3.1219900686587194,-1.95481991984563,0.20665881282386925,-1.939046568963034,-0.6413977827110559,-0.24832728804179854,-0.5768472639361955,39.758663735530625,25000.0165367028,1
-4.6639364100514635,-1.8528369449767759,-2.936953522400518,-18.819373010722543,-11.837335568549193,0.9082564819834145,-11.735308364192349,-4.687622100524518,-1.8546178310112076,-4.298667423594714,75.54903967191169,150000.04224366404,1
-2.3241116734434732,-0.9106822709331217,-1.4609183870955538,-9.477886463628455,-5.991554033201547,0.4245957895258347,-5.94178331545068,-2.371763864663153,-0.9136087874430966,-2.0675732072646715,73.27516074635315,75000.03357662159,0
-9.803021716518737,-4.037630125700604,-6.300747932845677,-39.562654957677644,-25.040024113249135,1.6183438918194337,-24.826756505828577,-10.071050058407504,-4.041480900016,-8.967965083218182,138.3016611088144,312000.081410255,1
-4.706345196693799,-1.8944060056917478,-2.991084297857581,-18.84137446961512,-11.859333693322096,0.7545730057717481,-11.757297813199694,-4.8037613451396775,-1.896642946207314,-4.2781975301254365,83.54918432824752,150000.04505874706,0
-2.9454888848818856,-1.2173461930306926,-1.9054604307792598,-12.185213079588964,-7.7073838421866325,0.4985479719983335,-7.618839390411337,-3.0120533551416067,-1.2187738173335276,-2.705581393709299,87.70215938471928,96200.04087211326,1
-1.3365733209961008,-0.5188886615395297,-0.83825435539588,-5.69845659768586,-3.60191309325695,0.2943444688946235,-3.57101089530979,-1.4381778884519243,-0.5221727023563277,-1.2279698967646873,24.764749502611956,45000.013419253075,0
-1.489686082453575,-0.5888783870076817,-0.9542329799849615,-6.334875137250731,-4.0075102547309145,0.2770864144190992,-3.974433092885789,-1.5625633789693485,-0.5896148685897414,-1.3713968746542697,72.51720124190888,50000.030676020055,1
-4.664336150507642,-1.9352530647960924,-3.0134338876991453,-18.841344340682678,-11.859291873918929,0.7545463403672026,-11.757247978372314,-4.797820007174374,-1.9402066816856283,-4.27888604003247,112.54970822040177,150000.05521823163,1
-1.495040188308839,-0.5938417161122186,-0.9421500347122439,-6.318585352544497,-3.992605224582848,0.3000778408944365,-3.959595947365812,-1.5173168149839187,-0.5836811210677562,-1.3544560243208423,41.51664126520303,50000.01980948659,0
-83.54887275290717,-35.01416791674162,-54.20517144281916,-337.9932106614842,-215.11888515456826,11.66474863643978,-213.29729117124856,-86.2296444355167,-35.05283307157921,-77.07954279161648,962.8564542572626,2640000.6172619946,0
-7.87482914425536,-3.3044812471093263,-5.042794809700004,-31.960371437045726,-20.414473266128965,1.1324648925625826,-20.25662059527669,-8.159917944130713,-3.3082270239119365,-7.244178154810423,149.03756211488036,251300.07881339948,1
-10.89877839695512,-4.512620221647998,-7.011487999640555,-44.72476808055202,-28.441665792625805,1.6311989149659127,-28.202719355568803,-11.247345510337203,-4.517556870634371,-10.126359551137554,185.61459197436378,350000.10209517874,1
-1.573733943732361,-0.5934379979438333,-1.0091632967225002,-6.749323958136726,-4.282332193897313,0.3080977131196053,-4.245933390882492,-1.6706822010378388,-0.5955980654066192,-1.4243270197829876,39.567559324297534,53000.01945799466,0
-71.09267345726695,-29.742360908039938,-46.08297425589217,-287.57386387667594,-183.02961254701228,10.0956288046164,-181.4874838702563,-73.3700997505806,-29.77548836251855,-65.56388867600961,809.8284661302057,2246000.5218776003,0
-0.6676271871300895,-0.25277871405246777,-0.4427219587567581,-3.0210909596341753,-1.857408478077473,0.2619400689589517,-1.8402341937796158,-0.7479974664675705,-0.25575974355178627,-0.6241870211695428,36.75861002036239,25000.015464053675,1
-4.35184721492423,-1.7490057821829683,-2.760610241344269,-17.868339278038093,-11.373528300383104,0.7065027613559935,-11.268575899173909,-4.444229052416879,-1.7502778747602792,-4.005566459793303,109.04646527611699,140000.05301982674,1
-4.512118488926573,-1.8421091842032924,-2.9016758632425708,-18.516467363308415,-11.767153011813951,0.6889201319838227,-11.674940176144156,-4.661757552611119,-1.8460819667767792,-4.173986922218237,100.79790553697688,145000.05066437394,0
-7.818692458184498,-3.2550773214958837,-5.058604819227631,-31.927546552184733,-20.292180790504286,1.1767037055709568,-20.1218300230163,-8.101391205283758,-3.2479006291848473,-7.201959478558375,146.5821044334803,250000.07782768714,0
-0.37015273622511097,-0.056521515099220154,-0.1886185994134572,-1.7013798879597708,-1.0073251979745848,0.25631986992223904,-1.0191787034471425,-0.3737799060032829,-0.05628219491905854,-0.3543852042471881,34.2553865432477,15000.013514833041,1
-1.4642268602428932,-0.5514297577891721,-0.8971687360665161,-6.010811848070945,-3.657627569200859,0.6364087028021252,-3.6232909251606755,-1.4999295911640307,-0.5513654902628018,-1.3547766607177694,30.516443572947654,50000.01586004806,1
-0.2086575480797154,-0.03023808666889617,-0.10751715033789919,-1.0483276598799416,-0.5916530576104757,0.2339448255302504,-0.6070024526963548,-0.22051611294293733,-0.0303756701657638,-0.14543219191154821,54.46913075874861,9900.020055495012,0
-2.266689443350137,-0.9215141276982355,-1.4687835942695127,-9.536026796060918,-6.045000952335472,0.3866925960912119,-5.994764501793863,-2.3652199576695887,-0.9226298294294671,-2.0564649835472726,55.27483539145747,75000.02728475891,1
-0.2610503349347001,-0.019201589558097018,-0.11288030506091605,-1.0611479044102061,-0.5998246325934223,0.23439685955569736,-0.6151095238683332,-0.2696337880115069,-0.018534397226481675,-0.23776234651242545,39.50389231722661,10000.014828909472,1
-0.4869952388669307,-0.13180567841831434,-0.2802617909123908,-2.497319091619636,-1.5644422768798483,0.1847513725485932,-1.5507031928336372,-0.5220346603410845,-0.12888236152627364,-0.5106926010890936,28.00686229518496,20000.011896597243,1
-1.4642362746292392,-0.5514612630536536,-0.8971799622744181,-6.338625114021862,-4.009325643789024,0.3162114551389054,-3.974975175179572,-1.4999550439287477,-0.5513867514679945,-1.3742075703295238,80.51734562827862,50000.03347450761,1
-2.9432162524643113,-1.1681545095592647,-1.8981757046938326,-12.0642389181792,-7.64227512571184,0.4921873398591381,-7.577033883721775,-3.035320097579858,-1.1695689085665286,-2.6898582210337723,64.28135477769378,95000.03255462847,0
-15.756855943042178,-6.541275773891369,-10.156515502536674,-63.89640994270047,-40.613886400805406,2.37807566007146,-40.219142411377184,-16.295888613431398,-6.478810037875429,-14.511960435988833,236.1631793439689,500000.13570367463,1
-4.305348524462351,-1.7365448910868337,-2.7624887814859616,-17.9660189097173,-11.42150475372231,0.6920336320432106,-11.324942413865038,-4.467384616946108,-1.7354161707304812,-4.023113589371802,114.25675003721068,140600.05490912226,1
-0.3803085541538886,-0.1383087737694513,-0.24858944056962995,-1.7013749336536328,-1.0073181601114545,0.2563151346835366,-1.019170320423422,-0.4287642946281066,-0.1421364929496284,-0.2844764468414443,39.25547692244154,15000.01526999778,1
-7.012912083283717,-2.8820924752695465,-4.5395975799122,-28.42273070781279,-17.94967243456369,1.2369884076793285,-17.79614140881426,-7.261936125066572,-2.8868211690790173,-6.487918000367931,117.8236403816961,225000.0650123736,1
-12.766566463282919,-5.3291050989854485,-8.30572798988887,-51.90432679425404,-32.97338371654635,1.8720335774033492,-32.75637151066633,-13.23265889386226,-5.335166265468646,-11.77976424635185,187.19738722983064,405900.1085955031,1
-2.1737759875743827,-0.824501508632682,-1.3259458943666487,-8.655085050865294,-5.443346463442739,0.4548176684338294,-5.395963056163033,-2.1700192041491024,-0.8308026357986261,-1.9268677439553945,38.172619934126345,69000.02062847903,0
-12.888440315509392,-5.3993156960493325,-8.384790396979662,-52.367130771266346,-33.18980531461951,2.0566527407209363,-32.90786570993972,-13.301789778909525,-5.403571838072359,-11.939063731704803,195.33447402058448,412000.1119941164,1
-4.196731393596993,-1.7369191394470616,-2.7177339194073937,-16.87308241715875,-10.59855426844995,0.8416237603688334,-10.506962411809786,-4.362702846981221,-1.7414851738102064,-3.850700374117314,77.22423915959538,134800.04122874106,1
-3.872013382443819,-1.5868361997051075,-2.479114162930009,-15.640219684051113,-9.821838654166992,0.6449640666467912,-9.736961236672498,-4.028961356660687,-1.588693304522227,-3.5479522372998,103.79160435804879,125000.04949947535,1
-0.227329351638219,0.011446042446665777,-0.17037270159577886,-1.1803858721726492,-0.7148937020420186,0.11958193446531613,-0.7080107351058462,-0.31389121977177065,0.011593411954740741,-0.18565608827516852,62.50430738983969,10000.022917257804,1
-4.619109516132188,-1.8841508394231712,-2.9527317091671463,-18.841343177408884,-11.859290342926224,0.754545492505286,-11.757246150881633,-4.836114382686539,-1.8877533669889488,-4.278225821336476,113.54972622916574,150000.05556572802,1
-0.22732945107614597,-0.061241036073264976,-0.11044961962656821,-1.1803846818450419,-0.714892141119123,0.11958108760840308,-0.7080088808163407,-0.18130266128164035,-0.06137827289930059,-0.22695374546012057,63.50432549227385,10000.023265157966,1
-0.7027216362556331,-0.20839008008011647,-0.43286674766103134,-2.9816707853278928,-1.9022855459785557,0.29602047775086293,-1.8337068222274615,-0.6988174883979772,-0.208986715818464,-0.6242105828901624,61.75906150801673,25000.024218491777,1
-0.5125604869681504,-0.14103685129200025,-0.30936863480701915,-2.25281880959677,-1.3684167062135475,0.23563857270350544,-1.3553618030081798,-0.4646740619309093,-0.14268658185635677,-0.45368583462669226,36.656701154476956,19000.014789362926,1
-1.670352259026678,-0.6740934192328315,-0.9948194249324716,-7.5826564905914955,-4.789830031190449,0.3387660582254929,-4.748619847074694,-1.7885495926615713,-0.6752165746034476,-1.6475038293099318,59.02013565608424,60000.026986014615,1
-24.168154074289863,-10.041412994493172,-15.633535824690345,-97.95757465837994,-62.33058785006324,3.4029208094471484,-61.805003706205795,-24.953285709794617,-10.052390893618359,-22.241957443923393,323.13910122549856,765400.1943462816,1
-10.66697232062101,-4.428860523882656,-6.938744663337245,-43.31842565121517,-27.520403412222812,1.5300234247930273,-27.28733827520589,-11.075452109967488,-4.433632979346466,-9.816428539849177,165.90086738656245,339400.0940625068,0
-0.7027174737398568,-0.20837408261142681,-0.45539955049124586,-2.9816978558204417,-1.902323072742148,0.2960443475054651,-1.8337515494325827,-0.7241891026463858,-0.20897605363359398,-0.5768433769815221,35.75859181821205,25000.01510996688,1
-1.477165293652134,-0.5222543244035359,-0.9090037374329474,-6.182786015602293,-3.9397257392578475,0.4055945225256377,-3.8539780334864653,-1.498328974613626,-0.5225316734853376,-1.374206476509668,79.51732792647861,50000.03308899768,1
-1.6883677625427533,-0.6505503553111107,-1.009508368690042,-6.841414040062254,-4.230121615107686,0.33877088508941045,-4.191590260606232,-1.6650452993058635,-0.6513821607258419,-1.5038843580015238,54.65381830665167,56100.02497911115,1
-0.5442563017606047,-0.1418561292346711,-0.2802669478620287,-2.4788855397858502,-1.4948044762185082,0.2741090199790068,-1.4296607189595532,-0.5859267586402935,-0.14237921984213794,-0.47801821568411285,54.007332222785834,20000.02099087888,0
-4.6735993637767566,-1.916059845852939,-2.999400541674124,-19.08310102395524,-12.159136996853922,0.754539649865333,-12.05612037108141,-4.836117047084929,-1.9209029199705172,-4.295140552304709,116.54977929142568,150000.0567002941,1
-0.5094460909680079,-0.12161687152906969,-0.2714700011978069,-2.341435338205066,-1.494780390082448,0.2740948990658678,-1.4296321782918475,-0.5424240360141491,-0.12161822976595099,-0.4815803449181856,70.00762134250037,20000.026575321914,1
-76.32834377027446,-31.97181907245362,-49.536485713587915,-308.7166128266529,-196.48164950489638,10.611300491127121,-194.8272934944965,-78.67930458608208,-32.009244957435264,-70.40703226978464,875.7021612234184,2411200.562469864,0
-23.50360272708716,-9.781068111840252,-15.204241714094767,-95.25256618218376,-60.57514058553431,3.34243771865506,-60.09920752518181,-24.207139609737858,-9.79367249519174,-21.697664646409436,302.9922539629177,745000.1850994922,1
-4.683845613897167,-1.8528518542031933,-2.9369586176718823,-18.841357731983095,-11.859310542072356,0.7545583634104016,-11.757270218633813,-4.827194970652387,-1.854627821742974,-4.260374329915169,99.5494732876201,150000.05066124257,0
-0.22732445458824507,-0.04582937271282364,-0.1405842951696646,-1.2168622166729992,-0.7494510896087513,0.14091188370759813,-0.7425766972570463,-0.2528563598453867,-0.04567941134336369,-0.1849657338538268,31.503747265167693,10000.012066459025,1
-5.954042917053123,-2.464413801680466,-3.8370116114443564,-24.238412902131472,-15.411171269306452,0.8861859579401006,-15.284914021036426,-6.1251715542617005,-2.4625599432767236,-5.4646035264660915,97.5621493974914,190000.05429432236,0
-0.6853682416850992,-0.21878775703241043,-0.42161228959605124,-3.0210908544575896,-1.857408402084301,0.2619401305596109,-1.8402341018647859,-0.7107242689038099,-0.21834653818012006,-0.6235258627009733,36.75860996429286,25000.015461992098,1
-0.37777355443158606,-0.08574666985970616,-0.17680062491788523,-1.7013476628094317,-1.0072804861058386,0.2562913792785961,-1.0191254169888988,-0.35495697978349994,-0.0851493290398124,-0.3315139428958286,65.25594652268443,15000.02437437536,0
-4.6359471119638345,-1.8841496098598032,-2.995933944228196,-18.84134525677733,-11.85929322220793,0.7545473311126758,-11.757249587135384,-4.808383056628454,-1.8877525478082262,-4.231542397805808,111.54969005566316,150000.05486422998,1
-3.789747132451924,-1.4740070184758758,-2.454375343722491,-15.776284505504307,-10.038074494540522,0.5625415718050868,-9.953393855547665,-3.915685944090889,-1.4886600285300664,-3.517298951040368,99.19597952226304,123300.04780747158,0
-1.1813924437557741,-0.41839178054695375,-0.7206955711497283,-4.995728099413139,-3.124763896147663,0.3617731512425401,-3.0458864025020675,-1.2075060286279549,-0.4181705839994455,-1.0624374451699223,63.01385148863714,40000.026261363906,1
-1.3801403336571452,-0.564745667389229,-0.9177548635608412,-6.404826124896073,-4.035626012033054,0.31941448706665526,-4.002340325045269,-1.5326522938697382,-0.5646932907425638,-1.4006086478648547,45.86703776155259,51000.02142142617,1
-1.4120572630422636,-0.5207707063305337,-0.8889277813889389,-6.276210957592517,-3.9397911283696248,0.40563561323406205,-3.8540558632175417,-1.4681976657262819,-0.5212301649523546,-1.371360863899222,34.516514920374114,50000.01733277545,1
-4.664335923875005,-1.8639626196461867,-2.9578123484302017,-19.14569217581476,-12.163642768689964,0.7001818453612442,-12.070434954011285,-4.8245785140990485,-1.8676664799704514,-4.320986608292925,104.54956243325138,150000.0525035234,1
-0.23049459695261135,-0.010118139711266032,-0.07327175466975677,-1.202307302336851,-0.7404935169262019,0.14134499484392557,-0.7349505652825078,-0.25105901235353384,-0.010495842665886254,-0.14121355193028168,37.538888045689525,10100.014181181283,0
-0.7027229649903786,-0.18814656797725335,-0.32226015704013455,-2.9816610935903336,-1.9022723152567549,0.2960123902796435,-1.8336910552974506,-0.5637601668324862,-0.1882229069645134,-0.6467898634246764,70.7592239968339,25000.027364830432,0
-4.605359924725152,-1.9022996178958576,-2.9931095815931137,-19.19979435130002,-12.18856188727004,0.7503685260698374,-12.076752869995506,-4.819872359609411,-1.9098100857980305,-4.297906046386546,76.54905650951531,150000.04270321925,0
-4.683847866027434,-1.8528604737430223,-2.936961485322173,-18.841343185631278,-11.859290357475082,0.7545454943307673,-11.757246161198099,-4.827201618015943,-1.8546335686378816,-4.278225817894271,113.54972619925981,150000.05556630605,1
-0.4648190069239205,-0.15226685137344068,-0.31870446018376014,-2.4972962950901607,-1.5644105978336285,0.18473111306997253,-1.550665440511757,-0.5471610364429912,-0.15174778099070965,-0.4978309171917061,50.007259727334976,20000.019604844314,1
-10.974527892842358,-4.525171652761698,-7.074258193425348,-44.729640599760046,-28.438222934432783,1.6270088847663005,-28.20133582256865,-11.316275041917745,-4.531868236085852,-10.07899897180975,166.6142487929186,350000.0954441421,1
-4.763829752976448,-1.968850277840405,-3.0960275157126125,-19.831039087637095,-12.497039698922363,0.7014913638578442,-12.509805362363275,-4.983458841910655,-1.97642875259771,-4.4671781001061435,111.3012735802129,155000.05540132523,0
-44.26246172808111,-18.48544393430819,-28.695023646669572,-179.2115222110739,-114.04863020916237,6.228108146535354,-113.08456292696019,-45.69475368684061,-18.505912951338335,-40.858268786356845,543.4547736054654,1400000.3388293828,0
-2.7817736940357682,-1.1256595798575102,-1.7827523883941518,-11.521740507906875,-7.301096035598457,0.4942015832530404,-7.24027760384827,-2.8934957247352138,-1.129620867933508,-2.4948185352903467,63.73994641007989,90600.03190141228,0
-1.399967057956097,-0.4627172493398286,-0.823249209086696,-5.814857517323793,-3.644863268035708,0.38196059630698437,-3.6125730352446648,-1.3925197117565529,-0.4443857093167329,-1.2900116161506556,78.46635549626804,47000.032399820564,1
-0.6012002323924296,-0.12304697044752591,-0.2669115539425336,-2.341613326542951,-1.4148275370357979,0.2782435762884585,-1.423249976400269,-0.6068925383132808,-0.12288407004262708,-0.5192903297404973,28.006862862107432,20000.011860753268,0
-8.617944999962894,-3.5443571297051015,-5.543281568472687,-34.88110527021971,-22.14498796915821,1.3769986131194825,-21.956835566541262,-8.858003917559422,-3.5484491597484253,-7.8569449997081815,123.98932444760342,274000.07242467965,1
-0.734416368494127,-0.2631799534532664,-0.48550479490063253,-3.250002928421965,-2.036273420415908,0.21101356626603784,-2.0198048443554817,-0.6333293987940807,-0.26166105710880094,-0.6534565524952017,71.10954791901722,26000.027629074844,1
-4.6075971687238475,-1.8841273286885958,-2.9527237744453467,-18.81937312904925,-11.837335651427622,0.9082564124097477,-11.735308466035866,-4.7793388069554,-1.8877376484887924,-4.260351626456049,75.54903970630265,150000.0422449408,1
-0.38579066253983213,-0.11231476650915312,-0.2259827913733768,-1.7013664556781949,-1.0073065042290907,0.25630787347593637,-1.0191564282877659,-0.34314018709141864,-0.11434497856224463,-0.3480770884195839,47.25562142197642,15000.018070643398,0
-3.079685664786935,-1.206327680291834,-1.9214064102639972,-12.704470911776227,-8.049775705238664,0.5141103455295748,-7.981103074056607,-3.152366926715834,-1.2080519268643957,-2.8166550571413445,59.032849013931184,100000.0312410793,0
-0.608422426237308,-0.19538808161246957,-0.3768018188291028,-3.0707387960944,-1.9221745173820235,0.20487610267615042,-1.906666969110176,-0.6710930226574998,-0.19721427243384798,-0.6118640424579841,71.61911212701223,24600.027656326412,1
-34.1065208581953,-14.236256281268439,-22.097439598913017,-138.28195759266146,-88.01133259202841,4.803123371583462,-87.26500738197697,-35.19906782616509,-14.249180376217314,-31.46895050063159,425.350935562611,1080000.2635278474,0
-0.3857893688327316,-0.08781496569389806,-0.22704041493947044,-1.7013747387304923,-1.0073180149238692,0.2563152460834314,-1.0191701486521703,-0.3580724168111717,-0.08940405275777587,-0.28447642289691344,39.255476832621035,15000.01526604101,0
-1.1781128167019135,-0.44944832486383895,-0.7281954203746637,-5.042660893366089,-3.1772862397574055,0.27240440362119195,-3.1512119111276626,-1.1635083009040879,-0.44814434512913787,-1.0620928720808758,49.01359838165242,40000.02137464018,0
-12.582201721151998,-5.210652370196646,-8.098286499924223,-51.1635684015257,-32.56096684768822,1.7956244781471025,-32.28709913471306,-12.976406307568265,-5.217999300780881,-11.629496617216889,174.13027586778148,400000.1033958235,1
-0.23186511685680367,-0.07632034192541083,-0.14907084685002636,-1.2168633434958893,-0.7494525987922179,0.14091275181661958,-0.74257849417842,-0.262065245930402,-0.07902056589479971,-0.2269226673991274,30.503729280157856,10000.011718831067,0
-0.4174797950939084,-0.14104981028936528,-0.2807072017775146,-1.96960216533116,-1.2213601038373696,0.16722371474042008,-1.211771150146057,-0.45834449046865056,-0.14128601400581978,-0.3610387160147768,20.605457453787594,16000.008881345158,0
-8.568904415973076,-3.5745633323091113,-5.5491670100153625,-34.914187595870494,-22.19435207927302,1.2195908006234588,-22.00673934976724,-8.908028921338808,-3.581358850455459,-7.880931006420696,158.70969712364013,273200.08454300393,1
-15.75685343450576,-6.551539056546263,-10.20461460255652,-63.92747739931656,-40.65403106960405,2.2831556338681214,-40.310689286858505,-16.2001970532118,-6.559007731534229,-14.53451530437339,219.16287212208928,500000.12976210896,1
-1.5013793188123934,-0.5720406694931929,-0.888072338643916,-6.327826364790328,-3.9911630561870233,0.29581881222726025,-3.956684940974742,-1.5023366912210077,-0.5727856802166817,-1.3603072363949786,45.58677838906078,50200.02124902822,1
-0.5504992654076514,-0.17883220952262946,-0.3288897083408132,-2.3416133351358903,-1.4148275284520977,0.2782435631382973,-1.4232499789179551,-0.5724716942193232,-0.18094150836224662,-0.4942440479576957,28.006862884842253,20000.011860079387,1
-4.6784621928326136,-1.9391658603180009,-3.030582088847503,-18.81937556148694,-11.83733880244184,0.908258056145932,-11.735312216942424,-4.859953955146004,-1.943961063886963,-4.2315065213904735,73.54900367381617,150000.0415514157,1
-2.4458271192336016,-0.9846095499411099,-1.5586352989485208,-10.117554786678985,-6.384726708030995,0.5371285681610555,-6.278390065804024,-2.5831800570246037,-0.9884141538481924,-2.2026459755383083,51.02634805268065,80000.02630661166,0
-13.898827644533139,-5.754488305111594,-8.96198923899454,-56.28494475852668,-35.79645766914668,1.951205218171512,-35.494254522294234,-14.288181247529845,-5.761066898622649,-12.802553487299177,170.17794947809784,440100.1062594253,0
-0.677018144214663,-0.1881422986953374,-0.37437955427747915,-2.981668594464798,-1.9022825795789289,0.2960187014393531,-1.833703285706465,-0.7009340436465666,-0.18822007553091463,-0.6235513119395961,63.759097599130676,25000.024916625993,1
-0.4195152055691807,-0.08573316367493065,-0.2157918973812991,-1.701370737196961,-1.0073123734400482,0.2563114875016506,-1.0191634150760767,-0.4332055786402994,-0.0851403382467753,-0.31332346784190146,43.25554915124861,15000.01667139262,1
-0.7027176326987238,-0.23261588516101478,-0.43255643713946695,-2.9816968222713993,-1.902321639655394,0.2960434221038941,-1.833749838066786,-0.6994639337851851,-0.23298401547891806,-0.6661397693058487,36.7586099747845,25000.01546226538,1
-0.22732947761809513,-0.021302463449560147,-0.06901265860837419,-1.0611196625476982,-0.5997855541731579,0.23437214041890045,-0.6150629563418976,-0.22123312126670647,-0.0228108230998032,-0.1849985579985303,66.50437995875436,10000.024282654393,1
-0.5403007343068317,-0.18958958206532794,-0.3641779209794733,-2.9816828075802735,-1.9023024976479075,0.29603174472830646,-1.8337270428344326,-0.5983601667056614,-0.1894973526147756,-0.6238695336492082,49.75884463330239,25000.02000423201,1
-1.1826553480462434,-0.4755135267071292,-0.7665416703014404,-5.058194253370746,-3.194370531373061,0.2723949237764866,-3.166891674746455,-1.2434988955446826,-0.4786587199772469,-1.0790139223089144,59.01377904409652,40000.02488733398,1
-7.047552752296264,-2.9066018874075343,-4.548256948934356,-28.60686560375559,-18.15153061954226,1.162186103431327,-17.997015113796277,-7.278896157065099,-2.911768635354441,-6.487939941254642,140.82405513338574,225000.07312826527,1
-4.678843841303818,-1.9321760122286649,-3.013723212987582,-18.84136516934769,-11.859320749669237,0.7545647001968895,-11.757282390515678,-4.8166077583178355,-1.9297220829434978,-4.27820603025846,92.54934694661368,150000.04821262436,1
-10.94744955696533,-4.5432667119281325,-7.101186996289605,-44.61251383235697,-28.33883134943815,1.7101195396885043,-28.09849007824444,-11.333031324713085,-4.5476839512722504,-10.167632589406214,160.61414088537646,350000.09331443685,1
-6.252258053911485,-2.5473650514185384,-4.013853874254467,-25.221591493233447,-15.91219902095948,1.1273932706011318,-15.775830599546039,-6.441774126784242,-2.5495358945115574,-5.78204369633311,123.06578943454878,200000.06419876454,1
-3.079688983286337,-1.2668749167743478,-1.9846127179299085,-12.756452510245754,-8.101749559893216,0.48629038603756347,-8.033071705316317,-3.1981881765582525,-1.2636726091794963,-2.8170027559775934,78.03319213054209,100000.03791657543,0
-0.3290607300827493,-0.0878309519471038,-0.17412967408679506,-1.7013476164984576,-1.0072804471998373,0.25629140201161105,-1.0191253744369138,-0.36294417716542987,-0.08941470361304826,-0.3318436239441892,65.2559465214363,15000.024373132022,1
-4.69360710121754,-1.9083510466226399,-2.9989100758543272,-18.841351590276314,-11.859301957028567,0.7545527929003328,-11.757259989750475,-4.7863455606149365,-1.8974553971861605,-4.320176150456172,105.54958177415624,150000.05276649428,0
-4.569210503252045,-1.9086277539797378,-3.0045824038642115,-18.81936383935748,-11.837322716621253,0.9082481019612169,-11.735293053765274,-4.7894924433583,-1.9126789937713295,-4.301430376142084,84.54920235486587,150000.04539990224,1
-2.5599717773313158,-1.1147605738132795,-1.7573096946162916,-11.182123347664358,-6.992886434213551,0.4873507300650895,-6.931073176419006,-2.7678267115508803,-1.1142012798473302,-2.540885894891396,81.53007813591911,90000.03798567844,1
-3.079690428028108,-1.2346999970120516,-1.9130732472032503,-12.585041623017014,-8.014640877798467,0.624764552043569,-7.894561880018943,-3.101207929502056,-1.2361840380787354,-2.7696721337205195,91.03342723960748,100000.04242434134,1
-3.079684706461306,-1.1679153102663171,-1.8879930968601273,-12.439132093896749,-7.7844370880861975,0.5354150765325141,-7.716736059742433,-3.1361945718323967,-1.1503842026328792,-2.8163232853593567,59.03285004470088,100000.03116170468,1
-2.6042925973875133,-1.0511425152863176,-1.6674908393949335,-10.804693805423586,-6.844713744384417,0.4696597357650336,-6.787741989279562,-2.7230705766117893,-1.0550210790148202,-2.3599279067238785,56.778040858198516,85000.02886988425,0
-0.7027192961842011,-0.18813242112059142,-0.3222554651639739,-2.981685075325109,-1.9023055420091821,0.29603348699405413,-1.8337306536653766,-0.6156194349548304,-0.18821348002576443,-0.6238676622083742,47.75880852980186,25000.01930839602,1
-0.7027226435323629,-0.18814533691411633,-0.32225974763994997,-2.9816631726004665,-1.902275199670169,0.29601422819571266,-1.8336944930100447,-0.5637592175803597,-0.18822208627279405,-0.6467879766168747,68.7591878690048,25000.026664181583,1
-0.318896709219469,-0.05652953661159102,-0.1886212903928324,-1.7012321506923358,-1.0873199581200574,0.25219778709861296,-1.025610846368528,-0.3533234820039977,-0.05628754955849103,-0.284483982152755,47.25562116766584,15000.018071719744,1
-0.7027191071148001,-0.1881317948059674,-0.3222552438733483,-2.981686040387106,-1.9023069269762045,0.29603444599553397,-1.8337323065566193,-0.563748775294583,-0.18821305825911167,-0.6432500081093824,46.758790459565326,25000.01895694142,1
-4.60760184394217,-1.8841446675057656,-2.9527296384174355,-18.841353468646368,-11.85930468301844,0.7545547375771894,-11.757263246372155,-4.779352322373351,-1.8877492462046013,-4.27821637779069,103.5495455612332,150000.05206026236,1
-3.8640258625473867,-1.5914231701392154,-2.5241750444892395,-15.92648609802071,-10.104628897099122,0.644984879375822,-10.020188851614819,-4.043243185265271,-1.5932856161555555,-3.5641784587236,77.79113353944375,125000.04047535824,1
-6.248977136946333,-2.536937002319699,-4.021484789090423,-25.389569699946726,-16.164494424909094,1.0631192039060144,-15.97575728878021,-6.480478537766026,-2.5401559666603566,-5.756974062930168,98.06533699952655,200000.05549891203,0
-4.621205549748105,-1.9023138097734016,-2.993113683771913,-18.841356749129297,-11.859309134228473,0.7545574052487832,-11.757268547879582,-4.819882337907711,-1.9098193459606962,-4.320171430626221,100.5494914590269,150000.05101363992,0
-32.347231309660486,-13.518168040946815,-20.993667376716914,-131.40889078634856,-83.61134388569454,4.522839576320223,-82.90626509140544,-33.3958794656243,-13.533226725139793,-29.93044901510426,421.7139617630352,1026800.2565892568,1
-2.5409082244341206,-0.9613394351894009,-1.5579472407490498,-10.536783530703762,-6.6817026745787915,0.4608842381136538,-6.626101416202445,-2.4957807301311172,-0.9621154459808235,-2.2903712798831446,66.07757303307307,83000.03190530596,0
-2.4458277285737218,-0.950623205851235,-1.559617946363945,-9.901693481194894,-6.177932749787474,0.4435351589836515,-6.122991361361037,-2.477219362912724,-0.9510039172063778,-2.202653307031494,59.02649335276942,80000.02904735273,1
-10.901280279780352,-4.514058791237123,-7.05340414328116,-44.63053202747478,-28.339118084667614,1.627018310765824,-28.10047511165469,-11.285689693588395,-4.518828307135736,-10.107833613154352,157.6140866213587,350000.09225907235,0
-0.21930546467491854,-0.019201185754095157,-0.07388466534762633,-1.1895017050431889,-0.7323422174135132,0.14090577700285226,-0.7268676478881938,-0.19137486768662276,-0.01853420236893391,-0.20188386844348286,38.5038737369107,10000.014508705679,1
-22.190511432299115,-9.26659220570706,-14.38088282152585,-89.83559366185071,-57.113142104330315,3.2338117847805004,-56.63041324837006,-22.928941078897967,-9.263972241172981,-20.466927225192872,273.27836876220994,703000.1702274284,0
-0.17651123880810454,-0.05654241167702048,-0.1583600300990785,-1.7012100032753208,-1.0872894205485417,0.2521786546928143,-1.0255744650276624,-0.2712288777006625,-0.0562961136219585,-0.33184644662486484,68.25600048648707,15000.025422095197,1
-3.0809379045222802,-1.234678709166769,-2.0010848540675217,-12.704474281152946,-8.049780218907493,0.5141129641709018,-7.98110845247984,-3.238765990312132,-1.2361699374866106,-2.8163207946910283,56.03279490838237,100000.03019535437,0
-4.664331278674928,-1.8841317527246404,-2.9527253564635165,-18.84137536909337,-11.859335027815284,0.7545739996274422,-11.757299406953894,-4.779342388511244,-1.8877406407163757,-4.278196572427071,82.54916622815685,150000.04470524748,0
-0.3857938067932099,-0.05508424805096798,-0.11643747551165673,-1.8206105161076582,-1.1223841355114754,0.14149854385415936,-1.1120678299207514,-0.37962895712618155,-0.05501165414825996,-0.3508964307230784,64.25592810216625,15000.024055285368,1
-11.024087690764317,-4.580700390345474,-7.128904381991156,-44.59642183227081,-28.309158509754905,1.7246962792467389,-28.090973507568687,-11.351216803349898,-4.55195712319686,-10.12990089043989,179.61448417445845,350000.09996863105,1
-0.35410086138933244,-0.062028216202599774,-0.19675034866851146,-1.5731675090022406,-1.0057945047072685,0.24779698465178307,-0.9447668057665468,-0.27941376359315534,-0.06245870009778773,-0.32166085893294616,65.90564030679181,14000.024502917762,1
-11.572995247401082,-4.809360440200858,-7.491513544842064,-46.755165193693514,-29.62590299667277,1.7101155549190084,-29.37417102055175,-11.964537089940977,-4.816668888868287,-10.693913265453494,175.92013911193754,368000.10053946037,1
-12.6457448182845,-5.275571740878527,-8.203513316308957,-51.43203396718261,-32.70156090173255,1.8475959185363304,-32.4252370644638,-13.102239193936743,-5.281190581291007,-11.677432542012486,184.97123469936042,402400.1074368636,1
-3.079688984887353,-1.206341642714318,-1.9754740778536306,-12.601257572650573,-7.964285872332189,0.6142886968092862,-7.895606879531686,-3.127310227981479,-1.2080611655361515,-2.816345176616684,82.03326476819562,100000.03927218053,0
-4.681405198703552,-1.9194898078208906,-3.012457686680849,-18.84134127603732,-11.859287592284103,0.7545435572107344,-11.757242871006321,-4.833982928553695,-1.921720182578533,-4.2782277288055415,115.54976241393017,150000.0562704334,1
-4.603841732011542,-1.8528406376483932,-2.9369547505754316,-18.819366778098168,-11.83732691450536,0.9082509637057845,-11.735298053040381,-4.742851817731724,-1.85462029283003,-4.278527012142236,81.54914805292393,150000.04434492366,1
-24.615022112028857,-10.247815774560904,-15.907041402245232,-99.59162120345749,-63.39263470866306,3.6032194518732186,-62.805973646860316,-25.381655658285464,-10.25969771045169,-22.654195442002827,319.0785096448843,779500.1943786198,0
-3.177617055406138,-1.2428666402701267,-1.9988798115043995,-13.072622324693272,-8.255011564007557,0.6060284531930059,-8.18393451737402,-3.288335760589735,-1.241190661661704,-2.871976460619524,64.25905602941535,103500.0334189284,1
-0.7027165615268827,-0.1895779140212639,-0.3641740747521316,-2.9817027432759606,-1.9023300503326592,0.2960491113362853,-1.833759868775264,-0.5983512372530239,-0.18948958434292051,-0.5768386277309263,30.758501400689372,25000.013351840942,1
-6.738298773597348,-2.7469518447680583,-4.30427505985768,-27.49129488503519,-17.485235853164028,1.0352631932652518,-17.337591629745788,-6.919946105592386,-2.7493486720216107,-6.198353734616216,120.32050588890715,215000.06492758222,0
-0.3857868090263718,-0.08780512054073741,-0.17412110597470346,-1.701391400398891,-1.0073411214875194,0.2563299331341549,-1.0191976796404985,-0.3932084967510681,-0.0893974907022684,-0.3480544428953536,23.2551878758643,15000.009662770088,0
-9.228117030485885,-3.7981430436678734,-5.948587352028368,-37.54501471587659,-23.924234305600464,1.3815259227802472,-23.713535303998224,-9.501050768295805,-3.801717450233952,-8.489068841127146,166.99645737351844,294000.0896481074,1
-0.2506932809953588,-0.10295340210320658,-0.19024227190529538,-1.4729179321720023,-0.9123997859898904,0.14964810964460612,-0.9041429543498617,-0.3411950015052916,-0.10567656050701205,-0.26038315365940556,65.20499173807804,12000.024085724266,1
-3.656816261165924,-1.4849698462087062,-2.3352648248956527,-14.977981932591435,-9.392334075272451,0.7767209383127679,-9.31089559639664,-3.797932687474763,-1.4881232959055133,-3.420821834972917,105.04003766121141,120000.04939562014,1
-1.4642299327102064,-0.5514409439535373,-0.8971725556209305,-6.01486607845561,-3.687511140002684,0.46992001713889225,-3.6541476497226557,-1.4999383659291365,-0.5513729875855546,-1.377694210095031,48.51676879722008,50000.02217128243,1
-0.7027172626480791,-0.18812444485579957,-0.32225283911804636,-2.981698741149775,-1.9023244113780144,0.29604535137854604,-1.8337531356271037,-0.7067545510075317,-0.18820817215207788,-0.6467559217118969,34.758573763780355,25000.01475782967,0
-4.5657929989008625,-1.8528561098721552,-2.9426088167626334,-18.84135011425199,-11.859300173670354,0.7545521101010075,-11.757257879428787,-4.6964413907784195,-1.8546306387750953,-4.278880327340648,106.54959967258705,150000.05310615164,1
-0.7027185351819134,-0.1599957369915146,-0.3480962266129553,-2.968296146605637,-1.8046109573113742,0.2855534496104912,-1.790065352943736,-0.6829978506248008,-0.1706934249781839,-0.6654902493799775,43.75873656558855,25000.017897191592,1
-15.652713070110254,-6.508523318242024,-10.098821174563584,-63.93243502587842,-40.65898597738885,2.3439812731742324,-40.27325526828939,-16.15446523530659,-6.515705740545198,-14.49345159609915,226.16299842257538,500000.1322033387,1
-0.4999294104913999,-0.24985106919700015,-0.41945973357146243,-3.1219961779488457,-1.9548284704772914,0.20666439069492798,-1.9390567671975254,-0.6413948728561879,-0.2483248082182817,-0.6432378859394158,33.75855539502534,25000.014432820524,1
-0.7795638810165849,-0.26723965779521847,-0.48794553361878934,-3.777727351068365,-2.3793658560496493,0.2285475354995822,-2.3587491133338556,-0.84774866094239,-0.2691470186102338,-0.769743874931665,71.51082636609382,30000.028195740928,1
-0.7027225962498055,-0.2083937699448359,-0.43180869809819394,-2.981664534768396,-1.9022768811529163,0.29601497133611204,-1.8336964964462665,-0.6952890696367305,-0.2089891745732613,-0.605716817902337,67.75916987215129,25000.02631976012,1
-4.664337881293693,-1.9083583757765048,-2.9989131047859976,-19.15667764928432,-12.174623391973228,0.7108237723877775,-12.078973377248241,-4.786352135808024,-1.8974604772058687,-4.282437261859492,116.54977914190444,150000.05670991453,1
-4.603254312054818,-1.861593008674404,-2.955952180542361,-19.15596613380795,-12.180444082592787,0.7002130940508896,-12.070493396902558,-4.774875481139718,-1.860614513658364,-4.249256010136638,70.54894811957685,150000.0405893487,1
-0.0829921381941693,-0.009791543797282767,-0.046159874486877334,-0.4209292713097958,-0.19234267309101719,0.21248587769065197,-0.21106253679732162,-0.1164043297999857,-0.012416370285069228,0.007900842753206839,31.752163136177163,5000.011582183648,0
-3.4916948169594586,-1.4271460369518243,-2.2321221059564738,-14.406681742007894,-9.146874507968558,0.5532557402718772,-9.071655208954686,-3.5816697584074824,-1.4288296340411952,-3.216893374373093,70.58718940373376,113000.03668140837,0
-4.654846021749492,-1.851402530932058,-2.947160015205447,-19.115777098972817,-12.14204868870999,0.754546207658118,-12.040435759745307,-4.795263840259562,-1.8533493289124114,-4.297937101011194,109.5496527637129,150000.05424486028,0
-0.702723033030956,-0.20839558773441205,-0.32852296953514076,-2.981661282644256,-1.9022724607362158,0.29601228598225576,-1.8336912234160796,-0.6623123151118343,-0.2089903761086691,-0.6467898831979529,70.75922406588191,25000.02736872946,1
-0.32875959295455903,-0.08573033061587891,-0.1878248927903142,-1.8570816938580812,-1.1569343255988358,0.1628238833217776,-1.1466252222589388,-0.35494482658814,-0.08513853486094251,-0.3133189041866873,38.25545826346695,15000.014955778133,1
-1.2251210327060698,-0.4789208025268859,-0.808480249696202,-5.161421379673321,-3.3042844467672627,0.22590067855364296,-3.2761139550587903,-1.3106697331857784,-0.4791486056677949,-1.0446751682465445,77.36442828270049,41000.03142291694,1
-14.826279021338124,-6.153619350867162,-9.563866259886098,-60.00888533181293,-38.164431522544945,2.2094293585359486,-37.84217295869961,-15.268742015791895,-6.160630946249973,-13.636919177031128,198.40773988033658,469300.119243011,0
-0.3677759255881733,-0.12596805427191612,-0.23006644964677472,-1.7012406207770636,-1.0873316108058373,0.252205049149748,-1.0256247340280367,-0.31640973820506946,-0.12618539860483008,-0.3311579943008313,39.25547677069959,15000.01527353912,1
-52.04181094845233,-21.77670864876355,-33.72317249100621,-210.60579504131445,-134.0362015053701,7.252822555475674,-132.9066384088776,-53.687029454753635,-21.802675486919334,-48.007755065726144,608.2838120931642,1645000.3875298204,0
-39.47107156958082,-16.518735144950767,-25.625203239172237,-159.9950032854479,-101.81141290517137,5.571967978542425,-100.95661146850561,-40.77578904949068,-16.53661062500554,-36.48125723616773,483.9060240400517,1250000.3020571747,1
-4.643187865360475,-1.916059869004195,-2.99940056967684,-19.121509757282347,-12.139455504471421,0.693257247602197,-12.036438877808926,-4.812187473319174,-1.9505607854440152,-4.298706519201834,116.54977936919391,150000.05670050168,1
-3.3966172837180446,-1.3872327089942857,-2.189163923377731,-13.994903450514071,-8.87473357837811,0.5400987939437246,-8.804124523096734,-3.485231981027982,-1.388869797816553,-3.1291888379668924,77.53636156763787,110000.03879028899,1
-4.6643335847621445,-1.9346341800211138,-3.02719328495899,-18.841360990581272,-11.859314962034599,0.7545610341551816,-11.757275495760677,-4.801207426065093,-1.9404788271250561,-4.278209802988252,96.54941920131063,150000.04961341148,0
-0.671023534671716,-0.18737678475924055,-0.3644433273902982,-3.0095022258767656,-1.8904391750461813,0.20228725705471898,-1.8739542915033751,-0.6514432780081482,-0.1892032366074532,-0.5949403489080609,26.408104704103657,24000.01176171782,0
-4.632112017022294,-1.8616070705558125,-2.9559567571346683,-19.01900695003703,-12.171794152348022,0.7133410226155805,-12.07024396193203,-4.774886178176697,-1.8606238556593684,-4.260368960562686,93.54936374771061,150000.04862985402,1
-10.93602514230471,-4.514075351076454,-7.08367507622096,-44.59641635367664,-28.309151083101018,1.7246918381283725,-28.090964662863993,-11.312579932311698,-4.518839324708608,-10.12990557600061,184.6145743976441,350000.10171393945,1
-5.615124695373386,-2.2708366982762236,-3.5625928685356407,-22.95712149349725,-14.586985346088495,0.8860403394831499,-14.464771259207193,-5.733009220703721,-2.2737495807777006,-5.155679085000333,125.05946770348432,180000.06285868722,1
-8.966568885425012,-3.690733386126304,-5.769688956857492,-36.10542482058757,-22.83955306466134,1.4999812031866888,-22.644821116950187,-9.217866503233871,-3.6949866365873683,-8.20741399676586,143.84317995678975,285000.0804913506,0
-0.7027206720738541,-0.26082230060319694,-0.4659532896827202,-3.1219769473198995,-1.9548014816815444,0.2066466565682366,-1.939024577193258,-0.7718309038181683,-0.26118715286745686,-0.646773072684945,52.75889872878529,25000.02110105508,0
-0.3857919029924156,-0.08574051407303358,-0.2157943018774999,-1.701358014889478,-1.007294870471965,0.2563005890531403,-1.0191425664950855,-0.27346719190548946,-0.13138790459209382,-0.35088780407619957,55.25576589141689,15000.020870704917,1
-4.647950512046221,-1.884146545955204,-3.005646335717449,-18.84135053451228,-11.859300495932144,0.7545518831739525,-11.757258253233566,-4.843970979509796,-1.8877505103399608,-4.23153768827057,106.5495997568991,150000.05311435254,1
-38.10035636230462,-15.950073617873286,-24.728758245238048,-154.1687224572415,-98.08444090569604,5.377713837086719,-97.25874543714752,-39.31059427209133,-15.967644355112725,-35.0869880994499,469.1414553787645,1205000.2920954868,1
-7.836906285052915,-3.2126747397832376,-5.042968490078004,-31.943865295516378,-20.307126095826234,1.1537380946781142,-20.13671516786173,-8.077488429796562,-3.215591518786674,-7.243920185349897,149.58215857079028,250000.07888277675,1
-2.2989804853630784,-0.9352588519469264,-1.4691175591969465,-9.524213816209542,-6.02969064633007,0.42580016386249053,-5.979577462996205,-2.381423820169617,-0.9363690126835095,-2.1023316036763084,82.27532321185244,75000.03674297837,1
-1.4339696805472086,-0.5310111721652521,-0.8977367064450353,-6.3386292037420136,-4.009331358690324,0.31621516934893107,-3.9749819891162064,-1.5034777991211963,-0.5285287208526114,-1.3551501768057883,76.51727332957725,50000.03207124386,1
-0.8180533042742505,-0.3055710993621338,-0.5232408959102282,-3.7576855793188164,-2.3626426092335877,0.21241204552637585,-2.3433665106388197,-0.8938988012348884,-0.3172606037252865,-0.7894237343788625,34.51015818498251,30000.01523366458,1
-0.7027167797792951,-0.18812259751778448,-0.3222522243626392,-2.9817018572842824,-1.9023287357671383,0.296048109551981,-1.8337582898743567,-0.7067531262085904,-0.18820694038713265,-0.6404326970848929,31.75851956607141,25000.01370667161,1
-1.4300537540913687,-0.533349346013368,-0.8995863735055728,-6.323103340970213,-3.9922573307891964,0.31623095898660175,-3.9593144539825063,-1.5020229946033188,-0.5355597134514648,-1.3741877341125017,59.51696633218254,50000.02611162537,1
-6.144841950617306,-2.5167103407744063,-3.9241525631190797,-25.561719346894655,-16.25232231945109,1.0289816277277213,-16.116910302631283,-6.340220551267033,-2.5194034711606514,-5.740757702287402,134.06598664390552,200000.06814014848,1
-4.646323267981699,-1.9194904132925434,-3.012457876721852,-18.84134017381689,-11.859286099106104,0.7545426707412854,-11.75724109529706,-4.821984559859124,-1.9217205824852341,-4.278228666678584,116.54978046650524,150000.05661925342,1
-0.4470409546815556,-0.17401273107308715,-0.31620996411842456,-2.36927013045722,-1.4829385095198249,0.18036430009158386,-1.4698850070448277,-0.538154677383943,-0.17390156201876242,-0.44809906558335594,31.656610456331567,19000.01307215465,0
-3.079690914197625,-1.1861000229651277,-1.8659274435787354,-12.58503849801321,-8.014636556915812,0.6247618043453625,-7.8945567212369445,-3.1603329826692077,-1.1872986356873851,-2.7985182149674297,94.03348142698763,100000.0434758238,1
-0.5442542927223275,-0.19428674204516916,-0.31626678471570013,-2.341597735932271,-1.4148058902592489,0.27822978028105816,-1.4232241901472333,-0.5642970776766177,-0.1945784531112574,-0.5107066056676212,43.00713386672223,20000.01711508822,1
-0.8365089938828151,-0.3060031928167773,-0.5148857083795148,-3.634173432041649,-2.280817002781065,0.22419457479708402,-2.262297875376714,-0.8661524112360403,-0.30904404759700216,-0.7404754069810041,38.159906272299615,29000.016408465548,0
-0.2273263320083309,-0.06160876652833158,-0.11886380489049285,-1.1967692859423917,-0.7326570059092065,0.12473148762411887,-0.7271096723624545,-0.24998131918350092,-0.05084667215511045,-0.20545457186673394,43.50396414390502,10000.01626543059,1
-4.896368854906607,-2.0105027929474093,-3.161633219150128,-20.03674987940813,-12.720746215210026,0.7857059983484953,-12.614269661237463,-5.069533680663562,-2.015462104643278,-4.439086417525381,70.03619560594501,157100.04116020707,0
-0.884880080920627,-0.33545977581986075,-0.5438592348645108,-3.777729636839351,-2.3793688962955355,0.22854925828039846,-2.3587527347299044,-0.8060097672449611,-0.33120730335735493,-0.7697420143626751,69.51079031433294,30000.02749994975,1
-2.711943981689624,-1.1210274123351922,-1.8049388643474515,-11.944810039348422,-7.60714124909073,0.6028428048648676,-7.490493844311167,-2.88836202282807,-1.12197775313275,-2.623490992064863,95.28191474353264,95000.04337277479,1
-4.66104627575528,-1.9411327622919128,-2.976244959400649,-18.841348561976755,-11.859297697151185,0.7545499812499037,-11.757254911997082,-4.8489959526484485,-1.943364573169834,-4.320178993070536,108.54963602479224,150000.0538190663,1
-0.7027227113952083,-0.1881453735576629,-0.3743805713658222,-2.9816633641960273,-1.902275346621733,0.2960141251173743,-1.8336946640043719,-0.649764841769801,-0.1882221239560059,-0.6655138910942257,68.75918793815532,25000.026668615443,0
-4.664332770855408,-1.8820503590482207,-2.960512892835217,-19.081273911240554,-12.10393243229623,0.7533545843024356,-12.002665859787756,-4.797808654238765,-1.8834773390384567,-4.330989861752743,86.54923751857298,150000.04617924363,0
-54.58066925346445,-22.839114255063283,-35.37753904092639,-220.81519377818253,-140.54887528139687,7.6540370583073365,-139.3643775341454,-56.374438067903604,-22.864094997178594,-50.327035067446886,643.3098709318776,1725000.4082810667,0
-0.4875480367102987,-0.17519929431495274,-0.3162655825573509,-2.341469748867587,-1.4948280532130818,0.2741251600117657,-1.429688991304928,-0.5667650786532678,-0.17549223730807598,-0.4306594451864142,37.007025257624555,20000.015015584217,1
-13.559552184517363,-5.623141155451618,-8.779538716458134,-55.14183612829434,-35.08952033012823,1.9820631187080575,-34.78475706862569,-14.001054913834004,-5.630951497853479,-12.513612363611188,185.99034266965242,431000.11083966785,1
-0.5442506904653854,-0.13414815478517067,-0.2821128885977071,-2.469976502323439,-1.5473581080442333,0.18476075204591821,-1.535023584628444,-0.5205831825105673,-0.13591622095948705,-0.4406918547425784,18.00668168326155,20000.00838707281,1
-2.28736705157572,-0.9612709867835592,-1.4474208666774835,-9.528223142068628,-6.03718923564255,0.4038007720522013,-5.985676197416152,-2.3674927337679006,-0.9623825842122213,-2.0854134354306897,75.27519675703945,75000.0342911536,0
-4.671352211227454,-1.9321722702816408,-3.013722565584101,-19.14155717130507,-12.15951537103141,0.7108522217034188,-12.101635480457325,-4.816605802634261,-1.9297197851922576,-4.311559762332925,85.54921923325263,150000.04585162623,1
-14.235596313898343,-5.8712930434399695,-9.183063251127223,-57.83546266931459,-36.79625943114723,2.0581170194240395,-36.48643689554801,-14.70426131729897,-5.87758309273594,-13.149862508843793,217.3475834496797,452000.12405242404,1
-0.7097421802114114,-0.25279738275878216,-0.4427283793893048,-3.12196232379427,-1.9547812369406667,0.2066338301497223,-1.9390004501658635,-0.74801219462406,-0.2557722604691899,-0.6183757429726529,66.75915157467334,25000.02600355222,0
-0.702718396502861,-0.2699393303207089,-0.4400003280803121,-3.12199143082203,-1.954821619210073,0.2066595582618321,-1.9390485790607757,-0.7352966892411883,-0.27030705470401994,-0.646759859145322,38.758645820705624,25000.016195027056,0
-0.9888373934988681,-0.3518499443276857,-0.588439702917758,-4.44073284269949,-2.811580937130585,0.23031168174702496,-2.788103245779078,-1.0092269424833047,-0.3515578736509948,-0.9162328895306382,42.26188709815891,35000.018488412614,0
-23.91538813916615,-9.98066669994059,-15.512977943367424,-97.26337119629663,-61.89425148759402,3.373987073916946,-61.36542881225389,-24.729089797826667,-9.9934929547911,-22.136326277605033,320.2473327585677,760000.1927577303,1
-4.664335148758553,-1.8820622435025813,-2.984742294211744,-18.841350457134258,-11.8593004398499,0.7545519257172963,-11.757258185767652,-4.790204213015755,-1.8834851145342568,-4.260380937957301,106.54959975393157,150000.0531134414,1
-2.9755455373628537,-1.1860835555535247,-1.86592211709711,-12.704462253831563,-8.049763900984871,0.5141031765010617,-7.981089016929186,-3.0687881692733328,-1.18728771059836,-2.8163311106646667,67.03299343616564,100000.03403594202,0
-10.957686149698453,-4.545343863299119,-7.0691722279459634,-44.42836661561197,-28.136955976661035,1.7849107321870634,-27.897595882876736,-11.378932087982287,-4.551944446917296,-10.120485560196565,149.61394291680438,350000.08940480056,1
-3.7335400760545556,-1.4300795729767823,-2.3292750890942844,-15.265366509689663,-9.6797325442598,0.6017724787670852,-9.5973256221296,-3.8257037176296667,-1.4446889725776968,-3.4010744101726034,70.03940433385127,120000.037218183,0
-1.502066076273837,-0.585453439793887,-0.9471202782963999,-6.323079700737471,-3.992224361720981,0.31620967493595165,-3.959275157494222,-1.553167545181644,-0.5888007665820761,-1.325565121417714,82.51738185581453,50000.034174000306,1
-0.6210940735101265,-0.20069061779090624,-0.3850278959100535,-3.0210875566471187,-1.8574039365083568,0.2619374698017102,-1.8402287848722265,-0.684163037333604,-0.20252935324512739,-0.6241898188353691,39.75866410858874,25000.016508874134,1
-0.48086791687787084,-0.1658834759852579,-0.3355134568033056,-2.2288281511485746,-1.390973172886074,0.13251358586868045,-1.3795546105722902,-0.5204902904375437,-0.1661467190532848,-0.43858025540204987,35.306358691489194,18000.014245382914,0
-0.7027227270549551,-0.1881453725154873,-0.32225979855661335,-2.981663396652693,-1.9022753751084551,0.2960141075284299,-1.8336946932210445,-0.7067706877812957,-0.1882221235065376,-0.6432707838228519,68.75918793355507,25000.02666875725,1
-0.3702886625332205,-0.09808857983731449,-0.21248308344039094,-1.7013747648485043,-1.0073180347711548,0.2563152302523798,-1.0191701715225634,-0.38735031153470967,-0.09830592415523655,-0.28447642621361263,39.255476851025584,15000.01526646321,0
-3.841535568559453,-1.5833841979018322,-2.4907800895329566,-15.942869925531115,-10.168172544011217,0.5837102614740595,-10.082333186976859,-4.021647062783844,-1.6175192326896706,-3.56697320568918,68.7909707919937,125000.03733265604,1
-2.1739519239321985,-0.885893328618703,-1.413430748506356,-9.05043330284993,-5.675772299673912,0.49375959597926194,-5.628610431558985,-2.3098294465877234,-0.8865802176825476,-1.9656251075048288,60.39913396299835,72500.02876710588,1
-18.923280380760723,-7.92297667004733,-12.296720353612562,-76.789906386937,-48.86177338631542,2.705734426513129,-48.44976517947709,-19.582340540815615,-7.934663106634244,-17.45473528882617,256.19532357688274,600000.1533627439,0
-4.451957173464716,-1.833467653749551,-2.839272160909938,-18.428593636431494,-11.602056720695117,0.8261307237697296,-11.524639584335116,-4.672537594876374,-1.8356265352077832,-4.155347942530968,97.79785176249776,145000.0495735116,1
-4.6643300321674035,-1.7818053058462209,-2.901294357050045,-18.81937183765928,-11.837334031658456,0.9082556443449914,-11.735306528883902,-4.694882019086908,-1.7721546363495329,-4.278190813337243,76.54905763511238,150000.0425908621,1
-0.1547487481276913,-0.014643866694133329,-0.060926131713932644,-0.9971064034563363,-0.5590493685194163,0.23218882901556306,-0.5746725798346077,-0.18301338567998432,-0.01614659478736408,-0.1236898432369888,57.329055243128046,9500.021011512115,1
-0.5442573734963899,-0.21665670679862398,-0.17153294954408588,-2.4972869929998955,-1.5643976704544265,0.1847228081864363,-1.550650020960482,-0.544975285517016,-0.21694513963901618,-0.519319749494823,59.00742237089753,20000.02275953409,1
-24.90058980073132,-10.353214485640134,-16.129060292275806,-100.81436126504337,-64.11757949415814,3.496752579686396,-63.59930570229264,-25.716406476597683,-10.366466879592954,-22.935824497257542,294.0557589952029,788000.1865460702,0
-4.664332269273262,-1.882048501112292,-2.9664265008621165,-19.081276973996772,-12.10393671170637,0.7533573713686561,-12.002670964811706,-4.7713566683216095,-1.8834760965034196,-4.27885892684285,83.54918326628656,150000.0451260027,1
-15.875621660345564,-6.581171467034784,-10.271171031715664,-64.35659998202186,-40.94352106451854,2.2581619436767144,-40.60549147606553,-16.395914343432008,-6.59006085828392,-14.581138317060644,200.21348314339158,503000.1234580303,0
-0.7027233143736435,-0.1881478093708229,-0.32226058263192436,-2.9816590875735973,-1.902269486724506,0.29601051311132986,-1.8336876821361974,-0.6156313005581243,-0.18822373863411127,-0.6235597875224307,72.7592601273525,25000.028066496925,1
-4.6212087291926665,-1.902322881574165,-2.993117197545221,-19.143626709770587,-12.16157328972554,0.908217019386063,-12.058557210906772,-4.819890119810641,-1.9098255482402478,-4.273048510657844,114.54974290086703,150000.05600516693,1
-2.3166370761178383,-0.9618325977710674,-1.5017166083086688,-9.518164966054325,-6.027136269647829,0.36453611191834506,-5.975626841858498,-2.385943617234272,-0.95147240409969,-2.1051159351265856,62.274962043505255,75000.02973692738,1
-14.232169339342848,-5.902574055043223,-9.168564752825553,-57.76097323277671,-36.7269386200549,2.0235471346555203,-36.416556465373965,-14.659029588728094,-5.910696613881376,-13.127605175548258,202.34731280705705,452000.1187748868,1
-3.111384777803396,-1.199408731856705,-1.8865107379236992,-12.841566197140871,-8.148631456849,0.5397596155922748,-8.080663129410135,-3.0500380750678175,-1.2006214815635547,-2.8462588686398322,98.38387747862623,101000.04513061194,1
-0.7027164351132474,-0.18957731448537224,-0.36417389169542386,-2.981703876501743,-1.9023315670341672,0.2960499797674659,-1.8337616719669294,-0.6535776728569671,-0.18948919057490704,-0.5945896446147172,29.758483379738898,25000.01300384224,1
-10.904371616751494,-4.543259962798734,-7.101184774990297,-44.635712789178434,-28.344302024297605,1.686510438051766,-28.103963795109188,-11.348888227894484,-4.547679459903834,-10.125995820107045,149.61394212395248,350000.08946255565,1
-11.851601704781139,-4.902499171751982,-7.635588557844178,-48.001674502831904,-30.546586913336167,1.8944769522363394,-30.289192678487385,-12.188806774887857,-4.909913749109899,-10.857271761966057,171.37228010463434,375000.0997913659,0
-0.40143301055017894,-0.15672230382854305,-0.2753881785583819,-1.9628864546498759,-1.1250240707166175,0.17175559736987261,-1.1126508317868071,-0.41240556562143044,-0.15508663098343967,-0.40104481015797555,54.30670286606218,18000.020815773576,1
-0.7027191947070532,-0.275915746459902,-0.45780590742065747,-3.153087821543434,-1.9894028092356093,0.15755186810634783,-1.9722268797613232,-0.74570504276972,-0.278838866961463,-0.6235317137324857,42.75871797602168,25000.017605812827,0
-0.5779807996662136,-0.1522656531780818,-0.3187040999281997,-2.4972985861337467,-1.5644136531511723,0.18473284099901338,-1.5506690697109282,-0.5967785460339642,-0.15174699456396099,-0.47801266105528495,48.00722362255961,20000.018908825747,0
-54.5650328043865,-22.809906264570127,-35.38424746952548,-220.7869625941509,-140.4936188787077,7.6046222763956255,-139.32909049637408,-56.31501514846268,-22.835239281451766,-50.32736364767204,640.3098168962166,1725000.4072158413,1
-0.5866535821833058,-0.17520178468350708,-0.3162664384602288,-2.341465744062504,-1.4948224132699193,0.2741214051303718,-1.4296822570144323,-0.5702648283977872,-0.1754939074996323,-0.4942563448248455,41.007097590910384,20000.016421996555,1
-1.4950434266452546,-0.5854405186843938,-0.947115984877194,-6.323101551621268,-3.9922546660496105,0.3162289612581254,-3.9593112732276894,-1.565306111523473,-0.5887921543887802,-1.3544748976800418,61.5170025455495,50000.0268182082,0
-0.09982813663859666,-0.06045492441757432,-0.024842809397942877,-0.7410197557091653,-0.39605759399918433,0.22342488425170828,-0.413054980134476,-0.16738664168302136,-0.060556614728516554,-0.1125550175455554,53.62835288673746,7500.019508275666,1
-4.6643360291172,-1.82927765680738,-2.9421849764506853,-19.171475329833346,-12.202596333902271,0.8480397384334598,-11.9286867494978,-4.80714112198699,-1.8443303814206373,-4.260381214526299,106.54959848654416,150000.05319640608,1
-6.24898271245782,-2.54736944611165,-4.01385606747528,-25.583507062509806,-16.27294406157604,0.9189432650988089,-16.1369208408577,-6.418774293914384,-2.549539070796217,-5.74009192527197,129.0658964415214,200000.06640263612,1
-0.38578796494708134,-0.08780944549401744,-0.22703859939171964,-1.7013842104535208,-1.0073310868835235,0.2563234540834767,-1.0191857227720966,-0.4275448106141609,-0.08940037997321063,-0.3022198946247781,30.255314307116844,15000.012115913085,0
-7.8638110786690065,-3.2147325588327127,-5.05414967245663,-31.62387528092215,-19.987153193722346,1.346588056409848,-19.816460959896318,-8.112251708278126,-3.2198390373871653,-7.235282297018269,107.58140107194343,250000.06407910556,1
-3.0796880946031067,-1.186087926753236,-1.8659236400389347,-12.71354638908053,-8.067168122187832,0.5353982555855207,-7.999893118460695,-3.1603239867898467,-1.1872906470802622,-2.833249327006544,74.03311987331413,100000.03649919953,0
-4.643654362185795,-1.7818003823285415,-2.847215567405172,-18.81938020736089,-11.837345612109049,0.9082629662985799,-11.735320326735113,-4.788728473649074,-1.7721513552427741,-4.23150173296461,68.5489131098889,150000.03978820384,1
-9.367256966279122,-3.904545130507637,-6.09192109248185,-38.39757780959112,-24.31429011800183,1.3370822824535504,-24.227494359435475,-9.666679511485523,-3.9108376437678434,-8.663811075287077,147.0980049739251,300000.0833169241,1
-4.569210021065022,-1.9086259073850325,-3.0045817897639346,-18.81936695787268,-11.837327043241373,0.9082508588353206,-11.735298210334165,-4.789491019480111,-1.9126777627337506,-4.301427545930381,81.54914816312224,150000.044348929,1
-1.480110345196276,-0.5938638805358991,-0.942157412439488,-6.31854796995926,-3.9925533343842408,0.3000447365765066,-3.959534103064178,-1.558557610685334,-0.5836958992154317,-1.336651710929727,77.51729156645078,50000.03242151956,1
-3.364920920890582,-1.3675556186223279,-2.148366148324327,-13.931458035012191,-8.85667635876489,0.5201032799694608,-8.783151028326277,-3.507858016524161,-1.3672874648648117,-3.0794523304389316,54.1856216916176,109000.03052284864,0
-11.002915875714642,-4.532855518489957,-7.092689819560098,-44.59630418799461,-28.389195064404756,1.7206008787231197,-28.09745545485406,-11.305849979684304,-4.538315127398219,-10.125677560784093,163.6141949579337,350000.0943666062,0
-4.635944034274264,-1.829268599033912,-3.0039169286014142,-18.841364935681575,-11.859320575337543,0.7545648356552873,-11.757282184587442,-4.789145137254198,-1.8443241922490197,-4.278867143147712,92.54934682686086,150000.04820767694,1
-0.6710256197238872,-0.23947468320330606,-0.41197512259131,-2.9939453297589274,-1.873321992465147,0.20227539064426708,-1.8582353245083438,-0.6693285380915255,-0.24244014479770848,-0.6362493376405258,39.40833971388001,24000.01631545594,1
-3.301537123935924,-1.3438779067836157,-2.1203006878574415,-13.621680402577418,-8.637668269231272,0.5660893719079853,-8.565589182782464,-3.4300071757952324,-1.3480848739896747,-3.021322222560691,67.48522646157954,107000.03495412754,0
-0.19685288103054144,-0.09693986848895171,-0.16387174254967293,-1.2168508134965959,-0.7494352415080411,0.1409017518299784,-0.7425578150081438,-0.24373384061916206,-0.08560695543602877,-0.185307579482227,42.503946011929834,10000.01592046405,1
-0.06886030940287895,0.009908006256998572,-0.028027556308426575,-0.4209250200007186,-0.19233683582254524,0.21248225401986814,-0.21105557965258553,-0.09041503151494969,0.009840215740324128,-0.020946177447469554,35.75223537946867,5000.012982094588,0
-0.7059933932404377,-0.21878356000838434,-0.41195572793751334,-2.809677901822681,-1.6201614173423278,0.5268181222448202,-1.6029887720863607,-0.700917287025984,-0.21834356082948783,-0.627728143951616,30.75850230800025,25000.013295885416,1
-0.15072163975866135,-0.007467112537281396,-0.11236104242155467,-1.0483274568047676,-0.5916528996192916,0.23394493543504835,-0.6070022717912152,-0.14528076188022246,-0.007838329657279557,-0.18272462956116942,54.46913072663302,9900.020051784417,1
-1.0167831863948076,-0.3518517605731388,-0.6177813491086259,-4.417981576141073,-2.786897030675425,0.2504896213322449,-2.762854758809777,-1.0280659285369642,-0.3515590737382616,-0.9356189947067532,45.26194141172217,35000.01953518294,0
-4.688026858006266,-1.8841434827982537,-3.005645330268806,-18.841355805737994,-11.859307769499354,0.7545564396165952,-11.757266915727046,-4.847822707107975,-1.8877484733151844,-4.278214515111062,101.54950948966338,150000.05136549153,1
-15.792073834725935,-6.541271499193604,-10.209430146635066,-63.846218311473805,-40.57276796397564,2.260810228663991,-40.22942343099912,-16.29778552695089,-6.550109865385593,-14.531007456545453,229.16305316252848,500000.13324571424,0
-4.664335897502273,-1.882061560687149,-2.966430981747246,-19.145692106979215,-12.163642709709984,0.7001818805501829,-12.070434890341934,-4.77136695136552,-1.8834848498438035,-4.278217675026954,104.5495623870354,150000.0525011611,1
-23.52161196534993,-9.851729065316512,-15.273619626825713,-95.2134946542878,-60.536079481755785,3.417920039801104,-60.02451400142111,-24.310100259702256,-9.866477935380985,-21.669229556581442,276.99178456994133,745000.1759836031,0
-0.487523561857201,-0.15435401789491177,-0.2770385504141868,-2.4348292247972174,-1.4948026082760535,0.2741083486957593,-1.429658556036355,-0.5265095848110614,-0.1560150102170872,-0.43067644699216073,55.00735026309385,20000.021330717787,1
-13.150051873336237,-5.490113407545556,-8.554774622001519,-53.48753336044016,-34.04409683897295,2.02276228101359,-33.5861629461274,-13.628504015562738,-5.4963538904086855,-12.114490110647315,199.4364540011166,418000.1141654763,0
-0.07336498191807014,-0.0061953173595891,-0.06014384499345847,-0.7410290088624074,-0.3960704921431827,0.2234332154881823,-0.4130703577091571,-0.15811076426123588,-0.011570938660901756,-0.06520383090687547,44.62819021186422,7500.01635218193,1
-11.560711812298827,-4.777455766096868,-7.463435512379514,-47.06271473278056,-29.95207350215505,1.6804728286246435,-29.694925886505775,-11.91212673893872,-4.7821356122631915,-10.640916324695679,169.77989950558862,367600.0984459531,1
-0.9991083546673002,-0.37843706974571345,-0.6376281421815849,-4.40242776956395,-2.7697841550077515,0.2504805296971609,-2.747140922971166,-1.083791272462142,-0.3807661907362423,-0.9586825995612483,55.26212219641347,35000.023036862825,1
-4.664330996541451,-1.781808999035632,-2.901295585250599,-18.81936560062888,-11.837325378418212,0.9082501305967837,-11.73529621574612,-4.694884866843288,-1.772157098424691,-4.278196473760648,82.5491660185996,150000.04469280865,1
-2.3804091200954427,-0.9014613463411814,-1.495592229473839,-9.871489272334802,-6.217546743947341,0.496438869233882,-6.16363395452615,-2.4306705330936764,-0.9021702602449073,-2.2046433119593285,63.50109671125544,78500.03050246486,1
-0.8506929146240253,-0.32273788463201486,-0.5425818555873967,-3.7777661228818493,-2.379419454058439,0.22858136607838422,-2.3588129868089647,-0.9082652292303603,-0.3231816176919793,-0.770040463670519,34.510158109302466,30000.015240565182,0
-0.4526344157745778,-0.20093795440721282,-0.3265573195448222,-2.4448830737341187,-1.4906594882315232,0.2422107957573064,-1.4765737606457845,-0.511672439928476,-0.20123775878247055,-0.49262363184370245,40.18224159278732,20500.016180651877,1
-26.285146363903127,-10.983371916742621,-17.041670731393943,-106.39248451906387,-67.66548385437528,3.7237875085336296,-67.12981259611387,-27.13638650346408,-10.997621532490783,-24.200240289566885,329.470383215048,832000.2036064859,0
-4.103811127728924,-1.659775396600248,-2.5986477837619852,-16.97552192641648,-10.66375805556643,0.8451344185763194,-10.571617896121428,-4.233408428909996,-1.661513185168067,-3.880406806443736,73.5044260217528,135600.03999665246,1
-0.5442586263474423,-0.14186531825970777,-0.2748349707092936,-2.434814754342716,-1.4947824893866914,0.2740954423335128,-1.4296345691690855,-0.5352510357658958,-0.1423853303723257,-0.47803234220876395,69.0076032021088,20000.026238334332,1
-9.344299987460317,-3.8239196788119387,-5.989567001153537,-37.99653066410196,-24.158146852157113,1.3722783030983041,-24.02281740153104,-9.611136399924662,-3.829835500162757,-8.555908555232591,112.15151542551979,297300.0707876515,0
-7.751998913283538,-3.194555782770231,-5.016031210819129,-31.808023259271774,-20.189029788953572,1.2717979308193514,-20.017356622961938,-8.044850817366918,-3.1997596920185365,-7.207514149518316,117.58158084736262,250000.06763040955,1
-4.6759494716898855,-1.8332305407439133,-2.943215484060282,-18.841361847993443,-11.859316281108713,0.7545620652607055,-11.757277057835271,-4.823718239409321,-1.8164433062731438,-4.2782088292130895,95.54940101939887,150000.04925946164,1
-12.61925668476385,-5.223971636684864,-8.171788805436224,-51.1267171092675,-32.46556448240174,1.9482450750188567,-32.21236012766895,-12.961499318865766,-5.2313290010308515,-11.658754511309306,196.4809979751189,401000.1112839995,1
-0.0649071273425918,0.010000905272406907,-0.055444490489226735,-1.061141036281707,-0.5998154766689535,0.23439168210609745,-0.6150986411864964,-0.10764796826055692,0.01031767203253446,-0.1382971645862179,45.5040004568128,10000.016914476893,1
-3.1951045394679323,-1.2832746038948044,-2.0585370836653283,-13.264687758357542,-8.377255895528345,0.6126015301088114,-8.305148313415533,-3.3339179527154683,-1.2840294080880414,-2.9628473786862632,66.78457845484384,105000.03446422392,1
-10.951900380025453,-4.569842188493654,-7.121030540066757,-44.612520147709986,-28.3388400574893,1.7101250081714368,-28.098500458933344,-11.352344960296485,-4.576884518885685,-10.129877320764592,154.61403250856105,350000.0912133108,0
-4.6301529057683775,-1.8528475385774161,-2.942606018464445,-18.841364962315517,-11.859320598065164,0.7545648190451102,-11.757282208028675,-4.837045548220938,-1.8546249421690575,-4.260367722317934,92.54934683741052,150000.0482077086,0
-0.5442551743458851,-0.1896858065133172,-0.33676234646909475,-2.493543124197631,-1.5625908292235446,0.14560335804391955,-1.5501181360802538,-0.5409562674119994,-0.18997711323723712,-0.5005806613242244,45.00716950600761,20000.01785614966,0
-11.004987082171702,-4.596452273376838,-7.129877130931409,-44.74316718516396,-28.451753061952395,1.5562533072427482,-28.211412651176488,-11.35629890280423,-4.604402112170124,-10.125672079851288,157.61408638476223,350000.0923012567,1
-7.0413020086982785,-2.84934670445238,-4.438703390513556,-28.719169828913433,-18.2544343580485,1.083309550157465,-18.101326970382672,-7.249595270630883,-2.8524188523324194,-6.434375455188211,117.82363914409665,225000.06509511563,0
-22.894412845046443,-9.561749401932673,-14.828682078630752,-92.91243024130506,-59.072843267687,3.255817263398585,-58.573627096009055,-23.655430851413442,-9.573982646796203,-21.165083189234227,308.6866361892813,727000.1851724155,1
-1.3507129814533132,-0.5420494108609757,-0.8694546940185256,-5.698409798255454,-3.6018481714938244,0.29430312534436154,-3.5709335256727255,-1.379264839323749,-0.5452675343481732,-1.2089587393098804,69.76556236518839,45000.02918307217,1
-6.30026050872583,-2.5494474340129485,-4.0347578442917245,-25.50306971670255,-16.17881754627816,0.9725051591824068,-16.043213893211334,-6.479678224813043,-2.553800201131232,-5.72224411927254,119.0657161612557,200000.06287769094,1
-4.693332543847771,-1.8820461477515422,-2.9847368536523455,-18.819368094548917,-11.837328572291065,0.9082517333846859,-11.735300020058885,-4.790191671526306,-1.8834743495814144,-4.295106213056035,80.54913008113063,150000.04400122538,0
-0.06886520518484424,0.09613588965067185,0.06731078531636518,-0.4208925264568619,-0.1922919369420237,0.21245392255526968,-0.21100206115240197,-0.0502557297905358,0.1150961732855332,-0.05852842194672723,66.75279526136123,5000.023837423123,1
-0.3679111662228312,-0.11231796029458027,-0.2259839779744279,-1.7946055444619655,-1.0873135683296549,0.25219269711046255,-1.0256031153409093,-0.41170822117680095,-0.11434714837287319,-0.31333202388937403,52.25571151887617,15000.019841889663,1
-0.5972690045318977,-0.18813426384642246,-0.37437684403201066,-2.981681894100413,-1.90230115779311,0.29603076012245744,-1.8337254385041502,-0.6228135133392325,-0.188214706598395,-0.6467709979765919,50.758862740265045,25000.02035800487,1
-0.7027229854655223,-0.24987203571315822,-0.4194667512644445,-3.1219610808152987,-1.9547796376711706,0.20663302111409607,-1.9389985499917002,-0.641411126342692,-0.24833879987320845,-0.6242163713616983,67.75916958276747,25000.0263497208,0
-7.008331104158732,-2.930738116001263,-4.576703981257154,-28.874565984609372,-18.353028382881572,1.0876906623062657,-18.197832030507627,-7.320250657446197,-2.934109622615223,-6.542203924820353,120.17399952224585,226000.06603643153,0
-2.6417742097020507,-1.053032082466958,-1.6601028021782096,-11.42399676354696,-7.23476095026417,0.4702565000863693,-7.1729485052989785,-2.741653575498512,-1.054083605415198,-2.524303198154648,78.53002284678068,90000.0370024857,1
-4.610418271398774,-1.9131123972579243,-3.0376949751598485,-18.81936604335632,-11.837325696771707,0.9082498739638113,-11.735296602770733,-4.819606337985064,-1.9134545295965293,-4.278527991731298,82.5491662361992,150000.0447016266,1
-49.82673113085638,-20.885222128722205,-32.36841938334631,-201.65646225945014,-128.34514988866528,6.947134246890943,-127.26365379524174,-51.478788129484386,-20.908770961458586,-45.98338074017765,580.7610671408033,1575000.3704745218,0
-10.21059199691715,-4.210610925428778,-6.586629994716691,-41.54727158370294,-26.419530545861754,1.482513359172511,-26.19762876345812,-10.531036486209914,-4.214655721673361,-9.414449240818007,144.85591016070907,325000.08518045436,0
-0.6012008327252767,-0.18236447474671857,-0.33880102061937045,-2.4973194979109516,-1.5644425889001798,0.18475115186894134,-1.5507035545937662,-0.6176343135031417,-0.18221837721229442,-0.47733266318979395,28.006862392452636,20000.01190495694,1
-3.014696909013706,-1.1986436243586898,-1.9286952034048532,-12.725368310245461,-8.06718545895199,0.5354092607677826,-7.99991377834284,-3.1377243890450766,-1.2016048405984938,-2.8166578938719162,62.03290308369705,100000.03229518492,1
-5.456657803388717,-2.1966128332330213,-3.4723674698850724,-22.20462847540542,-14.076641257618164,0.9430327403707461,-13.95646199662665,-5.591297575178685,-2.2006909830136636,-4.962467874392615,111.30763049666957,175000.05747946797,1
-0.6121900993256547,-0.1881283094030639,-0.37437507086082766,-3.101088298368257,-1.9374042390150836,0.18535634210708088,-1.9202288011795245,-0.6497519403649812,-0.1882108085930947,-0.6238611708294747,40.75868187292433,25000.016880096486,0
-0.7045536359633623,-0.2537096907308043,-0.4229048771893938,-3.073914683260754,-1.9288464193458046,0.1614341079272428,-1.9128931385429884,-0.7639071864340773,-0.2540695880690689,-0.6118414575610955,47.61867873766785,24600.019258359982,0
-1.4801052037921827,-0.5938441856235764,-0.9421508638855327,-6.3185812408404995,-3.9925994912954916,0.30007413956646384,-3.959589113018127,-1.5585424252499815,-0.5836827702007942,-1.3544598023293908,45.516713538021676,50000.021211659536,0
-4.685503525581571,-1.9194805806045097,-3.012454621739112,-18.841356889537977,-11.859309244420446,0.7545573303485743,-11.757268673932295,-4.8339758176810514,-1.9217140330703526,-4.3201714450048305,100.54949149547268,150000.0510169237,1
-32.459014480886054,-13.57810082100139,-21.072719533357656,-131.32595699165628,-83.5223243338049,4.570830831213039,-82.81711850285694,-33.55219226218341,-13.593161135162985,-29.94258190184389,384.78335879988094,1027000.2436537046,0
-4.626919759606681,-1.884144696628725,-2.995932319256192,-18.84135362507792,-11.859304803058572,0.7545546541710717,-11.757263385935437,-4.837534756696363,-1.8877492762135157,-4.278216392823907,103.54954560079,150000.0520636672,1
-0.3347759268716007,-0.08573312356192182,-0.19335619614228317,-1.7013704936799634,-1.0073121810670989,0.2563116154248346,-1.0191631963911658,-0.35494651867505145,-0.08514029656574187,-0.3311617253057551,43.25554911272053,15000.016666206579,1
-52.04523569583172,-21.674388389898233,-33.61766642084539,-210.56312032857795,-133.9935252700988,7.295329320555029,-132.86868565838012,-53.73208509099002,-21.687093622333375,-48.00495557541551,612.2838843681352,1645000.3889157248,1
-1.6535064034841997,-0.6179769973269948,-1.0294268755341123,-6.7005594706112435,-4.140466553339096,0.33394461149855825,-4.102689152812631,-1.6752092066037743,-0.617981976495005,-1.542615448062254,59.26855213496085,55000.026483045134,1
-3.0796885178585804,-1.2507421906391072,-1.9863927536105725,-12.72535407199263,-8.067165508865406,0.5353962219202237,-7.999889994828022,-3.2015669004738867,-1.2548422128459151,-2.8360544329218365,76.033156103282,100000.03720703129,1
-0.6210937544964535,-0.20068938939278652,-0.3850274888587336,-3.02108964419284,-1.8574068289206542,0.2619393030592358,-1.8402322309086818,-0.6841620913826848,-0.202528535161263,-0.6468486932497038,37.758628002147375,25000.015808887827,1
-1.6091847562674895,-0.7155796948062332,-1.1398429608861782,-7.34077163213301,-4.54793964292149,0.35585018743420926,-4.506725603555718,-1.7864025484417803,-0.7145713279295505,-1.6475167857067676,73.0203896112945,60000.03182245659,1
-0.48317542835959526,-0.1318025960709997,-0.2802607628266511,-2.497324271810645,-1.5644494722028472,0.18475597662480037,-1.550711770512617,-0.5220322801102898,-0.12888030516519855,-0.4773279013691402,23.00677194351187,20000.010143878728,0
-7.063292542162002,-2.9110634904921415,-4.535906374296749,-28.46822504529482,-17.99517317320969,1.0791195778987512,-17.840668435985393,-7.184227028726197,-2.9125287196183822,-6.523780658028045,101.82335134728159,225000.059420372,1
-0.7027225002443949,-0.2608306870246932,-0.4191825511606998,-2.9816657632288743,-1.9022784690691468,0.2960157820407499,-1.8336983835472356,-0.7686559105135194,-0.2611926625515445,-0.6432689330174735,66.7591519296423,25000.025974067074,0
-0.7047897150473132,-0.21878799158587184,-0.4119579582733753,-3.133778363652653,-1.9700958339307155,0.1675290541901738,-1.9541925972830587,-0.6937795889086835,-0.21834677734370844,-0.6408596920112073,36.758609584972305,25000.015494768824,0
-3.713549638831024,-1.516874673324048,-2.387875722494761,-15.2862351130935,-9.697102148508757,0.6230454868249168,-9.616088473178888,-3.865741978572632,-1.521270110715335,-3.4011037010063543,101.03996432915844,120000.04808800566,0
-1.4855484563902723,-0.5207708821428081,-0.8889280220915771,-6.311319910118957,-3.9922933721804377,0.31625393970399013,-3.9593574156958207,-1.5238278214957588,-0.5212303456242259,-1.3713609687075037,34.516514747431664,50000.01735381613,1
-3.6485559366817584,-1.4647681040146574,-2.340340984836232,-15.286262855298553,-9.697140838351448,0.6230704773633802,-9.616134592767382,-3.792010164575241,-1.468027402786601,-3.372148607446794,74.03947646706334,120000.03862154856,1
-0.24759190934328518,-0.05381040963508285,-0.09912895701837962,-1.2302247454224724,-0.7225351140238854,0.11565521371303714,-0.7152498089092595,-0.19820050568125033,-0.053670240345535164,-0.20316542695950968,27.713869787919332,10600.010778395697,1
-4.0304767709793055,-1.6510032422679415,-2.5969128251361044,-16.28045178297988,-10.229339306833284,0.666887013589703,-10.141030519094892,-4.1166581759715735,-1.6525463728796135,-3.6756329593523502,98.54309863049686,130000.04818831915,1
-16.802721041405885,-6.9782865202849225,-10.843513982586996,-68.2310918267579,-43.3855633539994,2.3921303614854867,-43.02101973213818,-17.365832553952316,-6.985437735613462,-15.495838332046715,238.72371356645525,533000.1401327831,0
-0.2369839727466169,-0.019205361103529273,-0.10322699215627755,-1.1543857235066994,-0.6798300744582534,0.23028088795506038,-0.6215542862564697,-0.20307322805731565,-0.01853693801689725,-0.2018903901396433,45.50400040987713,10000.016945631754,0
-32.671032345386536,-13.682773981565475,-21.189900638481582,-132.22506749970273,-84.13748847360358,4.605254448175962,-83.42808683087634,-33.70649811511029,-13.693524933296796,-30.098053895417916,412.92080528224227,1033100.2541908466,1
-17.365193526577475,-7.216849486741955,-11.223985263161143,-70.36959390628574,-44.82032706919792,2.486561558909994,-44.44402096833244,-17.887128555460034,-7.225063678637455,-15.992876169459883,247.67927825829457,550000.1450767769,0
-1.7644296543317977,-0.6946487531444933,-1.1312173316351006,-7.411506859587715,-4.68502053222135,0.35350712294426734,-4.64624662945715,-1.87713024059042,-0.6950782333897932,-1.5740420539791176,42.494360438635155,58500.021056002835,1
-1.4126443856167172,-0.416626370144549,-0.7895651801161194,-5.9122792295161135,-3.780332006182093,0.38371334327080703,-3.673368618959339,-1.4043660510509965,-0.40543348582916355,-1.2981893918843306,78.60648485055715,47400.03250565271,1
-7.084146354741126,-2.953833776994716,-4.574347373768372,-28.912240005197813,-18.439412904723156,1.041217032626194,-18.285983574108048,-7.355289108947882,-2.956848621337654,-6.552711592594127,116.52425153777665,227000.0648538198,1
-3.118034839920149,-1.2587555379635909,-1.9853636919160271,-13.10252863928513,-8.308184809066205,0.5443361868368382,-8.240902487830212,-3.241784173306273,-1.261658654619242,-2.8573729918478095,80.0841826318748,103000.03893524509,1
-1.1813915021732473,-0.4183870390938831,-0.7206941824079997,-5.058198223742213,-3.1943761621786306,0.2723987076943499,-3.1668983849251124,-1.2075026623364047,-0.41816748814240606,-1.0620985490356323,55.01370668580014,40000.02348181477,1
-0.25177943683920756,0.01000205610789856,-0.055444192871794425,-1.0611435922212438,-0.5998187484173615,0.234393269838254,-0.6151025114966784,-0.2463441504451554,0.010318409795021756,-0.20469161375000078,43.50396448754231,10000.016226229185,1
-4.653795834832347,-1.8820436706920514,-2.9719550255294793,-18.819372189834358,-11.837334287293404,0.9082554416826857,-11.735306836786595,-4.804532058619275,-1.8834726932869994,-4.231509321115617,76.5490577632825,150000.0425970215,1
-2.287364092408341,-0.9261167207695783,-1.4950623110520267,-9.588980739440414,-6.097954831539954,0.37219884411420207,-6.046447336166374,-2.4075326297907633,-0.9272324244905651,-2.127352509867223,55.2748352849941,75000.02730474315,0
-4.664331353323391,-1.8820475006750264,-2.955396349164646,-18.864843626722283,-11.882803274278533,0.7503664135717194,-11.779796021170874,-4.7713552612472165,-1.8834752964936043,-4.260358316726083,82.54916611202829,150000.0447111521,1
-11.00291727425335,-4.490489060710901,-7.058631502965061,-44.61250126940997,-28.338813983222792,1.7101085674572964,-28.098469375535256,-11.303668103515044,-4.508533687648373,-10.142597605866836,172.61435756641237,350000.09751629486,1
-0.7936279328053463,-0.31195308335951516,-0.49842599244147956,-3.7142891044558444,-2.3035872282113616,0.20068373700324393,-2.2829785165808216,-0.8328591667828598,-0.3121014072429,-0.7703775985488885,42.510302886832136,30000.018017139508,1
-0.7222291591217805,-0.1895816290154874,-0.3641753330538871,-2.9816966361865673,-1.9023215009862968,0.2960435282703706,-1.8337496727907157,-0.6611046140779783,-0.18949206902563584,-0.5945962516419434,36.75860983385085,25000.015456977715,1
-4.584899478366028,-1.9131321553006184,-2.9922464086562544,-18.84134199660064,-11.859288780919831,0.7545446452935113,-11.75724430263349,-4.730682593110924,-1.9134677246029752,-4.2603884758338895,114.5497442571902,150000.055912539,1
-2.4173023970636573,-0.989126040941771,-1.50965501724277,-10.091548202586313,-6.433765525284209,0.41591936038811395,-6.379447143455074,-2.553733188142548,-0.9911050981757381,-2.1585711374833174,40.71087520742861,79100.02263166037,0
-19.271344577971888,-8.01824895167066,-12.441143706687962,-78.05920549163802,-49.61905157715927,2.7473500491521197,-49.19948620262221,-19.860589968584936,-8.028746137201095,-17.751465869332627,274.04914263031475,611000.1607369428,1
-3.270699044878216,-1.351808577484348,-2.1256853223550825,-13.543975176810457,-8.635263993371407,0.5613865305586665,-8.562337709493216,-3.412286547683644,-1.3570049562627198,-3.017297774611416,48.20462374843854,106200.02812980027,0
-4.664333488858428,-1.8820555272258064,-2.9605142175728627,-18.86483024282755,-11.882784630270194,0.750354397130072,-11.779773793715176,-4.836299737967198,-1.8834806562273763,-4.320166738104223,95.5494010312186,150000.04926934757,0
-0.702723391696116,-0.18814785551502747,-0.4311424881773391,-2.9816593113678898,-1.902269653163604,0.2960103929216449,-1.8336878804104964,-0.6925234715316348,-0.1882237858804791,-0.624220954465185,72.75926018673752,25000.02807127275,1
-0.5402999255906531,-0.18958649887852483,-0.36417689260595515,-2.981687987397303,-1.9023096920866125,0.2960363491832962,-1.833735619846874,-0.5983577867265174,-0.18949529547510807,-0.5768518178696185,44.75875426935781,25000.018251235353,1
-2.2239793137577326,-0.8574881176230315,-1.3999077882352677,-9.005366192170262,-5.607428614797551,0.41284104620387174,-5.55729052846448,-2.307777820212999,-0.857761679325567,-2.0501647268524152,68.57444111204502,73000.03165293825,0
-2.958705409612512,-1.1861007836557893,-1.8659278407283646,-12.704433115759455,-8.049723491629138,0.5140774623325118,-7.981040859145976,-3.0688014447058913,-1.1872991934570625,-2.7874279374253295,95.03349919575788,100000.04384364621,1
-1.200106548239031,-0.4449612945767214,-0.740537327644647,-5.058206660825742,-3.194387792021729,0.2724059914608668,-3.1669122435094814,-1.2295562939621514,-0.44736724503662373,-1.0790025914272963,47.013562236342196,40000.020682179726,0
-0.7112409179044955,-0.23903758848573375,-0.4203279420959413,-2.8096800653762326,-1.6201643638507925,0.5268199120133285,-1.602992283794728,-0.7305973268819516,-0.24467943426119723,-0.6056797412277926,28.758466199293206,25000.01259652197,1
-1.8373269235259773,-0.6906339797544438,-1.133006370140635,-7.690117795093783,-4.862545326432769,0.34641529956025524,-4.820783919730517,-1.8321339146566393,-0.6965918516150316,-1.6899539658494858,66.30052147628325,60800.02963153495,1
-1.3365788076907212,-0.5360698543575426,-0.8516480010361775,-5.629319070303717,-3.53469256655572,0.27413177909596637,-3.4813075496482297,-1.3359508750578544,-0.5367336080176982,-1.17935942761738,60.76540006953755,45000.02600520878,1
-0.6679047021598115,-0.188124449714851,-0.37437361885211595,-2.981698743077497,-1.9023244064050968,0.2960453492442179,-1.833753135504671,-0.7059773283660691,-0.1882081768876326,-0.6404355288295571,34.75857376250478,25000.014757588906,0
-0.3857949313587235,-0.12777452139201106,-0.26013520556315395,-1.8415052324117265,-1.1397898869927234,0.1627944604043867,-1.1308737631930255,-0.44469916434609974,-0.12798551061988506,-0.3318485368299371,70.2560365039824,15000.026169409546,1
-0.6806084386280078,-0.2187810927894751,-0.4119549016434744,-2.809682028146297,-1.620167160013829,0.5268218142152986,-1.6029956186073948,-0.7009153736287193,-0.2183419141775652,-0.6277243675984643,26.758430048257456,25000.01189378322,1
-0.6849501331207661,-0.22342289529054368,-0.4368365893074987,-2.9730457973186017,-1.8559093034634546,0.18097466853210062,-1.8394211299380172,-0.7126135148948164,-0.22377566482170808,-0.5476089782391178,38.40832167530625,24000.01595873753,1
-8.858953260382647,-3.702924536791768,-5.750224082876892,-36.157565996622765,-22.98129443507763,1.3375199757824492,-22.788354777209985,-9.173022944953782,-3.7071443984464425,-8.18650874407216,160.1428376734231,283000.08607944904,1
-0.5611037692640193,-0.24174816426985662,-0.4191829826615219,-3.075041734092181,-1.9022759801358038,0.29601374277566683,-1.8336953229075212,-0.7338480571258801,-0.24210972838059283,-0.6238875333458834,68.75918788326987,25000.026679970542,1
-0.5402989662519919,-0.18958281117909298,-0.3641756692441011,-2.9816942420111543,-1.902318361804685,0.2960418533348277,-1.8337459501319466,-0.598354945770679,-0.18949283877217393,-0.6235276964228342,38.758645929929614,25000.016150653653,0
-0.6863344620646341,-0.22087760138323567,-0.4328635242596695,-3.021081584541181,-1.8573954881719588,0.2619318134773152,-1.840218708451556,-0.7546923600533461,-0.22261562912664629,-0.6241955062071846,45.75877256650293,25000.01861671615,1
-1.3175603100074218,-0.514346004771141,-0.8389664204554221,-5.6758681397503015,-3.609177710466541,0.2916992351529291,-3.578683078367645,-1.3793499900488146,-0.5150048921021033,-1.144046341351544,40.554843722434676,44400.018900343806,0
-3.1135953279778827,-1.187559087570431,-1.907850592808872,-12.585033446046467,-8.014629461558556,0.6247571322122908,-7.894548258916662,-3.1853535101711374,-1.1885837980689673,-2.8583190910894833,99.03357183032354,100000.04523198647,1
-1.0281751078548245,-0.3721131789247327,-0.626156023476109,-4.417971280552102,-2.786882683825031,0.2504803757432015,-2.7628376583053327,-1.0577516703128442,-0.37789987480971937,-0.9328252597839551,55.26212208914028,35000.02304046988,0
-0.8611879212120531,-0.28533863273233157,-0.4855348010057475,-3.777727477903657,-2.379365959186782,0.22854746809671614,-2.35874922852023,-0.845670706090425,-0.28496542334465447,-0.7894586437736142,71.51082641399647,30000.02819923818,0
-10.898777917202738,-4.512618377707732,-7.0114873878798205,-44.72477120756893,-28.441670127213065,1.6312016671999616,-28.202724520428518,-11.247344089747118,-4.5175556421942975,-10.148927546727373,182.61453780392299,350000.1010448654,0
-3.1208843627277076,-1.2159321951986077,-1.9554489204541101,-12.8413100426032,-8.126108791480405,0.5355677091082856,-8.034638703909545,-3.158822385134631,-1.2189159303513861,-2.854981928851037,47.48805377283368,101300.0273230867,1
-0.7247176567175156,-0.2188095274026866,-0.4119651147714367,-3.137500535298455,-1.9718724821249594,0.20662913944123565,-1.9546885029279153,-0.6937961891252946,-0.21836113088536327,-0.6467909905507447,71.75924178738309,25000.02775777416,1
-0.621094502953657,-0.20069084114481545,-0.38502820295365364,-3.137533599922964,-1.9719184740308704,0.20665865175045572,-1.9547433262096636,-0.6841635713080597,-0.2025295804202965,-0.6291110135611844,39.758663681073536,25000.01654227216,0
-0.5442552103602057,-0.12305986704818206,-0.26126697049285763,-2.34159134115383,-1.41479712201771,0.27822436015421387,-1.4232137377985243,-0.5734867815950964,-0.12289265713638209,-0.44842267608150316,49.007242111230326,20000.019212479318,1
-71.099015729875,-29.824364731436905,-46.15821256483789,-287.530301492381,-182.97673148376168,9.899093572264674,-181.47600939668425,-73.39205572508095,-29.85325912863747,-65.52891829035768,832.898946894059,2246200.529966063,1
-2.130969953568545,-0.8378165355172715,-1.3465308146755752,-8.621245793803437,-5.362954418590205,0.39970403191455744,-5.314880187324799,-2.2027398108028446,-0.8441295377834556,-1.9102779112419546,53.523215726362395,70000.02606116467,1
-0.44273815023225843,-0.13831585693658693,-0.24859211885010013,-1.8570696475843063,-1.1569173504481265,0.1628126230658045,-1.1466049783780676,-0.4483573575261458,-0.14214132493213952,-0.3311685502927645,50.255675178155904,15000.019169570282,0
-0.3857935880400541,-0.0565406154091429,-0.15835949267701158,-1.7012134523174904,-1.0872940143256038,0.252181241368341,-1.0255799203234424,-0.3264544773560475,-0.056294935107376994,-0.284500963586794,65.25594630994587,15000.024378177228,1
-9.738370334652679,-4.0303001896072335,-6.325418545069756,-39.67753003188786,-25.243330690773647,1.402694101462264,-25.030384648934028,-10.027119886244483,-4.0349282180986314,-8.941274802148897,155.63636912032285,310100.0873875215,1
-0.5985760227031102,-0.18812500822133824,-0.3222529730061373,-2.981697401022994,-1.9023227241071596,0.29604459069620065,-1.8337511435390343,-0.6152225670555543,-0.18820852874773422,-0.57684333131349,35.75859170151232,25000.015099815064,1
-6.248982764534567,-2.6251077382516854,-4.040775859418333,-25.405739926343895,-16.11407596303664,1.052602893171813,-15.976726666934933,-6.4577472419393676,-2.6166114259304063,-5.757007090774232,133.06596937896583,200000.06776011834,1
-1.4950401834141418,-0.5854281957545712,-0.9471118733637667,-6.3231222647605545,-3.992283449850906,0.3162473818713465,-3.9593455815441425,-1.5164608795805057,-0.5887839346187392,-1.3544560224897721,41.516641244082415,50000.019810122096,1
-0.3857905757690738,-0.05652948465702326,-0.15835573395257502,-1.7013661966580316,-1.0073063121747932,0.25630801972739425,-1.0191561996833964,-0.27121892263119013,-0.056287495990392684,-0.3353737286073828,47.25562130383149,15000.018065011562,1
-1.5070521041361844,-0.5514600318970221,-0.90820832454512,-6.0148339021628585,-3.6874664684288354,0.4698915051117515,-3.6540944079310234,-1.499953102429713,-0.5513857151956736,-1.3366532107876323,79.51732874895347,50000.03303172279,1
-2.999231316423863,-1.2478200244074231,-1.9631322877659694,-12.779020642808044,-8.12314825894362,0.4806253267948298,-8.05579425501194,-3.0949684409198883,-1.2474109091578902,-2.8395773509107642,82.03326423458735,100000.03931814052,0
-13.665116991646066,-5.698385380800869,-8.857804427044167,-55.48678736724309,-35.325915920955,1.9450693156762353,-35.02095465108905,-14.122784287189146,-5.704872746339681,-12.602069276691436,168.04097208088524,434000.10486582416,0
-4.632941305812759,-1.8528579977593773,-2.936960647442632,-18.841347263688743,-11.859296059965546,0.7545492114072039,-11.757252963452537,-4.821057968164689,-1.8546319130196989,-4.260383757569818,109.54965391565942,150000.05416267255,1
-0.702720634892692,-0.18813736767751976,-0.3222571348751368,-2.9816769008420354,-1.9022941150087074,0.2960260591003866,-1.8337170292089713,-0.7067645140160289,-0.18821678614557888,-0.6183652025151758,55.758953079171214,25000.022113811923,1
-2.283888132837929,-0.8733860120453376,-1.434358704372826,-9.695413529144732,-6.134569514227626,0.4111031175464858,-6.0820333519966,-2.334527938647482,-0.8742403570918046,-2.1292458039835216,50.80023132803629,76500.02586090613,0
-4.691217001460831,-1.9391800816973312,-3.0305875244626965,-19.165893267926506,-12.18384741197585,0.7343779198471274,-12.081400378144568,-4.855830224844412,-1.9439707828422876,-4.278209231648974,95.54939982910942,150000.0493600086,1
-2.103199296553457,-0.829934418862091,-1.3445104410068898,-8.893959248420707,-5.629692673176922,0.3983323065955469,-5.583282881988229,-2.154359073478893,-0.8309704173239689,-1.9811882895036832,77.52364816111547,70000.03454658801,0
-6.599412637341473,-2.7469607473728272,-4.298363431647515,-27.348779367276634,-17.31425319721409,1.0352513040596403,-17.169211876290383,-6.819002024762902,-2.749354491073644,-6.198367679556271,135.32077745995247,215000.07012883923,1
-0.5985760277384962,-0.18812501371131748,-0.32225297784483703,-2.981697418606446,-1.90232274058499,0.2960445810995246,-1.8337511606863248,-0.6152225738560954,-0.18820853411995817,-0.6235248702901107,35.758591745571366,25000.015101179906,1
-18.181699700848544,-7.57708659218037,-11.736334397510914,-73.61861237201683,-46.83991036433504,2.5939314361816934,-46.430401237127185,-18.7638228244089,-7.585394216262325,-16.715501733620304,264.78785120369986,576000.1537994171,1
-6.102389270343064,-2.547368768163339,-3.9845147033710027,-25.6041836482584,-16.263419164289296,0.9695019267615579,-16.11726775816852,-6.40707831151677,-2.549538595399476,-5.740422407919781,128.06587832245606,200000.06604719334,0
-4.641233169861454,-1.882043022342546,-2.9664247420363172,-19.115813487733032,-12.142099165341131,0.7545783637866187,-12.040495923438929,-4.7713525402152595,-1.8834724649827017,-4.301421299620472,74.54902055169221,150000.04198360143,1
-18.09262130327609,-7.519838682280844,-11.676094296105704,-73.4527835104044,-46.748833727754196,2.583866230867146,-46.35016483987398,-18.6323573065444,-7.527600224517674,-16.660897722607253,244.98176193229037,573700.1466469544,0
-11.002917870817853,-4.545362936182982,-7.061571724494361,-44.428334339524774,-28.136911231195068,1.784882273814072,-27.89754255364257,-11.313777762431242,-4.551957158588479,-10.125693360730189,180.6145028778367,350000.10026415397,1
-3.079682837023482,-1.1986312568551085,-1.9286910321271709,-12.679052515550023,-8.02906480649429,0.5342149259737116,-7.962138648932509,-3.1356367521401505,-1.2174149582509384,-2.8111289695734523,42.03254198539107,100000.02527863494,1
-4.461544212533135,-1.9131161769088165,-2.9922411154256126,-18.864837175049654,-11.882794440056703,0.7503610042130002,-11.779785511948939,-4.730670292000379,-1.9134570806129043,-4.330991486521813,88.54927454921005,150000.04680897662,1
-4.153848758470562,-1.7164540488054278,-2.706770257417492,-16.898679839739774,-10.614837921689585,0.8424903864277524,-10.523105673316868,-4.346561419318283,-1.7210775000789313,-3.862878600854141,88.2945026540409,135000.04512502256,1
-1.477026055168628,-0.5916737429825384,-0.9504425296669828,-6.1828266242578716,-3.939782026529539,0.40563031701811186,-3.854045125614149,-1.4614004790261788,-0.5924167840344393,-1.3547864020152967,40.51662347792138,50000.01942727498,0
-19.274763000509886,-8.028498215025717,-12.479494599504713,-78.234794675455,-49.75920567391797,2.771068979076494,-49.33084793555533,-19.88499006117139,-8.037631867889582,-17.776321619267815,234.04841949553295,611000.1467712544,0
-1.3000744280995067,-0.5154268212212936,-0.82828675837962,-5.442337582054659,-3.438876499177194,0.28555212035131255,-3.4093398833612607,-1.355411034871562,-0.5186185225462424,-1.1667184359536487,52.0646070066234,43000.02277223681,0
-99.80001171539631,-41.852833147915575,-64.77390398188308,-403.2358094974123,-256.5983373152449,13.903234345385524,-254.43709635497805,-103.00727117547477,-41.903548163321524,-91.99057914510783,1127.5215206315706,3150000.729023354,0
-3.0488742083929683,-1.2167363418164894,-1.9262822786062825,-12.674846389426522,-8.020154032769934,0.5298648184263673,-7.929575222638033,-3.1356414311072363,-1.2174190382027605,-2.8582748136178067,52.03272275181176,100000.02877856074,1
-1.4950411773219519,-0.5938454201780349,-0.9421512781310507,-6.318579182065192,-3.9925966237568233,0.30007229128977786,-3.959585693857987,-1.5585433838779312,-0.5836835944766856,-1.3586699375088376,47.516749672225906,50000.02191290478,0
-0.40163541933140934,-0.09238191004933165,-0.20364596317375333,-1.804660203297951,-1.0831717255543722,0.22029619732042252,-1.0725198380110044,-0.3044400033010666,-0.09179799814293427,-0.34643497755469765,36.43058464112071,15500.014336539942,1
-4.611400092733454,-1.8528499752198393,-2.936957955954545,-18.841360643757987,-11.85931470362191,0.7545612289377468,-11.757275189136347,-4.750382771433556,-1.8546265569109786,-4.273031200614352,96.54941905971518,150000.04960583066,1
-0.3857909889019893,-0.05653075956501108,-0.18862168683103395,-1.7013643694654597,-1.0073036233894213,0.25630604624283015,-1.019152986991892,-0.4099168967119476,-0.05628836213363165,-0.3480789678384475,49.25565751566285,15000.01877119211,1
-1.5140559685056596,-0.5904859210760678,-0.9463649265398785,-6.399949352880233,-4.041182401681796,0.31887730535093545,-4.00783254850425,-1.6201341494459098,-0.5893427271941281,-1.3253169044885955,41.726835725118555,50600.01994836711,0
-9.735200966208497,-3.981824183967934,-6.230117578155615,-39.63083932056328,-25.2012943211474,1.6095563200300087,-24.98841665994093,-10.119956503480271,-3.985992816905647,-8.938351923906943,156.6013546989655,310000.08770600177,0
-0.6820476461929836,-0.2562248116109919,-0.4396764536366712,-3.1530690135746062,-1.9893767762585972,0.15753538079328347,-1.9721958543927687,-0.7295224498181975,-0.25658802368020855,-0.623548683657376,60.75904309049206,25000.02390953567,1
-4.664330441967054,-1.8528382928117242,-2.942602928894496,-18.841380467961184,-11.85934216584633,0.7545786514445793,-11.757307914477506,-4.75037378747068,-1.8546187733952753,-4.278852987111212,77.54907586052354,150000.0429516312,1
-0.30109726589939384,-0.0630933984433396,-0.14180015770979792,-1.6394333168985422,-1.018426476184182,0.1553970834685442,-1.0092921642601145,-0.2993179386089405,-0.06248171856024496,-0.2983397914786194,10.659419509765359,13300.005109712909,0
-9.925354813031433,-4.140974942194922,-6.430372354539022,-40.383088077515545,-25.67078469546078,1.4822016033286487,-25.4551952555641,-10.291689789465062,-4.141006696999342,-9.10266306645481,135.70288444649722,316000.08101794287,0
-2.831462176868109,-1.1442169386563787,-1.8375897025204013,-11.578790496334735,-7.37920832822194,0.4450761866948737,-7.316708196705604,-2.882045445160427,-1.1451949742293317,-2.595981923072395,82.88041928594636,91000.03866114942,0
-11.097998622723946,-4.5832005649384575,-7.133598104253011,-45.09971517419161,-28.73262538588573,1.6401409935105196,-28.481413768155566,-11.41234868470534,-4.5876575460983995,-10.236732430237662,186.6655644356654,353000.10279524245,1
-4.6359411197691855,-1.8820430412491476,-2.95539471814789,-18.81937314587265,-11.837335665547394,0.9082564048388028,-11.735308481441576,-4.771351596055277,-1.883472268449548,-4.2492603214827875,75.54903969411613,150000.04224522394,1
-2.1288998236606353,-0.8515551266479133,-1.3587584561818637,-8.884012572901462,-5.622233000304385,0.40390496504598805,-5.575559450922895,-2.1135364584453833,-0.8552081265764206,-1.9398726923262342,57.523286884196544,70000.02753678664,0
-0.8644633574834995,-0.2853300344980621,-0.5148730344756667,-3.7777421257159447,-2.379386223368003,0.22856028263536884,-2.358773377472329,-0.8803638128738922,-0.2849596981330563,-0.8116885547391958,57.510573563182724,30000.02329718953,0
-0.4087269133717459,-0.11972868686525946,-0.2369033473905149,-1.8415259981886223,-1.1398187182847783,0.16281285411008423,-1.1309081210078058,-0.4208643373586555,-0.12255667778780016,-0.3731263861329526,50.25567524512838,15000.01916341875,1
-1.9704383429107177,-0.7689853230723784,-1.2807128595818165,-8.22286745407467,-5.197300930052,0.36066933526228007,-5.152653652375676,-2.0846007330852285,-0.7699467509630393,-1.7463611743888108,74.7720094311451,65000.03304641168,0
-16.229379596126662,-6.791948332524149,-10.547225951119415,-65.87700145899345,-41.90535943092206,2.3411706009740043,-41.55172277665861,-16.801626440368935,-6.802367661352277,-14.969541454137477,206.4174092749588,515000.1269015534,0
-10.936024432569935,-4.514072318503071,-7.08367411392214,-44.596287455927886,-28.389171911214266,1.7205862290319789,-28.097427863773245,-11.312577672665766,-4.518837318976956,-10.145407400266437,179.61448397018094,350000.0999697779,0
-2.6651484710117788,-1.0857698462095522,-1.7177923332687601,-11.433102687887908,-7.252195411466768,0.49157089233274887,-7.191788661435758,-2.8164947133739355,-1.0884807990344518,-2.506120289706294,64.52976993379028,90000.03210688055,1
-0.3857877554321993,-0.05651843270334547,-0.15835209191775942,-1.7013850988414199,-1.0073324187619392,0.25632445818525773,-1.019187308391589,-0.404629902783016,-0.056280139022454996,-0.2844669810303408,29.255296168656674,15000.011762048758,1
-9.576732761445488,-3.971119287586681,-6.158540376834709,-38.87859110747979,-24.681788889732715,1.4060934780138485,-24.47235033463359,-9.898265329880061,-3.9753813783081844,-8.763302015210568,133.8493552298216,305000.0791713511,0
-0.17631249521558226,-0.019207080962040615,-0.09044643883630522,-1.0611382788693162,-0.5998114355467317,0.23438873130786259,-0.6150938096552554,-0.1913789894401355,-0.018538040568344752,-0.18531302814882428,48.50405478758244,10000.017974587976,1
-4.668877586458478,-1.8528596694174955,-2.967227151761044,-19.08124791915951,-12.103896374369826,0.7533316165504756,-12.002622884430508,-4.820986842057465,-1.8546331799185443,-4.295135774580604,111.54968906583856,150000.05493657212,1
-0.7283444808614056,-0.2527832235668419,-0.4266148659369486,-3.1219862206154763,-1.9548144021800613,0.2066549731030493,-1.9390399747610263,-0.729434861515053,-0.2557628203697146,-0.6432473593733925,43.75873611902176,25000.017946469023,1
-1.043340673874571,-0.3539361634613655,-0.6386855270533512,-4.456111276104959,-2.8257902219817392,0.19572418148065227,-2.8030729579098623,-1.085687002499231,-0.3558245724785208,-0.9107257459109381,45.26194131257464,35000.0195487584,1
-3.43572035277537,-1.417068050546891,-2.2335052321038877,-14.325916332444825,-9.085892062223694,0.5901873950240459,-9.010033302750102,-3.609940303121248,-1.4213550153571382,-3.1351250337602514,80.41220796394825,112500.04006333904,0
-2.9234884638667995,-1.1116888582850557,-1.796171749638437,-11.68726738299215,-7.297889869234834,0.6641071148863466,-7.2341095962985085,-2.972248641893389,-1.1126367289832733,-2.6207398075088504,56.03598427154223,94300.02950357954,1
-1.495038551504709,-0.5222266036824482,-0.8787290117284191,-6.182832666494604,-3.9397905438928564,0.4056359444503963,-3.854055270232054,-1.4162031354820301,-0.5225131851905979,-1.3972181838851598,34.51651502980544,50000.01732233043,0
-0.6998545625132797,-0.2719800140066297,-0.4406499237881099,-3.1219852243368496,-1.954812988993811,0.20665402753319884,-1.9390382928404863,-0.7551444738238607,-0.27506913461835775,-0.6404451285891448,44.75875421052584,25000.018297451075,1
-10.606754239960223,-4.276701589587258,-6.760467440940419,-43.19831316906242,-27.452701865472935,1.5352119369981714,-27.222404485312474,-10.979824584911901,-4.269852612831593,-9.742367825264964,154.23505217485805,337500.0897963125,0
-4.646318716229312,-1.8639522039335361,-2.957808285715446,-18.84136912330412,-11.859326370947965,0.7545684922760932,-11.757289087571364,-4.792351031738954,-1.867659338689401,-4.320160095458856,88.54927463488252,150000.0468078438,0
-1.171775825097547,-0.4559655865014046,-0.762039018886896,-4.996140979905952,-3.1435581009002336,0.2502168833183984,-3.116216561729928,-1.1909338188582466,-0.4565515731923691,-1.056586290153293,58.943714322951664,39800.02482859069,0
-51.94855769721753,-21.743238741966806,-33.707678109959524,-210.3488019346879,-133.8257424856337,7.357428931396952,-132.6968571800874,-53.64842057397025,-21.76928353089877,-47.94099469009345,639.9340663574169,1644000.398470796,1
-4.664334142684343,-1.924078726829002,-3.038732368209146,-19.177534904017357,-12.19549026274876,0.7009356928393986,-12.092480288481049,-4.832046412852538,-1.926313829350368,-4.3015283172225605,92.54934561164572,150000.04831100578,0
-0.44273744121739694,-0.056523387319038,-0.16400261309699415,-1.7013769452089151,-1.0073210147201432,0.2563170209801728,-1.0191737059469697,-0.44332690429396676,-0.05628345283073281,-0.3508708362426958,37.25544077132115,15000.01456977234,0
-3.681852408664348,-1.4695642605340489,-2.3466896994305,-14.895440756593393,-9.356349754203166,0.6144770291628776,-9.274626727430414,-3.7760574425188445,-1.4705267970983877,-3.3718462333056456,79.68926186343512,119000.04042331375,1
-1.4950418341263505,-0.5916807717216542,-0.9456926644301309,-6.326262414023662,-3.9989060103344642,0.272774357938939,-3.9655129567854757,-1.5156420629361633,-0.5924215617131148,-1.3255358854098553,51.516821876959796,50000.02331384934,1
-0.6391127310859351,-0.23149966524262244,-0.399628656664779,-2.9171038354729313,-1.8244029617272652,0.19963252298302903,-1.8097244228329525,-0.6985247464747403,-0.23445328151350928,-0.5936738487549309,53.198398113394255,23400.0210831859,0
-4.565792193260351,-1.8528530300386892,-2.942607791344644,-18.84135530480918,-11.85930737817389,0.7545567086942467,-11.757266466914972,-4.696439014953117,-1.8546285849168385,-4.260376185533949,101.5495093355542,150000.05135398862,1
-16.764725197198484,-6.92549958572932,-10.829743787862686,-68.1873183912781,-43.37782374961712,2.379728138740278,-43.00179510328491,-17.336532462136873,-6.946281265755926,-15.476781845418099,235.72365938637205,533000.1390697381,1
-4.664334405684891,-1.9086383528763768,-3.0045860648380085,-18.841355827564744,-11.859307781789383,0.7545564240333928,-11.757266933218117,-4.864039698144414,-1.9126861102631327,-4.260376240234408,101.54950950181785,150000.05136538594,0
-9.52919385048968,-3.9619515876509386,-6.17182489901493,-38.681618038729546,-24.554634884045036,1.482684523680284,-24.3462255040742,-9.875239817900852,-3.9664843931168208,-8.81891959054345,136.32392326051453,303500.0798830561,1
-3.4565431808880858,-1.3871484417873614,-2.222232592319813,-14.634198088659609,-9.28960813978805,0.6011275217667437,-9.212027143704839,-3.551449929644945,-1.3883981009420738,-3.2370804881378943,101.28837951322464,115000.04763165291,1
-5.298189630540399,-2.1377542787290604,-3.422634149435465,-21.54822109860929,-13.719551956241919,0.9316214204926815,-13.551414868805303,-5.48132046545459,-2.1405247855133007,-4.879852554266532,86.5555942938881,170000.0482849951,0
-1.8119719636130847,-0.6740958703849337,-1.1585911614708795,-7.6006902784222135,-4.754736908058852,0.44944520754993655,-4.662128180094785,-1.8944912116723645,-0.6752182039308398,-1.6001649070694102,63.020208052608226,60000.02839019944,0
-2.093410788367028,-0.8175642330774796,-1.3088186244424733,-8.905218146847554,-5.668698088943787,0.39969728536122007,-5.611819285653527,-2.154224286813351,-0.8177949860148827,-1.9589263316913192,57.52328672180586,70000.02754498516,1
-8.597562430807123,-3.4925424702716215,-5.576702035734912,-35.02712801691873,-22.226716674416288,1.298244781914267,-22.03956513235661,-8.87842858479657,-3.50946257050756,-7.932897858296146,160.34029892762535,275000.08526527614,1
-0.21783466494789286,0.011460443639182971,-0.06564210289593767,-1.0610135655014796,-0.6798380608473997,0.2302867889610925,-0.6215639122138562,-0.21526953489459946,0.011603099445297539,-0.2046878640899201,39.503892089812396,10000.014830019843,1
-0.24316808125310496,-0.08296293298210787,-0.15935851162448783,-1.2771450316181698,-0.7883991169104274,0.10398772954495715,-0.7824574537271721,-0.3157442392023563,-0.0856741241307128,-0.23292743180283518,13.678584323137102,10500.00587768506,0
-11.002919938918017,-4.543282388294051,-7.07696660937804,-44.754678214760965,-28.463252860435926,1.576829822193544,-28.23271018425003,-11.313781710622584,-4.547694504175113,-10.159058464791883,185.61459203427796,350000.10211154,0
-1.2857630453865907,-0.522253234895161,-0.8787380345116,-6.311274778343391,-3.992231007256953,0.316214650256074,-3.9592831128538664,-1.4162239070135256,-0.5225309960533326,-1.3548213810515497,77.5172913962208,50000.03240725533,1
-1.147637954559011,-0.45236814484710974,-0.7412897468705899,-5.058214937283987,-3.1943992952048106,0.272413361553816,-3.1669259575714364,-1.2381554430283706,-0.45557412498345795,-1.0817982224790674,39.0134177314013,40000.0178785084,1
-4.539365420167372,-1.882038088645017,-2.9605082100789826,-18.81938125274699,-11.837347038546293,0.9082638654052603,-11.735322045543592,-4.692558663077282,-1.883468955572352,-4.330971585545568,67.54889520804262,150000.03943948486,1
-0.9924964501737252,-0.38903583811938613,-0.6496789634491835,-4.338015520576458,-2.7581682739105813,0.2182126708158051,-2.7348121352051584,-1.027182518987265,-0.39033589139154773,-0.8870003171472695,46.911653255060536,34000.0200248065,0
-1.1781159645524906,-0.40798359678626156,-0.6919136265344387,-4.902341475416523,-3.1247517576074944,0.3617661380635679,-3.0458720416324367,-1.2402146948721573,-0.4088037435435735,-1.0621134965790524,71.01399609549915,40000.02905210329,0
-95.63749925635003,-40.090726225050766,-62.06413442055325,-386.6799548432312,-245.98921836360543,13.259640925134635,-244.0347127279397,-98.70954501334117,-40.14115710656011,-88.16046992573563,1089.9795247710988,3020000.702097724,1
-3.0796852478769687,-1.1679155769375726,-1.8879934747105094,-12.601281347897224,-7.964318950910888,0.614309910433223,-7.895646297289079,-3.1361952348000255,-1.1503844713107545,-2.8166549191877017,59.032849237471545,100000.03121193974,0
-3.098071547469596,-1.1875451339579326,-1.9078461645284062,-12.71354441567264,-8.067165316902146,0.5353963614836327,-7.9998897742960375,-3.1906205514241655,-1.1885745677642552,-2.8163396490227193,76.03315601251516,100000.03720182694,0
-3.578776193033663,-1.466469722914971,-2.2933475970954156,-14.71317806521694,-9.360269803516655,0.5574220059940046,-9.250598362224201,-3.7161532522905216,-1.4634905162449032,-3.2968654547473064,89.2881627847136,115000.04346108198,0
-0.36008868165159424,-0.05508035475801215,-0.16855674845422938,-1.7012207247824058,-1.0873041085933992,0.2521876753295131,-1.0255919501248638,-0.32261979824763953,-0.05500898713205569,-0.3544078664081792,58.2558199232382,15000.021927183829,0
-0.16266562140552016,-0.05663985848457147,-0.13094485719964055,-1.2168268003173848,-0.7494019935042256,0.1408806748132835,-0.742518189006368,-0.253999826525243,-0.05677668572626836,-0.1849978043220075,65.50436143761391,10000.023975569584,1
-0.5442536107687811,-0.15225979855340563,-0.2848212756055264,-2.341601772485109,-1.4148115704542426,0.2782335266140718,-1.4232309588551573,-0.5449651083606166,-0.1517429803389901,-0.5005748040821423,39.007061542433554,20000.015711085067,1
-3.6997751872899904,-1.5340110438315981,-2.395311254088974,-15.252028371605107,-9.704057447881516,0.6028991633473231,-9.621652201820625,-3.76880192529975,-1.5358011742802529,-3.3543872406543533,64.0392959247875,120000.03511813897,1
-3.8615198525826626,-1.5617511918634268,-2.4765279979981165,-15.993993318649217,-10.176666105414697,0.570021587662072,-10.090826736851815,-3.9835919986823476,-1.5636154871249086,-3.566973220256903,68.79097067137737,125000.03733860978,0
-4.589602120278455,-1.9023020015640915,-2.9931096502719243,-18.819367005443254,-11.837327081703455,0.90825083450763,-11.735298252994946,-4.8198730720707195,-1.9098114320233008,-4.278195580027722,81.54914815147777,150000.0443495315,1
-0.7027185540768257,-0.2611942789103929,-0.4275955316262383,-3.117453450559964,-1.9551419305980275,0.19048911561879758,-1.9392972006837677,-0.7406896001757673,-0.2506583625397449,-0.6277370770742312,39.75866387187696,25000.01654373289,0
-14.837761934322357,-6.16567356345313,-9.59798960832128,-60.293971346201324,-38.3703769975703,2.315253597346689,-38.047057666536105,-15.302711812776483,-6.1727050416902385,-13.667624467607553,226.00377824913258,471000.1291078091,1
-0.6121895845397306,-0.188127500084762,-0.3743746040236378,-2.98169338112336,-1.902317062644642,0.2960408410122424,-1.8337443924652426,-0.649751018436678,-0.18821020034653282,-0.6238601155860435,39.75866403077867,25000.016505120995,1
-0.7027192571691211,-0.25385532579223274,-0.4357749003048803,-3.1375297745910586,-1.9719129600479512,0.20665479360071803,-1.9547367469663315,-0.756645850894758,-0.2538318380944614,-0.6235326224355261,43.75873604317534,25000.017950799895,0
-8.933369298369268,-3.6562835024903557,-5.730237549230079,-36.396806863760425,-23.144900173028784,1.2906211665388774,-22.956855722739583,-9.198953503249959,-3.662004114712004,-8.187549047063925,140.73802725745628,284700.0794642607,0
-0.7027227390478004,-0.16602239523277754,-0.3694062107380946,-2.9816634299195077,-1.9022753978631883,0.29601409155604247,-1.8336947222228808,-0.7178722633467861,-0.1792044597912035,-0.6235560300424237,68.75918791253345,25000.026669099905,0
-4.664335729098474,-1.8820614708418584,-2.966430857395858,-19.09973310592084,-12.15921546997284,0.753337801768347,-12.002635359627794,-4.771366738939284,-1.8834847578299758,-4.320175487156272,104.54956254854223,150000.0524908965,1
-4.660906803746685,-1.8841274066159912,-2.9527245210559636,-19.152333913013447,-12.186451608953378,0.6998129616279365,-12.084251978508508,-4.779339990810235,-1.887737944501854,-4.278189388681213,74.5490204100945,150000.04199519614,0
-4.207950071919297,-1.6904245044479307,-2.6980031054105136,-17.237457402835382,-10.930402723712813,0.6902627038132616,-10.839032357959058,-4.390771045707632,-1.6916422827952513,-3.899923385901892,51.504027803194965,135600.03237758108,0
-39.65331026816862,-16.57404967823586,-25.667915120726878,-160.39213675290767,-102.02235498142561,5.565809354249323,-101.16126893635199,-40.911247827079386,-16.594164019306344,-36.5604663394497,495.30750177869953,1254000.3064418219,1
-0.46352311295528886,-0.12566395385085546,-0.2775430707949627,-2.241190796967791,-1.4013927614019641,0.1759507128993526,-1.3890167788966667,-0.48173984861136204,-0.12511189532556843,-0.4188928374174888,64.30688236757547,18000.024403519994,1
-3.071448414252636,-1.237008441539979,-1.9640011599615972,-12.439110454576188,-7.7844069345036715,0.5353956657982021,-7.716700128773327,-3.152375782215055,-1.243766822348786,-2.7985048447292775,80.03322947284352,100000.03852199129,1
-4.693330775828685,-1.8820393769042887,-2.98473460195133,-18.819379529104648,-11.837344436564843,0.9082618419230665,-11.73531892747815,-4.79018645063961,-1.883469835776958,-4.295095835613126,69.54893137807069,150000.04014765672,1
-0.9688337012529074,-0.38919293733534005,-0.6729155718352687,-4.902336774036583,-3.1247455556806716,0.3617627494577456,-3.045864676815324,-1.089082186680448,-0.3893209351369534,-1.0621172191928674,75.01406822229747,40000.03044092333,1
-0.22939450707883383,-0.01919293981780726,-0.10322274623050114,-1.0611622821444946,-0.5998446818619592,0.2344098183673405,-0.6151334287797802,-0.20306346947763065,-0.018528619236938923,-0.17978131841377526,25.503639329054142,10000.009919293232,0
-2.531846543235884,-0.9998053391909584,-1.577773033124729,-10.911820980858886,-6.908774205966245,0.452727010150705,-6.849709505265325,-2.6107950012817747,-1.0007978613951616,-2.378088971226045,73.12865394793366,86000.03468574693,1
-0.3857882523318892,-0.08572637281645386,-0.20613496421119168,-1.7013820400088715,-1.0073281355055155,0.2563216656330899,-1.019182205180735,-0.3737789862355823,-0.08513580341476636,-0.34806293328108234,32.2553504453849,15000.012815628468,0
-0.22732950994978876,-0.05320754044387575,-0.12382971669634199,-1.2012853194562547,-0.732306315375342,0.14088269726511585,-0.7268248490286138,-0.20207174393376634,-0.05595767582748913,-0.16715761771367085,63.504325342576855,10000.023269894687,0
-3.0699567517189936,-1.2520666234555056,-1.9782834299704741,-12.73816886054513,-8.075329660495008,0.5358437967690916,-8.00798823567471,-3.158876886858458,-1.2561701924767676,-2.8199151127809574,66.06800783564566,100100.03372398647,1
-0.2273251100251967,0.011460496057510622,-0.013521258708069866,-1.0610132858743633,-0.6798378436476966,0.23028693988402035,-0.6215636618101827,-0.07303526395903892,0.011603153400396094,-0.15604349562395686,39.50389196726657,10000.014823172556,1
-4.659211142784835,-1.8926842835439204,-3.0012011021756257,-19.27212882736237,-12.25285642942488,0.7367881623598732,-12.149303737266754,-4.809216613424244,-1.8941269232798186,-4.3212883670548194,68.82917131868346,150800.04007918615,0
-3.710562665232763,-1.4828672395303666,-2.3430449962549584,-15.023490875738437,-9.437855046506185,0.6188649512539587,-9.355446734345556,-3.793456257042669,-1.4609893815511557,-3.4014103205307693,75.03949567665865,120000.03889908263,1
-0.3427471902957608,-0.08574666772813917,-0.1768006188925146,-1.7013476347523713,-1.00728046470904,0.2562913929895196,-1.0191253923961148,-0.3549569652975918,-0.08514932656059812,-0.37314034615053776,65.25594655633617,15000.024374482318,0
-3.0796913788916154,-1.250753253822372,-1.9762309415077293,-12.725335271493364,-8.06713947876125,0.5353797288522484,-7.999858975046344,-3.155618766826707,-1.2548495821928802,-2.81635664980325,94.03348121124738,100000.04351058186,0
-0.5817367048295771,-0.188145320775817,-0.3222597261262047,-2.9816630871867478,-1.9022751241107736,0.2960142698606782,-1.8336944126957422,-0.6152382240347456,-0.18822206998437332,-0.6057177204777541,68.75918783520451,25000.0266608305,1
-0.5180033890932512,-0.1575655708948314,-0.295966109446098,-2.2924089633466105,-1.4339921490706375,0.17770393475776813,-1.421341521732023,-0.5276696457099818,-0.15964335463439683,-0.4833770410347269,64.44701213198354,18400.02449992709,1
-7.048170676549622,-2.9319887475111885,-4.4858516945908,-28.710069614713284,-18.237007493557613,1.0619994637652448,-18.082495863033998,-7.298804130347028,-2.9353438626075694,-6.51297314775051,126.82380199894789,225000.0682511379,0
-2.287366431586365,-0.9020422995110798,-1.398515537811644,-9.503323396379113,-6.012290759208592,0.40450784367235393,-5.960778524793115,-2.3442516794708417,-0.9031545116388529,-2.0854105555287363,72.27514258739156,75000.03322960908,1
-3.792237880047162,-1.5248677795479915,-2.4499208699664874,-15.362151393962138,-9.636876207377698,0.7899010315924245,-9.55338690503022,-3.9606767730491104,-1.5280728678054076,-3.4891194814905213,73.09041404543017,123000.03852516877,1
-6.572261853101463,-2.7272775739852104,-4.269208608199623,-26.969289782599546,-17.10134533410027,0.9984475146636667,-16.95576606890682,-6.848151740500752,-2.735714659834726,-6.110624553781763,101.2692089101062,212000.05789479753,1
-4.6422244636678105,-1.8820473665723576,-2.9847372462119437,-18.819365945351162,-11.837325629247387,0.9082499314379534,-11.73529651793905,-4.7901925883293925,-1.8834751577194209,-4.278196518503172,82.54916618477425,150000.04469976,1
-11.29930110060247,-4.727468437066723,-7.335048464209583,-45.87890020706426,-29.27337394679616,1.6548884637346883,-28.936958654968173,-11.691995740591258,-4.732847662649116,-10.437748941389554,149.1171114116896,360000.09036077245,1
-0.8611852189900342,-0.30558343337862587,-0.5232450240167514,-3.777745241892015,-2.3793905433611653,0.22856303785220408,-2.358778530076415,-0.8623846613550217,-0.31129514656116297,-0.7866394368699916,54.51051936374034,30000.022245584645,1
-4.18894234722834,-1.702726879744064,-2.6843819449308466,-17.180140190148386,-10.881431778270368,0.6875867624086149,-10.790459568465192,-4.29737708081853,-1.7100068590124191,-3.8396592163465186,101.29473643349672,135000.0497559687,1
-1.5101653150003655,-0.6120649814540113,-0.9882845675245686,-6.59471416335389,-4.172320543025481,0.3249770506913534,-4.136596497785018,-1.5853410094989215,-0.6154424236850381,-1.4549263427154155,82.21801207549791,52000.03428512023,1
-0.3857935477643714,-0.14286854570951898,-0.2519879776297697,-1.8570581568421658,-1.1569014396143866,0.1628025421775397,-1.1465860198403657,-0.447631323465058,-0.14563759666426124,-0.3508936794185438,61.255873895239894,15000.023022063488,0
-0.259021394922866,-0.08964240584324087,-0.16965839520419074,-1.3448812552391327,-0.830913190579406,0.14527217540759302,-0.8233452298892832,-0.2772911032283134,-0.09235225027758806,-0.2148878226628053,56.854523048493625,11000.021054122104,0
-1.653511328908778,-0.6446252736926819,-1.0667925300441587,-6.978847975523543,-4.416813403279444,0.338126065562645,-4.379029092144977,-1.5820418226166126,-0.6451407126977624,-1.5013426103485972,84.26900251845385,55000.03531889826,1
-4.661469405100864,-1.9083479689930263,-2.998909052087251,-18.84135678819652,-11.8593091667165,0.7545573862956259,-11.75726858366956,-4.81205694838079,-1.897453345554373,-4.32017143371575,100.54949146161549,150000.05101469485,1
-7.729480989435422,-3.1819891852399675,-4.953256208450157,-31.920309842103073,-20.291909024433973,1.192905733560669,-20.121639282823285,-7.975909962297067,-3.1854382946092694,-7.172996811836721,111.58147199671441,250000.0655536758,0
-74.28317145450208,-31.11757609782236,-48.215108235194066,-300.4081959690246,-191.24945323960594,10.329883385084004,-189.63917770794117,-76.68140857194695,-31.15403958864403,-68.54603091469062,864.2115493563985,2347000.5516279927,1
-0.41114727265289036,-0.13037844139818275,-0.243205266324232,-1.9439535312548706,-1.2050055713398011,0.16631220986161158,-1.195543419216895,-0.39181061208214335,-0.1332167544689533,-0.35456593670138964,58.53607900852037,15800.02214506841,1
-4.501919023774892,-1.9292835680333114,-2.9895207273314415,-19.137593026694812,-12.121704394986404,0.7266477691600667,-12.004711472391849,-4.834561668651707,-1.931141097561456,-4.320998827345312,117.54979747296375,150000.0570456421,1
-0.4808719068197137,-0.15577261659247976,-0.2976432579950514,-2.241195040976976,-1.4013985919339096,0.17595433952233736,-1.3890237291775362,-0.4913688128721158,-0.15558983607862992,-0.3899594894755579,60.306810127144026,18000.023003461793,0
-3.904006745540585,-1.546823876968193,-2.463571602004964,-16.211641783646318,-10.30016488192268,0.6100072406900576,-10.220307730442345,-4.068637227702668,-1.5482521840585257,-3.6099790895268833,109.49234159768871,127000.05179585893,1
-7.535847043416333,-3.1016457585290613,-4.879206237456254,-30.864923294484964,-19.645613087029556,1.1514222930241147,-19.47096950735747,-7.830878898274354,-3.1066204076522475,-6.973141675400626,127.6040599136688,241500.07028728258,1
-2.287367825597245,-0.8549030078815849,-1.3989420345750858,-9.400122518252235,-5.926818232150735,0.5046972350551806,-5.875302947657516,-2.3834915275471116,-0.8555552690629773,-2.0860819511869124,83.27534154658518,75000.03705658438,1
-0.6947373995340426,-0.23115948566160896,-0.4280529185055926,-3.1640341114627075,-2.0003426939321445,0.1853389596707931,-1.983162316300969,-0.7078750656671736,-0.23152310751449437,-0.6291289958563853,58.75900686007599,25000.023211142463,1
-24.313942438824217,-10.113731739718062,-15.718801797883387,-98.54381397336718,-62.709222835330095,3.417813451669308,-62.17353164987835,-25.103773751786008,-10.126706113567392,-22.428616483273185,330.75070078728515,770000.1975019391,1
-0.8607909092502396,-0.3163901118580805,-0.5223738979709562,-3.7622070311882014,-2.3622993058690467,0.22856773210244566,-2.3430904803210515,-0.9462293665440725,-0.314935758431549,-0.7697231401183622,49.510429143679254,30000.020491720883,0
-3.07969143466779,-1.2063508901841105,-1.9765364435080461,-12.585035505533748,-8.014632318741086,0.6247589774033051,-7.8945516752317015,-3.1523845349209125,-1.208067335703516,-2.8163593405780887,97.03353567541404,100000.0445298812,1
-0.6320173396383498,-0.20839431628080116,-0.2744453505376797,-2.9816631666453546,-1.902275189089332,0.29601422634614083,-1.8336944839772016,-0.6435636601815764,-0.20898951438550362,-0.5768744711906217,68.75918784073194,25000.02666206933,1
-3.656810910195891,-1.4849447143274548,-2.3352572243954612,-15.360623674612514,-9.774992477069144,0.6188723986393287,-9.69258749303424,-3.79791449085155,-1.4881067941345858,-3.3543863680712707,63.039277454083425,120000.03479036877,0
-0.7344132254211728,-0.2660935939914577,-0.44719852867707777,-3.2500239021699207,-2.0363024084236216,0.2110318458394764,-2.019839384684684,-0.7795494961621522,-0.2690867101011772,-0.6060950195051865,51.109186662460694,26000.020625335583,0
-0.7027181559603779,-0.18812811179543001,-0.4311358762902346,-2.9818266720737503,-1.8223021858568067,0.3001500028674414,-1.8272882773465675,-0.7009230446543597,-0.18821060736621123,-0.576848051922844,40.75868222330856,25000.01685277508,1
-2.9587058929959187,-1.1861026315548873,-1.8659284559782932,-12.704430001421997,-8.049719168924067,0.5140747031782845,-7.981035706651197,-3.0688028701998564,-1.1873004257710558,-2.7985220740445085,98.03355339796971,100000.04489494377,1
-15.768469741345797,-6.569292370418293,-10.218279999152738,-63.936463560361375,-40.68308367639082,2.244993800132714,-40.3856312511986,-16.271936030636592,-6.576320155426571,-14.511283400304146,219.16287201189965,500000.1297742998,0
-2.9330936331624793,-1.2167455728419556,-1.9262853467228236,-12.679026363196124,-8.02902861507232,0.5341920343918904,-7.962095527283209,-3.1356485386973163,-1.2174251910002913,-2.8332426770039323,67.03299359116718,100000.03403293664,1
-0.3857903827213695,-0.07532134257691105,-0.12269608499601811,-1.7012342725749614,-1.087322886671938,0.25219960167316985,-1.0256143262058073,-0.33516016908640084,-0.07577109085926977,-0.3480752123614302,45.255585108091324,15000.01737360882,1
-0.22732829772027122,0.03357330428692107,-0.06523392526854863,-1.2210368407449943,-0.7555475264503577,0.08726449850544243,-0.7486664609074057,-0.22715655929401454,0.02061392374877187,-0.18531982381900367,55.50418072111194,10000.020471220601,0
-0.08754965953341383,-0.0028012685517017216,-0.029301060927161438,-0.5766165069535726,-0.34193160935644334,0.1189770412173125,-0.3384849817662273,-0.07305812666094984,0.0018228314223810642,-0.03879784490705728,49.75248778649926,5000.017929503814,1
-4.556870747062466,-1.9240906483777174,-2.991962643324284,-18.987286832718762,-12.089541585855324,0.8439253916928795,-11.935128534499286,-4.761285984654117,-1.9263216392770173,-4.231543517734481,112.54970725296596,150000.05526368876,1
-23.401495761122682,-9.774631848265146,-15.157993109432148,-95.03151749939147,-60.432329340935794,3.352649380802111,-59.92387504014005,-24.17884642126108,-9.787109304965824,-21.620154914514213,290.2913888406211,743000.180443005,1
-11.017046985528893,-4.60038708429375,-7.147032493147431,-44.635707884207314,-28.344295040734774,1.6865056827022407,-28.103955463127342,-11.357075822031408,-4.608171120826448,-10.168438039475484,154.61403257498512,350000.0912217668,1
-0.6770185964160833,-0.18814413244232592,-0.3743801500629372,-2.9816653954312438,-1.9022781898571888,0.29601598793234907,-1.8336980571586206,-0.6497638713731126,-0.18822129313902836,-0.6238855944823252,66.75915176690229,25000.02596593492,1
-3.429874049906965,-1.3729531472010474,-2.1983225238453676,-14.402757656154618,-9.134810969292875,0.5928303593005956,-9.058544055205399,-3.5662800232328156,-1.3761102793853577,-3.2190505039423813,66.6221495268655,113100.0352927677,1
-1.335380742702789,-0.5616531114819203,-0.8937539907510202,-5.954510994645803,-3.7648601268778727,0.303079927847033,-3.7325751830347933,-1.3909470205057954,-0.5576581638350568,-1.2667619011852767,59.466011918864474,47000.02578216103,0
-2.491442005413636,-0.9945312311292663,-1.5935898721056423,-10.278767251218959,-6.401403165059269,0.6158863581493896,-6.345174756266202,-2.589318797437787,-0.9949619056825244,-2.322884674023351,57.18250892358532,83300.02873718209,1
-5.129969103354514,-2.1076358710744763,-3.2957743409788605,-20.971480354294442,-13.315685439231807,0.8177058628971842,-13.204196824687159,-5.307176911545182,-2.112704767671065,-4.652517199840847,70.59352580299202,164400.0421293524,0
-0.9625970508573408,-0.35895168541339095,-0.6336863123895224,-4.171981104755544,-2.6231351166328265,0.2426209284939147,-2.6017370043131613,-1.0027500208642797,-0.3575511392668283,-0.8632553060363127,21.630942571292383,33200.01106378094,0
-1.4419402087695683,-0.5453155706677538,-0.9181073103276968,-6.438359394385813,-4.065627256942075,0.3201897191592741,-4.032070534641077,-1.5314586159288053,-0.5475424757025507,-1.381103901339128,44.831987091606834,50900.02106156696,1
-4.584897781876617,-1.894418306731079,-2.991088376999799,-18.841353620075264,-11.85930479637536,0.7545546541557413,-11.757263380247943,-4.862126115188008,-1.8966511433519202,-4.2788775380670705,103.54954561531355,150000.0520633148,1
-1.4950463031520933,-0.5854515891440758,-0.9411763311390551,-6.323082793472488,-3.99222866890307,0.3162124453882558,-3.9592802912965603,-1.5432638323029728,-0.5887995312877691,-1.3366535947985514,79.51732766749465,50000.03312268258,1
-2.2873664167195193,-0.8313174912293553,-1.4030780599733335,-9.503323343834516,-6.012290727032878,0.40450787952594114,-5.960778481587991,-2.3535745902889795,-0.8452502033726907,-2.127368409192665,72.27514256502192,75000.0332295223,0
-0.7027222356209099,-0.2713815063632491,-0.4544161671384364,-3.177986210831319,-1.9719489549148566,0.20542490508835592,-1.9746786773818428,-0.7527902221837178,-0.27535488674019276,-0.6235496324575248,61.75906113988647,25000.024264212658,1
-1.4950433462021178,-0.593472927637021,-0.9337356861939776,-6.392902400379349,-4.065542724982204,0.3162300370183347,-4.031198097382914,-1.564689890970926,-0.5942120770616091,-1.3366348091878129,59.516966103343954,50000.02613763997,0
-1.1289698051020278,-0.4069367484563052,-0.7040534694048196,-5.106684255727904,-3.2180366159103904,0.2745970631001437,-3.191619212723795,-1.1912345723436053,-0.409006681019015,-1.0477809980481427,48.18874230653452,40500.02113419915,1
-4.455053631787038,-1.8528594389209232,-2.936961350144737,-18.987287506598175,-12.089542752483787,0.8439265121348045,-11.935129930060459,-4.687639977456941,-1.8546329431631468,-4.301456039538723,111.54968911915458,150000.0549067375,0
-0.12289026587610696,0.011970722136059458,-0.012154016828476426,-0.7410206602617714,-0.3960589403435633,0.22342588538462096,-0.4130565818618254,-0.13303140122770338,0.010497083878788987,-0.11189290915267275,52.628334733236606,7500.019155367583,1
-0.4037416427879889,-0.13954538005513414,-0.23829623686221638,-1.8671411941051097,-1.1561269629816926,0.1636950445138582,-1.1470806917934644,-0.4088378932246706,-0.13976469471935843,-0.3412185755707138,44.32563166227574,15200.017105524299,0
-26.68140082805777,-11.159777081148407,-17.30382145675444,-108.10954721603412,-68.79139739445284,3.755910226922813,-68.21872975554444,-27.503563381635562,-11.1750129691037,-24.54272092563742,343.9196802626576,844700.2100368417,1
-4.562697224909725,-1.8528438033579948,-2.9369558875768393,-18.841370950507237,-11.859329051563765,0.7545704643986542,-11.75729229639922,-4.742854383162611,-1.8546224365881292,-4.231518781665284,86.54923836999124,150000.04609958336,1
-4.664330903214934,-1.8716336745751274,-2.9012954432885163,-18.819366842123568,-11.837326966001832,0.9082509291314333,-11.735298110045159,-4.751567021359388,-1.874104655324755,-4.231514021932659,81.54914803470115,150000.04434552699,1
-3.0714431448312247,-1.2369854803629892,-1.963993975947007,-12.679052626778503,-8.02906488957287,0.5342148619600191,-7.962138747755382,-3.1523587823008516,-1.2437516634633505,-2.859076473093025,42.03254207890788,100000.0252819105,0
-0.22732437512344547,-0.04930802535723171,-0.13297999108708816,-1.1904160856979278,-0.724936409504095,0.12865707238969779,-0.7323802069942967,-0.21700445443372943,-0.04901093587565199,-0.22692357561467183,31.50374738127948,10000.012060185261,0
-1.399924559217647,-0.5780377830681586,-0.9463647312607509,-6.276167488609102,-3.93973069217947,0.4055969072331391,-3.8539838372958433,-1.5180892812774098,-0.5805879475764646,-1.35448893648011,76.51727368189837,50000.03204988772,1
-1.6250916182827309,-0.6046695607751669,-1.0088446962823772,-6.8508322092825695,-4.3353557515386285,0.33376844728573785,-4.298265853968338,-1.665499148495959,-0.6046602064373355,-1.471417705569593,55.91817259412953,54000.02528343501,0
-14.549991983600062,-6.075552965356816,-9.436133844583395,-59.44764989656936,-37.803343611412345,2.1219900513534045,-37.484034880118976,-15.08431379220323,-6.083869943391934,-13.50769075538231,206.9015266868598,465000.12175179814,1
-0.7027173674361071,-0.18812503474176925,-0.32225300876286633,-2.981697549385906,-1.9023228484896668,0.2960445144904693,-1.833751279940941,-0.6156137394420717,-0.18820855587544827,-0.6238563413615641,35.758591762827386,25000.015104502934,0
-0.7027177359823452,-0.2759102014545315,-0.4578040576853619,-3.1530971444151352,-1.9894157634819283,0.15756015632714832,-1.9722423202552308,-0.7249677725519769,-0.2788351683921059,-0.6235232200779024,33.75855539095143,25000.01445221475,1
-0.5231039318037044,-0.1862508637828825,-0.32370283992905663,-2.4348460847804634,-1.4948258618195136,0.27412292653768844,-1.4296862629395986,-0.565862198741369,-0.18915629491426103,-0.5193007802945491,39.007061391329884,20000.01573236058,1
-34.138745159015535,-14.207889249029893,-22.058595201787767,-138.18102773892,-87.91039597070991,4.825445822975031,-87.16878637308977,-35.21293104638397,-14.205006250939299,-31.451128137689732,442.35124299564785,1080000.2694537295,1
-4.664334044366443,-1.88414223105467,-2.9527288567171928,-18.841357786953175,-11.859310580420605,0.7545583291643759,-11.75727026636781,-4.836107764456269,-1.8877476315336776,-4.278212618559306,99.54947334163971,150000.05066261944,1
-3.079685914777231,-1.1860798856741368,-1.86592092182373,-12.704468628942493,-8.04977266897178,0.5141086196554435,-7.981099456441552,-3.0691764899266776,-1.1872852725093683,-2.8360402181718025,61.032885088228795,100000.03193788523,0
-0.498635042929412,-0.15227608174836638,-0.31870752861436985,-2.4972806933801803,-1.5643889581325314,0.18471733491828105,-1.550639649627919,-0.519474894411213,-0.15175393355151978,-0.4773675346422539,65.00753065902437,20000.024859277655,1
-8.566973919339773,-3.545307982940738,-5.539205932104654,-34.824986201614706,-22.02458749138254,1.4561585025597674,-21.836725156878668,-8.860627627166513,-3.548604585388901,-7.953345892512364,129.33973969854523,275000.074346652,0
-7.453306985112612,-3.106163693644159,-4.845944861436533,-30.439468753418964,-19.3744795125027,1.2337994858908594,-19.04015309480509,-7.66903669512596,-3.1124413933204336,-6.851075382652095,104.37752811191989,238000.06177288629,0
-4.683020686048592,-1.932177153427785,-3.0137241502250114,-19.122403538410122,-12.14035852821859,0.7108450943076069,-12.079012559234236,-4.816609510608869,-1.9297230266582999,-4.241575991102252,93.54936376672823,150000.0486467063,1
-0.619735646479203,-0.18812380852128197,-0.3743733782314219,-2.981699628396456,-1.9023257242840117,0.2960463495221521,-1.8337547149186046,-0.6503470547786939,-0.18820773995722223,-0.6235229962802946,33.75855564847721,25000.014403423538,0
-3.0796852808034276,-1.2167399823669485,-1.9373128572814726,-12.678454348328051,-8.014689163858753,0.6247944812250867,-7.894619315043535,-3.170343893000234,-1.2174214458655332,-2.769641044869997,58.032831052446866,100000.03087786472,1
-61.20765712494495,-25.623497897064176,-39.66589214328857,-247.64518998134594,-157.61889706970464,8.546898888430345,-156.2860985756366,-63.16014771069127,-25.65378691067488,-56.440565438762526,716.562651507422,1934100.4561282345,0
-3.048881421715836,-1.216762959248009,-1.926291292162975,-12.746539709152357,-8.113603048484284,0.531171182559897,-8.036117003922795,-3.135662211632332,-1.2174368348328897,-2.816689071848361,95.03349906707314,100000.04386672175,0
-14.172207126682757,-5.875960479951469,-9.170602233556737,-57.41700837956293,-36.48863853462514,2.148444926288264,-36.1796302437417,-14.520278132170732,-5.8840535327738825,-13.053621953939905,199.6466285367624,450000.1175919352,1
-10.985033204836318,-4.532847498478152,-7.061566076625977,-44.61252415954866,-28.338845724105752,1.7101287682839905,-28.098507207769835,-11.294401516451305,-4.538309774200321,-10.159025262860204,150.6139602074705,350000.08980979,0
-3.0796891379650617,-1.250744636330645,-1.9702847521055744,-12.725349844558364,-8.067159683128805,0.5353925836026754,-7.99988305558426,-3.1830023580533937,-1.2548438377171673,-2.769661906545213,80.03322828416795,100000.0386054488,1
-22.253897683236698,-9.319493766957931,-14.45033273460636,-90.14624852251842,-57.33540340661254,3.1860860767227006,-56.85304274643056,-23.021126540975683,-9.333641960950951,-20.475995843294417,274.9790349458022,705000.1710527476,0
-0.9879553946012491,-0.36961191967184653,-0.6047020184722951,-4.274391086936286,-2.688297550632664,0.246104597691318,-2.6663431908406556,-1.0543039736119624,-0.36821820852740006,-0.8399872328651181,46.9116534514966,34000.02000344499,1
-0.6210965708255481,-0.20069989261227464,-0.3850310257359994,-3.0750562032009903,-1.9022961164350396,0.29602666033147956,-1.833719315832347,-0.6841702615842227,-0.20253554996402023,-0.6404544280739938,54.75893494169238,25000.021774413803,0
-0.3857921219392631,-0.02694441083961374,-0.142277118395903,-1.7636340990133355,-1.139809888207889,0.24170576157456977,-1.055097579482372,-0.2896180178649481,-0.03748946857708025,-0.3318342553311382,55.25576548717047,15000.020888744939,1
-3.872010752315627,-1.5617622340215944,-2.4862746801899553,-15.640236153526265,-9.821861604068015,0.6449788606188471,-9.736988593835287,-3.943257781376966,-1.5636226208847386,-3.547275980804119,87.79131526986217,125000.04389094183,1
-10.957692326184628,-4.545365157046867,-7.0691796936237585,-44.61248995638895,-28.338798203038948,1.7100983861249746,-28.09845057222335,-11.37894910801725,-4.551958770561796,-10.096766839357446,183.6145563084271,350000.10137107805,0
-1.565507172432207,-0.5887651935250708,-0.9816425427137141,-6.655090854897777,-4.095001666646923,0.4918365569850714,-4.058204860866064,-1.6350065768394455,-0.5891236731747594,-1.5534382275351728,50.26838954163612,55000.02331214845,1
-2.2568949404631353,-0.8861930919966783,-1.4090636641556709,-9.565486593793874,-6.089727643958578,0.3710347848191307,-6.035492041847445,-2.344311436223902,-0.8886749973958435,-2.1086520391800017,82.27532295605026,75000.03675254686,0
-1.4883541424630062,-0.5968503129255034,-0.9477914527287458,-6.411721765274897,-4.056436443962044,0.2797339100551224,-4.022952530126862,-1.5403078623373774,-0.5975996656724718,-1.3726709196468907,53.727052477948355,50600.02415424743,1
-4.664335111357888,-1.8639600658518936,-2.9578114094699255,-19.12759588554886,-12.142061692565607,0.7545544672826218,-12.040451250243677,-4.742211298505648,-1.8676647443284653,-4.249284268975673,100.5494901224479,150000.0510911729,1
-0.1249281957920235,0.004512646151358373,0.05487372424716117,-0.9329600292339616,-0.5983282150755885,0.22589626715613792,-0.540738482673942,-0.12012935374743954,0.004153452008407255,-0.1977011480637457,47.153712428630456,9000.01739899249,0
-1.606262798225365,-0.5821078769153797,-0.971350032187908,-6.591075819327802,-4.054262840592774,0.48965124884246214,-4.017811320130063,-1.6968388209830911,-0.5824603165166427,-1.5065012524229793,43.09310103266908,54500.02074889477,1
-86.11511667418452,-35.978418857108586,-55.79765111685592,-348.21716330694176,-221.6235327665953,12.015406643673288,-219.75789839561173,-88.7703108025765,-36.007199522663704,-79.43791986882476,996.8824949245496,2720000.63765734,1
-0.716643227694146,-0.2367295937052523,-0.4574190473646508,-3.101089809501039,-1.9374060438670428,0.18535700525543403,-1.9202309405498534,-0.7760239668285156,-0.23709711371382525,-0.6183502568291873,39.75866394753024,25000.016540059434,0
-8.436088320894724,-3.449575621546383,-5.406825910042478,-34.3689137633455,-21.818979499230128,1.3594554116990256,-21.63357066978129,-8.746750532852722,-3.453147882390494,-7.803599064942733,133.58822653891795,270000.07536165655,1
-10.93953240181053,-4.569850611404928,-7.088716154030594,-44.459547292127226,-28.319252915038486,1.5474709900320633,-28.080281115243356,-11.28704416114093,-4.577767051603104,-10.08692818089183,173.91374511075995,348000.09780102846,0
-1.3398539689323776,-0.48490938793431027,-0.8236027110110054,-5.69843667375751,-3.601885559228292,0.2943271065559845,-3.5709780830183444,-1.3710673431088183,-0.4847672815068291,-1.2030944851382097,43.76509262287619,45000.02007134512,1
-4.664332541910273,-1.871636128031475,-2.9527264277911356,-19.10671204228588,-12.124670718022797,0.7332674736231755,-12.021662927560529,-4.827770454474974,-1.8741065045547092,-4.273020197860789,84.54920126786182,150000.0454838501,1
-1.399920887404307,-0.5780225799359572,-0.9463598646953115,-6.338655292075078,-4.009367482800449,0.31623808185048513,-3.975025047639411,-1.5180778492631066,-0.5805778781467774,-1.3741802189055226,51.51682181143426,50000.02331540948,0
-4.569208410710392,-1.9086197487281287,-3.0045797398181637,-18.819377342222,-11.837341455279985,0.9082600542562337,-11.735315388461242,-4.789486269080649,-1.9126736560056015,-4.273007581212734,71.54896749716238,150000.04084485408,1
-0.5862675362038553,-0.18624978151562638,-0.32370263868255067,-2.437287985669771,-1.5644291382306799,0.18474315178200673,-1.5506875996765783,-0.5832587764435038,-0.18915562781994133,-0.43065958531842025,37.007024969410836,20000.015047061606,0
-0.450057644265268,-0.1256460839977635,-0.23854138291985758,-2.2412208441328416,-1.4014345107563988,0.17597741510428175,-1.389066538046763,-0.4530854531587192,-0.1250999753561044,-0.4191969288245184,35.30635849063263,18000.014241955207,1
-0.06490440358327743,0.010011359895793909,-0.05544101888423265,-1.061158738016934,-0.5998400224363395,0.23440728793794638,-0.6151278911447875,-0.10763991127788702,0.010324638700778,-0.2183226479851164,28.50369344581054,10000.01096130189,0
-1.384160992435251,-0.6210879654178462,-0.9937033543407954,-6.694455485064402,-4.228632060641033,0.32896186893570856,-4.19370367576265,-1.5541183238705167,-0.6199797814297127,-1.4399026252277374,39.53252703390202,52900.019413923634,1
-3.3364037951178487,-1.3266267437073986,-2.0827294550524313,-13.622335132624908,-8.594755071410122,0.6643746959326308,-8.54267178492677,-3.471340751270904,-1.3858268091551988,-3.0587631308275225,98.87114344093153,108100.04602744641,1
-17.34150032020069,-7.231069823043903,-11.237482708199625,-70.24468244072689,-44.6438892334555,2.5631435821414685,-44.266211743061746,-17.90221698759478,-7.241098724486774,-15.936528968471876,246.67926078211497,550000.144680822,1
-1.5066531992238439,-0.6025898583526667,-0.9545558747050452,-6.323118224230219,-3.992277771429638,0.3162436413152373,-3.959338810685411,-1.5635562699442656,-0.6033318788464992,-1.3551209531423565,45.51671354264433,50000.021213923064,1
-11.002918563413843,-4.543276878130842,-7.076964811496389,-44.7656856166415,-28.47426385551957,1.587490998295989,-28.24128479429242,-11.392461004478278,-4.5476908416150055,-10.129898259066383,176.61442941711985,350000.09896338475,0
-3.774402784330074,-1.5514947436105315,-2.4381742844069345,-15.640225589505945,-9.821847046850069,0.6449697595746365,-9.736971251793241,-3.961499457140324,-1.5547248211032343,-3.5006038607789476,97.79149583807674,125000.04738907896,1
-6.213493003753497,-2.547367545800839,-3.984514308208998,-25.570608550669117,-16.262747969242586,0.9695037744701726,-16.125400580581633,-6.425915036624177,-2.549537784366899,-5.7404205259410785,126.06584224333012,200000.06534698457,1
-1.4950462868715295,-0.5854515855377642,-0.9471196501165026,-6.323082753878926,-3.992228639538048,0.31621246663144575,-3.959280256944536,-1.5056186948059689,-0.5887995271719779,-1.3742066268989142,79.51732768628813,50000.03312267133,0
-0.45245438269399324,-0.11234681003923529,-0.24730250500746753,-2.1131645553578755,-1.3199206217099266,0.1715839457005031,-1.3082362799426013,-0.45507627343279317,-0.1117834895699611,-0.4128704763645306,45.95623308869002,17000.017870232987,0
-0.7027217109344088,-0.2608260347220395,-0.4191812806973738,-3.141713941149922,-1.9780225121600692,0.1530155688536723,-1.9608421445600646,-0.7356131383802055,-0.26118965707874475,-0.665504654202189,58.75900706084655,25000.023207351423,1
-0.6222612891311989,-0.24985908992854614,-0.4194624257433311,-3.1219827988098507,-1.9548098306648334,0.20665237646822435,-1.9390345434896885,-0.6414011076795931,-0.2483301625057537,-0.5946058200081547,46.75879019968708,25000.018989492786,1
-0.2273263910067748,0.0810334443315697,-0.019785370194798875,-1.189495390862427,-0.7323335186660088,0.1409003179323084,-0.7268572703028604,-0.26479275085713744,0.0927813486532381,-0.1797993739541766,44.50398201718047,10000.016608732096,0
-4.6386336659361875,-1.8514061794970302,-2.9471611814739984,-19.099721511152925,-12.159199480934525,0.7533277823199408,-12.002616308474824,-4.73903797058408,-1.8533517454817412,-4.273049420816682,115.54976115243481,150000.05634000848,1
-4.667613141032187,-1.8820634862502048,-2.9847427164654405,-18.84134842973779,-11.859297599517172,0.7545500599606969,-11.757254796101465,-4.806067257295488,-1.8834859469624012,-4.320178974568725,108.54963594625272,150000.05381646132,1
-4.653846677624289,-1.8944226105259576,-2.9910898054324493,-18.84134632287633,-11.859294686573282,0.7545482351952867,-11.757251330410007,-4.801460354645674,-1.8966540107103833,-4.2492934092997,110.54967201708934,150000.054514921,1
-0.8400382070230236,-0.3193302103536287,-0.529531605958079,-3.7777265690377324,-2.3793646096829986,0.22854647382681617,-2.3587476232601103,-0.8930185655074001,-0.32237904432254244,-0.7697448480117975,72.51084452366288,30000.02855172104,1
-0.22732881545658226,-0.0011151572829776193,-0.07629972516980069,-1.1894798679632894,-0.7323119272613575,0.1408864852419671,-0.7268315460355438,-0.19346284515222079,-0.0027244357718973636,-0.20190367739358192,59.50425306424537,10000.021865438814,0
-7.852007447669361,-3.1834525970953527,-4.995180848257372,-31.920297765198942,-20.291892033648217,1.1928944965514798,-20.12161901448506,-8.097743728263211,-3.186726369731759,-7.201937755034258,123.5816888785234,250000.0697671827,0
-0.5185506836776806,-0.16462026674786176,-0.3153948274642706,-2.4348418251685473,-1.4948200111517052,0.27411930827815645,-1.429679294906147,-0.5509223648559293,-0.16491197893198675,-0.43066513925517924,43.00713353052793,20000.01712965172,1
-0.6805326584971485,-0.24689446106072352,-0.42526343531499394,-3.020554481045,-1.897778520509958,0.20359504247481489,-1.8824872346926982,-0.6627079523985112,-0.24725253698893748,-0.5563764148696164,34.51334656539319,24300.014628029476,0
-3.804456789484787,-1.5760389238602412,-2.453741582345094,-15.830472359573223,-10.012096500472492,0.6170829423822957,-9.926251025527643,-3.9407123026466375,-1.5776049340157052,-3.5476104770753762,90.79136868616536,125000.04499444198,1
-0.5185548775001722,-0.18334232783691976,-0.31655580527864485,-2.4817352780047703,-1.5472876812120835,0.18471555556023111,-1.534939632246472,-0.6093118272590164,-0.18173411102897252,-0.47803057037284935,67.00756693208636,20000.0255596323,0
-2.7627557091946606,-1.0732649387513133,-1.7498022078950992,-11.304628186282649,-7.199710101842287,0.5809637854096922,-7.086507383390453,-2.7982515751405446,-1.0748402423408197,-2.523947133388775,52.529553492136934,90000.02787746869,0
-0.22732834981870692,-0.019213864393234623,-0.10322970368124544,-1.0611269320084067,-0.5997956388732494,0.2343785775808137,-0.6150749801252039,-0.21022188946156037,-0.01854256766968823,-0.13831041640096023,59.50425346603329,10000.021829278205,1
-0.1683522950827691,-0.039451884248777214,-0.11159658380304269,-1.0611560683924621,-0.5998360408460075,0.23440428695743062,-0.6151231342186159,-0.23988956137453302,-0.04486776668977502,-0.18496554431206488,31.50374775008159,10000.012021453866,1
-3.079688909566368,-1.1875469702964223,-1.938112246070718,-12.680872221607359,-8.084259183848813,0.5353936353535346,-8.015581015553497,-3.1544921040594365,-1.188575788296201,-2.816342474623404,79.03321017266293,100000.0382501374,0
-0.06490664515556827,0.010002751867112442,-0.05544387638894983,-1.0611441547969065,-0.5998198032890747,0.23439443898020124,-0.6151037977553875,-0.10764654438236723,0.010318903070113501,-0.13829433437451535,42.503946265069175,10000.015863503622,1
-1.688366913515689,-0.6145053161562087,-1.0251343705605411,-7.120242002440262,-4.475695951256948,0.32001451608150216,-4.4371676562927655,-1.7204859529719407,-0.6168106060150355,-1.5370121012207913,43.65361857957337,56100.02120318066,0
-2.9845633415000536,-1.2433148997074357,-1.9754679243247824,-12.641433325524082,-8.027955945831858,0.5231648169135857,-7.959285537864956,-3.180888749713647,-1.2636613266680132,-2.8218982205687215,51.032704688665056,100000.02842732547,1
-0.4232723106879155,-0.1216155870454132,-0.21934874243431426,-2.3414371160007623,-1.494783038010274,0.2740968958929046,-1.4296353455283048,-0.45166784959383427,-0.12161735392654519,-0.4773701834384445,68.00758514310252,20000.025867777204,1
-7.8673525927539965,-3.212670397354565,-5.052621666946771,-31.920278164018242,-20.291864741767192,1.1928769531059413,-20.121586488046862,-8.121044281020634,-3.215588612199825,-7.202287157245556,142.58203214831534,250000.0764265598,0
-4.6643310905725714,-1.8639483973347846,-2.9578069163417906,-18.819365880611098,-11.837325581010536,0.9082499691900825,-11.735296460249614,-4.773432938120342,-1.867656759195074,-4.231514972730284,82.54916611317017,150000.04469754169,1
-0.3857870051265746,-0.16023075856283975,-0.17920305369812325,-1.7013904699086784,-1.0073397529214674,0.25632894696892905,-1.0191960534012237,-0.41272775256903416,-0.16045118091533342,-0.2844622915382879,24.255205963834957,15000.010013888546,1
-32.70939099063712,-13.625934128201527,-21.10825822448438,-132.37628965049646,-84.20493047051635,4.673653120740017,-83.49429554762335,-33.65366124688825,-13.641118256448665,-30.193109017591897,403.55120827734163,1034900.2510691142,1
-5.298194710178388,-2.1954000073061652,-3.401163799118056,-21.652272964064295,-13.739284424240264,0.8552586947629139,-13.627699078128643,-5.404526931919682,-2.1975582857754716,-4.879880946198441,116.55613603154563,170000.05881407222,1
-4.664330843395336,-1.8841299341939117,-3.005640815319517,-18.841378623422575,-11.85933945785214,0.7545766834581014,-11.757304684768773,-4.828399339052382,-1.8877394383533248,-4.301425725107153,79.54911209244503,150000.04365764747,0
-6.248980517207696,-2.5473629862590284,-3.9955419373367973,-25.423769566132265,-16.114378579520174,0.9695117740856185,-15.978730620682443,-6.407073465321537,-2.549534657960031,-5.734903742609066,119.06571640827126,200000.06285253968,0
-1.7108248937183397,-0.6652720175294313,-1.0646644501311227,-7.0913797991906105,-4.4812549911539445,0.3425360524690674,-4.444193856058953,-1.7435746164681178,-0.6687150271462468,-1.5496062195370421,55.61880297462302,56000.02538896887,1
-4.178452883984777,-1.6948309586941257,-2.682356053809664,-16.92067264990806,-10.636824260109806,0.688799744731754,-10.545081077246271,-4.370255109008704,-1.69683823338974,-3.8344832185767377,104.29479168527442,135000.05073553996,1
-0.5442531641241757,-0.20483391271370213,-0.35149923588801013,-2.5377903386378122,-1.5644986541764223,0.18353420612847576,-1.5706694142444892,-0.5681289516144039,-0.2087382609995,-0.4594981729865155,32.0069345505878,20000.01331001846,0
-0.40948650485832694,-0.13587089942808075,-0.23512609100289758,-1.7013446573393762,-1.0072762420970753,0.2562885569629538,-1.0191203605812713,-0.3152984277098333,-0.13139326950563757,-0.3731431950439498,68.25600080177921,15000.025428756679,0
-7.035820450059103,-2.9325832671590355,-4.570859705592261,-28.755696843027895,-18.3172101123587,1.0821011979580943,-18.16270264518377,-7.2987404246244045,-2.9395518356769035,-6.487912784544194,111.82353071489281,225000.0630159021,0
-0.6459908582071138,-0.22089484109995045,-0.37995322743893784,-3.0750365166204947,-1.9022687643892728,0.296009164102173,-1.8336867147319007,-0.6900885147923577,-0.22262712219430741,-0.6432755412453494,73.75927818515997,25000.028432073508,1
-0.5442556382274588,-0.1788442696967592,-0.32889410026305366,-2.551554725243776,-1.620601612499806,0.18473323527745153,-1.6068572960278742,-0.5067110095318769,-0.18094967582172208,-0.47217206445797066,47.00720530149138,20000.018571334105,1
-2.711789914187731,-1.0964226294332646,-1.7266538368578683,-11.481358852472656,-7.2548859251327995,0.4403012410657636,-7.205209796706881,-2.8081477752469484,-1.0991428788764186,-2.570592632739777,77.81026439713972,90800.03682830505,1
-2.140769772815897,-0.8840921995632696,-1.4117284511246841,-9.261469363497367,-5.770443366461408,0.421619738911174,-5.71893552722284,-2.3177923986403046,-0.8843983379435377,-2.056465582993869,56.274854485181024,75000.02754769291,1
-9.43219879997161,-3.9418464084843374,-6.115522377632357,-38.34611589115154,-24.38203416081083,1.3729034272755976,-24.17729058406861,-9.749618701734029,-3.9463205141348787,-8.634899421984723,166.09834826226881,300000.0899735069,1
-4.664334401913977,-1.924083658057413,-3.038733367222615,-18.841355827832167,-11.859307778621766,0.7545564222093295,-11.757266932850312,-4.827046845736916,-1.926316905268178,-4.278214522094848,101.54950952319034,150000.05136578722,1
-3.0565895767429065,-1.2507378579368993,-1.9762258141068352,-12.725361218149576,-8.067175499592043,0.5354027240686955,-7.999901908764007,-3.152174126347421,-1.2548393157961475,-2.7984947813903442,69.03302959120192,100000.03475110538,0
-26.43736506600409,-11.073818545854358,-17.1089401647174,-106.997384070109,-68.03764476503386,3.7379837914946576,-67.46289748235536,-27.164514969018132,-11.087124923123401,-24.317594100244165,342.2222028318783,837000.2085852037,1
-0.4572335110272004,-0.13893445934087365,-0.23483233541096046,-1.701347019322855,-1.0072793477422426,0.2562902434304941,-1.0191240508571118,-0.46122850180529457,-0.14186889208589223,-0.3318446138211527,66.25596471804091,15000.024733361979,0
-25.269165369525133,-10.530999253196203,-16.344883079105028,-102.39761886810014,-65.1616505415308,3.5994935389378355,-64.61231241989678,-26.035571546592422,-10.542146231562722,-23.302199079763422,319.26002791714194,800000.1966608238,0
-0.8611822387927862,-0.30325685126107593,-0.5603291906093468,-3.7413198423822527,-2.344903823931402,0.2072781063608044,-2.3242967974346387,-0.883843756244391,-0.30370017355084505,-0.770371995833775,36.51019437762422,30000.01593024223,0
-1.5401636861378998,-0.5947547778407056,-0.9716890390700238,-6.41273309081647,-4.049303396241129,0.31929723950382904,-4.015879346711609,-1.5887597408973222,-0.5981168824667581,-1.3981730180591045,61.76222948170819,50700.02697998756,1
-2.0432934483545746,-0.8042551464117201,-1.2992648566476228,-8.80964583329314,-5.596733680631626,0.3447607620920768,-5.55067136649376,-2.1436692178136396,-0.8044719716240767,-1.9106306859126485,52.17287220460039,69000.02557069447,1
-0.5902888074665593,-0.17886545596267084,-0.3598644452873725,-2.7534091955774227,-1.7274386302721956,0.19351788295127978,-1.7123262470149316,-0.6125789634431089,-0.17838081107838835,-0.49917602492537466,28.707510586446237,22000.012355564715,0
-3.9470880943662285,-1.5853108665803752,-2.5257502216373644,-16.2037395249719,-10.30065228960149,0.6526338852414619,-10.274678004296545,-4.0606589186088335,-1.5864090608476795,-3.6265174490200134,55.736593229918654,127700.03302265878,1
-4.664335319617076,-1.8232666648722697,-3.012488540340668,-18.841349436461595,-11.859299016905664,0.7545510029830574,-11.757256485953828,-4.827198773492842,-1.8358296764434654,-4.278220157548552,107.54961780213942,150000.0534646515,1
-40.128700865174906,-16.753444714382756,-25.98933314534908,-162.40995070321577,-103.3384880262657,5.659468175560098,-102.4685096953717,-41.39950836388716,-16.773887175013662,-36.99545980303438,479.5619843077194,1269000.3025441158,0
-0.38578899293294827,-0.12596621223066923,-0.1635779332610328,-1.701243800109928,-1.0873359926871315,0.2522077736625647,-1.0256299470954293,-0.37568042402045887,-0.12618417272762025,-0.3508699244173699,36.25542261499203,15000.014224283725,1
-4.664336135712005,-1.9083553491175158,-2.9989115022450927,-18.841344289814902,-11.859291838934825,0.7545463721155468,-11.757247934451344,-4.804230559087059,-1.8974582634854629,-4.27888603137802,112.54970818635728,150000.0552172151,1
-10.941840416067993,-4.522821817709308,-7.072404681523311,-44.75780526810024,-28.48816146019731,1.6270103314102833,-28.23901562127737,-11.317720903855152,-4.524829481028778,-10.096749074719503,164.61421250656912,350000.09475358075,1
-1.764431201381003,-0.6985347070975663,-1.1161191962902404,-7.411496300342181,-4.685005981095938,0.3534980211110028,-4.646229293602276,-1.781535438397976,-0.7020159254980586,-1.55629952154041,52.49454101780433,58500.02455543379,0
-1.107404554355658,-0.4053673073622806,-0.6776079765424204,-4.713303255781398,-3.019095673475844,0.21059417591311813,-2.993338976039717,-1.1395286297038365,-0.41119508686859424,-0.988990104640387,38.13760729166131,37500.01730730334,0
-2.749862810798753,-1.1147660725543682,-1.7573121346570646,-11.486949906427375,-7.2977095391740265,0.47024552057580665,-7.235894099695355,-2.7678319219394547,-1.1142051454950037,-2.547214194852688,89.53022141946701,90000.0408829102,0
-2.8641764019819425,-1.1573337571779239,-1.8686265374896005,-11.854650244308687,-7.512981115188563,0.5055916816268335,-7.450375438261017,-2.976384589929292,-1.15682458587896,-2.6372385521729935,71.65091572276508,93200.03495090913,0
-17.36526506760114,-7.23774803560003,-11.26909115723011,-70.68125430467748,-44.96216772027567,2.5188350247876556,-44.58277716265143,-17.957652836607966,-7.245193136520132,-16.028403238755306,234.5548358693852,552500.1407285869,1
0.01057441061821662,0.04732141189502975,-0.009971518899673518,-0.4209102683718831,-0.19231649420022234,0.2124694970042142,-0.21103133998491955,-0.05645016855077077,0.04806584487175187,-0.08075550805545924,49.752488259368654,5000.017883376959,0
-8.942879158472815,-3.7134457814856,-5.787160705921997,-36.352769816114574,-23.086893454808685,1.2915651833016424,-22.891180334925636,-9.183636594904803,-3.7173065978312185,-8.242174543622387,154.84337785343305,285000.08441585023,1
-2.7271094352147234,-1.1077025166055334,-1.7843499858014347,-11.648844141437028,-7.27342713835073,0.6627840600665084,-7.209850334211497,-2.8556327379238478,-1.1086440513719156,-2.657818218785585,64.9310495617549,94000.03257967281,1
-36.77156320452735,-15.367269113614448,-23.846928717670426,-149.12160370054053,-94.90101147669881,5.149230650880409,-94.09409520081932,-37.97976976789012,-15.381465444643569,-33.97735264466984,450.1283985918546,1165000.2812102102,1
-0.36058886405204743,-0.08783157026097806,-0.16652304905226337,-1.701346615722637,-1.007279034877582,0.2562904634568002,-1.0191236895906446,-0.37839289281232596,-0.0894151172382837,-0.28450188877051347,66.25596455151654,15000.024723420294,1
-1.0513439865313492,-0.4071939985802846,-0.6739632797911558,-4.530463504554696,-2.8512693839492425,0.25485549301075044,-2.82793701578838,-1.1437707108353499,-0.407721719022536,-0.9871173900096107,64.61260896002177,36000.0264207929,0
-4.188940692148549,-1.6296830968503553,-2.6010049938435937,-16.920680876405367,-10.63683573674355,0.6888071448303913,-10.545094750590232,-4.361622915533049,-1.7403867560150468,-3.839654220556376,96.29464713756902,135000.04793118514,1
-10.905307180362117,-4.545355952591508,-7.06917665261727,-44.63052072710842,-28.33910232303251,1.6270081261332734,-28.100456323837793,-11.322184759322106,-4.551952644820001,-10.142593861644832,168.6142854112745,350000.09611616045,0
-1.4970293562602364,-0.5854516174139511,-0.9572845297417932,-6.014833032528109,-3.6874651509685763,0.469890490083956,-3.654092838510928,-1.5556362206859056,-0.5887993442019409,-1.3366541746085585,80.51734688401217,50000.03338551193,1
-4.654845319931368,-1.851400567130338,-2.947159243468972,-19.12472655228095,-12.089551203530613,0.8439303831503315,-11.935139816956505,-4.795262141396845,-1.8533479770711743,-4.297934198607948,106.54959873736851,150000.05318263636,0
-4.597439341313884,-1.8528493676949847,-2.9672232451882876,-18.841361720017854,-11.859316170680005,0.7545621277171789,-11.757276939646658,-4.769736266545333,-1.8546261547909582,-4.260370541749396,95.54940099698089,150000.0492559497,1
0.017585763473769302,0.04733006151304729,0.012467029303700094,-0.4209246653224527,-0.1923365590933509,0.21248244641409553,-0.21105526190374577,0.002497477721070589,0.04807162243150256,0.007897117055825787,35.752235247216674,5000.012973631324,1
-0.7562476562462855,-0.22139699314387204,-0.4258316473502648,-3.3017986408098863,-2.106052346039275,0.30699260036305204,-2.035761098139007,-0.7315397992999539,-0.22151564619634964,-0.6599973318427503,47.634600840151585,27500.01953031538,0
-0.7027229576895013,-0.259043811523108,-0.43114165786288183,-3.125112911202273,-1.9614182559674005,0.16316997219232526,-1.9451850536852164,-0.7770018645620214,-0.2594057923895033,-0.627762568292636,66.75915161550918,25000.02600569912,1
-14.101502987165873,-5.863466411545975,-9.164188400630938,-57.537603209678714,-36.59149858924813,2.1248200963622317,-36.282488912267254,-14.542785793264082,-5.870420333091926,-13.049750000278287,204.64671840867717,450000.1193734938,1
-4.656350333847014,-1.9240805865288744,-3.0387330071731298,-19.197400202270167,-12.215354339826787,0.7545581052372899,-12.112343540453322,-4.861102011994021,-1.926315073029751,-4.260370975571203,95.54939964445616,150000.04936747695,0
-65.3435804396652,-27.359934979059545,-42.35947917589663,-264.2463339125801,-168.15084189456158,9.092052950226378,-166.73315693110013,-67.43241253278808,-27.392177314779342,-60.275746997162805,754.2798096459593,2064600.4831517737,0
-0.47670366338640996,-0.17891138827969313,-0.29260985761291436,-2.3857320033831773,-1.454769754571575,0.156822770524187,-1.441019054422572,-0.5057320048362677,-0.1789037965513294,-0.4306905966559742,70.00762143451946,20000.02657637373,1
-0.6121900661324061,-0.18812934603146197,-0.37437521755278247,-2.981690260532711,-1.9023127340795725,0.296038085270875,-1.8337392338723841,-0.649752441512171,-0.18821143075000546,-0.6183529255998684,42.758718217321814,25000.01755593317,1
-4.063980211190658,-1.682476972623701,-2.651785002256668,-17.105177235685737,-10.794398468788803,0.6845853249810502,-10.7042890431961,-4.201869822503151,-1.6836736672110308,-3.862899551106424,110.29489928937255,135000.05287752714,1
-4.63863264366294,-1.8944250655333008,-2.991090612063063,-18.8413421097785,-11.859288875493354,0.7545445883888853,-11.757244406307082,-4.77149572569284,-1.8966556444546618,-4.2788879081049505,114.54974428400624,150000.05591562134,1
-0.2783248127852676,-0.12776007879077528,-0.21335681751308488,-1.7012321863395339,-1.0873199742312907,0.25219775782042386,-1.0256108741158156,-0.33174872316209764,-0.1279757812725558,-0.28448399382620276,47.255621229256995,15000.018072139974,1
-3.80511952372544,-1.6026019130072189,-2.4988781256168577,-15.640218544028787,-9.821837126204738,0.6449631973269501,-9.736959425441176,-3.9917870710150254,-1.607181438899912,-3.547292029642585,104.7916224142747,125000.04984730706,1
-2.6788302197928187,-1.1271500269167887,-1.768494792121551,-11.072648432000614,-6.9066945870479755,0.6430644937353359,-6.846209471064167,-2.837393539117093,-1.1237941626029746,-2.526244528555807,57.35448265447697,89500.02945906216,1
-11.002915732686716,-4.512604858581026,-7.011482919062941,-44.71570320437119,-28.424287971354698,1.6099200896464192,-28.183946687968987,-11.338866046106391,-4.5175466391530374,-10.107836553710115,160.6141405056483,350000.09333862504,0
-0.38579347599236463,-0.11973545153548265,-0.23690559476255432,-1.8415145549485004,-1.1398028418582993,0.16280275015114234,-1.1308892030329483,-0.4555248841625177,-0.11512735097910833,-0.29454758331645015,61.25587388371776,15000.023014997483,1
-4.671199105699364,-1.8944078371838133,-2.9910848900757108,-18.84137125659077,-11.859329290841414,0.7545702985065261,-11.757292571370721,-4.7714824552724995,-1.8966441615306555,-4.278861496308314,86.54923849964018,150000.04610756974,1
-4.6032552879478255,-1.8616004416343679,-2.9559540516499423,-18.841374208883042,-11.859333489195983,0.754573146554249,-11.757297579178697,-4.774880273020885,-1.8606192709299494,-4.260359222832986,83.54918423893835,150000.04505237404,1
-0.7027181321281492,-0.2450789947611785,-0.4261262069226037,-2.9816937474343463,-1.902317344907805,0.2960406412191886,-1.8337447192082639,-0.7351263262401304,-0.23231843452071924,-0.6277369418968669,39.758664153288265,25000.016513306957,1
-0.7172302489608479,-0.25278383980298186,-0.43255839804255886,-3.1219851820615725,-1.9548129596532258,0.20665405324295416,-1.9390382564076059,-0.7352995341794045,-0.2557632314223286,-0.643248303048528,44.75875418514647,25000.018296755366,0
-16.771029746672554,-7.012201218330038,-10.851935307365572,-67.96593424889055,-43.29630509230344,2.378096657062228,-42.933437556391986,-17.334883150225014,-7.019772130906619,-15.47012853039687,249.3735883477097,532000.1437408184,1
-0.740929282200181,-0.2538732441743599,-0.43578093049847316,-3.164019750264868,-2.0003226524441406,0.18532598992894792,-1.9831384237034124,-0.7703625751929792,-0.2538438076373297,-0.6235600221164962,72.75925981141978,25000.028119787454,1
-0.2597716908853318,-0.032908189400965224,-0.1116368307369612,-1.2022751729691439,-0.7404488842170582,0.141316454038957,-0.7348973677566797,-0.22475246191675669,-0.03304589639798357,-0.22988221181330648,68.53944813404064,10100.025045289365,1
-4.664330313538997,-1.8820442899473206,-2.9847362262389097,-18.819371159583575,-11.837332852847362,0.908254518120863,-11.73530512676599,-4.790190223954637,-1.8834731072490465,-4.249262217135773,77.54907584145441,150000.04294799268,1
-7.7725490611513885,-3.1922157444061963,-5.01418090158486,-31.808008739716758,-20.189009628131913,1.2717850486276867,-20.01733259070803,-8.046304148103026,-3.1927274500785416,-7.243903023622659,131.58183377577603,250000.07253655043,1
-4.610419709100163,-1.899992178873213,-2.942181102511718,-18.841367094615713,-11.859323520544917,0.7545666216740088,-11.757285692350749,-4.836103468599575,-1.9022276826222522,-4.301436094813219,90.5493107932144,150000.04750885707,0
-4.664333588022223,-1.871641453582527,-2.945121141493355,-18.98730660470178,-12.089569022298097,0.8439428503912261,-11.935161218552848,-4.75157365193467,-1.8741099784261683,-4.278207125185027,93.54936403203033,150000.04860962083,0
-4.59625232138427,-1.9321709715602888,-3.0137214222379742,-18.819363949610608,-11.837322801111789,0.9082480412324568,-11.735293151775759,-4.8166036920277815,-1.9297186790025096,-4.295109994268399,84.54920238948185,150000.04540218977,1
-0.861187290692876,-0.31640118626336994,-0.5223775749564397,-3.7621882862733633,-2.362273319896048,0.22855120907868845,-2.3430595108043373,-0.9234577414664331,-0.3149431392275841,-0.7739483648743193,67.51075428736519,30000.026796950788,0
-0.38579389685723187,0.014490922198796191,-0.12270046265447065,-1.76362266818897,-1.139794035154893,0.24169565752886402,-1.055078678299608,-0.34442645763155105,0.02616815691520543,-0.3508982387057245,66.25596417855714,15000.024742861066,1
-6.97671717121057,-2.911069483720363,-4.535908851888701,-28.73098676526813,-18.254444645641566,1.0833158402443417,-18.10133922534525,-7.287477396617953,-2.9125328724895994,-6.4710001937729675,110.82351280916419,225000.06264824324,1
-2.252555734894346,-0.8534488913866013,-1.4034924810650633,-9.383912783905561,-5.977181873281235,0.515178618096933,-5.874268243026417,-2.341701982308673,-0.8542734132124625,-2.1023352122392,86.27539566412611,75000.03810761194,1
-1.3365814757516097,-0.511561522950537,-0.8793365653681449,-5.6984034710207725,-3.601839449378315,0.29429766359452436,-3.570923132628198,-1.354998466160482,-0.511928434867717,-1.2083032438124117,75.76567070381391,45000.03128311104,1
-0.36350281742510165,-0.1050389855478399,-0.19713263389108068,-1.5369769270299534,-0.9531994254524032,0.151871858661763,-0.944608957313705,-0.3665629130437119,-0.10883096353656435,-0.25287868482038467,30.379521572465666,12500.01194130519,0
-0.8456805737375473,-0.29767127830117246,-0.5212141420725801,-3.75041714624953,-2.362326521424296,0.22858531382597536,-2.3431229340806463,-0.878056834769791,-0.2981158312631402,-0.7930271008709824,30.510085910144664,30000.0138315212,1
0.09355517733127988,0.0765226371025727,0.047463832110412066,-0.42090155149734076,-0.19230464185078985,0.21246236170162125,-0.21101722885548693,0.05591623605410859,0.07691705360412157,-0.00987556371778157,57.75263259551833,5000.020675638587,1
-0.6987631106390636,-0.25611029521381645,-0.4670861228447254,-3.750411465813344,-2.3623189319003775,0.228580978690846,-2.343113906610339,-0.7619239158855715,-0.2560961298104092,-0.7697098641147472,35.51017607502924,30000.015571779,1
-0.14703046865150426,-0.010717995510624056,-0.07329073487324503,-0.8455359116383772,-0.513112284117471,0.12820401705165835,-0.5082303087188118,-0.14711191809889923,-0.010378356602135479,-0.11708521451597512,26.48773497588113,7100.010002140859,0
-1.3365770840737905,-0.4668134933663512,-0.7966733968352727,-5.698431374331872,-3.6018782725119567,0.2943225684589908,-3.5709693988431197,-1.338447974298492,-0.46895093123681464,-1.2082777507282165,48.76518290817908,45000.02182094174,0
-11.795239762193756,-4.902556515466592,-7.599301129822331,-47.84171943341902,-30.386629133027306,1.7129054291838957,-30.12911890720313,-12.167692174102513,-4.907861381521645,-10.838778789692132,178.37240734550883,375000.10219259944,1
-2.188826105240282,-0.8841119278685875,-1.441076116752953,-9.261436259928468,-5.77039734458675,0.42159024748751667,-5.718880669464993,-2.3525073683374735,-0.8844115009724894,-2.1051401285689577,88.27543260655872,75000.03876275866,1
-0.7090622007693366,-0.23941047364740548,-0.3735235766445455,-3.1266653986775497,-1.9536594131073084,0.18620433350906032,-1.936338103750922,-0.7533880414842603,-0.2397744181695396,-0.6294064617257343,71.82930679449927,25200.02779314039,1
-88.83271004630075,-37.211769863037205,-57.65149121422341,-359.11536093492015,-228.55791325094572,12.337806308297381,-226.62487005752425,-91.70395344694246,-37.255078422266095,-81.94535685859644,1046.6604095947603,2805000.664123609,1
-0.6627010593609405,-0.2759317509517548,-0.4578112288899761,-3.153060791525625,-1.9893653087190613,0.15752797522435394,-1.9721821866519778,-0.7707027548448042,-0.27884953657961825,-0.6440337747779358,68.75918766254425,25000.02671439551,1
-5.722574944603616,-2.3477804935005895,-3.692341829916013,-23.485064825829532,-14.891603796365024,0.9868536995123774,-14.764554349168002,-5.916367425940614,-2.3497249589043467,-5.302196343229081,127.8111069292865,185000.06432192618,1
-2.2873676788998214,-0.8736954335564417,-1.4609199834180249,-9.38391702641958,-5.97718769949601,0.5151822475656335,-5.874275191056157,-2.330996158213125,-0.8750392247819313,-2.038738336715519,82.27532338171177,75000.03670693617,1
-1.497112338082544,-0.5888616552963286,-0.9542273007007748,-6.276781518218148,-3.954128178251066,0.31503099270519636,-3.9215291949066087,-1.562550300822417,-0.5896036749160949,-1.3492811993121188,45.516713690180985,50000.02120094192,1
-6.265995126228889,-2.5847828061095592,-4.041566689815249,-25.565535230636954,-16.26343798690739,0.9695137923625636,-16.11729022095487,-6.469684272540858,-2.5877646523372335,-5.759793467445061,115.06564365648076,200000.0614980071,0
-2.870207472045271,-1.1195501552691969,-1.8151307193660826,-12.064242671812796,-7.642280583100373,0.49219123658723524,-7.577040397796415,-2.9397415094741133,-1.1206805600893694,-2.641210062303752,60.28128235203052,95000.03114346084,1
-0.436790723903537,-0.19429592667391746,-0.31626979046055703,-2.3415818703088678,-1.4147840329551817,0.27821613923947786,-1.423198158340885,-0.4953237352369086,-0.1945845586287326,-0.4306792138253104,58.0074046998664,20000.022361951833,1
-1.5108850430894727,-0.6092379850910373,-0.964844735783448,-6.078899205144677,-3.7282748034805047,0.47212071889470925,-3.6945707833889365,-1.5695023350734512,-0.6099889090375551,-1.3697326553449944,38.691750308837555,50500.01878703928,1
-1.7802810070879425,-0.6978416104429589,-1.1491189001625337,-7.454455365124833,-4.745586677494792,0.3277798050795095,-4.756486183592187,-1.8558621454317779,-0.6984195412113395,-1.6345302197474203,72.67006435551211,59000.03168474955,0
-2.6823035845069523,-1.114765356186311,-1.7573117912450165,-11.444887258559897,-7.252160891657882,0.491548777636036,-7.191747509316055,-2.7678312015389466,-1.1142046324177413,-2.52464236585706,88.53020348907677,90000.0405172124,1
-25.26472723734319,-10.543360339529487,-16.36954259609796,-102.42434036590521,-65.18787656977001,3.528724997738341,-64.63853708760459,-26.126335118647287,-10.555315645046402,-23.315849084183565,324.26011826422643,800000.1984238903,0
-4.1951884785562115,-1.7090453488428672,-2.695852389371764,-17.222467979209682,-10.936692807215428,0.6888075590007509,-10.843981325009644,-4.334613357647189,-1.7128696018587517,-3.8218125085818193,92.29457365086012,135000.04661855233,0
-3.0796901565376094,-1.2063459629888338,-1.9236187672173917,-12.585043834499581,-8.014643870938864,0.6247663219349134,-7.894565438539538,-3.1920719330923677,-1.2080640503314255,-2.8166832534279402,89.03339117242407,100000.04172750482,1
-0.830709592464346,-0.28531955528106157,-0.5148695340559923,-3.7777597105264493,-2.379410669834247,0.22857595047866858,-2.3588025190147963,-0.8573513468358185,-0.28495270663425487,-0.7894293997097537,40.51026643929375,30000.01733920176,0
-0.7027186802366845,-0.2527813577179296,-0.43255755492090064,-3.121989239136409,-1.9548186447673304,0.20665778309080007,-1.9390450392285532,-0.6986104114602434,-0.2557615697305924,-0.5768482269058509,40.758681847076204,25000.016891856336,0
-4.633133557711503,-1.8716232468924796,-2.9931061604932783,-18.81938465498773,-11.837351590154674,0.908266474232467,-11.735327457382487,-4.789962030498311,-1.8740977159901564,-4.3201374016005465,64.54884106379828,150000.03839476078,0
-1.178112698196626,-0.44944772750398754,-0.7281952415068231,-5.042662046349748,-3.177287770961523,0.2724052614567314,-3.1512137314620183,-1.2353568722289254,-0.44814395376897503,-1.062753083603502,48.013580352459755,40000.021026685565,1
-4.539368309721875,-1.882049164323527,-2.960511891252361,-18.819362529197683,-11.837321067150805,0.9082473309600098,-11.735291093981163,-4.6925672015281465,-1.8834763379915342,-4.2979140775368,85.54922032728793,150000.04574435746,1
-0.3943123120322737,-0.10597609876873904,-0.21450575131789612,-1.7013915019289683,-1.0073411974611444,0.2563298763428112,-1.019197769913687,-0.4034557124925681,-0.11146881052528633,-0.3731007451354796,23.255187934250706,15000.009665474803,1
-1.1781125011887945,-0.3891760035837463,-0.6785591008684473,-5.042662967157615,-3.1772891317539766,0.27240625133639496,-3.1512153479557394,-1.2364168690336832,-0.3893097536810171,-1.0818057335312454,47.01356223560722,40000.02067434559,1
-0.6326584370502317,-0.1895840607714484,-0.36417610590951033,-2.981692278327198,-1.902315572555709,0.29603995670046923,-1.8337426175852163,-0.5983559492100499,-0.18949367863292566,-0.6235295931910259,40.75868207262037,25000.01685422963,1
-9.692339202400689,-4.034540031270175,-6.265719102590664,-39.401010531422266,-25.088638450110963,1.41922326376825,-24.877134402135148,-9.985451469498525,-4.034447630304382,-8.898046117819247,154.90068838907644,308000.0869114122,0
-4.664336262186212,-1.8639675909021962,-2.9578134041864295,-18.841343142366235,-11.859290319530508,0.7545455154985331,-11.757246121263096,-4.7923629018467,-1.867669596245968,-4.278225815683469,113.54972619604386,150000.0555652986,1
-1.5267339448253658,-0.5466474726802248,-0.9201660324277252,-6.472107735881875,-4.098206520280842,0.30044542467181024,-4.063178798733363,-1.5347311428741532,-0.5488754644449635,-1.3840295612782405,46.86705556997186,51000.021794126405,0
-0.21934258491286548,-0.03156623814585094,-0.11931825915117465,-1.0611363386960087,-0.5998086584205161,0.23438681873285364,-0.6150904960459213,-0.2171602617609615,-0.031706137831771175,-0.185314929312001,50.5040909534919,10000.018678378014,1
-11.007355603862834,-4.545353698737843,-7.1123787649022665,-44.72247865211388,-28.431061746729956,1.6179133723868189,-28.19071938973487,-11.380365737502569,-4.551951215378934,-10.145393394872626,164.61421283628783,350000.09474749304,0
-0.2590192636605622,-0.0727477203625259,-0.04880637167476642,-1.3325016700568844,-0.8204703063014172,0.10182051649718352,-0.8138552901426672,-0.2914962683607686,-0.07290401814095906,-0.23744636661289512,43.85428828670185,11000.016494659725,1
-0.5403040190844332,-0.18960087242221435,-0.36418189284308156,-3.1101511858261652,-1.9547792481673631,0.20663328190995953,-1.938998112178449,-0.598369202119131,-0.1895049535973734,-0.6277634258405974,67.75916947924271,25000.02633903319,1
-3.9670863073563183,-1.5586482152527892,-2.551104454403373,-16.024391991795074,-10.066384909761542,0.658147069963454,-9.979457461801529,-4.12942954501908,-1.5602727597874828,-3.6405513737989743,68.8419264586913,128000.03757275047,0
-4.643185095525412,-1.9160525804396684,-2.9993976014971935,-18.84135157743166,-11.859301939256268,0.7545527960639168,-11.75725997475015,-4.818713464061187,-1.9208979048735408,-4.260380006246621,105.54958173943503,150000.05276463163,1
-64.19327716771446,-26.870846727730548,-41.63818074510852,-259.60607112683675,-165.17152481917938,8.982184460006751,-163.84068761655536,-66.22026272162111,-26.900361217412463,-59.21930233744132,738.4578911963753,2028000.4737399442,0
-14.790015977458705,-6.166614879050431,-9.621877428603897,-60.34395866339815,-38.37382193688068,2.152667522168046,-38.04970494416532,-15.333969240487269,-6.1728542216163085,-13.71235788942944,215.35390417055385,472000.1254572283,1
-28.46036962761855,-11.881863414505645,-18.429791816221506,-115.22457060805316,-73.21316829802383,3.9670563441956914,-72.71437711673833,-29.355508670642035,-11.900586755052682,-26.248180249093714,357.2924977895108,900000.2205901294,0
-7.327761361946541,-3.0632048515926122,-4.818132777212147,-30.012906174072796,-19.07437058515046,1.0834072067179246,-18.947955103383123,-7.6538945004316,-3.062018037348101,-6.764061321965555,142.32726016835184,235000.07475307464,1
-95.02742617776069,-39.85157356167562,-61.71131964101965,-384.1163112973266,-244.45727335803392,13.196070088384484,-242.39728285034172,-98.11189275974336,-39.89605752867501,-87.60466760723627,1098.973330673496,3000000.703138659,0
-0.21148255247610667,-0.0021502552541898426,-0.0609273941804364,-0.9971003197886992,-0.5590408434984099,0.23218323617611916,-0.574662407529323,-0.2314422568905437,-0.002513645037805605,-0.18728862861770754,63.329163705452,9500.023118352268,0
-2.410343544268558,-0.9506390640173998,-1.514645674184074,-10.179982037500924,-6.454279651987904,0.44771658687045796,-6.399331350449667,-2.500214477441942,-0.9510146515423415,-2.231938236488186,84.02694380788566,80000.03788553347,1
-0.7027195921981465,-0.26081959964454987,-0.4191788566936281,-2.9816844325174645,-1.9023043948819724,0.2960323458539111,-1.8337292849836846,-0.7468338739696286,-0.26118526831625916,-0.6235371919278718,48.7588267502212,25000.019666937427,0
-7.147088165132394,-2.9598105517582463,-4.598263489804126,-28.99532098086175,-18.42916711166782,1.0798170222834589,-18.278008189396424,-7.363410289198343,-2.9659192316613856,-6.54639688761557,122.52435984830475,227000.0669678644,0
-1.6218144520960727,-0.6449087420571679,-0.9338426077472024,-6.838436140297163,-4.32488989793901,0.2903019980434501,-4.288748541969494,-1.6982055926853192,-0.6457081228673757,-1.4946525092151275,58.91822693323505,54000.02633219338,1
-0.2016202412572532,-0.031555154340409966,-0.10957087159414426,-1.0611550290660174,-0.5998346018125051,0.2344033704540764,-0.6151214167127647,-0.223777087649451,-0.0316987473000538,-0.1856276307653902,32.503765801641435,10000.012372002639,1
-10.943942661928485,-4.543262388412383,-7.082873882601679,-44.612521042056606,-28.338841391447033,1.710126008316888,-28.09850204945103,-11.31419033622108,-4.547681063883661,-10.126329258207171,153.6140143857486,350000.09085985424,1
-0.4028071872588698,-0.12316440401043474,-0.23385384176189788,-1.7013552115013593,-1.0072907883455533,0.25629766186492947,-1.0191376909307222,-0.4372124420511872,-0.1233778504453223,-0.348087484526606,58.25582018440971,15000.02192825513,1
-0.5527800757608579,-0.17251875242323716,-0.31742102821299817,-2.341595623526621,-1.4148029784952931,0.2782279630975769,-1.4232207216126058,-0.5670360463526326,-0.17808213774114115,-0.4484189204336692,45.00716991848909,20000.017813789982,1
-4.664330475135239,-1.884128674210343,-2.945117494725676,-18.84138056578153,-11.859342238823967,0.7545785948440744,-11.757308000615003,-4.783346897223376,-1.8877385881599755,-4.278191855202934,77.5490759089299,150000.04295359986,1
-0.22732391384112796,-0.04213735025944525,-0.11044277489625794,-1.0611562261600023,-0.5998361700908542,0.2344042040856761,-0.6151232778886596,-0.2837398319770746,-0.042281149146652375,-0.2275794672542083,31.503747820956576,10000.012025980815,0
-0.7027228987023731,-0.20839499080934537,-0.40346654796671333,-2.9816624021402087,-1.9022739581268315,0.29601316215821744,-1.83369301183798,-0.6737541140349308,-0.208989984715094,-0.6242181234242186,69.75920600142315,25000.02701966196,1
-0.29070960500353116,-0.06374693095467347,-0.10183022030345187,-1.436510906415952,-0.8779387781433844,0.12837990643335323,-0.869691863925788,-0.2223466809778325,-0.06392125987064012,-0.24409869396690217,29.204341478963435,12000.011457692439,0
-4.6643357714223646,-1.9131297091110906,-2.99224561330636,-18.84134625381149,-11.859294631596388,0.7545482706227918,-11.757251268510506,-4.730680741212434,-1.9134660997065787,-4.260384710785091,110.54967201431438,150000.0545137589,1
-1.0428322950957898,-0.41063199943916023,-0.5872907045175451,-5.047367822039213,-3.1761699488169457,0.25197874418485416,-3.1485561678183185,-1.1408080741015945,-0.4114594478212554,-1.091173195663555,50.08368128906132,40200.0217561846,1
-8.881935945089486,-3.7031768095668696,-5.784869558327701,-36.2222722764117,-22.979170639243026,1.4380227046871796,-22.805891196466867,-9.20033206926034,-3.706979086078346,-8.230487985736545,163.70341091504187,284600.08745679207,1
-0.5777605714206205,-0.21881008430966442,-0.3877393375458043,-3.1374991455930137,-1.9718707596249274,0.20662840363026888,-1.954686467996723,-0.6033121137729447,-0.218361480518882,-0.6432746887965292,72.75925977643409,25000.028099879506,1
-16.7076429012441,-6.9895203320540595,-10.83403583606871,-67.8544830175575,-43.184626428791304,2.420197394429573,-42.82068185923758,-17.266371142540972,-6.9974354152748415,-15.408129148221947,240.67279517662624,530000.1405079192,0
-7.088840677963742,-2.8707587486338446,-4.5171467340477856,-28.912051689639817,-18.38584858705167,1.0461733819529049,-18.23452742865221,-7.362375509486161,-2.873681480841095,-6.4970198326772515,113.34903512096261,226500.06369193865,1
-8.879491933229426,-3.6948002985324453,-5.784572396655999,-36.186681963741464,-23.013903652424787,1.2938196666971316,-22.826933537719757,-9.191832337698509,-3.699023650623298,-8.170986248545018,143.14253047980554,283000.0801345429,0
-1.0964902622131052,-0.4002898964782379,-0.6937644341991822,-5.058194899454559,-3.194371673944505,0.2723960604713486,-3.166893043618074,-1.174882295630606,-0.4023502996437394,-1.0621013586007535,58.01376082525204,40000.024528024245,1
-3.247657781330587,-1.2566033496759932,-1.9750066413203748,-13.095755929150405,-8.194360584499842,0.7123178370357311,-8.123025390949046,-3.3337029299024916,-1.257887375417465,-2.924604381723783,65.8896583242199,105300.03411984706,1
-22.237513122875455,-9.269000582320285,-14.428783921663605,-90.13078041609866,-57.31523430392863,3.1671179296346255,-56.86677123270864,-23.00032466935528,-9.280909939677565,-20.509134597150656,275.97905301026515,705000.1713984256,1
-0.6076436867924282,-0.21287732646475724,-0.364872253352861,-2.7533738794585485,-1.727389612520584,0.19348662012338255,-1.712267828693211,-0.5846626803943222,-0.21580795311369516,-0.4891578834680858,62.70812477690715,22000.02426699095,0
-2.7500826878093267,-1.1123608891558907,-1.7621725940741817,-11.393682986787482,-7.219580555224874,0.4898072973439605,-7.159445454937791,-2.8119515172936818,-1.1163047589118886,-2.5122740358479843,75.38983904336656,89600.03587629274,0
-4.981262983230286,-1.9662914883164981,-3.1229316468696773,-20.2839608579765,-12.854179351151467,0.877289866409776,-12.744301897260696,-5.099054472634685,-1.949653809322664,-4.570582513290771,99.05264172576733,160000.05159488524,0
-9.38746263451688,-3.877972742149958,-6.042737519198471,-38.406512250575624,-24.41323949231419,1.407835478034388,-24.198423575598483,-9.678493039536953,-3.881639137987273,-8.687053428402368,158.09820350244235,300000.08717761695,0
-3.679777606414574,-1.508148198717875,-2.3878832083252317,-15.16609793334059,-9.644771276662253,0.5957276556516403,-9.563053543155057,-3.849887500130776,-1.5099239912115214,-3.371828645966028,60.6889175568599,119000.03385276493,0
-4.664330156825669,-1.8716306371915257,-3.005640047393018,-18.819372212872103,-11.837334306862312,0.9082554308311711,-11.73530685886947,-4.78807410323843,-1.8741026443877173,-4.278190860018616,76.549057797856,150000.04259861176,1
-0.7027226375389887,-0.26083128981937037,-0.419182740120902,-2.98166465751041,-1.9022769727888773,0.2960148988473195,-1.8336966043439895,-0.7356167550353065,-0.2611930598801676,-0.605716834642565,67.75916994243364,25000.02632221268,0
-10.856326226691849,-4.543280509627024,-7.071850772995799,-44.75468114123694,-28.463257028641973,1.5768326771276346,-28.232715165551305,-11.31420472802174,-4.547693240076161,-10.146173169235615,182.6145378059423,350000.1010554527,1
-4.648694955564621,-1.8528400449306288,-2.9672200636460873,-18.819367958962122,-11.837328464612574,0.9082518084007114,-11.735299897333729,-4.790191614841555,-1.8546199063288946,-4.231513084845826,80.54912998051175,150000.04399681787,1
-3.7789136511108583,-1.5094774143932412,-2.3842087031220487,-15.2341063860716,-9.555378068923426,0.785517753036868,-9.472575418546144,-3.9202964751268503,-1.5104864543316945,-3.501508531821406,72.74008991719967,122000.0382969239,1
-3.3398815224403866,-1.3518876002977658,-2.129435280275031,-13.697568439793518,-8.577403253367882,0.7329201984357405,-8.502841047931827,-3.470774372743645,-1.3548986772920737,-3.131932507922658,66.53616388181675,110000.03484656962,1
-10.987413555130477,-4.543262412274038,-7.101185578278722,-44.612521174359216,-28.338841496819565,1.710125938671481,-28.09850216889481,-11.348890106523035,-4.547681088438225,-10.142579701232368,153.61401442829407,350000.0908632191,1
-2.2239796082920873,-0.910673771574841,-1.4285980563429954,-9.22180376521861,-5.828567869644132,0.4158356407671318,-5.780172406593357,-2.317308156606368,-0.8577608524434931,-2.068888044591049,65.57438605174623,73000.0306678808,1
-1.4950410915524543,-0.5333419650948195,-0.8995839255597009,-6.3113064047098435,-3.9922746284218262,0.3162419875737599,-3.9593350775626166,-1.5020173191335935,-0.5355547951697425,-1.3777835648696866,47.51674959133913,50000.02190838531,0
-3.0796901472022107,-1.1860959124473038,-1.8659262767076865,-12.704441745443674,-8.049735284195528,0.5140846493844169,-7.981054894595768,-3.160330113059711,-1.1872959654887634,-2.836064759946697,87.03335479326034,100000.04104930186,0
-3.0891977888670135,-1.2806225152300683,-1.9990715055163268,-12.742082494310175,-8.08737873298335,0.49626002051442386,-8.021082149573372,-3.206777062561868,-1.282108820043404,-2.7985052085795408,80.03322831260313,100000.03861405623,0
-3.8890807265403606,-1.586828120626706,-2.4978989966029657,-15.938258592016739,-10.119883006072428,0.605841443533098,-10.0353089064176,-4.016121893627234,-1.5886881055183266,-3.5514864688653818,89.7913502510877,125000.04468192856,0
-0.49344067738289127,-0.18960434930538628,-0.3641828233705703,-2.9816578133818656,-1.9022678480581257,0.29600971273977666,-1.8336857490533338,-0.5983715350476286,-0.18950719498985902,-0.6569206927939585,73.7592781908834,25000.028411498595,1
-0.6121889410293513,-0.18812503731048238,-0.3743737846521364,-2.981697537068176,-1.9023228295265218,0.29604451797711717,-1.8337512658664632,-0.6497491191297284,-0.1882085583289877,-0.6183463217725624,35.75859176992004,25000.0151036622,1
-4.616523652805516,-1.8841514401425699,-2.952731892751724,-18.84134204522883,-11.85928882793564,0.7545446233678001,-11.7572443491098,-4.779357548493448,-1.8877537618604017,-4.278226756195573,114.54974426572848,150000.0559141137,1
-1.3365805000818245,-0.4849253917564579,-0.7993821355390066,-5.698409658961212,-3.601848073703124,0.2943032067888933,-3.5709334042968477,-1.394561022221311,-0.4847779506782944,-1.2089587190728452,69.76556229582717,45000.02918011655,0
-3.2576640936380135,-1.28327917811024,-2.058538881841178,-13.386788684902893,-8.521126971824977,0.5531087024834879,-8.440214008904352,-3.3180598417499754,-1.2840325506300572,-2.985754656017627,73.78470441454388,105000.03695664383,0
-0.08837348818258325,0.027068608350544754,-0.00868868709375745,-0.42091457832757667,-0.1923223797374541,0.21247309198646439,-0.21103834987281542,-0.07632634297155354,0.021730785316162106,0.007887652505895005,45.75241596843135,5000.0164838679,1
-2.4684301412459697,-0.9527086983206735,-1.5551726219772406,-10.218136690753084,-6.493207461755723,0.39297320038382744,-6.439590807862428,-2.5183798336909744,-0.955270305903325,-2.232245347424791,60.02651018896435,80000.02949217317,0
-0.6574916615506273,-0.22087510613173608,-0.3799466225019566,-3.021085561085151,-1.8574011185787849,0.2619355857794598,-1.8402254223698216,-0.6900732306082573,-0.22261395353140526,-0.6404421459738617,41.758700280052416,25000.017211776456,1
-1.4145876143906126,-0.5825243941430785,-0.9340228853924173,-6.323084640021329,-3.992231370240036,0.31621440610422435,-3.9592835208373534,-1.4592658148676925,-0.5813648379955753,-1.374204722107,77.51729151598201,50000.03241754865,0
-2.085851658688882,-0.8175568429417231,-1.3088161638354434,-8.905230604295006,-5.668715380911914,0.3997083215791978,-5.61183989632513,-2.154218584091053,-0.8177900581033433,-1.9398613978496606,45.52306993563214,70000.02334029549,0
-1.1781159496455855,-0.4446860387021219,-0.7348650802399143,-4.902341449658884,-3.1247517305663033,0.36176614858577,-3.0458720166562703,-1.1723854250207932,-0.4321444743270459,-1.0621134981539133,71.01399610427895,40000.02905156764,1
-0.4491771713955486,-0.1463395785938961,-0.2780673897854821,-2.0976179483518638,-1.302817778821684,0.17158132789693845,-1.2925344064147204,-0.4428160375759124,-0.14919789012134924,-0.4128732982758349,48.956287384443385,17000.01891763296,1
-0.21182627116937205,-0.045786995274659834,-0.12307258458273447,-1.1543816508533005,-0.6798243656419135,0.23027716191803013,-0.6215474846580112,-0.24534209970590032,-0.047741611381704976,-0.1849825998918885,49.50407269800168,10000.018348171516,1
-5.615124760246256,-2.2812508398779543,-3.5839002862733707,-22.89094009325523,-14.512480208397125,0.9402919128191086,-14.388863786883,-5.752797247802777,-2.2831203245584293,-5.172261005032128,127.05950412781931,180000.06354072868,1
-4.653842046666423,-1.9194693918383876,-3.012450796379906,-18.81936611883982,-11.837325761404273,0.9082498338283334,-11.735296672379027,-4.833967031295833,-1.9217065333058816,-4.311556520092546,82.54916628331459,150000.0447041132,1
-38.089818774663115,-15.91995335782728,-24.686218017865063,-153.90682487008323,-97.81784852889948,5.532618386124411,-96.99139327585571,-39.31798604461797,-15.937158500934748,-35.16556373952791,455.14120349409234,1205000.2871152773,0
-0.4804779380658016,-0.15223882486080287,-0.2877317702722343,-2.241198200270174,-1.4014029542362572,0.1759570745290851,-1.3890289238657383,-0.5145806353897855,-0.1543120626509674,-0.4357978235937736,57.30675598489323,18000.021954307736,0
-99.767522165799,-41.83886246393159,-64.77265168492978,-403.1502896021552,-256.6227310165168,13.881458203182413,-254.4597427353115,-103.00654936330066,-41.88596300175846,-92.02362651750371,1147.5218819539575,3150000.7360220887,1
-7.630837261484816,-3.2437268474713044,-5.0504667306820235,-31.985774879089767,-20.347876291850994,1.1381244585931498,-20.177525074764954,-8.002091071361807,-3.24556227539013,-7.2251745003258545,128.58177901699673,250000.07152929486,0
0.0935577433689076,0.07653247947321248,0.047467101905166606,-0.42091820322600476,-0.19232773557029106,0.21247705430693006,-0.21104474971647677,0.05592382247225319,0.07692361313499887,-0.06202202625156127,41.752343622116896,5000.015071972871,1
-0.6460135898485423,-0.24173336220120065,-0.4191780311591449,-3.0210825320136876,-1.857396852382463,0.2619327781764629,-1.8402203421139376,-0.7303388227471738,-0.24209985171191994,-0.5768518747463327,44.758754457904665,25000.01826318838,1
-3.872010361543979,-1.580464346521284,-2.523140907597723,-15.919602080009511,-10.097211495707468,0.6012684639022479,-10.032161446901238,-4.005922763168912,-1.5804315791808206,-3.5892256938119225,78.79115163567411,125000.04082439902,0
-0.22732891076013995,-0.07240286143337601,-0.15320208806784516,-1.0611240508658648,-0.5997914910183764,0.23437568618900478,-0.6150700342436214,-0.2723570197844346,-0.07526292671612796,-0.18565595706181812,62.504307798209744,10000.0228861601,1
-2.737056450772265,-1.05303213590747,-1.7122236519465905,-11.423997066455714,-7.234761188285165,0.4702563406101618,-7.172948777354019,-2.8273517655936913,-1.0540836606000203,-2.5239717665280383,78.53002291313054,90000.03700937207,0
-3.6805177248091674,-1.404115984135466,-2.272536605113781,-14.95601927771286,-9.591552741655697,0.6953860430328301,-9.537759955553984,-3.793220970286281,-1.4162111872981338,-3.376943483424866,80.51411669302354,118500.04072198649,1
-3.0796896590069425,-1.186095126043659,-1.9748076836397415,-12.585046913946526,-8.014648164869634,0.6247691025081689,-7.894570560109824,-3.1544949555601867,-1.1872953803712907,-2.816348958492804,86.03333695200847,100000.04067580012,0
-0.24145965357223353,-0.07633141848348146,-0.1490745299341506,-1.2168446285773096,-0.7494266341440226,0.14089621309960199,-0.7425475502745515,-0.2620737887145746,-0.07902794928239684,-0.18498178288818404,48.50405439256223,10000.018023747947,0
-4.642763546660704,-1.9261218090066057,-3.022742346565985,-19.203424333639,-12.198111158101522,0.7176319682298522,-12.096032216038846,-4.791237296005903,-1.9283668493469255,-4.3125284629110885,80.72429102000162,150500.0442067688,1
-1.7042110529401835,-0.6288366608595268,-1.0303410385218008,-7.027935028400091,-4.477685599967733,0.43457012051869276,-4.387419790288099,-1.77225700633991,-0.6299143008023775,-1.5477425470004562,31.828564179651995,56600.017084833424,0
-2.024757066455452,-0.7868971331835134,-1.2484535379118786,-8.863119882383382,-5.604830078811482,0.3826109107484452,-5.556756902594468,-2.087359730096477,-0.7876540620657577,-1.8925224032545316,49.523142307588635,70000.02471891064,1
-3.5233916201650484,-1.4674286979997897,-2.3003867036870718,-14.58221088148446,-9.2758474730886,0.5420220606274743,-9.19755335066613,-3.6110383076869423,-1.4691225326024882,-3.2684438871114367,93.93792890412165,114000.04498342419,1
-0.7027227623702839,-0.20839439066495286,-0.4195996636462109,-2.9816635132157763,-1.9022754575303173,0.296014042505813,-1.8336947956983187,-0.6994791047691046,-0.20898958997645184,-0.6663249713344315,68.75918799275931,25000.026671742304,1
-1.7042192212458238,-0.6288680433701037,-1.0822082278265277,-7.027881939631207,-4.477611982389335,0.43452329381534327,-4.387332060136418,-1.7056182206236465,-0.6299352183136069,-1.500777657503894,82.8294853738913,56600.034948891014,1
-0.22850774346657296,-0.09363729766071115,-0.175834077859577,-1.3832895098614366,-0.8553553839298718,0.14658259156206424,-0.8475800373882949,-0.29652637783929825,-0.07409239209861856,-0.2399141712084435,61.95971061866522,11300.022873596497,1
-0.6647271460852964,-0.1660211464051172,-0.3739683189700033,-2.9816653882238877,-1.9022781864537341,0.2960159930491693,-1.8336980516957435,-0.6639492640107175,-0.17920362041956062,-0.6432688883993568,66.75915177254076,25000.025966153178,1
-0.5985768313835353,-0.18812809136916006,-0.3222540013452985,-2.981692221081114,-1.9023155295514549,0.29603998630935163,-1.8337425664048395,-0.6152249469864115,-0.18821058584925657,-0.6235295873096149,40.758682065144065,25000.016852802026,0
-0.6517057390430044,-0.1881342811390166,-0.37437686939878767,-2.9816820032091607,-1.9023012459274378,0.2960307033674106,-1.8337255371594745,-0.6497562653302672,-0.1882147245828296,-0.6432537941494336,50.75886275849131,25000.020360508697,1
-32.69965865884241,-13.670276071914234,-21.206364625034226,-132.36944315087075,-84.19343485006135,4.688039022136001,-83.4827351808404,-33.79009336269513,-13.685749382523872,-30.170162204211064,389.5859879684303,1035000.2461881193,0
-2.889527356932121,-1.1062391767000086,-1.7945468638190987,-11.93620608219589,-7.560794060450177,0.48781525555007993,-7.496242753630148,-2.907023579148991,-1.1073562678171995,-2.660609511795092,51.930813740264014,94000.02811512462,0
-0.7537159895582473,-0.3273418670603887,-0.5220872673280786,-3.622056728618175,-2.2297999775852673,0.3220710786952153,-2.2313541531786414,-0.822454060455622,-0.3277849774420567,-0.811669499459275,37.51021279528263,30000.016244555765,1
-4.664334157008225,-1.9121696497771128,-2.9770613449599685,-18.841356627418993,-11.859309038143836,0.754557471715103,-11.757268438171277,-4.726321028810091,-1.9139622081050423,-4.2603752744841215,100.54949136961497,150000.05101005366,1
-0.6821787223444512,-0.2527862841874411,-0.4325591912459834,-3.1219809132534597,-1.9548071021711917,0.20665043579282574,-1.9390312811499324,-0.6927747998285647,-0.25576485433835805,-0.6432520666905488,48.758826414982195,25000.01969555094,1
-0.3857933398869714,-0.036921112544014284,-0.1385103575093652,-1.7013485999535145,-1.007281858049459,0.2562923607547229,-1.0191270474822531,-0.35550728407531296,-0.0181116140074876,-0.3353897699895124,64.2559283985568,15000.024022105708,0
-55.372989682155435,-23.184118452138005,-35.92266518792694,-223.7133548132382,-142.25634179815628,7.767837403785684,-141.05565141964,-57.20478920841328,-23.210284063866858,-51.10072991011623,644.0678317024106,1750000.4111083387,0
-86.22090248852408,-36.12821077610827,-55.92947636723852,-348.5189711302585,-221.8184066299916,11.984915192817603,-219.9494967219909,-88.96395909944093,-36.168910191295375,-79.5186387369192,998.5831614271542,2722000.6384874196,0
-5.202816028504598,-2.149496436064749,-3.3984393812329956,-21.43855304998454,-13.520922872856659,0.8384751534708422,-13.404115156653361,-5.46360740585371,-2.1512258614194537,-4.885577412426308,84.59059134137908,170100.04755771894,1
-3.840318039100563,-1.505434187405887,-2.359897501862909,-15.786624811251661,-10.023121608034133,0.6405964338861705,-9.939366484608044,-3.8024530720195706,-1.506995631103586,-3.489105538686869,83.44091753578587,124000.04233422162,0
-4.61907169139236,-1.8841446702748086,-2.95052317938503,-18.841353487208565,-11.85930469834379,0.7545547279942457,-11.757263263260572,-4.78335921288158,-1.8877492490939085,-4.27821637938257,103.54954556452913,150000.05206071152,1
-11.059861205279544,-4.595840780604048,-7.143638999194531,-44.75215507345741,-28.45881110410002,1.6312277284317611,-28.218471818226387,-11.407597774359504,-4.604679186679629,-10.125668314074149,153.6140140644831,350000.0909062789,0
-7.358232314995118,-3.0151618065190138,-4.745422843312119,-29.703166106692272,-18.764633603468642,1.2808084055643791,-18.604232121868346,-7.618239982974638,-3.020037182491463,-6.763724620800153,135.32713482496098,235000.07220608284,0
-0.385789700407524,-0.05506987180620171,-0.11643247058173517,-1.7012383170402434,-1.0873285682484677,0.25220334118297966,-1.0256211005070985,-0.2884763077453499,-0.05500199207506524,-0.33149131046126884,41.25551279235285,15000.015969624224,1
-2.9755505540219236,-1.1861026501758771,-1.8659284845243287,-12.713521149404508,-8.067133272659865,0.5353763539196457,-7.999851601520165,-3.0688029227441698,-1.187300444400995,-2.787430781557811,98.03355330380052,100000.04489935048,1
-0.2389309681483838,-0.0457825888932242,-0.12307101569951047,-1.0611447607200282,-0.5998202795549552,0.23439411213054254,-0.6151043421378071,-0.24813333739552978,-0.04773864024954706,-0.2082079030926536,42.50394649775239,10000.015878566523,1
-0.4044762862198777,-0.1358542900296046,-0.2351205838812013,-1.7013728181471754,-1.0073152501291043,0.25631331816363834,-1.019166851076811,-0.4001934385240973,-0.13138220127411077,-0.28447832917224375,41.25551303191662,15000.015970024688,1
-0.08046495725114332,0.020753310472908043,-0.02015797591092668,-0.4209291515313966,-0.1923425845465597,0.2124859457829122,-0.211062431299925,-0.08455820391035354,0.018870189365565136,0.00790085755100194,31.752163083682962,5000.0115797033595,1
-1.2184142941162253,-0.4751631476605625,-0.8148838558871416,-5.1502733489108365,-3.2651088061206752,0.23087349791919773,-3.2301554729285638,-1.24977072278375,-0.47107119826391863,-1.0300366940251842,56.18888679409598,40500.02395738357,0
-0.7570414208130162,-0.25465740549157984,-0.4251650443575493,-3.741315195366093,-2.3448976828494357,0.20727469555274236,-2.3242894866733503,-0.7787952967504573,-0.25481509155294463,-0.7700460328925097,40.510266488711636,30000.0173207132,1
-1.0986756240457098,-0.41838209847984076,-0.7303471714874198,-5.058206434077119,-3.194387611606183,0.27240611329499176,-3.166912039104944,-1.201439693107375,-0.4181641884057881,-1.056912432587668,47.01356215538559,40000.020676447006,1
-0.4869984516728512,-0.13181798711527087,-0.2802658832093037,-2.497298295322715,-1.5644134269396852,0.18473299676932423,-1.5506688096657877,-0.5220441504661542,-0.12889056655054504,-0.49426306272744275,48.00722355795139,20000.018902604814,1
-1.4950423016591052,-0.6259545730016487,-0.9789950016442315,-6.3022083589722335,-3.9748507085707057,0.2949336899614367,-3.940507483730011,-1.6107026324491927,-0.6266947474066761,-1.354468296344591,54.51687626540986,50000.024363413424,0
-1.9073459406395734,-0.7085173936199783,-1.166881909972558,-7.8075000918636235,-4.828490756916658,0.5312897451034035,-4.785515145692243,-2.0076248661552505,-0.7090112940936943,-1.8057392616874532,49.42123471310643,64000.02397390467,1
-5.773586797823456,-2.347771903313143,-3.714774642949783,-23.48507952093328,-14.891624101750665,0.986866490261775,-14.764578542163246,-5.942811381732194,-2.3497192419139075,-5.343479869605719,113.81085409881007,185000.05942153552,1
-4.702538952357692,-1.9171159895865062,-3.008555314734559,-19.148552470127967,-12.166508650038274,0.7343827191556127,-12.06349923054587,-4.8596214393500405,-1.9189613147562643,-4.297919246059073,90.54930957720919,150000.04760328378,0
-0.619737089919733,-0.18812934490313646,-0.37437521753360287,-2.981690261954002,-1.9023127342119708,0.2960380848471141,-1.8337392345853747,-0.6503513221988166,-0.18821142974067284,-0.5946019001834347,42.758718196403706,25000.01755549753,1
-0.2273276418478141,0.03357363876064656,-0.1224063625301089,-1.0611309114949854,-0.5998012748213499,0.23438235488188527,-0.6150816993996183,-0.10989725672603468,0.020614266201876966,-0.2018997342729461,55.5041811781251,10000.020425728597,1
-4.265004611502986,-1.7483941033616677,-2.7400612407791347,-17.514228080169435,-11.115183863585399,0.6993240422352154,-11.022225064361216,-4.3141241632980885,-1.7530518156399713,-3.8631426372478828,97.13542387691813,137400.0485600905,1
-3.0796869051164206,-1.2507360303724242,-1.9762252261858035,-12.725364449187456,-8.06717991664098,0.5354054211384666,-7.999907166995396,-3.2010084580411053,-1.254838104458205,-2.8163302411063453,66.03297544318747,100000.0337029833,0
-4.670581027853846,-1.9086336938879165,-3.004584799297907,-19.003513367101142,-12.039201162154072,0.833458626095525,-11.936190896322795,-4.825323418699975,-1.9126830942187132,-4.320976072766888,93.54936422279467,150000.04861371944,1
-64.13125536512919,-26.828346866839482,-41.56982032804857,-259.4809995405428,-165.13050000464955,8.968685506220694,-163.7386286996635,-66.14736007029747,-26.858193956889018,-59.157385004208095,758.1079282089684,2027000.4805145941,1
-0.7027232298221437,-0.18814723412238718,-0.3743812067769646,-2.9816603410949747,-1.902271093516133,0.2960113169123144,-1.8336895920627685,-0.715627035010341,-0.1882233697673797,-0.6432736207246332,71.75924214016138,25000.027721092963,1
-4.517737915970145,-1.8820441629417148,-2.955395612196347,-19.08128406565155,-12.103946656892898,0.7533638981642388,-12.002682829124105,-4.771353259279118,-1.8834731935367308,-4.301513067285655,76.54905681442806,150000.0426695213,1
-0.5817365409893406,-0.188144701852139,-0.3222595184364109,-2.9816641158274755,-1.9022765561362756,0.296015194748239,-1.833696120957193,-0.6152377452068122,-0.18822165631916196,-0.5768735184217235,67.75916974406708,25000.02630966277,1
-3.2716539337036785,-1.3498116945187053,-2.1372245761949413,-13.89972871594243,-8.779558193841702,0.5750231450241965,-8.705711736280808,-3.38400517399852,-1.3506390181199082,-3.132034942094589,79.53639795379657,110000.03945393115,0
-17.848883877329435,-7.401481083572723,-11.519751603572004,-72.47182861411686,-46.07974326954753,2.576837481627719,-45.66848748151167,-18.46286132227866,-7.409494286343486,-16.470846073976812,241.63457254893805,567000.1447264339,0
-1.279531151070897,-0.46096645465905556,-0.7865573338599053,-5.467942142882365,-3.4551701429552355,0.28642525887686116,-3.4254950534918076,-1.2996496133735778,-0.4607947610021888,-1.1089765347708216,56.134743929888984,43200.0242120314,0
-2.5534795906949443,-1.0544976820358793,-1.7020278836796194,-11.304584079151624,-7.199649173288435,0.5809254248994271,-7.086434787860329,-2.7247916526373155,-1.0553730404324186,-2.524318173461148,94.53031207896638,90000.04258057449,1
-4.678260892844036,-1.9459347203151183,-3.0281857262600966,-18.84134444802504,-11.859291955479101,0.7545462820619923,-11.757248073465128,-4.8424913873225925,-1.9481657107507178,-4.260386626953517,112.54970823924519,150000.05522014524,1
-0.5642534165918774,-0.18626519613162731,-0.3237077890079806,-2.4972839510885083,-1.5643933930047345,0.18472001488658482,-1.5506449306317176,-0.5220508832420363,-0.18916591199461485,-0.4773647207042158,62.00747651637929,20000.023811521947,0
-0.6308991440680064,-0.2394863712618025,-0.41197900713935576,-2.993925567218654,-1.873294573992936,0.20225793563790678,-1.858202651957983,-0.714740500273893,-0.24244793478876206,-0.5476278588070435,58.408682859686344,24000.022969241913,1
-0.40948655022652625,-0.0878328475518751,-0.22704639177816974,-1.7013447645664646,-1.0072763306143526,0.2562885046207889,-1.019120457801144,-0.4314169383184747,-0.08941598505043477,-0.3544173040855889,68.256000790742,15000.025430643225,1
-3.7135450546039115,-1.4647674994336097,-2.3403407974814905,-15.286263969267242,-9.697142341255248,0.6230713586532068,-9.616136379103777,-3.7920097254923864,-1.4680270038862522,-3.3543957188069506,73.03945839685166,120000.03827276482,0
-0.6679074352347051,-0.18813491449482525,-0.3743770994088153,-2.981681073872059,-1.9022998911220743,0.2960297256582986,-1.8337239172692594,-0.7059853979298956,-0.18821515349461337,-0.6467719611111729,51.75888085501728,25000.0207132889,1
-1.6059664381733634,-0.6103717422935432,-1.0048991400864258,-6.670367837268671,-4.1800979205637026,0.386859290599582,-4.143352457828343,-1.6445317935478028,-0.6111650769376937,-1.4389568404803488,51.74293868811022,53500.02373418755,1
-0.6488055809548576,-0.23672955184449496,-0.36940056278492706,-3.1010895982332474,-1.9374058823972626,0.1853571162522304,-1.9202307518121686,-0.7468299878491546,-0.23709707085029597,-0.6241899410187144,39.75866391026869,25000.01653531353,1
-4.736182554388476,-1.9597916609771682,-3.0453851814467123,-18.841362149135986,-11.859316497803386,0.7545618897269482,-11.757277321606514,-4.793799560739552,-1.950551679686889,-4.278208872257206,95.54940116879122,150000.0492659652,1
-10.844453697770348,-4.507810316167578,-7.005781633595912,-44.1254628037891,-28.06677612030106,1.5655763562190192,-27.837230917012896,-11.213187545148546,-4.511064253781967,-9.98370961959555,172.8627725469154,345000.09711978876,0
-0.7264114824273344,-0.22087754379633753,-0.4328634477181893,-2.981821659996544,-1.822295120402434,0.3001453048549216,-1.8272798495012101,-0.7585462980840161,-0.22261557037369822,-0.6241954713180471,45.758772653366535,25000.01860934682,0
-40.15572443354091,-16.77230715605897,-26.0253990739539,-162.33532614226547,-103.27199814015337,5.638835073765424,-102.43632193847526,-41.444735805737785,-16.792645360575754,-36.99188998821894,495.52724117876755,1268900.3081155727,1
-0.008373058451612434,0.04523833750097819,-0.021220504942099514,-0.4209124476979554,-0.19231945551784455,0.21247128128081252,-0.21103486673675112,-0.1016282294764085,0.04380126663598292,-0.05570734080575871,47.75245213772593,5000.017184390415,1
-1.154031405712139,-0.44041049156391066,-0.7227716167197342,-4.927400704522745,-3.1039105564212175,0.2684419545416095,-3.078448972544208,-1.161582783311518,-0.44359706095368523,-0.9891156478817572,67.69864983415803,39100.02782498563,0
-21.633987676319627,-9.006874231170169,-14.013601673775018,-87.70119310205018,-55.80261801749061,3.0518384847203275,-55.332041090979125,-22.35273828538282,-9.018487943276185,-19.952187295777577,274.07775720030656,685300.1686679666,1
-3.3966142811931967,-1.3317000854365,-2.1364460330364783,-13.984782814336905,-8.902037323811903,0.5513571210383663,-8.877926042604935,-3.480165203052045,-1.3348122941962652,-3.128408148356272,58.53601811711667,110000.0321383285,1
-0.7027181519129956,-0.2959561593802878,-0.43970431992653636,-2.9816938171958776,-1.9023173921315866,0.29604059659032045,-1.8337447790319323,-0.7226258715000486,-0.29632367444748786,-0.6241898525350074,39.75866420439633,25000.016514603365,1
-4.501909738923651,-1.8528319877991,-2.936951836598852,-18.81938112310352,-11.83734693799743,0.9082639373900948,-11.735321929240694,-4.687618207936001,-1.854614514205774,-4.295093901517527,67.54889513115795,150000.03943582936,0
-1.3112270794207495,-0.508275148951306,-0.821798936889023,-5.595967296481462,-3.536640803266837,0.29079112946451574,-3.5062737913431787,-1.2287264062063348,-0.511536758930295,-1.1849133453024925,75.48541133299788,44200.031096201754,1
-1.9625350913931587,-0.753128979860107,-1.2010333436663547,-8.11967887352101,-5.111845578979752,0.46086984449042373,-5.06719854632658,-2.0171118722884525,-0.7554623503595421,-1.8349994933265594,73.77199167096423,65000.03266753317,1
-0.5463224081519021,-0.1522471636611267,-0.3090432735892799,-2.4973296239047498,-1.564456803924863,0.18476048788160715,-1.5507205035853326,-0.5302006442951486,-0.15173465958187687,-0.4942347762163918,18.006681681803272,20000.008396188667,0
-1.811972270756338,-0.7317226276702377,-1.199538312445099,-7.664054650865246,-4.852781024137628,0.3092032078058633,-4.811570091721675,-1.8824940501404248,-0.7322390973872951,-1.600164121651019,62.02018971488434,60000.02806941636,0
-0.3857868014252591,-0.10985497866316271,-0.21898989804278446,-1.7013913866610535,-1.0073411010189057,0.2563299382756336,-1.01919766381564,-0.35451254012537226,-0.11007560568651138,-0.28446133205646557,23.255187828725482,15000.009661137237,0
-2.5218895093336937,-1.0136152344409672,-1.6008788242115337,-10.471785999476415,-6.632831438068296,0.4582715564657141,-6.577647462903016,-2.519185046163063,-1.01294885224441,-2.3186521368011976,46.86703544995783,82400.02511885807,0
-4.6759464194907805,-1.933204881892166,-3.012782335718634,-19.127603460832518,-12.142072009839598,0.7545607314451628,-12.040463545435095,-4.8349794664991395,-1.9354397770255665,-4.231525749307773,93.54936378590426,150000.04864474165,0
-3.9800569125055723,-1.6819080581629162,-2.6173620870461822,-16.79369548050489,-10.658803759314228,0.7300635179369522,-10.568290945323035,-4.152763337530848,-1.6838709664434017,-3.7880443595494184,86.17344607384418,131800.04412561146,0
-4.684859899272336,-1.9321839522642763,-3.0137264359180307,-19.106639753854726,-12.182623185950801,0.6795795065148404,-12.079609882905666,-4.816614793525512,-1.9297275694849834,-4.283799901056179,104.54956249293888,150000.0525029089,1
-3.0796859813476725,-1.2518054927685744,-1.9794408706225102,-12.64737976077891,-7.9926833313805545,0.5896625700649486,-7.92400990104612,-3.223907195805294,-1.2529052998560766,-2.8163263763820514,62.032903468040644,100000.03228053602,1
-0.7027163726664156,-0.1881213285285039,-0.3222517619968078,-2.9817037047963453,-1.9023314377646066,0.2960500721991169,-1.8337615201148034,-0.5637407038757882,-0.18820608018676152,-0.624180358063219,29.75848335503494,25000.013000869138,0
-1.5013793848468167,-0.6112238465318218,-0.9764767443974212,-6.4185281204595155,-4.081865495704682,0.3171213476256073,-4.047387974700829,-1.5771746501222101,-0.6145254847399805,-1.4022633409728869,43.5867419953343,50200.02058137923,0
-0.24601060623684146,-0.0693196320365001,-0.1322079625796243,-1.0611551629692044,-0.5998347016517888,0.23440329587788866,-0.6151215347280393,-0.23661926706210396,-0.06477420243947032,-0.1560369168218897,32.50376582841682,10000.012374373478,1
-0.04315807135263712,0.03496597774288175,-0.006662735372209699,-0.4209144293857999,-0.19232226193042834,0.21247317187357173,-0.21103821613169205,-0.027933055256748773,0.03490023991261886,0.007887667084302403,45.752415927504316,5000.016480529538,1
-3.0796883839834894,-1.1860891451044928,-1.918044806977281,-12.704453194798297,-8.04975115191292,0.5140947502987727,-7.98107381233961,-3.154490629448511,-1.1872914554005496,-2.7696580914354176,76.0331560354257,100000.03719467385,1
-25.219103183940522,-10.531000435150487,-16.372849732342615,-102.32661311409245,-65.16310169303898,3.5994919664189537,-64.61376301194996,-26.03651970014476,-10.542147002690687,-23.305718152139924,321.2600641155748,800000.1973517399,1
-1.6651125223588978,-0.6445576248414051,-1.0492723827313846,-6.839238475397019,-4.296877343728276,0.417045144238682,-4.259099412239739,-1.7202725009652882,-0.6471860554433362,-1.4539780932340756,61.26858752027117,55000.02722760383,0
-0.38925185953421926,-0.17433655404612652,-0.2853967045151615,-2.331741509084534,-1.4706046960779853,0.15684766400904349,-1.4578875875632977,-0.4462528319634074,-0.17460296446003826,-0.40457440673454836,56.481899812177346,18500.021718916527,1
-4.704716681397656,-1.9340242486619519,-2.9421807784281415,-19.106711166086757,-12.12466940172681,0.7332664605379157,-12.021661354210474,-4.8452342529077566,-1.936260785372618,-4.301431692239727,85.54921943515868,150000.04583829737,1
-0.7059957444382317,-0.21878798542251882,-0.41195795262735835,-3.1375369295339017,-1.97192296725356,0.206661296068121,-1.9547486727079408,-0.7167839400726813,-0.21834677054537163,-0.6432407591243691,36.758609554960245,25000.015496475884,1
-13.179204229430859,-5.4855055092766065,-8.528494378872415,-53.47724207537505,-34.030031767979835,1.9250719948947403,-33.734192602710145,-13.601372929662453,-5.49174784212984,-12.13353529316964,190.43629129179564,418000.11102155305,1
-0.4735524664208934,-0.14186273934780128,-0.1715337557352139,-2.3414403248389077,-1.4947874397901586,0.2740996033229448,-1.4296405839735014,-0.47999186606434563,-0.1423835706094481,-0.4773673625917394,65.00753098410921,20000.024818886064,1
-0.6743327334887645,-0.18959701413686855,-0.3641804410654659,-2.981670603592335,-1.9022854121905426,0.2960205765859984,-1.8337066622788383,-0.6535928545620556,-0.18950232390824284,-0.6655072840255025,61.75906148734117,25000.024215396643,1
-0.5442515088563428,-0.1341512404451962,-0.28211392320222733,-2.481780797628191,-1.5473509740950637,0.18475611410584272,-1.5350150683682395,-0.5205855742526408,-0.13591828072375942,-0.440696576209086,23.006771990565234,20000.010140207065,1
-44.96533080124201,-18.889320743911192,-29.234313350007138,-182.44462286108796,-116.11533317620527,6.299788780704301,-115.1370203272376,-46.45873065819174,-18.91062318353909,-41.575548917563935,543.2127148241599,1425000.3414022827,0
-8.814502111827363,-3.6336637241454364,-5.695247845517856,-36.1575855002206,-22.981321653030736,1.3375375754958945,-22.78838721727678,-9.143339702450742,-3.639358704505319,-8.1864907886421,141.1424943560949,283000.0794179498,1
-4.6133222275397685,-1.9086457173882727,-3.0045884884779723,-18.84134321060103,-11.859290361684948,0.7545454715811394,-11.757246178586664,-4.809523994294104,-1.9126910115291877,-4.278225827963856,113.54972625154515,150000.05556640017,1
-4.664331604762051,-1.8716356463316839,-2.9012962181029263,-18.841373291592472,-11.859332150294408,0.7545721623276175,-11.757295971986196,-4.822086573273597,-1.8741060163487817,-4.278859601554572,84.54920235308126,150000.0454059075,1
-0.546328805384899,-0.141858193433784,-0.33530355912253584,-2.523809189927838,-1.5928520587547512,0.16342250240495645,-1.5791049772883812,-0.5618332141206116,-0.14238067345660638,-0.4773600329927857,57.0073860706938,20000.022067578084,1
-1.0948561739775617,-0.38863868462226286,-0.6775075801046768,-4.968543684722569,-3.13729560518162,0.26931028372665716,-3.110292381281813,-1.1534380778366877,-0.38599538953174706,-1.0613678945583596,76.76887714931385,39300.03102515421,1
-0.702722239886994,-0.20839251816932494,-0.3723446607388383,-2.981666512868937,-1.9022796924637129,0.2960168633620276,-1.8336998455053368,-0.662309954406862,-0.20898833262200744,-0.624214344917607,65.75913373396952,25000.0256173494,1
-2.4458328070987,-0.9817046774370829,-1.5514894457045416,-10.164437531454887,-6.437179712733193,0.44771579728514393,-6.383632935197804,-2.4720855560026425,-0.9809944003905314,-2.231607713108306,85.02696197059387,80000.0382329716,0
-4.037345057402945,-1.6283024354874724,-2.5794454512456566,-16.28044447560988,-10.229329192471987,0.6668806003631864,-10.141018461409805,-4.1172113887912465,-1.6302343166206807,-3.6934778372762267,105.54322506938341,130000.05064038838,1
-1.0105848819616323,-0.361106051501741,-0.5898230669221383,-4.807781363295114,-3.060762025710946,0.259434914247182,-3.0258571062770807,-1.0405088678397862,-0.3613833817691972,-1.004274589916237,43.31285947944192,38000.0191660846,0
-9.400391821301977,-3.904554323828367,-6.0919234699560105,-38.02608512157201,-24.0620048522904,1.565717667423385,-23.85696915180916,-9.735250933288748,-3.910843542666351,-8.687147677049637,163.098295233067,300000.0888290292,1
-7.738507900493158,-3.239255058502281,-5.062813558651978,-31.89783299174752,-20.267797331458716,1.188661475775242,-20.157829982908467,-8.06092605508087,-3.2447952848018997,-7.202295630014703,151.58219470425334,250000.07957246024,1
-3.8720115692809025,-1.576037178009974,-2.5259121667000715,-15.884770898871752,-10.045892418029839,0.6170851931202913,-9.960047793405877,-3.9289773745954792,-1.5776038050092862,-3.5472762449162043,87.79131435098466,125000.04395913832,1
-0.2968253749418264,-0.09711638051490736,-0.20191622106061768,-1.6393794597993139,-1.01835162598277,0.15534918717257604,-1.0092029569968726,-0.36525644551310066,-0.09991627987198205,-0.281477296301716,62.660358896539464,13300.023330296932,1
-3.681852951196768,-1.4389014301539722,-2.3091063437912487,-15.14640434139705,-9.615636967443349,0.6186834912131541,-9.535316282807205,-3.7979131044379772,-1.4403889193407364,-3.3718446195969465,77.68922462071295,119000.03979614588,0
-2.5857558336370903,-0.9971971831150191,-1.6160200064295347,-10.511715396923982,-6.6250389491685855,0.518356158795664,-6.567693158999702,-2.6147036239760792,-0.9976294201410405,-2.3508291459299793,64.25269947086421,83500.03129932848,1
-0.8611841224704087,-0.27491138785543795,-0.5347158476260714,-3.7413072380538566,-2.3448864217994783,0.2072671523038597,-2.3242760569211245,-0.835409881598034,-0.2755858822247324,-0.7929541262025781,48.51041110866844,30000.020131931495,0
-0.6821807418788252,-0.2713813744333083,-0.4544159829514865,-3.0826640192962342,-1.9166389607353889,0.20542570145799122,-1.901199547520937,-0.7755025834428665,-0.2753547534325469,-0.6242106956123638,61.759061453015036,25000.024241673276,1
-0.2144253866044365,-0.021284602007484887,-0.06900670946035314,-1.0611497560514176,-0.5998273339330442,0.23439881793828987,-0.6151127548411931,-0.20951035323148437,-0.02279891193875598,-0.13828965721240583,37.503856053541185,10000.014121089383,1
-2.049460940633021,-0.8486217864676446,-1.3456596526147746,-8.872215444089157,-5.622250142272841,0.4039160926154184,-5.575579900120964,-2.113530693613683,-0.8477693409150701,-1.962432181710493,45.52307013047876,70000.02332911624,1
-0.2273265447879136,-0.021291362867941463,-0.06360857313128945,-1.0611382621227028,-0.5998114242276478,0.23438874183595912,-0.6150937947164195,-0.16484195773885177,-0.02280341532717603,-0.1383000289807849,48.50405473637119,10000.017973494256,1
-2.5524871949264276,-1.058918194225101,-1.6685073045539889,-10.651253745190992,-6.773888110546074,0.4074761441638931,-6.71668079347835,-2.6600160887528568,-1.0601576174100609,-2.344978131186168,60.18256189000174,83300.02990347473,0
-4.664330459341229,-1.8292556244031755,-2.946740317926877,-19.156725366348027,-12.174689667397148,0.7108661059210892,-12.079052359114284,-4.80712431292198,-1.84431573995162,-4.297900357370966,70.54894814516281,150000.04059329117,0
-4.633519139479258,-1.882040584357915,-2.9553939036748704,-18.81937731919223,-11.837341449050005,0.9082600722101503,-11.73531537197795,-4.7713497032169006,-1.8834706321616705,-4.297900890980576,71.54896748397994,150000.04084527175,1
-0.37778980423419767,-0.12254849623117503,-0.21453871974419114,-1.729033748945829,-1.0754319924099742,0.15843774654226875,-1.0658087390733082,-0.28257212797911063,-0.1180614562878149,-0.3188342574652354,40.9051883871314,14000.015782504812,0
-0.3157301981029544,-0.05652701071255306,-0.15835489644183526,-1.701370274362379,-1.007312015528979,0.2563117361898883,-1.0191630023221037,-0.2712169857941556,-0.05628584225543427,-0.35439367093955243,43.255549054854896,15000.016662049675,0
-1.492175195998457,-0.5207756519132047,-0.8889294541835888,-6.276202797337181,-3.9397797132974355,0.40562818078122276,-3.854042251490483,-1.5187742169562142,-0.5212334703388882,-1.3077753123102092,42.51665940856221,50000.02013770512,1
-0.96239243857061,-0.3314102668667873,-0.5889998585808391,-4.4179710142457695,-2.7868824769163334,0.250480522304936,-2.762837419705348,-1.0127576480371014,-0.3287067673364332,-0.8869840692574569,55.26212196107268,35000.02303361117,1
-1.6519068639064463,-0.6265022996742403,-1.0436655177353706,-7.219400575843056,-4.56271971669977,0.3468983725644089,-4.524965523114508,-1.7310302527545491,-0.628813866939587,-1.5594819401945108,78.96954248242912,57000.033668032826,1
-0.07510913106134343,0.020745302862389556,-0.020160641019900925,-0.4209156508243316,-0.19232384933328922,0.21247399203376874,-0.21104009948866678,-0.08176958099577793,0.01886484939852063,-0.055704520540409995,44.752397972404026,5000.0161355189275,0
-19.690079807114362,-8.204530216525358,-12.772496420865059,-79.89018052289758,-50.72114910318956,2.930103581577623,-50.314133688586985,-20.38008261707413,-8.21523800621102,-18.208730610211752,272.953572423752,625000.1618423467,1
-8.446941601760003,-3.5259943005204,-5.459383567128754,-34.55350722526101,-21.967395524239823,1.2296987771419217,-21.781987561451505,-8.761998233507322,-3.529652433838062,-7.8286427553719165,130.58817192723487,270000.0743625308,0
-10.937393490048269,-4.48446272227852,-7.037321318781259,-44.42836744569567,-28.136957264040497,1.7849117697511938,-27.897597417692868,-11.32293265125288,-4.500022762719192,-10.148895120691458,148.61392478453953,350000.0890506744,1
-7.708664856363276,-3.212674437954859,-5.018742172734566,-31.830351857066727,-20.166684864133597,1.188664625541695,-19.997609922622882,-7.963998935674547,-3.2155912109612834,-7.2216768917379826,149.58215899775044,250000.07883678292,1
-0.7143335902720226,-0.15999411251016776,-0.34809528950878316,-2.8096663968517293,-1.6201455091668837,0.5268080580699527,-1.6029698049909193,-0.7344417447348511,-0.17069220189166795,-0.6241914058603399,41.758700956125296,25000.017147979586,1
-0.22732927693845323,0.00998854107739594,-0.05544866231014179,-1.0611205802714732,-0.5997869028039171,0.23437312897536927,-0.6150645663773672,-0.19096252266875158,0.0103094094808525,-0.13831606231237542,65.50436180077328,10000.023928838147,1
-4.635940988280015,-1.8820424432954572,-2.966423946135587,-18.819374270079496,-11.837337176248678,0.9082572780702056,-11.735310277435378,-4.806050868847075,-1.8834718759673001,-4.301420941271428,74.54902169815634,150000.04189778678,1
-4.664328583972753,-1.9160284814616748,-2.999389496837549,-18.819382714316916,-11.837348809879643,0.9082645574443546,-11.735324141898895,-4.812040596518263,-1.9208818039365345,-4.311541421718453,66.54887724684808,150000.0390982125,1
-14.269497603125545,-5.871284394150388,-9.152794873631091,-57.8611331840581,-36.82193559164083,2.2319858069175664,-36.511667198252134,-14.700733103485803,-5.8775773126481194,-13.128368959865718,203.34733026585076,452000.1191557655,0
-4.635947776442587,-1.8528601046516426,-2.9369616280496325,-18.98728678000423,-12.089541564894098,0.8439254312941085,-11.935128494995885,-4.742867465857655,-1.8546334055882412,-4.301457010494009,112.54970723838649,150000.05526460166,1
-13.096457653844615,-5.4746972899416795,-8.517719765312272,-53.67296858688122,-34.10840864440335,1.9368311183641385,-33.8217404968066,-13.52540111462813,-5.4801595638659,-12.172959084563493,194.13699394393268,420000.1124975987,0
-7.738500839044102,-3.239227980778574,-5.062804558409027,-31.92031434476955,-20.291915051188656,1.1929092172353422,-20.121646463861577,-8.060905184365796,-3.2447772350745536,-7.2188342390659725,107.58139990813217,250000.06416059178,0
-3.661308053263968,-1.4695530527902507,-2.356340497337637,-14.849981834423604,-9.310898108430754,0.7723770623503771,-9.23015820704953,-3.8354699223259887,-1.4705192784509065,-3.3915439341700537,61.688936802975896,119000.034107109,1
-9.389882385168683,-3.877966597957155,-6.05376489552337,-38.37324031237526,-24.40916587616322,1.3573245309763469,-24.203156182625932,-9.713188026528002,-3.8816350471995427,-8.687043998953744,148.09802296109402,300000.0836713764,0
-26.507089158911345,-11.070539537908834,-17.127461488648382,-107.42906166782535,-68.38062567317485,3.690960454797736,-67.8043694196487,-27.382713607447428,-11.08308130077204,-24.47055021719878,336.9928070812307,839200.2070380403,1
-2.6565109131763296,-1.0805850268544401,-1.696459772613141,-10.949463550688325,-6.985705749114302,0.4303196419367032,-6.929698198220076,-2.7228999128758695,-1.077174985109551,-2.426725903023544,65.12850939431515,86000.03191417939,0
-0.6010819414971055,-0.18957790753914117,-0.3641740645520323,-2.9817027034018535,-1.9023300138396348,0.2960491290741208,-1.833759830862371,-0.6535780852677404,-0.18948957778367723,-0.5768386248132664,30.758501410544547,25000.01335042655,1
-4.610418859364694,-1.8820498180821097,-2.994392701166393,-18.81936172177932,-11.837319805563865,0.9082462898217193,-11.735289582490363,-4.772304148752311,-1.8834767881283807,-4.260362006759056,86.54923841196262,150000.04609914156,1
-0.18674303018006494,-0.01996325225292744,-0.11236068954640516,-1.04832977165379,-0.5916559695715897,0.23394664604522844,-0.607005920761545,-0.25427912241952727,-0.021472989200024037,-0.18626986784966232,52.46909467297124,9900.019356294655,1
-2.7627581404840655,-1.1147506545785812,-1.8027621658077104,-11.458857337512711,-7.259098086505619,0.4713901162688933,-7.197289582185544,-2.825887964145201,-1.1141948571125402,-2.566727545755202,64.52977002928343,90000.0321187466,1
-7.055814588312854,-2.9150779568900966,-4.552225318990169,-28.719159691072395,-18.254420123983696,1.0833002148835307,-18.101310008735044,-7.26823746600845,-2.918042679816344,-6.471016235712753,127.82381991963098,225000.06860458563,1
-95.3873671878759,-40.02847045606618,-61.939725257461,-385.6586224429098,-245.41293290093327,13.283761017478314,-243.37966348400622,-98.49563849659407,-40.07352723003725,-88.00163727354334,1074.5270211793288,3013000.695920676,0
-0.49343938483185507,-0.18959941772727762,-0.36418117931330696,-2.981666105959896,-1.9022793637245687,0.29601707720938997,-1.8336994770232022,-0.5983677289648125,-0.18950390505454798,-0.5946235765421921,65.75913362077685,25000.02560708202,1
-5.2981919051171715,-2.15025812009557,-3.364372454831812,-21.75600525751087,-13.844064629630845,0.7672586412663346,-13.727322276307145,-5.458504584446522,-2.1541646899688915,-4.879862202546568,96.55577437655525,170000.0518368925,0
-3.0938170326044,-1.230564589033054,-1.982542887168965,-12.704478351885772,-8.049785924373195,0.5141166878161325,-7.98111525190644,-3.17774760637705,-1.232056637352147,-2.8582748775158726,52.032722657428,100000.0287932044,0
-0.6719074341363057,-0.21878773759480533,-0.38261653802362267,-3.0210907559757136,-1.8574083274442312,0.2619401829815367,-1.8402340141822682,-0.6820836376070007,-0.21834651824058676,-0.6238573128211274,36.75860994087167,25000.015459835606,1
-3.061672940640145,-1.1986448434498713,-1.9286955994965025,-12.713556730135146,-8.067182490677675,0.5354074723109833,-7.999910254824134,-3.106493732187576,-1.2016056493749319,-2.769646777990233,64.03293917216043,100000.03299341418,1
-7.776594980813867,-3.212665462126126,-5.02465305428484,-31.623845927859215,-19.987112617198747,1.3465624556594067,-19.81641261011511,-8.042780492615675,-3.2155851012622856,-7.244717637078929,135.58190681435133,250000.07388273533,1
-0.7027174995223517,-0.1881256391606144,-0.32225319658186613,-2.981696434381901,-1.9023213480537975,0.29604363615215096,-1.8337494940899117,-0.5637440286255848,-0.18820895447791808,-0.6404373932767463,36.75860981777422,25000.015453615226,1
-83.5796854143677,-35.05620112478322,-54.302146485384704,-338.02710937144127,-215.14442428540687,11.59397174198264,-213.3316299152392,-86.25610190745984,-35.0956727598118,-77.09613619137666,976.8567071822754,2640000.6221808805,1
-11.002913612644045,-4.514052257437185,-7.053402234040201,-44.800566009995435,-28.509156407105873,1.784909636660303,-28.268933020902693,-11.230458208650317,-4.518824030363934,-10.12566167241425,146.61388706935003,350000.0884573697,0
-6.2489818456481965,-2.581357791724711,-4.044619375897327,-25.545883439582028,-16.236489940737624,1.127387928374564,-16.099142853739462,-6.439937860679042,-2.5869504796837193,-5.740749226965901,125.0658242045994,200000.06499370516,0
-10.993426592344612,-4.512611442487056,-7.063605688508483,-44.612502377122944,-28.338815476271,1.710109447604045,-28.098471154423756,-11.338093591549262,-4.517550961654231,-10.142596670608253,171.61433953565177,350000.09716731275,1
-0.2579302996793405,-0.05653076398878085,-0.18862169212233296,-1.701230038667012,-1.0873170463493849,0.25219596464423427,-1.0256073786621227,-0.373787064794014,-0.05628836630145804,-0.3133291240178875,49.255657322618646,15000.018771949099,1
-0.38578823412204044,-0.0857263616705793,-0.18782328705497234,-1.7013819869847118,-1.0073280945206213,0.25632169417746026,-1.019182157585239,-0.35494132583157717,-0.08513579205719622,-0.33181249725405704,32.255350417362166,15000.012814160196,0
-4.629524428470754,-1.8514043424419009,-2.947160582385394,-19.09972469796079,-12.159203859251686,0.7533305021399834,-12.002621525173629,-4.795265185857452,-1.8533505246188713,-4.249295571494025,112.54970696349355,150000.05528989158,1
-0.19761737683695313,-0.04613660028995161,-0.15027564353966094,-0.9329626180379431,-0.5983314789601966,0.22589782777153833,-0.5407423715911969,-0.2260683593801734,-0.04626257201234734,-0.1726530265730774,45.1536764329868,9000.016708948824,1
-64.44424902689815,-26.98802594815136,-41.816809342350105,-261.0642306120551,-166.15516473908096,8.991116220176556,-164.75523932721114,-66.53993504730684,-27.01805045259705,-59.53081354011433,772.3119985446617,2039000.4867751657,1
-24.155473074251738,-10.036075810731054,-15.600681399874189,-97.93850860136408,-62.21093653130443,3.37532232812567,-61.8048473504775,-24.978954955077008,-10.047052652596307,-22.259169449668914,298.99853813105557,765000.18584809,0
-11.029798356040667,-4.543268606399785,-7.101187676528932,-44.635698383708615,-28.344281958021146,1.686497497639147,-28.103939867175832,-11.333032868034834,-4.547685231486715,-10.168446509553,163.61419507146394,350000.0943717945,1
-2.9033463026790085,-1.1210274843235621,-1.8352044475582745,-11.944810453776661,-7.607141584012616,0.6028425886618513,-7.4904942200170055,-2.9704666367323997,-1.1219778273255565,-2.670172566776429,95.28191486354568,95000.04338351464,1
-5.90895637233244,-2.414311682814966,-3.7897228589599687,-24.237569326969755,-15.401963785982266,0.92987138306585,-15.27288256184945,-6.079939284450657,-2.4163307244876977,-5.447723038461693,130.56274539699763,190000.0658477421,1
-4.642222858883689,-1.882041213988867,-2.984735201619093,-18.81937634915257,-11.837340059514968,0.908259116242328,-11.7353137150357,-4.790187845453181,-1.883471056934415,-4.30141905472839,72.54898556755569,150000.041197195,1
-0.2993451181349705,-0.08573741205389052,-0.19335760287927703,-1.7013631075667865,-1.007301995200409,0.25630524056089327,-1.0191510642116475,-0.3246494464969158,-0.08514314828607408,-0.2844867819224864,50.25567549598201,15000.019114998511,1
-0.9626052509565988,-0.3279180654250391,-0.5807390484655816,-4.187471477070686,-2.6401600019881553,0.24257397631800787,-2.617345969039424,-0.9620514203165214,-0.327592713623992,-0.8633034187658292,72.63186370156652,33200.02893174381,1
-2.4695259738110815,-1.000764523461105,-1.572971550842814,-10.159233479364087,-6.435460478131813,0.40399646730528815,-6.422175096391437,-2.441719239716075,-0.9972594127195277,-2.1849299727919735,89.02703417610589,80000.03963569223,1
-1.6851957954861465,-0.6006090645913472,-0.960300541956169,-6.779073443670157,-4.1466048112842815,0.6627011050995424,-4.108145990640411,-1.7208903165750982,-0.6011574249255214,-1.5467884305222994,40.61853300039982,56000.02003553904,0
-10.946181371791305,-4.5453487722154655,-7.069173842913304,-44.4283581998115,-28.136944360830903,1.784903433802173,-27.897582042906606,-11.322178572505859,-4.551947713596797,-10.131253859849654,157.61408740948977,350000.0922054891,1
-0.8438348346827165,-0.28532448648310627,-0.5245258333714711,-3.7777514392291973,-2.3793991659931075,0.2285685752822585,-2.3587888076952104,-0.8743004000876464,-0.284955996704119,-0.7697221951819554,48.51041094413115,30000.02014238974,0
-0.6292832490108469,-0.2083832793615032,-0.42315105621779736,-2.9816820323804536,-1.9023012613864978,0.2960306844962079,-1.8337255611166212,-0.6392605762770259,-0.20898217088920978,-0.6432538000280705,50.75886278087468,25000.020361004666,1
-1.8115787455586339,-0.6553045760402103,-1.0845571733468813,-7.463253654933688,-4.754731633143769,0.4494429989993509,-4.662122046660811,-1.8820551401198307,-0.6557349681157902,-1.6888070773436106,66.02026243011147,60000.029423714,1
-0.7173683793740186,-0.22139791520954635,-0.5305578260699391,-3.4435928220146566,-2.1831465803517722,0.19630758310002688,-2.164252600218609,-0.8546581882157218,-0.22151636931515484,-0.6966297655238772,48.63461863445163,27500.01992099882,1
-4.7236755598606885,-1.93524324706773,-3.0347120319571705,-18.84136115254276,-11.859315091412016,0.7545609491181229,-11.757275641750653,-4.852333203717625,-1.9402001480054332,-4.278209817652294,96.54941923692094,150000.04961712385,1
-0.19893809570837942,-0.021292636575957383,-0.11441851283983424,-1.0611363842253878,-0.5998086975325622,0.23438679444889504,-0.6150905383646486,-0.2608644130159013,-0.022804279414017595,-0.23777271687399473,50.50409100947654,10000.018680338677,0
-3.282519342219358,-1.2838006538161812,-2.06042030924775,-13.236609592391016,-8.284014306098205,0.71714312052762,-8.211924900530354,-3.325669630718873,-1.2868579850056756,-2.985604957348572,62.274942671377936,106400.03297126046,1
-4.684325408354842,-1.9086748845847619,-2.968291862831902,-18.81937439392832,-11.837337271441106,0.9082572099480247,-11.735310387446757,-4.827565525158351,-1.910619902286098,-4.2781889858087165,74.54902172215488,150000.04190009926,1
-4.6880278260090344,-1.9321815082237004,-3.0137256455286927,-19.103775087431682,-12.201567109480173,0.7108383850816393,-12.101609786531059,-4.861148607924856,-1.9297259463672418,-4.278213940014826,100.54949016288917,150000.05110609566,1
-0.2358519297015453,-0.039461746334207445,-0.11159987896459671,-1.0611395207178635,-0.5998130352028929,0.23438954064877698,-0.6150957094959647,-0.23989719504045443,-0.04487434627061078,-0.1853121058371035,47.50403678388813,10000.017628793516,0
-4.639129454968193,-1.8292741142106381,-2.9467458431762115,-18.841355466761637,-11.859307510441992,0.7545566260808575,-11.757266613984614,-4.753215596791703,-1.8443278602938986,-4.260376198181783,101.54950935639688,150000.0513578045,1
-8.467483159081445,-3.468368937700877,-5.474453284970452,-34.524894874720125,-21.95722778934087,1.3358347052117001,-21.773756603012096,-8.710251925295855,-3.4726325270971925,-7.828645529302449,133.58822600310737,270000.07540655514,0
-28.434017310871923,-11.888239213060123,-18.47714588647275,-115.10521230201559,-73.24533767190985,4.014138611768677,-72.61335737664852,-29.336834327087782,-11.901397111975669,-26.20688155975744,355.2924618316238,900000.2198672784,1
-4.664332623031781,-1.916043359311773,-3.0155033480668605,-18.841367228006337,-11.859323618605213,0.7545665499773975,-11.757285810194142,-4.8248773978613615,-1.9208917617370165,-4.27820414036133,90.54931080717975,150000.04751149056,0
-7.790494261567291,-3.2329099844192566,-5.051334130025894,-31.791951054469113,-20.1593843838672,1.2863921022657647,-20.00987275004829,-8.091291400685915,-3.24191475722697,-7.207514151192347,117.58158098265807,250000.0676299326,0
-9.35360534292956,-3.915382436301361,-6.099788020047845,-38.36546034517488,-24.401389912093304,1.3629576799158312,-24.19538300146605,-9.741095571411329,-3.9198622870861843,-8.663802598674323,138.09784238314228,300000.08016693365,1
-44.24034567855849,-18.548641457802553,-28.733139282241204,-179.13748778931233,-113.97656617442568,6.2324489986190486,-113.01697025373137,-45.72944060622451,-18.57218085675073,-40.78827837495959,544.4547919831111,1400000.3391598074,1
0.13166844453782686,0.1179072051380131,0.09901525058350072,-0.03665027632786226,-0.02784847512512099,0.19521785154389595,0.024933256459684833,0.12961383579979313,0.11817012134223796,0.07785248876273049,39.70135294416781,2000.0140435699243,1
-0.3601269602976524,-0.14648586404959701,-0.25158222102194894,-1.959537496227363,-1.2221602720809057,0.1663479370744657,-1.2113071103851771,-0.3414471465112457,-0.14203025747178322,-0.3545291525502042,19.53537443125583,15800.008484309104,0
-2.3982869501010073,-0.9014508920366527,-1.4955887646794181,-9.871507010778018,-6.217571313817697,0.49645445621399614,-6.163663234739442,-2.4629608622893904,-0.9021632946306145,-2.187715704876217,46.500789626952006,78500.0245480785,0
-0.7532506717835189,-0.20837899155862108,-0.4034612357745575,-2.9816894745372333,-1.9023114908568106,0.29603703267349246,-1.8337377422503827,-0.6737417965076018,-0.2089793207622803,-0.5768509169330467,43.758736303093265,25000.017911444265,0
-3.0796855860317063,-1.216740680893836,-1.9373131704311268,-12.679034890310914,-8.029040322182755,0.5341992779213004,-7.96210946852584,-3.15780617553085,-1.2174219419439696,-2.787393987371355,59.032849072946696,100000.03123459894,1
-6.218169370700259,-2.5473582240953982,-3.9845111142590004,-25.51804309251134,-16.216978242074195,0.9737254321706473,-16.08103678752598,-6.407070062951094,-2.549531539155213,-5.740406319516293,111.06557146948455,200000.06007761712,1
-4.633519782784381,-1.8820430469084077,-2.9553947228491326,-18.819373162530663,-11.837335681496441,0.9082563956364631,-11.735308497877758,-4.771351602246641,-1.8834722739602288,-4.3015118136384665,75.5490397430426,150000.04224667492,1
-0.9615370474910323,-0.37373283048589895,-0.6005438317699487,-4.120731944240826,-2.5904926115829126,0.24084003093290804,-2.569360866288971,-1.0008782288303477,-0.3742151556579387,-0.8049071335089498,51.491354806322484,32800.02148141852,1
-6.267664639058637,-2.59747609949865,-4.042834265708777,-25.405770047517453,-16.114117769995882,1.0526295597497188,-15.976776492566641,-6.452314091832704,-2.595771174344361,-5.7348895915928555,104.06544547989552,200000.05759987675,1
-13.221423403553347,-5.504817181132633,-8.571704391399846,-53.70798477362247,-34.15828015722816,1.9257755680784356,-33.874591042060494,-13.6548103953361,-5.510645043115885,-12.195633150890403,208.13724679469075,420000.11742569035,1
-0.6805376284709506,-0.1788310925641917,-0.30785219235911815,-2.892031736634406,-1.8452265480468453,0.29294589535218185,-1.7771265107331933,-0.5927294760201399,-0.1788973738945302,-0.5564083284227284,68.51396091943593,24300.02650368849,1
-1.4950438054363733,-0.6291869830246376,-0.953437015314485,-6.338643032315006,-4.0093503426666866,0.316226937257635,-3.9750046125776506,-1.5407619557325352,-0.6184508504540412,-1.3548082675621003,63.51703863468117,50000.02752382316,0
-17.846097412323136,-7.401478011481473,-11.525399436756535,-72.49635561935509,-46.10427230110481,2.6612926732544104,-45.71492599863666,-18.39218999921385,-7.409492238051077,-16.489894976724088,236.63448199648008,567000.1429823455,1
-15.770310452581123,-6.561009041646597,-10.223343504037507,-64.32253237298751,-40.90943985226081,2.3006335493214807,-40.60255236257574,-16.321549781492397,-6.569990931290297,-14.618723363314775,234.21409731962095,503000.1353556895,1
-3.0796921980097265,-1.2291238350389126,-1.9619799320781335,-12.678992340885896,-8.028981246032028,0.534161561186652,-7.9620390587424845,-3.1657562002507373,-1.2306060333007258,-2.833273836190952,100.03358975853232,100000.0456003474,1
-4.505873022604699,-1.7848769666911988,-2.901011343018556,-18.409364480345687,-11.660044211410746,0.7868758407416284,-11.560460580428979,-4.608712903905397,-1.7867473431052827,-4.148954620004575,115.79817675860882,145000.05588375023,1
-7.069826252527952,-2.944564736351098,-4.589385556510005,-28.8194411044391,-18.289627737298467,1.0860378988959252,-18.136241275840003,-7.276806095348121,-2.951544710220816,-6.5392820281699535,122.13900346267681,225900.06670144235,1
-0.37629735623889826,-0.05506308789177419,-0.16855097679941283,-1.7013840212493643,-1.007330946534763,0.2563235595410231,-1.019185555696589,-0.3788350473616645,-0.05499746539557752,-0.3022198726364914,30.25531423621943,15000.012111920993,1
-1.4950463293208103,-0.5410481511587114,-0.8430793852035198,-6.3021808832634205,-3.9748128799752354,0.2949100484978707,-3.940462398036357,-1.4801674920322307,-0.5420166240025854,-1.3548242317991304,80.51734575067705,50000.03346253171,1
-1.480105529863544,-0.5938454217165506,-0.9421512777188619,-6.318579177940063,-3.9925966219788203,0.3000722928580631,-3.959585691015625,-1.5585433807326625,-0.583683595814465,-1.3972306194958024,47.51674970621699,50000.021913558834,1
-2.81342886450228,-1.1275882498532908,-1.7994110361167837,-11.559223414611608,-7.2163931590688195,0.6597247480145257,-7.1532998242308645,-2.9386190097576192,-1.1281697099451398,-2.637342675171732,54.68564211798388,93300.02892456524,1
-0.8656261191648622,-0.2874202987532733,-0.5260654675800536,-3.7152699599691386,-2.3097710960571955,0.3179328679296801,-2.23775798794835,-0.9151528290980958,-0.289228999811033,-0.7230584791923614,67.51075443189484,30000.026776275878,1
-0.06491082410977206,0.009986748046331151,-0.05544919859134954,-1.0611171276651787,-0.5997823059146913,0.23437054607130173,-0.6150591074916646,-0.1076588846600112,0.010308234077761809,-0.1383188628759373,68.5044159268472,10000.024971938643,1
-3.846657028453369,-1.5408430035265224,-2.4217067329228925,-15.784738501220579,-10.024411537529236,0.5867063304996962,-9.93911678035036,-3.953841665349464,-1.5440635867802723,-3.5280927538744025,85.511018769239,124200.04308210575,1
-1.5289413738824924,-0.5780647093642035,-0.9822380063798006,-6.010808057471801,-3.6576220817661715,0.6364048284635923,-3.6232843771797136,-1.6079555489810866,-0.5785152073383839,-1.3544490123321458,34.51651593491839,50000.017269387856,1
-1.446775605828203,-0.5410356561812713,-0.9180187984035365,-6.182805737993599,-3.9397531125364145,0.40561199460521474,-3.8540106638139395,-1.4915997980806095,-0.5420082286256652,-1.3366355159999854,60.51698468999801,50000.026431248036,1
-0.7027233149757776,-0.18814781002731734,-0.3222605832105385,-2.9816590896762354,-1.902269488694933,0.2960105119637546,-1.8336876841866787,-0.6156313013713364,-0.18822373927652444,-0.6291419890366768,72.75926013262111,25000.028066660136,1
-3.931936678870237,-1.6159449506277141,-2.5730993447458568,-16.539908873764503,-10.473932361416736,0.6656648725241419,-10.386391772737795,-4.151786738564764,-1.6170674870975075,-3.6756398213879384,105.54322399497065,130000.05071016682,1
-2.3042137025390232,-0.940227137214701,-1.4064682815826535,-10.143535460211316,-6.419763793554119,0.4264134810944337,-6.3648148953722785,-2.4428424942127713,-0.9416452972170204,-2.2485201718449757,86.02698004112334,80000.03856857526,1
-1.5354227356951105,-0.6034072417036755,-0.8839535234152267,-6.276211385821833,-3.9397914619279755,0.4056353770724722,-3.8540562456659155,-1.5738093245190428,-0.6041515156125778,-1.3713609113311553,34.516515074263864,50000.017342242034,0
-1.495045985987297,-0.5854503611957309,-0.9411759250358492,-6.323084885565496,-3.9922315646018527,0.3162142762095889,-3.9592837412512503,-1.5473009675884288,-0.5887987137116857,-1.3544899889033317,77.51729155841811,50000.03242268738,0
-23.56680195119297,-9.839117843181613,-15.28911820721131,-95.34527695384344,-60.62129640232652,3.3390922852991394,-60.10903152812717,-24.324699352233136,-9.849968092334496,-21.72692084902587,323.3429397160391,746000.192327858,1
-0.8260938808232341,-0.3193160304664112,-0.5456356661119387,-3.7622069503387663,-2.3622992394123115,0.22856777371379472,-2.3430904073092904,-0.8991786143577811,-0.3223695833048574,-0.790200666355562,49.51042914470604,30000.02049029746,0
-2.28736868997667,-0.8534491132403701,-1.4710856907016872,-9.50330886687474,-6.012270588432825,0.40449497159711134,-5.960754483847828,-2.3478996682065962,-0.8542736395718961,-2.1273816267058603,86.27539548836415,75000.03813569255,0
-0.23933280918439492,-0.0315619370034267,-0.10957314285882255,-1.0611436815943676,-0.5998188055969074,0.23439321649927283,-0.6151025868527901,-0.2580746947159625,-0.03170327366487949,-0.1483455576447495,43.5039644918464,10000.01622679798,1
-1.4916189382749412,-0.5535327203793143,-0.8945048512132819,-6.3740292969407815,-4.046669672828987,0.2614653874525831,-4.012325019111354,-1.507932519784499,-0.5556436128230491,-1.3749505914472642,59.51696619301895,50000.02612922242,1
-0.540299930626039,-0.18958650436850408,-0.36417689744465487,-2.9816880049807555,-1.902309708564443,0.2960363395866201,-1.8337356369941644,-0.5983577935270584,-0.18949530084733202,-0.6235333568462392,44.75875431341685,25000.0182526002,1
-0.3763004163226729,-0.05507319538155772,-0.1685546032069257,-1.8297203931971358,-1.139824207886544,0.16281672531303581,-1.1309146790996,-0.3788432508617584,-0.05500429472893773,-0.3480762850272139,46.25560287141173,15000.017754307471,1
-2.3349024875989075,-0.9380396707508821,-1.4865980548487676,-9.716313379071268,-6.151982439675735,0.4324036655772496,-6.100847826464592,-2.370387191276067,-0.9417915228391059,-2.1461583713023744,51.80024941269282,76500.02622305947,1
-0.2907152246261817,-0.07689316146059393,-0.19735290583702927,-1.4573764767886999,-0.8953041255323839,0.14965012088578578,-0.8884496359680539,-0.34995847632884525,-0.07516550690429655,-0.19678813412690435,63.20495560147776,12000.0233795123,0
-10.72030981732301,-4.4653905827050835,-6.974909221916927,-43.59350430914728,-27.721192473463848,1.5391773626987408,-27.487311934984255,-11.111812979161702,-4.470108673201431,-9.88418308099643,135.3206959911257,340600.0835113848,0
-8.65359476454204,-3.585184906391804,-5.586906548998208,-35.07017175853114,-22.31632277463406,1.2151271599185771,-22.12817123765928,-8.90888285585627,-3.592000187571927,-7.885785681568534,120.98926977550202,274000.0714306718,0
-3.0562236242707415,-1.2714656208468287,-2.0100970644949756,-12.903606833428974,-8.188397429362922,0.5019703824093413,-8.120101013740472,-3.2407893634013534,-1.2729740343443443,-2.854339759596536,67.48841487583876,101300.03435259074,0
-2.762758109864242,-1.1176765553136148,-1.7704032521053765,-11.444912482480403,-7.2521957216350525,0.4915706864844924,-7.191789008929076,-2.8738676997474943,-1.1216286649075178,-2.4950290196467764,64.52976999800678,90000.0321149878,0
-0.22732404465746642,-0.03945251168906008,-0.11159680598059106,-1.061155102772531,-0.5998346596354477,0.23440333037167901,-0.6151214827538872,-0.23989007069562648,-0.04486818935120439,-0.18562763853840705,32.50376582410936,10000.0123736666,1
-3.872014291326351,-1.5707049110464704,-2.497107646793183,-15.92645883606589,-10.104591220530411,0.6449611156644777,-10.020143952850448,-3.9219437196782034,-1.5725620208804774,-3.5642029627887197,103.79160311811589,125000.04957896839,0
-3.0482923546247083,-1.1875383496973513,-1.907843894391259,-12.713555773036667,-8.067181117070028,0.5354065098152827,-7.999908611047235,-3.1853378174431137,-1.1885700401867265,-2.798490985118525,65.03295728210473,100000.03334598649,0
-22.95113963573844,-9.612827287317652,-14.910657836480949,-93.02632366177556,-59.245556654029585,3.2624425182906402,-58.747723530324045,-23.669863008228585,-9.626419833074392,-21.19009099577025,267.68589500592617,727000.1708579236,0
0.028748350132755254,0.047326362249949974,0.02902587413177461,-0.4209184762214436,-0.19232794422605168,0.21247690638674555,-0.21104499164858823,-0.04664337599044317,0.04806915383729004,0.007891452395940624,41.752343648840245,5000.015076490727,0
-0.6932267277399249,-0.1881244547949903,-0.3743736263273983,-2.981698774696372,-1.902324432496246,0.2960453331454769,-1.8337531643379021,-0.7059773432225376,-0.1882081821431891,-0.6404355315603883,34.758573766579396,25000.014758391433,1
-26.472359702128436,-11.084994643334653,-17.193646571660913,-107.34567542893356,-68.29284916415826,3.7734428777432694,-67.75525144689412,-27.31212889053336,-11.09714548155775,-24.393804838391794,325.92254362053313,839000.2031200211,0
-0.3157295527522814,-0.05652454593183856,-0.1583540753019235,-1.701374423880932,-1.0073177763886696,0.25631541666208163,-1.0191698694564661,-0.2712150840017971,-0.056284198274490556,-0.3318190715224263,39.255476777893904,15000.015260092068,1
-0.7027158722829031,-0.2498491837547502,-0.46491362743285225,-2.8096768058304544,-1.620159925215083,0.5268172299704086,-1.6029870017332764,-0.6005950732564537,-0.24832331921047482,-0.6661347485192032,31.7585204022957,25000.013645849565,1
-0.8354793365022871,-0.32274270518463644,-0.5425833471822221,-3.715877556304948,-2.324159769080662,0.22736153750950866,-2.3052928551184317,-0.8930834558995342,-0.32318479525417215,-0.7866280609133061,42.51030286360152,30000.018025911362,0
-0.6944802847734214,-0.23905061415268922,-0.4203330089410207,-3.137524438134371,-1.9719056412414353,0.20665027472403785,-1.9547280284912625,-0.6988119012885216,-0.24468837101192065,-0.605699045424665,48.758826301105955,25000.01969911055,0
-14.174279866441632,-5.896819579847468,-9.166631516781164,-57.52019392972307,-36.5740896381061,2.048241611453552,-36.26508027512646,-14.677983872759434,-5.903540075136215,-13.031579348926666,203.6467005814382,450000.11902491195,0
-0.3857921416076632,-0.10367935777211487,-0.25160014755941285,-1.8206222614822598,-1.122400228262931,0.14150847944625586,-1.1120870117244772,-0.4488903308374614,-0.10389383521483612,-0.37312919888837515,53.255729530619746,15000.020208712947,1
-6.914527567225765,-2.860764372474938,-4.466673978177919,-28.218818335935453,-17.92846805683833,1.0657927428061458,-17.77811232610982,-7.159418315288551,-2.8666781042761382,-6.307358878669091,98.4220174630183,221000.05788073636,0
-0.637733378997101,-0.20070681994688644,-0.3850334908270811,-3.1219630492171637,-1.954782440010884,0.20663492182013185,-1.9390018898212624,-0.6841758528903202,-0.20254022416382403,-0.6242144691526582,65.75913340865394,25000.025646438342,1
-12.857298649021585,-5.328331331332652,-8.315541527316855,-52.33331142995036,-33.29562749176538,1.8685242779055855,-33.014770581483795,-13.27903496183381,-5.333628894813321,-11.85134927480888,191.28344606940544,409000.11036119564,0
-1.666071485234498,-0.6819024803302444,-1.1257168280093799,-7.719367052478939,-4.917760670812341,0.45823096993402707,-4.823784082177396,-1.8087754269903444,-0.6823674995412313,-1.7286240795034602,43.72049515219402,62000.02181210942,0
-1.4950428588132338,-0.5934732035333764,-0.9337354224350086,-6.18280600758754,-3.9397533206993836,0.40561184482763196,-3.8540109042785096,-1.5646895567891006,-0.5942121421209338,-1.3586820727390045,60.51698481020014,50000.02643753005,0
-0.29876380579742134,-0.07238440540310606,-0.13191458985979646,-1.0611553272524648,-0.5998348314552466,0.2344032084776046,-0.6151216820048874,-0.29764245520876964,-0.07525062711351235,-0.13828498068930048,32.50376585523991,10000.012377696978,1
-1.811969252998321,-0.6663989798845044,-1.1054050865277731,-7.6035720025857705,-4.807264650895013,0.36008036565170326,-4.767460169882133,-1.82915618992274,-0.6687625953587374,-1.6468295247438482,45.01988271927656,60000.02209506756,0
-47.4659428979048,-19.79245108951386,-30.732761864871527,-192.00810280098383,-122.18780888627606,6.618397317659575,-121.15781494426501,-48.97125469984329,-19.827700816160295,-43.73077366190248,544.4865749074909,1500000.3497924763,0
-6.1979630771039105,-2.5974724236905162,-4.042833050505414,-25.41647020690456,-16.107087668292426,0.9300229596978961,-15.972359939545505,-6.36740346833819,-2.5957687310304647,-5.740062496802764,98.06533716883993,200000.0554929953,1
-49.82673584159388,-20.814010535497722,-32.272300088157046,-201.6200298753694,-128.31521878943607,6.946363156613946,-127.22676730645414,-51.31413840694803,-20.837095314675697,-45.98340989750084,611.7616270959221,1575000.3813152348,1
-1.2843475873429955,-0.5188382984829106,-0.8078029245177368,-5.5430033896376925,-3.503239821896008,0.28991273663164524,-3.4744114001558883,-1.3686077942108537,-0.5191111700795348,-1.1612294800747498,77.41538276962542,44000.03174865687,1
-0.2529517772502643,-0.05319586529262621,-0.11788252572013334,-1.2013051767632532,-0.7323338062200248,0.14090010075439038,-0.7268576052029382,-0.2387251575148602,-0.05594989963498316,-0.2269358476667025,44.50398220494443,10000.016617368108,1
-0.7113726602191511,-0.27592559460268296,-0.45780918332695575,-3.1530711935453786,-1.9893797365453267,0.15753716294504722,-1.9721993813585736,-0.7457126392635536,-0.2788454322378288,-0.6057085288033563,58.75900698321019,25000.023210756237,0
-0.43627581778897206,-0.14633218385493008,-0.267899448165371,-2.097630384336592,-1.3028350543302643,0.17159237545526007,-1.2925549978419337,-0.44032933217543113,-0.14919295752873915,-0.3902911488217593,36.956070590833825,17000.014712380747,1
-17.59649540493511,-7.3627256817694775,-11.419904852976298,-71.33995861219536,-45.407192299490895,2.5369931216693398,-45.01549968539132,-18.176345946113706,-7.37361508378269,-16.19016218820263,224.34127232817497,557600.1377030144,0
-4.658971791064385,-1.8820467605572206,-2.9943917086367535,-18.81936705532726,-11.837327124065938,0.9082508132127427,-11.735298298585203,-4.827037082224718,-1.8834747575625153,-4.231514044295093,81.54914809895597,150000.04435000557,1
-1.7601984137369593,-0.709045801339503,-1.1192162305844926,-7.34746563377699,-4.6442454885426185,0.3512989456995573,-4.605809934801437,-1.8252753212252006,-0.7099050030790015,-1.5416884077781652,60.31952350150008,58000.0272466708,0
-0.8294880282062709,-0.27200978471005416,-0.4649443405674063,-3.3259276238109514,-1.9760591046224278,0.37787640958401153,-1.957117118372907,-0.8129379635593196,-0.27162899578898636,-0.7932614334272882,35.15985320060603,29000.015266799626,1
-24.884412106458743,-10.271091711995632,-16.03276741891901,-100.80879971060992,-64.12985801030061,3.4974710727011273,-63.60872666488905,-25.713698130392597,-10.270978304477383,-22.913803414894748,321.0562465577432,788000.1960002996,1
-0.22732289013914195,-0.01919294188763833,-0.10322274878533697,-1.0611622930131503,-0.5998446906124928,0.2344098124213975,-0.6151334386294482,-0.2102057590722668,-0.018528621358769093,-0.18562102410765527,25.503639337621994,10000.009919631968,1
-8.625950152002543,-3.5161171013854475,-5.515389691179082,-35.02713530895624,-22.22672678766791,1.2982512051678199,-22.039577179682205,-8.883716338968629,-3.5197604479616253,-7.949802831755825,153.3401725094735,275000.0828137615,0
-7.752003318337828,-3.194570840416483,-5.0160365149438295,-31.95329401724615,-20.338331143004932,1.1886702803478317,-20.157847890105863,-8.0448628896457,-3.1997698303835542,-7.2022862255793,141.5820138448291,250000.0760798087,1
-3.703056155496417,-1.495226067657885,-2.3736182266690333,-15.208272075183148,-9.622635710846149,0.6773220326993491,-9.540227143138262,-3.8200246851331117,-1.49701373298494,-3.37215041989687,76.03951292353793,120000.03930436389,1
-0.10048048483344811,-0.00981217873260351,-0.04616706529773083,-0.5777900177560952,-0.345030473628436,0.07983087056888694,-0.3439615269179505,-0.11642074823366579,-0.012430240383956341,-0.05852677613425485,64.75275882077891,5000.023188084285,0
-0.6997344084663601,-0.2187827612595244,-0.38773000765999266,-2.9818391790771197,-1.8223195210302878,0.30016100856712286,-1.8273089339708877,-0.7127215760236238,-0.2183431824558604,-0.6235182740276426,28.75846552789423,25000.012650454613,0
-26.180357436306483,-10.927589066702724,-16.979693290656005,-106.39247989846476,-67.66547772985298,3.723784084670792,-67.12980530861397,-27.007500875656522,-10.939565659548983,-24.218743438233517,333.47045533926973,832000.2049979955,1
-1.4971123187607915,-0.5514391183363907,-0.9265136884837001,-6.338662615853828,-4.009377623790543,0.31624449608522864,-3.975037124854045,-1.5116333458423636,-0.5513719939087673,-1.3544588594360896,44.51669532559058,50000.020864280574,0
-3.7135448308117014,-1.500806126728592,-2.4127314675001217,-15.239345906409467,-9.644640318800755,0.7124528677735438,-9.510835092056787,-3.828121163981831,-1.5025944068935684,-3.4344371678209664,73.03945876416444,120000.03826031258,1
-11.32311969254213,-4.676316564676309,-7.30700600973137,-46.00526307721391,-29.256709433058735,1.6750711065661963,-29.010908352442858,-11.676027116053563,-4.680887056413498,-10.42223965134816,146.11705689017856,360000.08932851336,0
-2.16240249557365,-0.8841010641718786,-1.4168468391296927,-9.423323277216557,-5.932291568888309,0.4810901138327188,-5.88077985319902,-2.2390106042422095,-0.8844043312358503,-2.1023201099276267,70.27510665618438,75000.03249904755,1
-10.960136324593043,-4.545355986934301,-7.061569871775922,-44.68967729053332,-28.389188450338043,1.7205959474024268,-28.09744746340202,-11.337633089946392,-4.551952678148583,-10.126013772579057,168.6142851959353,350000.09612958576,1
-0.05596484803480563,0.0452303610631444,0.03389936327832037,-0.4208988300247241,-0.19230062857495014,0.21245939264483577,-0.2110124285701827,-0.04595136721741966,0.04379595787131207,0.007873518457774498,60.75268687855198,5000.02173530072,0
-4.582709355106972,-1.8639538367506279,-2.9578092555558855,-19.08126957485924,-12.103926519593397,0.7533510036450899,-12.002658822786449,-4.77343794724897,-1.8676605659232992,-4.297919129507798,90.54930970012025,150000.04757568287,1
-5.573530904620503,-2.316531238829118,-3.617908352006191,-22.81801427439781,-14.498133750099104,0.8803398346877029,-14.375410022595075,-5.780963330618459,-2.322801009777075,-5.12154925977079,126.60408247969573,178700.06327455892,1
-0.7027178160356301,-0.18812686483260455,-0.3222536012304589,-2.9816943381048593,-1.9023184474591923,0.2960418076599953,-1.8337460395387184,-0.5637449711995958,-0.18820976989412605,-0.5945981175036561,38.75864590233743,25000.0161529238,1
-0.38579117078528197,-0.07532442288137257,-0.232390876972378,-1.7013633982319902,-1.007302229012077,0.2563050883265717,-1.0191513276889936,-0.4106324958633162,-0.07577314537229228,-0.3480799203343013,50.25567560844204,15000.019122950405,0
-16.79548123652296,-6.9357719634449175,-10.799374655365366,-68.10827936992177,-43.34637185050568,2.353999611038772,-42.98105586916314,-17.323145840843562,-6.943260705479972,-15.463794056301902,234.37331701248326,532000.1385090838,0
-0.5629389923612493,-0.20237570559743082,-0.3380291067911136,-2.497319396216386,-1.5644425064677783,0.18475120305910284,-1.5507034627187213,-0.5637578696262139,-0.19798147687790946,-0.4970474119473908,28.006862397972,20000.011903018563,0
-3.875310951871287,-1.5626961378954283,-2.4724500253339383,-15.746295594563065,-9.88138348751292,0.8030592364243795,-9.795836682510574,-4.020910302087084,-1.5637668457604,-3.571313015503922,65.14122389773438,126000.03605591525,1
-11.0240885033874,-4.580702948524784,-7.128905328258706,-44.63050547214624,-28.339080952021668,1.6269941602978104,-28.100430843117227,-11.376816815768994,-4.585924821566536,-10.142608047721943,183.6145564629525,350000.1013787302,1
-18.932392694045056,-7.896369317309106,-12.266593572483941,-76.78990523651193,-48.86177186287325,2.705733570833448,-48.449763363134494,-19.546703651977996,-7.907147430986763,-17.45193303781128,257.19534158885983,600000.1537107687,1
-3.03955494942269,-1.2507267913369369,-1.9762221455907698,-12.725379998024911,-8.06720151436267,0.5354192275451217,-7.9999329103578996,-3.2010013175697636,-1.2548319428876948,-2.8332276615690217,51.03270449397356,100000.02844733957,0
-4.6778236961252775,-1.908690901661497,-3.022100863320486,-18.81934741768834,-11.837299809180188,0.9082332895610252,-11.735265741642982,-4.832848216489425,-1.9106305846624432,-4.278544979734387,100.54949139670461,150000.0510096176,1
-24.231266123932357,-10.09330287417088,-15.683539705245922,-98.42092186490471,-62.61240479662255,3.467912065428833,-62.122662477535535,-25.002748455175084,-10.104340327644323,-22.33822544840671,318.5052570162892,769300.1931238219,1
-10.905307177319045,-4.545354884080448,-7.0691764690408325,-44.72247631336862,-28.43105865703274,1.617911670473854,-28.19071571825653,-11.322184203893386,-4.5519519888910525,-10.145395257725177,166.61424891124773,350000.0954421151,1
-3.079690169860184,-1.186095926945678,-1.9180470713539908,-12.704441812269001,-8.049735331117859,0.5140846136123789,-7.981054952862087,-3.176351417848213,-1.1872959803292917,-2.816350011037909,87.03335479291681,100000.04105032234,1
-4.664335394512532,-1.8820591723936893,-2.9847419259624686,-19.181269165122853,-12.198053467176248,0.6997888320592349,-12.096366247466424,-4.806064936836499,-1.8834832833091846,-4.320171810317877,100.54949006045258,150000.05111205415,0
-0.6679096830061731,-0.18814352928234399,-0.37437996287056485,-2.981666512299416,-1.902279692261038,0.29601686488586915,-1.8336998449902753,-0.7059920394066753,-0.1882208957391439,-0.6242143429642619,65.759133728518,25000.025617170926,0
-1.6391433820624446,-0.6152996135723513,-0.9959638178318007,-6.62949969302905,-4.0787266805036015,0.4909754325978975,-4.042071931218129,-1.656958318071171,-0.6153069317085049,-1.4481039557826538,33.198017590292835,54800.017312588716,1
-0.3290565510929835,-0.08781494808754993,-0.1741243518502224,-1.7013746435060033,-1.0073179444578473,0.2563152949882863,-1.0191700645795352,-0.3629318368397576,-0.08940403458275566,-0.3314894107635289,39.25547685934711,15000.015264687361,1
-4.664333956387769,-1.93217652886732,-3.013723930857563,-19.148550158362255,-12.166505578462896,0.7343810037405227,-12.063495582800652,-4.731701221070752,-1.9297226057159842,-4.282414603780144,92.54934563829573,150000.0482985337,1
-1.4950461518898692,-0.520799589200173,-0.8368165665869157,-6.182783923455699,-3.939722850508098,0.40559269232623196,-3.853974585114913,-1.524626841838056,-0.5212494049800411,-1.3551547490971134,81.51736403549351,50000.03378899418,1
-0.42327263214593114,-0.12161681810855021,-0.21934915183449885,-2.3414350369906294,-1.49478015359686,0.2740950579768354,-1.4296319078157107,-0.45166879884596073,-0.12161817461826455,-0.47737207024624617,70.0076212709316,20000.026568426052,1
-7.8406424967808865,-3.1124176457132218,-4.959520336610792,-31.808021109171914,-20.18902686695577,1.2717961452143536,-20.017353127728605,-8.042349206506033,-3.1042608837411376,-7.196755257085836,119.581616876759,250000.06832994305,1
-4.681181603408253,-1.938184297571586,-2.950136170186367,-19.459557237217027,-12.244769835399074,0.9301371784215594,-12.139298527580873,-4.896405805387263,-1.9407232828632015,-4.42441343039939,116.30136491804681,155000.05704528242,1
-4.6643363821118715,-1.8332422140643414,-2.917112777873444,-18.84134197670455,-11.859288786135508,0.7545446695530907,-11.757244291838992,-4.771921124279253,-1.8164510803411478,-4.278226742384603,114.54974420198036,150000.05591302543,1
-4.6643353035586355,-1.8528567750924807,-2.936960249159321,-18.841349388619157,-11.859298983023464,0.7545510256968597,-11.757256443465094,-4.821057039930324,-1.8546311008967054,-4.278220154472199,107.54961780971821,150000.05346354021,1
-0.5985763510207086,-0.18812624676333928,-0.32225338899796374,-2.9816953459663664,-1.9023198621410895,0.2960427397068152,-1.8337477291857731,-0.615223525571891,-0.1882093567579024,-0.6404383329468368,37.758627889361954,25000.015802323207,0
-4.651341185666969,-1.8616152398004238,-2.955958997274706,-18.84134939795333,-11.859298989710597,0.754551019275784,-11.757256452184388,-4.80955677496598,-1.8606291452147685,-4.320178021900511,107.54961785351239,150000.0534645664,0
-4.664331480380171,-1.9083375011485755,-2.9989055694682,-18.841374451009525,-11.859333675079482,0.7545730135261901,-11.757297795164492,-4.814240500957244,-1.8974463660175378,-4.278197529662007,83.54918433696865,150000.0450581154,1
-0.613430454392393,-0.20145343356607542,-0.34284284229513046,-3.2291009199454823,-2.01885755251951,0.1897112195726748,-2.0009868613443444,-0.647954268195262,-0.20154452670498402,-0.6531277547904829,72.10956597689878,26000.027965765923,1
-10.338243899826743,-4.277133603384632,-6.660197262101089,-42.05163379962861,-26.70889613051127,1.6224712113666173,-26.48229329126428,-10.659901251376816,-4.281255632786754,-9.574269734009675,134.60731456050084,330000.0820819856,1
-1.7771607825478106,-0.6538529172739179,-1.0947572764602242,-7.463246298259974,-4.754721473027877,0.4494366083577991,-4.6621099424648005,-1.8509856355298704,-0.6544547492047935,-1.6996450527775009,73.02038886811381,60000.03187436773,0
-9.671816446035805,-4.008557233117518,-6.249593794489505,-39.37474120101165,-25.005028802247804,1.4241358875117232,-24.793522248245246,-9.939783121230018,-4.0131520060614605,-8.918200594744581,163.90085121723047,308000.0900449059,1
-0.07510896347275288,0.020745925872822063,-0.02016042972816672,-0.4209166663758926,-0.19232526909265232,0.21247492406511959,-0.21104179498563103,-0.08176909710550453,0.0188652670628291,0.007889537689035987,43.752379848468934,5000.015783335209,0
-0.34300903741500144,-0.08781556291414637,-0.16651772166137951,-1.7013736209081658,-1.0073165141424802,0.2563143675396004,-1.0191683598416432,-0.37838054222302453,-0.08940444459812709,-0.2844773583736615,40.25549488691039,15000.01561442825,0
-45.07279985497496,-18.8473085763782,-29.227098656378697,-182.44816612627073,-115.99965472569934,6.268263598010615,-115.14036143252208,-46.493635237148,-18.86779756333565,-41.560061250048044,563.2130762628195,1425000.348402753,1
-92.99248003100934,-38.91725509499676,-60.30591574381077,-376.0512408908291,-239.34309885980787,13.049675921330644,-237.30486842022486,-95.96819825459876,-38.9421465674665,-85.78243382396884,1081.9029989521136,2937000.6904711034,0
-14.85360409572287,-6.1307460449762905,-9.584411800623608,-60.349371564380064,-38.384298292074995,2.088823715419041,-38.060529053706034,-15.307801920099067,-6.137332855621226,-13.682217682258075,199.17845285135942,471500.11975498754,0
-4.6643322191710395,-1.8716381013686638,-2.94511972859207,-18.84136906339248,-11.859326322775802,0.7545685244376191,-11.757289033057132,-4.751570589545331,-1.8741076499370037,-4.278202224978193,88.54927458361242,150000.0468057809,1
-26.403183437981582,-11.058384993558649,-17.148552386487122,-107.10747694516708,-68.14774276369339,3.7525809608209197,-67.57299910554934,-27.301401807054987,-11.070505101025303,-24.364263509331234,329.2219676207143,837000.2040681603,0
-0.7023244289611048,-0.26081341870037117,-0.4191767750427022,-2.9816946775852124,-1.9023186976833786,0.29604161628020453,-1.833746338558601,-0.6588847963862712,-0.26118113830105344,-0.5945981583065792,38.75864604197181,25000.016159957864,0
-1.4745007446454195,-0.5854349829312799,-0.9471141454429237,-6.323110917456879,-3.9922676553397505,0.31623722546919947,-3.959326752959166,-1.5780784086202682,-0.5887884652039501,-1.396424273505975,52.51684001267752,50000.02366628208,1
-7.564233741655167,-2.99931513589284,-4.784571335799583,-30.90600047723974,-19.62888995104255,1.1144216449012518,-19.46451348714298,-7.754171836224271,-2.9910316688776475,-6.995372492849622,114.60382496865442,241500.0657304648,0
-4.664335286997378,-1.8716498048843422,-2.976244684472331,-18.841349353368642,-11.85929894904169,0.7545510425304399,-11.757256409992875,-4.763021865965677,-1.8741154551651134,-4.260381874218827,107.54961779294798,150000.05346243829,1
-0.2816483556745271,-0.05506984528577069,-0.11643243482500612,-1.701238168677331,-1.0873284438659607,0.25220341738871105,-1.025620964105192,-0.28808513535883257,-0.05500196494735119,-0.2844783004131947,41.25551273103779,15000.015964936354,1
-4.672855832372269,-1.90229904244423,-2.993108781869376,-18.84138174594572,-11.859343785602064,0.7545794360275493,-11.75730984383516,-4.819870971075354,-1.9098095035522082,-4.278190927687635,76.54905789378897,150000.0426062641,1
-3.789606357686015,-1.5458593117010473,-2.469623997151674,-15.593583627735216,-9.892753907269045,0.6336012217231227,-9.810103041692274,-3.931629342889425,-1.5457907372251154,-3.471236553739702,62.88003780324137,122400.03497454037,0
-1.5226203975032784,-0.6145256804530425,-0.9645140393101691,-6.182291728728662,-3.902661647336434,0.3114421731790744,-3.870484114661779,-1.5385007520669025,-0.6037813049975294,-1.2755964427678146,23.130959564430334,48900.01325693878,0
-0.6279899342806983,-0.23904730987682313,-0.4203316719927689,-3.0210835660924062,-1.8573982917318455,0.2619336992329454,-1.8402220569859076,-0.7306055846519682,-0.24468608869935315,-0.6183539081012457,43.75873643003262,25000.01791353739,1
-9.790599196203667,-4.0499885287640165,-6.335150668366633,-39.909792381573624,-25.241916524056542,1.5435621341148495,-25.02767081166336,-10.096831503660553,-4.054648659594018,-9.034361678902814,138.3016602733939,312000.08149050374,0
-4.603841650452686,-1.9083350224528783,-2.9989047254183894,-18.841378499675223,-11.859339356040442,0.754576745986962,-11.757304571989122,-4.788734022964912,-1.8974447073134464,-4.295105321657541,79.54911207543472,150000.0436545607,1
-2.391600412213957,-0.9407288690103514,-1.536647097266438,-10.040793790744992,-6.419868768275657,0.3890349392294161,-6.3668720332510045,-2.4889336248865783,-0.9432784526278909,-2.1585824146224724,52.711092014519586,79100.02682313246,1
-2.1289016261211353,-0.8355107599713714,-1.3836224221069118,-8.863100746942147,-5.604803151689554,0.3825931174003076,-5.556724794389215,-2.2573517984464595,-0.8365486063882647,-1.956133504088374,68.52348575706054,70000.0313898753,0
-1.654760396559304,-0.6446122451355075,-1.0129844267189592,-6.921621715576197,-4.341023285919646,0.3102548987349271,-4.303244785875007,-1.6507191715135427,-0.6451319927554972,-1.5062437900485877,63.26862352732434,55000.02794364998,0
-2.445830613251888,-0.9199706310150977,-1.5064008139683631,-10.024152310876376,-6.38469274398791,0.5371079170120537,-6.278349694392541,-2.5002091578782157,-0.9208728027213543,-2.248508768370131,74.02676354537705,80000.03434790713,0
-0.9499267661597101,-0.356581632866704,-0.5931033116296921,-4.120718318843875,-2.5904737769644464,0.24082814615273407,-2.5693384216702593,-0.9572236658835124,-0.3596741882893309,-0.8049193856853168,64.49158959656084,32800.02603326439,0
-4.603254313344998,-1.8615972642390135,-2.955952899477973,-18.819369974107623,-11.837331299444154,0.9082536780177118,-11.735303278252463,-4.774877679199729,-1.8606171152746578,-4.278192730437047,78.5490938877145,150000.04329555732,1
-11.002914269109775,-4.543262410315104,-7.1011855766742285,-44.61252116783379,-28.33884149156474,1.710125942800234,-28.098502162909142,-11.336351727944683,-4.5476810864853245,-10.126329269691764,153.61401440950038,350000.0908628251,1
-0.25751926127649827,-0.021300026400881883,-0.11442097921326205,-1.06112395670764,-0.5997914264802124,0.23437574422954957,-0.6150699528478031,-0.26087013260820674,-0.02280920759440093,-0.16715651779220403,62.50430771921732,10000.022884023347,0
-4.661463755191327,-1.9083269287752247,-2.9989019516074444,-18.819382653305002,-11.837348759964481,0.9082645924301012,-11.735324085949381,-4.804208497007091,-1.8974392775970912,-4.2492518475940315,66.54887716941181,150000.03909561952,0
-23.99701101872426,-9.998762940262754,-15.510566020260006,-97.13413388582015,-61.758502223327554,3.4836382851200223,-61.236627414663474,-24.727009298370767,-10.009309440148918,-22.15495831091385,316.2472610005837,760000.191322358,0
-0.9732808595015464,-0.30480737759915594,-0.5478384779101714,-4.161865549947684,-2.6238646704789774,0.24170010423102029,-2.6011887901125337,-0.9473364745516262,-0.30207088988602143,-0.8574531107506356,69.56174464990528,33000.027834117536,1
-0.7027174601905564,-0.22014482787505335,-0.4261253639842967,-2.981697818164421,-1.902323044397011,0.2960443662835552,-1.8337515158001505,-0.7077159996120442,-0.22051316369921684,-0.5768433742613654,35.758591816392425,25000.015109135755,1
-1.5179807352290842,-0.585448527906278,-0.9572841311979438,-6.323088077372889,-3.992235948560141,0.3162169945014717,-3.9592889636080195,-1.5658659885148483,-0.5887974963815106,-1.3551483100008146,74.517237383095,50000.031373399266,0
-42.79755575313167,-17.91794114823148,-27.7543207253506,-173.2977440695077,-110.24447651477702,6.115341909798148,-109.31404757885154,-44.199914000803375,-17.93957316476834,-39.528912351377144,495.6896091123622,1355000.3172810536,1
-4.621290899498861,-1.8820675712112442,-2.9554034189847562,-19.081244685095218,-12.103891951614752,0.7533289166542392,-12.002617622044761,-4.771371352471386,-1.883488805524635,-4.278558481899433,114.54974323814359,150000.05598445892,1
-0.9501938944756833,-0.3459220206191516,-0.570689302608881,-4.018307366082636,-2.5253099606983245,0.23734352163621764,-2.504730579516588,-0.9584312040317543,-0.3490075365073322,-0.8337706088964636,40.21089680418969,32000.017445568246,1
-0.21783482362164946,0.011459830348413247,-0.06564230562105847,-1.061012518819523,-0.6798366119150748,0.23028587392005267,-0.6215621863586935,-0.2152700067449429,0.011602691292173435,-0.18563519531397193,40.50391013574373,10000.01517978719,0
-3.0796902631194336,-1.2063460281339529,-1.975475617930383,-12.678422130047673,-8.014644461083071,0.6247659912733836,-7.894566037395414,-3.1488496213502795,-1.208064115354307,-2.817012972348251,89.03339106581744,100000.04173912435,0
-3.0796904075462264,-1.2478246965125688,-1.9631335783913801,-12.61926474316434,-7.96455706248347,0.5311771316934275,-7.897573372853842,-3.1982166309017717,-1.247413936777454,-2.8583106337976276,90.03340944560047,100000.04208126965,0
-4.6643361449842695,-1.9194879482117342,-3.0124570550246657,-18.84134431963483,-11.859291858265609,0.7545463538565388,-11.75724795966845,-4.804230570438638,-1.9217189381155195,-4.260386612095794,112.54970818848479,150000.05521742432,1
-144.58854019092152,-60.670388730329265,-93.90931649960218,-584.4412747669214,-371.9548472215156,20.105560260920743,-368.85875120917115,-149.2789891163443,-60.738648724445746,-133.34329292878513,1655.2307771470698,4565001.063965908,1
-1.4570437257835596,-0.498647873742427,-0.888516158895704,-6.302228741448729,-3.974879252909339,0.2949523014380537,-3.940541502480085,-1.535572826413377,-0.512212650579109,-1.374164132350987,34.516514820065915,50000.01734875881,0
-10.15162004043624,-4.210611249055872,-6.5683181377812785,-41.4113953166724,-26.301386704024377,1.6005428293051842,-26.078213562246003,-10.49633655488627,-4.214655833816859,-9.411646829158787,145.85592860073714,325000.0854911575,1
-0.5304908580192275,-0.20342989554919458,-0.33709608326049373,-2.4699216449256887,-1.547281845548311,0.18471191125696088,-1.5349326936107384,-0.5821482121352521,-0.20371586658331695,-0.47219463901529213,71.00763920912487,20000.026959719493,1
-4.635945044627068,-1.8841416207817085,-2.9959312984203104,-18.84135883387387,-11.859312023392352,0.754559243222815,-11.757271990494587,-4.837532388861666,-1.8877472263575714,-4.278211676777814,98.54945528266971,150000.05031233112,1
-12.777718941314498,-5.340985521435089,-8.296245801996252,-51.86078573604393,-32.96744663368637,1.8754721970403427,-32.69039398668179,-13.214356159085472,-5.350659787687081,-11.74512922956059,181.2323114307613,406000.10650063906,0
-15.382897156021459,-6.42638681316834,-9.99107817514746,-62.66187688418619,-39.853891858955684,2.2277076665339233,-39.5174116941666,-15.942708098792806,-6.438974325995819,-14.219587962632504,233.65995568631405,490000.1337843488,1
-0.7795574239936119,-0.267216079267177,-0.48793750128321567,-3.7153050262640455,-2.3098199149323757,0.31796426078218076,-2.2378161810314308,-0.8477301875862037,-0.2691312331473588,-0.7230263757264307,33.51014018449012,30000.01485899202,1
-10.8987724451296,-4.512601168290038,-7.011481051251046,-44.42835999777306,-28.136947030256135,1.7849054252808665,-27.89758523024196,-11.247329866576484,-4.517543962536828,-10.120491181311442,155.61405118226378,350000.0914984931,1
-9.418269647139066,-3.9153824470377505,-6.099788038279822,-38.36794496821847,-24.41326829021945,1.4078538485302103,-24.19845793892629,-9.760742271311337,-3.9198622975276205,-8.683517362187262,138.0978423553295,300000.08017193363,0
-6.2489791036593205,-2.5166943654851703,-4.033029117239561,-25.508955272641956,-16.199568631448578,0.9524264309767247,-16.062226238313645,-6.497579846362591,-2.51939283403927,-5.7597867885164735,108.06551740902633,200000.05902714006,0
-10.856320674381681,-4.543260594861503,-7.071843927149412,-44.658625227622444,-28.36721407605348,1.6854844397042688,-28.126875555066025,-11.314189027935187,-4.547679886476997,-10.142576891641522,150.61396007804316,350000.08981675137,1
-0.3349761119542456,-0.12307398853226648,-0.2612716248330144,-2.341432844832736,-1.4947771696143417,0.2740932778519268,-1.4296283647885077,-0.4348006717215782,-0.12290205732192791,-0.4306924107610442,72.00765734248579,20000.02726525913,1
-0.12878732810398427,0.009987957201856246,-0.06109766205395226,-1.0611193232059846,-0.5997852871945861,0.23437232346467285,-0.6150626521442502,-0.11646239371222147,0.010309032425189974,-0.1849985238010395,66.50437985868945,10000.024275083377,1
-3.071670289287587,-1.216759605647105,-1.9262898879224282,-12.601249243046256,-7.964274329114243,0.614281350694887,-7.8955931181191925,-3.135659176037145,-1.217434502048826,-2.859121651763647,90.03340932274774,100000.04207529622,1
-0.38578852109248846,-0.0329425572957214,-0.16813995310462587,-1.701379802262458,-1.0073251351741992,0.2563199184937647,-1.0191786282304593,-0.3338167062786064,-0.04598142677052359,-0.35438519403280555,34.25538650386026,15000.013513148766,1
0.004574913727804467,0.05773755822353556,-0.011506436467126905,-0.42091532624512196,-0.1923235935563399,0.21247416858665405,-0.21103980807997985,0.015022472455601954,0.05743798112598513,-0.02095463199042123,44.75239784046091,5000.016127626874,1
-4.646317953595699,-1.9194706164358544,-3.0124511975513344,-18.819364005329202,-11.837322848608254,0.9082480142621921,-11.735293203150444,-4.8219691509992595,-1.9217073473850839,-4.295109997901754,84.54920238871418,150000.04540365018,1
-11.002914233952824,-4.555619765877493,-7.107532150130532,-44.630537655816596,-28.339125630947358,1.6270226722971362,-28.10048409150187,-11.404951026761035,-4.560847999866514,-10.129875466883217,152.6139964494684,350000.0905174445,0
-9.529192961683242,-3.906427510915918,-6.117179990103605,-38.68162297645726,-24.554641896114994,1.4826892651160366,-24.34623386611495,-9.813971688574101,-3.912432562671182,-8.719444061290993,131.3238327504246,303500.078123938,1
-1.0475028964729103,-0.3585103346629065,-0.6280743136294864,-4.481994732993737,-2.827633127317199,0.2526729865748927,-2.8032450394840676,-1.060289368784362,-0.3582232793169019,-0.883849869713389,54.437266011492866,35500.02280154167,0
-0.7027192001345048,-0.20838083170776878,-0.41196021166526636,-2.9816863045992426,-1.902307121641159,0.29603430161671856,-1.8337325389802475,-0.6718385679157827,-0.20898054495586668,-0.594605694543003,46.758790504294666,25000.018961447662,1
-3.0796852279057583,-1.1860768710477803,-1.9748018279564117,-12.70447415617797,-8.049780129436865,0.5141130372103757,-7.981108343673365,-3.2134324904333624,-1.1872832856801443,-2.836035533443309,56.03279485938752,100000.03019322343,1
-0.49671556868226774,-0.16629498802125514,-0.2987740394046619,-2.289691651840132,-1.425073616739618,0.17816178510052197,-1.4137619130256496,-0.4859706890856254,-0.1691769636777337,-0.46685167619255613,43.48166523748531,18500.01715874962,0
-4.654838302232426,-1.851376707083955,-2.947150815429669,-18.819380451893352,-11.83734579168594,0.9082628258872112,-11.735320542953122,-4.7952429760545074,-1.8533319073598626,-4.295094877825661,68.54891327141893,150000.03979469478,0
-0.5817371910673247,-0.18814717178694493,-0.32226034411898113,-2.981659982816584,-1.902270810746269,0.2960115052665133,-1.8336892699210157,-0.6152396533836411,-0.18822330534364629,-0.6432735876564997,71.75924206239151,25000.02771290172,1
-2.7627619705743043,-1.1176913322692024,-1.7644648412242836,-11.444887546411026,-7.2521611214664325,0.49154862484770134,-7.191747768763308,-2.873263526657059,-1.121638517261869,-2.5444587805883208,88.5302035770795,90000.04052407604,1
-1.0639129688191147,-0.42911090393394846,-0.7346625869768506,-5.495614302365008,-3.4937685460389454,0.21055990712098563,-3.464225478344723,-1.1872250938559663,-0.4292839805341574,-1.1498285533193677,75.06502207366977,43000.03082736193,1
-4.064382335473766,-1.6425763427679576,-2.628826496259931,-16.595784369953567,-10.544669628048984,0.623163353404571,-10.462754482872679,-4.225110464342121,-1.6442148783835435,-3.69768458143531,103.54318773074091,130000.05003752481,0
-13.60910926184476,-5.606175223581821,-8.772407897306776,-55.37710130067646,-35.161784050499286,2.0796267970590594,-34.866186680744335,-14.146558675241408,-5.6036110946196676,-12.610102924311455,195.14655753808321,434300.11433880485,1
-4.664330298913274,-1.9131092995640122,-2.992238731939879,-18.819371133928676,-11.837332831832867,0.9082545281352522,-11.735305104094271,-4.730664861245929,-1.9134524570408071,-4.301423773344154,77.54907589541027,150000.04294853756,1
-3.229643848460996,-1.258054312249478,-2.047193117319698,-13.378003651696993,-8.476611726663748,0.6375440264438932,-8.404300909581057,-3.339701393423495,-1.2591673157453673,-3.0132356281538915,56.88949473394305,105300.03105220717,0
-0.7438174328690182,-0.26471059839632943,-0.4441190816403826,-3.0735188602756134,-1.9311798722677682,0.2044731786673097,-1.9143500487228693,-0.7591320085918312,-0.2686824517746956,-0.6092350440529442,32.583375304683535,24500.01398617567,1
-3.37469129778002,-1.3717322289319507,-2.189539771475568,-13.754479942032011,-8.743999359487695,0.5200583293955822,-8.640714039113266,-3.5057705331325857,-1.3729721577346181,-3.0531433852296637,58.87042055764115,108100.03205563217,0
-0.5803904461017635,-0.1896994085953507,-0.3367669337140452,-2.5128358975247718,-1.581874701753802,0.13561150524738227,-1.568124874693888,-0.60078743130073,-0.18998620278696982,-0.5107294636084716,67.00756688611276,20000.025572147002,1
-0.8611813455625147,-0.2853133991883031,-0.49064159207070085,-3.7777701323874275,-2.3794251136922564,0.22858512679319945,-2.3588197311480723,-0.8762931143791106,-0.2849486028960975,-0.740775625831735,30.5100857631769,30000.013835622274,1
-6.2507897102062815,-2.6005892438099463,-4.071957445544944,-26.03506388631351,-16.539484254471965,0.9870412537708836,-16.402847133619318,-6.459142826987185,-2.602820121976899,-5.880266595902131,123.46706676719799,204000.06484172412,1
-3.0590117206369225,-1.1860805290437644,-1.9180419399457773,-12.704467739761986,-8.049771338099273,0.5141076191904166,-7.981097870055636,-3.1544839794027433,-1.187285711677932,-2.816657880311277,62.03290318166727,100000.0322908512,0
-0.6894070249087925,-0.2367367275621247,-0.3694027334302895,-2.9816810616671816,-1.9022998765068908,0.2960297271582219,-1.8337239043071099,-0.6476389834166439,-0.23710177938143695,-0.6238714552786474,51.758880858157674,25000.020712587517,1
-0.6076426458695792,-0.20182334562331836,-0.3574342360882887,-2.7169360348223996,-1.6928856198865379,0.17219064599085032,-1.6777654999199916,-0.6322029307946,-0.2021423052082038,-0.5784476413967392,56.708016652776536,22000.022158366963,1
-0.5403045886467257,-0.1896043513817288,-0.36418283074868174,-2.9816578484369725,-1.9022678743582608,0.2960096957508902,-1.8336857795349935,-0.5983715534684457,-0.18950719754797624,-0.5946311288273963,73.75927813963413,25000.028411162668,1
-6.597601016366345,-2.720355005195286,-4.277615939204317,-26.93835180901288,-17.11346367038419,1.0219451474846521,-16.969970100634335,-6.802563892223236,-2.723209235741617,-6.081396742576764,110.91906498318906,211000.06119920794,1
-4.093674583956205,-1.6598252538742329,-2.619702274221479,-16.76223544936396,-10.65060700354421,0.628855266311768,-10.567797248974998,-4.216375341351499,-1.663590069653115,-3.735699730823809,110.99873554630985,131300.0527844431,1
-0.38579209995034763,-0.05507751496426189,-0.22531711871872645,-1.8206221293147022,-1.1224001296596815,0.1415085565723374,-1.1120868946306883,-0.43274082414906245,-0.05500717898801264,-0.3311713156551554,53.25572942797702,15000.02020511901,0
-55.29881894002164,-23.205192509573976,-35.93785851851786,-223.99227898488027,-142.54922902830305,7.717413582186126,-141.34777247061373,-57.16682830334856,-23.231353231781213,-51.04919201566168,645.9627692640535,1749700.4118290856,1
-0.20665307423493207,0.009995323143362267,-0.05544639443759237,-1.0611319447624128,-0.5998027110870096,0.2343832744908158,-0.6150834106935126,-0.16287923070071889,0.010313934965991657,-0.13830567855066944,54.5041630810614,10000.020073695703,1
-3.913211556543035,-1.604729208319917,-2.558396111734592,-16.033630414249476,-10.1687128210202,0.628066579951746,-10.082184321824988,-4.029103008956155,-1.6066066095324592,-3.5713256545386227,78.14145775521408,126000.04069708528,0
-13.83431549366766,-5.744816829864261,-8.959767358094853,-56.310510992697296,-35.81269804898863,1.9520442753118459,-35.510346213268576,-14.279988292448785,-5.750580651432011,-12.785540470217862,211.24875487517647,440300.12066461425,1
-61.215502856967674,-25.604170549227277,-39.67624848939432,-247.70089081266102,-157.63271385861037,8.565449455103124,-156.3040232102109,-63.13764263279877,-25.632647691129424,-56.44902182258207,696.877582117497,1935000.4493068985,1
-15.461920727200562,-6.4566174337938405,-10.035184027425508,-62.720525421923426,-39.912542325119766,2.169218744744024,-39.5760635676268,-15.94485465083916,-6.464732645276369,-14.218922197406844,228.65986522546066,490000.1320537059,0
-4.664333772030376,-1.9321790960929992,-3.0137242463249656,-18.841360017169343,-11.859313572407888,0.7545600804967404,-11.757273835909462,-4.8611458088523305,-1.9297241413293416,-4.260372471874567,97.54943726815084,150000.04996472198,1
-4.617001694266762,-1.839530071233811,-2.946636947686064,-18.898676525281026,-11.96318656658967,0.805474602079499,-11.860868466365806,-4.757475086243254,-1.8412964202757323,-4.249612059561371,73.19867864449517,149000.04137684352,1
-1.408592271620792,-0.5514298558828681,-0.9137295823428544,-6.338678026071518,-4.009399111412839,0.3162583753327864,-3.9750627434187336,-1.4696304439154009,-0.5513658080811622,-1.3713562672399993,29.516424346046165,50000.01560546637,0
-0.3285322166552599,-0.06528303766146928,-0.17735286377956194,-1.7013746113743404,-1.0073179225853879,0.2563153153010336,-1.019170037251423,-0.3584692872632226,-0.062282270978878986,-0.3480695206856499,39.25547684844239,15000.015264414864,0
-4.653840386471969,-1.8820412135873974,-2.9847352026406164,-18.819376354908297,-11.837340063284854,0.9082591136323338,-11.735313719730462,-4.7901878488847816,-1.8834710566720287,-4.278187085717047,72.54898554749825,150000.04119688395,1
-0.2493215176727522,-0.03714899865497179,-0.1486889488914235,-1.180397287951711,-0.7149095494871692,0.1195920479363248,-0.7080296247878615,-0.254623685647981,-0.03728869890009548,-0.18919281596753326,51.504108711109716,10000.01906340285,0
-0.06490680588457609,0.010002136335543949,-0.05544408108904215,-1.06114311529184,-0.5998183610823676,0.23439352002216665,-0.6151020788990904,-0.10764701900843046,0.01031849272425382,-0.13829527777841621,43.50396432898371,10000.016213828047,1
-5.506506048555631,-2.240831268051279,-3.54255090100811,-22.750108395856138,-14.426616152722016,0.878270104715546,-14.305777291718494,-5.7072408835512345,-2.240273869965632,-5.111805094558776,105.53363838561363,178500.05585000425,1
-4.664332927071223,-1.8944115424022732,-2.9910861350247093,-18.84136509311508,-11.85932069519318,0.7545647448751087,-11.75728232399352,-4.822423850537317,-1.8966466361531433,-4.283788220461176,92.54934691084125,150000.04821110892,0
-1.5066531992238439,-0.6025898583526667,-0.9545558747050452,-6.323118224230219,-3.992277771429638,0.3162436413152373,-3.959338810685411,-1.5635562699442656,-0.6033318788464992,-1.3551209531423565,45.51671354264433,50000.021213923064,1
-4.676339583176888,-1.8820524035765653,-2.984739030160211,-18.841367136173893,-11.859323553655303,0.7545666041452299,-11.757285730285268,-4.806058713131781,-1.8834785577961648,-4.278865271887059,90.54931075821894,150000.04750969092,1
-3.2960588143413405,-1.3624786085682936,-2.142158776860643,-13.313407795657946,-8.332873039092872,0.7197471844328157,-8.260363935427222,-3.4384761915206297,-1.367678322237102,-3.0407268577758857,90.48564312011531,107000.04292492277,1
-4.6782556629741,-1.8820467512134054,-2.9664253816248127,-18.819367006972442,-11.8373270904981,0.9082508398286958,-11.735298256795344,-4.793515823150784,-1.883474747867652,-4.249265990839766,81.54914809718525,150000.04434946354,1
-9.735695750056768,-4.013910340041786,-6.306850309010244,-39.714470783227576,-25.238387406502685,1.4547295424652964,-25.024828886720318,-10.056951883102409,-4.018789563881812,-8.990989923357025,135.9512998466143,311000.08056259935,1
-4.660913542494813,-1.8841537876079781,-2.952733201757449,-19.11420441843946,-12.132149809402177,0.7133188550159517,-12.029132884005136,-4.779360186516574,-1.887755500983829,-4.297944655209769,117.54979737695567,150000.05704603714,1
-0.18454613601566566,-0.02129085787294202,-0.06360852111597723,-1.15438354063295,-0.6798271052082164,0.23027910368725135,-0.6215507531218231,-0.21481422058154925,-0.02280311700040917,-0.13829915480747165,47.50403646975091,10000.017642412566,1
-1.4950438361758476,-0.533352434390896,-0.8995874141479341,-6.323098217169178,-3.9922501797599153,0.31622632693172925,-3.959305926460132,-1.5020254029909033,-0.5355617764003899,-1.3544777014981648,64.51705664360557,50000.02786473078,1
-0.2335744877528553,-0.04578812206854059,-0.12307285115940296,-1.0611353786098652,-0.599807276224033,0.23438585572997492,-0.6150888473062797,-0.24534280072939946,-0.047742326788240724,-0.16714614215420026,51.50410903203176,10000.019030024316,1
-0.6076384114163472,-0.19912133825912184,-0.3585826282859565,-2.753408262053594,-1.727437273117366,0.1935169044920239,-1.7123246242562546,-0.632457484753682,-0.20471792251752402,-0.5590402638018929,29.707528742111414,22000.01270943349,1
-4.6321141064993965,-1.861615072466203,-2.955959418235868,-19.018993436471167,-12.17177540366083,0.7133290761611307,-12.070221616800168,-4.774892348315518,-1.860629190155544,-4.260381224813397,106.54959857859963,150000.05318407153,1
-10.98080785356402,-4.543263073360778,-7.101185838496236,-44.630535426773356,-28.339122631855766,1.6270209158105802,-28.100480520915706,-11.333028598581278,-4.547681546101013,-10.1676269572605,154.6140325609214,350000.091215673,1
-0.7027191085002609,-0.22087811819459174,-0.3723407233067467,-2.9818204058742803,-1.8222935126870847,0.30014450047573615,-1.8272779386885964,-0.6816637103674837,-0.22261593846761973,-0.6056969699116412,46.75879064714278,25000.018954618623,0
-30.154042717183078,-12.61550918642311,-19.57656155465708,-122.02176208832996,-77.60175975882416,4.27232330782092,-77.00873305226202,-31.146938587315162,-12.629759940763572,-27.79013828912876,379.03489427787775,953500.2338763783,1
-0.22732365824697187,0.011466039385988142,-0.013519411250286472,-1.0611569791690294,-0.5998373993186271,0.234405283662087,-0.6151247431652225,-0.2152651366548877,0.011606849478711807,-0.1891728277924979,30.5037296133388,10000.011668867463,1
-0.7027221454550472,-0.18814189834601908,-0.4311407083059031,-3.1010656836067265,-1.937372710929385,0.18533599149518984,-1.9201912153994642,-0.7009340546279702,-0.18821988472999238,-0.6432652456710671,62.759079347799954,25000.024593511942,0
-0.7113739337451956,-0.259044393747194,-0.4191830446138155,-3.125111665750339,-1.9614166544840261,0.16316916440483814,-1.9451831514800828,-0.6435638882572353,-0.2594061679155755,-0.6404668210449078,67.75916962703272,25000.026352057663,1
-0.5748607010252141,-0.18959639305888287,-0.3944457120540314,-2.9816716061456585,-1.902286815373189,0.2960215119979859,-1.8337083440913595,-0.7009325677324816,-0.1895019080343279,-0.6235484731089881,60.75904339647651,25000.023862864557,1
-0.7027176070613425,-0.2590250674160886,-0.4358876072459343,-2.9816967571004995,-1.9023215829875848,0.29604345413084343,-1.8337497774043146,-0.6435486043485459,-0.2593931971814795,-0.6235258573554824,36.75860993581633,25000.015459962004,0
-4.664333075495935,-1.912165364204913,-3.0144952843247887,-18.841364026560353,-11.85931922659777,0.7545638385048988,-11.757280579153186,-4.7817831898737255,-1.9139593595418603,-4.260368682613453,93.54936495619253,150000.04856036772,1
-4.6338613056833236,-1.8841446801696187,-2.952729655217745,-18.841353539369774,-11.859304741153618,0.7545547003881087,-11.757263310898358,-4.797870374150018,-1.8877492592019833,-4.301448353583739,103.54954559617373,150000.05206237963,1
-2.317555288241136,-0.8861806925441634,-1.4522620925473337,-9.512425058005627,-6.029719376484434,0.42581862257533415,-5.979611714586842,-2.3872808932657805,-0.8886667001518754,-2.0854011451545116,62.27496188239793,75000.02973362897,0
-1.4380156713967076,-0.5514587960534246,-0.9082085485285787,-6.338629242245694,-4.0093313858540025,0.3162151461438522,-3.9749820225927515,-1.4999531311239729,-0.551385105102087,-1.3544890383865102,76.51727335205001,50000.032072029535,0
-24.31076913750697,-10.161550252952289,-15.796626577496212,-98.52180893584476,-62.62352377617718,3.4595112097146368,-62.094854675466514,-25.106281344772217,-10.17116182378657,-22.422152847468748,306.7152351069278,769900.1890612425,0
-1.2380350671050262,-0.4557063845828809,-0.7814703284779331,-5.724951157632272,-3.6303295204053048,0.273020592990905,-3.5994206183947526,-1.2614449433196726,-0.4559149110123609,-1.2251893352056447,48.76518275851027,45000.02182307982,1
-0.7027225297841678,-0.20839372711473658,-0.3285223399255773,-2.981664338512148,-1.9022767342110631,0.296015076787613,-1.8336963218375208,-0.6392686444007354,-0.20898913096089772,-0.5768735403896196,67.75916979721711,25000.026314958297,0
-150.43534087059302,-63.12387428088039,-97.70964841269401,-607.9601850067004,-386.91384999043254,20.91211740052953,-383.6546417367959,-155.32896389212902,-63.19452060786484,-138.7604866393802,1685.6898076974417,4749001.094139129,0
-47.303167446282416,-19.845235951736992,-30.741415953140038,-191.94202262893006,-122.1264294172255,6.670810356684522,-121.0981772343738,-48.9354808350007,-19.866855824389514,-43.765945539097096,544.4865751594319,1500000.3497705248,1
-0.7027168274362317,-0.2450740637758798,-0.42612455851570374,-2.981702014474943,-1.9023288452518514,0.2960480192237109,-1.8337584268333014,-0.6994615585014842,-0.23231514456804464,-0.6468430483960469,31.758519643087975,25000.01371010378,0
-2.4578366225022124,-0.950627372605933,-1.5312018714950064,-10.163182834227042,-6.4410575932889245,0.4435267704288578,-6.386114563611465,-2.5470534678733543,-0.9510068593132297,-2.248500426529005,65.0266007056198,80000.0312289104,0
-47.13283493350441,-19.77657146566151,-30.621542879086704,-190.7362290741119,-121.38790966274449,6.5738035379278505,-120.35783033307214,-48.5940654194008,-19.798847239383353,-43.40957484466536,559.9836766128705,1490000.3541657326,1
-1.4597895598056994,-0.5893977745145955,-0.9463320078585292,-6.197784216793559,-3.919689440113498,0.31139703513276157,-3.886096548385755,-1.5321337670527113,-0.5937281787300703,-1.3044859321528646,72.1318446192021,48900.03042528705,1
-1.3484461905261096,-0.5514373709167376,-0.8971714815405336,-6.060349887632629,-3.732997343982771,0.31204206683140695,-3.698657365334866,-1.4999357743793638,-0.5513706496173293,-1.3749341820892473,42.51666034797634,50000.02007801901,1
-4.6728621053294335,-1.9023230531098543,-2.99311676952205,-18.841341221052325,-11.85928755435094,0.7545435880386049,-11.757242823851744,-4.81988948760422,-1.9098255118693481,-4.320185587255329,115.54976242605676,150000.05627014334,1
-0.22572183137151502,-0.027713745705205257,-0.11745968503122828,-1.4574021068477199,-0.895339909825009,0.14967329044738564,-0.8884922900013629,-0.2588807178494264,-0.029357448816622583,-0.21451646167224458,38.204503901274144,12000.014613973357,1
-4.581464955714817,-1.884129775877233,-2.950518107503917,-18.81936887263145,-11.837329805330565,0.9082527885589208,-11.735301502636814,-4.73466194843071,-1.8877392741966794,-4.2781936708424055,79.54911195293711,150000.0436444248,1
-0.7978020725020417,-0.24062752515263147,-0.4467810698826769,-3.52163742646026,-2.216369639664512,0.2197809306436857,-2.1971262184231097,-0.751088759200878,-0.24250497535292087,-0.7060906144643888,70.81017805037759,28000.027739595,1
-4.641231458952843,-1.919461996908832,-3.0124483309497405,-18.819378557871804,-11.837343036820972,0.9082608798660441,-11.7353172654912,-4.833961320927025,-1.921701600646635,-4.260346935272884,70.54894946598921,150000.04049832362,1
-3.713544488551575,-1.5168555117215476,-2.3878692620596538,-15.23993059419419,-9.658997236050318,0.6218613446949325,-9.578332109506485,-3.809887293790357,-1.5212573083026777,-3.4430322696195215,70.03940453012682,120000.03721524567,1
-3.7135491162916536,-1.5008248614242625,-2.4127373253818343,-14.999992584090204,-9.414345053875657,0.6230458243310475,-9.332900370419521,-3.8081617649752992,-1.5026067782265498,-3.401106209794437,104.04001967271701,120000.04905456658,1
-4.791104518976869,-1.972696154076421,-3.0759942836315695,-19.65652419596618,-12.48829498379341,0.732968782905671,-12.384922114551248,-4.9520146483262595,-1.9749925133690465,-4.395149170487244,86.95051586342042,154000.04676238322,0
-7.850695110517958,-3.2500887382829386,-5.070679351828131,-31.94763745926708,-20.308972035663853,1.1928822336813607,-20.13729366077814,-8.10539458433847,-3.253817534146678,-7.202281525518837,136.581923717119,250000.0743311167,0
-2.7332328245766053,-1.1262796624058746,-1.7580573257298904,-11.550650675014484,-7.29128433216287,0.46894844846075684,-7.228654299252298,-2.8349625974499593,-1.127344899381823,-2.58226682891587,55.949996656535674,91200.029216531,1
-6.213888162218906,-2.5813449782616034,-4.044615219910141,-25.567323103610462,-16.257938023474686,0.9535507931454857,-16.120596747365823,-6.472980773298044,-2.586941979815873,-5.759783087892676,104.06544495987868,200000.05764287492,0
-0.49343890072998614,-0.18959756904485495,-0.3641805633729801,-2.9816692177884994,-1.902283684078537,0.2960198377328965,-1.8337046270713597,-0.5983663025005281,-0.1895026719740315,-0.5768687940858364,62.75907941227856,25000.02455558973,1
-2.2662190025485773,-0.9181027292833824,-1.4557320746972033,-9.524208511651294,-6.0296833515549055,0.4257956274107867,-5.9795687726302535,-2.3651556881340263,-0.9218247619507031,-2.0854247338648446,87.27541348319286,75000.03849183781,1
-3.7678728607537715,-1.5187525657715288,-2.3804838263805483,-15.91464897718678,-10.104590866413266,0.6449613580827815,-10.020143549245578,-3.8866557638723225,-1.5203248609217275,-3.5642029177655075,103.79160301958626,125000.04956921379,1
-0.7027212309867751,-0.22088560680156114,-0.37995015685057976,-3.0750521076037165,-1.902290398025593,0.29602295147079954,-1.8337124968128895,-0.6488313861704865,-0.2226209656560153,-0.6235466336550838,58.75900719738735,25000.023177079307,1
-3.0796892665788462,-1.19865854563335,-1.9286996710287525,-12.439103164685884,-7.784396837290244,0.5353892453473638,-7.716688087729794,-3.1888686481721686,-1.201614627047074,-2.816349722063533,87.0333559075762,100000.04097444015,1
-30.573291136371097,-12.793766103139781,-19.831321382940104,-123.84825298212041,-78.8273178025365,4.431379402730948,-77.9920644661207,-31.580562045689152,-12.810837281699751,-28.180416054703482,392.93959497725496,967500.2402289187,1
-43.64660877875568,-18.28248759417614,-28.315540570550592,-176.6513189928412,-112.42316880905915,6.091675558233717,-111.46863221793618,-45.10028355041846,-18.305738762910266,-40.234934184537366,484.4473512954747,1380000.316040949,0
-0.6820444303987143,-0.18958654610440787,-0.36417695855541454,-2.9816882670564597,-1.902309921014914,0.29603620365824557,-1.8337358743056398,-0.6535847835782415,-0.18949534420517644,-0.6183548197611701,44.75875435754696,25000.018258747783,1
-86.98279524582922,-36.451228501734505,-56.43317006125473,-351.83940198975796,-223.92861881603685,12.087578807040234,-222.04166690823425,-89.83733704682926,-36.49577258504479,-80.2565677072347,1008.6916075085522,2748000.644780333,1
-3.8720093003751503,-1.4966137653806753,-2.395179726891093,-15.640245475915947,-9.821874571638027,0.6449871518557523,-9.737004038199496,-3.994196469705109,-1.5644223360304934,-3.589225347396097,78.79115269999257,125000.04073818431,1
-42.69582600816572,-17.85141664989575,-27.64380496817726,-172.84482730719995,-109.88734394297556,5.939548118370985,-109.07955947399685,-44.007235408759634,-17.872972049009643,-39.363019507889994,502.93815047231845,1350000.319331306,1
-0.7256561764945522,-0.25278999771698507,-0.4427259243573523,-3.1219748022477067,-1.9547985483053172,0.20664485583664868,-1.9390210810518997,-0.7356111169484123,-0.2557673375982959,-0.629125183965723,54.75893481453361,25000.021800072664,1
-0.7027213877130991,-0.24009111333204292,-0.43888159056310844,-3.1219715036768427,-1.9547940819853107,0.20664219677480447,-1.939015764027704,-0.6505214658869652,-0.2404549382674163,-0.6432605507854093,57.758988960647706,25000.022847496442,1
-0.5539127819300306,-0.15226377823849008,-0.3090487971813348,-2.497301546572517,-1.5644178532604516,0.18473568219898528,-1.5506740834356132,-0.5302134558494971,-0.15174573433271704,-0.44071735792895583,45.00716935818159,20000.017853623085,1
-0.3677753698193925,-0.09808673215580194,-0.2124824677686362,-1.701377876579676,-1.007322355943656,0.25631799068799216,-1.0191753219701147,-0.3850351158024867,-0.09830469198717665,-0.2844735953939497,36.25542265777956,15000.014215334608,1
-0.5654270366766851,-0.1896956561606432,-0.33676562717262765,-2.4972851067059296,-1.5643949259489,0.184720871116504,-1.5506467535314075,-0.581137785670384,-0.18998367963339527,-0.4942753637317744,61.00745850177614,20000.02346398748,0
-0.8611842604393259,-0.32391960269363734,-0.5560678579923569,-3.751305819820032,-2.391410055794017,0.20559751554460698,-2.3707997032151225,-0.8313766207898489,-0.32436046303552996,-0.7894369631966615,48.51041100213739,30000.020142261987,1
-4.664330773558955,-1.9131111379365442,-2.992239338793383,-18.81936798907928,-11.837328480534405,0.9082517856337958,-11.735299921844408,-4.730666274939157,-1.913453680032571,-4.23151309431501,80.54913002116801,150000.04399746674,1
-2.6074669359999203,-1.0587397029310774,-1.698928530232085,-10.81460079150255,-6.8003140347396345,0.5594492278366918,-6.6904651915205635,-2.6639214472679216,-1.0600000884662133,-2.397632548906179,89.81366957501679,85100.04044041497,1
-0.5581783628483762,-0.17019960821825714,-0.35450772478346154,-2.3416019119533793,-1.4148116687143943,0.2782334501878632,-1.4232310798321348,-0.581757224286783,-0.17049214063435683,-0.43066131318952666,39.007061529147904,20000.015712608685,1
-1.938741099409884,-0.7556626416702338,-1.2601251018779005,-8.094850559365655,-5.115841764273348,0.35631084248804895,-5.07188861620395,-2.051873758033354,-0.7566146539793309,-1.7870118595707942,47.421197616867865,64000.02336091647,0
-1.1781144356530757,-0.40029051841964514,-0.6937646469503976,-5.042650515766695,-3.177271841774566,0.2723952101340747,-3.151194741904831,-1.2260163113647244,-0.40235071708176134,-1.1040601674174195,59.01377903393862,40000.024879182936,0
-1.1302991113874679,-0.42046390997015454,-0.688679668752295,-5.042667137730379,-3.177294900903657,0.2724099124308274,-3.1512222309892763,-1.2387109236002476,-0.4555757150198169,-1.062748355269322,43.01349000391079,40000.019272558035,1
-4.581354786829416,-1.8514044764887556,-2.9471601135216687,-18.841342925429647,-11.859290147219225,0.7545456309184508,-11.75724592600211,-4.739634742944673,-1.8533504464663453,-4.273047234411519,113.54972613698523,150000.0555602151,1
-1.2922557329029984,-0.5825163703066173,-0.9340201904839714,-6.323098009215818,-3.9922500007332844,0.3162264257584286,-3.959305734847361,-1.4592595761981701,-0.5813594806697857,-1.3964355548367509,64.51705668640221,50000.02786010449,1
-0.9245683480838883,-0.3539548746219464,-0.563252297096156,-3.997407641579663,-2.5078971212833063,0.21604289839517363,-2.485916213058159,-0.9009992076635167,-0.35442769683981884,-0.7815058981209978,39.21087876390068,32000.017085341573,1
-0.29071135401510495,-0.0798043096851712,-0.16498909947735035,-1.4574013887425816,-0.8953387139506607,0.14967219449895544,-0.888490857420852,-0.33493993930187216,-0.08258948631592058,-0.22560874674664433,39.20452208586545,12000.014971550423,0
-0.5263725350131289,-0.17883495688512835,-0.32889091730868536,-2.497315173476019,-1.5644366878280778,0.18474756310541504,-1.550696529501937,-0.5752690668966378,-0.18094344016760058,-0.49424799682505377,32.00693462719882,20000.013302723546,1
-1.336581119497943,-0.5189187841574867,-0.8442076599007299,-5.6828620581997065,-3.584743823137346,0.29429964556764765,-3.5552298524737322,-1.4017419038683028,-0.5221927701782945,-1.2031227841525391,73.76563466261271,45000.030578699465,0
-11.002912662071195,-4.512596883158437,-7.01147965152379,-44.42836741328379,-28.136957241288222,1.7849117869049582,-27.897597389483156,-11.24771771294981,-4.517541114375342,-10.14257472503546,148.61392477265434,350000.0890501813,0
-0.3063524129109791,-0.08781493401977768,-0.1665174975842394,-1.701374577039557,-1.007317889102143,0.2563153300550803,-1.01917000333994,-0.3545200577243064,-0.089404020364667,-0.2844764075416999,39.255476805774,15000.015262161518,1
-4.6548469251306335,-1.8514067201664517,-2.9471612884607503,-19.124716149929213,-12.08953677462155,0.843921197554756,-11.935122621273567,-4.795266884833729,-1.8533520782990947,-4.278560335787868,116.54977935821954,150000.05668531387,1
-4.664335331775215,-1.93463720378057,-3.0271948850609274,-19.145696493076805,-12.1636486447394,0.7001854271219279,-12.0704419656408,-4.839533139816118,-1.940481038700945,-4.249284343646797,100.54949020463334,150000.0511039572,0
-26.664572115351472,-11.123120680713946,-17.279104837556524,-108.1273693545954,-68.81853171698027,3.770863958680895,-68.23391639193711,-27.51019087158184,-11.134932766150664,-24.62550628745666,336.8494888559905,844500.2075518309,0
-8.78441116211168,-3.6014253395505698,-5.680274240465832,-35.76852749767084,-22.73539462650845,1.323183525983683,-22.581639340448277,-9.144505595254275,-3.605839921531485,-8.121012447260503,130.09134129579633,280000.0752376033,0
-0.3857895084499496,-0.07531664131573872,-0.17412429128465062,-1.8206387054850066,-1.1224231628815171,0.14152328737326875,-1.1121143462437473,-0.41135745950254776,-0.07576803622758711,-0.32597765713284976,37.25544040083898,15000.014598570013,1
-2.4585084910463064,-0.9559576085842315,-1.5279922491106934,-10.15483319609452,-6.344619816536468,0.44526932352487897,-6.292005603004882,-2.4940346547289782,-0.956340406511231,-2.2852537961138224,78.16696565141413,80400.03584423808,1
-1.530472271220794,-0.6091291848414716,-0.9751849576081096,-6.579187317705927,-4.155245118443453,0.32499189312381094,-4.120927294311051,-1.6279335473643066,-0.6080020032969202,-1.4326681262653822,66.21772311559428,52000.02867625675,1
-1.6732766458592971,-0.650650736605996,-1.0581379184094457,-6.950504366161545,-4.3915710236455405,0.3376914370680759,-4.35525830294801,-1.7261673244271536,-0.6540721658451137,-1.5174687213486144,80.23389801413201,54900.033896275316,1
-4.658974538721685,-1.882056714289808,-2.994395117348438,-18.8413598731304,-11.85931346602182,0.7545601636142232,-11.757273709239461,-4.8270449037331105,-1.883481432394487,-4.260372453110563,97.5494371972988,150000.04996175578,0
-11.953704544227383,-4.99294334766693,-7.771135521311692,-48.54173092878147,-30.853906271929503,1.7757587559609456,-30.598125309742855,-12.34629069092389,-4.999415510602741,-11.00280390484922,180.1240278839222,380000.10335753585,1
-4.58146850198177,-1.8841428017776836,-2.950522534877363,-18.841356475325806,-11.859308919775083,0.7545575537669044,-11.757268301862295,-4.734672136268876,-1.887747995385726,-4.260375257700758,100.54949132679359,150000.05100643227,1
-0.7027213568922253,-0.18959478806753424,-0.39444542472863464,-3.1104699169606347,-1.9467789828408602,0.1530169319453695,-1.949567402349895,-0.6156247531647838,-0.18950092374184044,-0.6432605370257826,57.758988937514026,25000.02284258127,0
-0.7027233931586079,-0.22089364286010907,-0.4328689040318867,-3.075038793044879,-1.9022717982598556,0.29601089812529435,-1.8336903272896825,-0.7547048055393608,-0.22262633573216628,-0.5768773798301639,71.75924204528243,25000.02773448446,0
-5.114375787768678,-2.097589333866177,-3.296855935551677,-20.96187196020135,-13.285597691237388,0.7938187532274547,-13.172832710561051,-5.224101671832432,-2.101848027193254,-4.698974023202264,113.5242377752098,164200.05714578833,1
-19.063458306056713,-7.970305803384272,-12.364313514500529,-77.34359737397806,-49.24082360299206,2.7489606523920007,-48.82538428882109,-19.703655021532672,-7.981958927764437,-17.581860816464534,249.94679993075576,605000.1516846839,0
-3.2149835089330296,-1.3020847060199272,-2.063160022212435,-13.006125641082415,-8.137313452792716,0.7092503576907755,-8.066459224402236,-3.299321416332782,-1.303643281285834,-2.9677304272453604,64.64441348232707,104600.03361410179,1
-0.702718743133492,-0.20837900051188327,-0.43286306305937,-2.9816894964190888,-1.9023115056992825,0.2960370189954857,-1.8337377616408082,-0.6988089451288391,-0.20897932959298973,-0.6241936016199472,43.758736357555016,25000.017912652147,1
-0.7027183844460572,-0.2083777476524794,-0.3723397499115947,-2.981691468167422,-1.9023143121503,0.2960389144378631,-1.8337411050553314,-0.6622985661570643,-0.2089784865141107,-0.6432453154038358,41.75870021800378,25000.017210120302,0
-1.8119717754025038,-0.7488910010533114,-0.9948197464626422,-7.667797983623191,-4.874971385275659,0.3053391941742654,-4.833761246376454,-1.8535357008236446,-0.7497805258549008,-1.617913240474237,59.02013543160952,60000.027018326335,0
-3.079688037539503,-1.1860879066446368,-1.9180443840666204,-12.704455210748677,-8.049753989585547,0.5140966220534062,-7.981077195098789,-3.103318090796995,-1.1872906266134435,-2.8163377361517985,74.03311992737083,100000.0364937158,1
-0.33497467293451816,-0.12306845697032343,-0.26126978977895593,-2.341442226712531,-1.4947901741530465,0.2741015341015907,-1.4296438601761519,-0.4347964102719709,-0.1228983722550058,-0.5005974293667831,63.00749483324082,20000.024114383403,1
-3.9353951926950987,-1.6070727747666014,-2.5643041330294727,-16.18258120732851,-10.267632320509886,0.6537560906837695,-10.181820331851078,-4.071348219404512,-1.6070711483671702,-3.629058768397347,73.49169150639696,127000.03918017702,0
-0.7113728223137219,-0.275926211623097,-0.4578093893392709,-3.1530701588088266,-1.9893782988072966,0.1575362413844585,-1.9721976671525068,-0.7457131157338779,-0.27884584404059953,-0.6183691921173351,59.759025059073245,25000.0235614508,1
-3.4666536500632716,-1.405113727980345,-2.211764846568093,-14.209745271998345,-8.903391446900095,0.750450602635708,-8.826081775253805,-3.601632477954351,-1.4081840110949007,-3.248884746748522,70.93751469184252,114000.03681266229,1
-2.76276202261201,-1.1257254202133287,-1.7737394853800068,-11.423985733303615,-7.234745392859333,0.4702461697230519,-7.172929957791388,-2.767831674882367,-1.1270595007094732,-2.5408937372434344,89.53022169534292,90000.0408655078,1
-4.664335466938601,-1.8332385438170333,-2.943218147844303,-18.841348348191726,-11.85929754158407,0.7545501110136014,-11.757254724205843,-4.845925768354856,-1.8164486421486117,-4.260382815119905,108.54963584211882,150000.05381351575,1
-4.664332692217564,-1.9250860429674916,-3.047132295807758,-19.09139834376185,-12.10935657627716,0.7676148453581246,-12.01151107545671,-4.84084213497309,-1.927322578534177,-4.278199703821965,85.54921944087529,150000.0458342384,0
-4.664336256073103,-1.882066542381805,-2.9554026386511896,-18.841343130045175,-11.859290308237322,0.7545455200972668,-11.75724610961432,-4.771369876005417,-1.8834879767924406,-4.278225816325484,113.5497262032284,150000.05556501372,1
-1.3160308835032386,-0.537475167909935,-0.8660510116025374,-5.374664302357157,-3.2800524355483938,0.4480236189400861,-3.250128368003667,-1.4297638450416703,-0.5417566739183876,-1.2082547590706199,24.7647507127671,45000.013325884334,1
-6.580044659850491,-2.7375575345024625,-4.265525889729805,-26.68618778242926,-16.92905442687053,1.0964339285444937,-16.784837992436756,-6.8049167498230885,-2.743241040782841,-6.075239856847336,138.5692470771594,210000.0707504524,1
-0.8400378955164908,-0.31932898496789763,-0.5295312033840165,-3.7777286764930347,-2.3793675175330202,0.22854829636879648,-2.3587510870071124,-0.9063552391666834,-0.3223782294099099,-0.7894577197889886,70.51080842077074,30000.027852084928,1
-5.4803483871533905,-2.264824666270009,-3.5282787565209137,-22.357738324764277,-14.212024663041266,0.8204334250178548,-14.121920775780229,-5.659906808835696,-2.2627458621478884,-5.013342790536015,95.30734111132674,175000.05192511066,0
-9.576732603136552,-3.9340737274612203,-6.091542469888899,-38.850500833394435,-24.671431379938586,1.5128815827069033,-24.461992804463694,-9.89278126469763,-3.938863215412576,-8.810644642378694,133.8493551844,305000.07916538784,1
-0.19563183564090775,-0.032471253959948966,-0.10248731267727534,-1.0888150696820194,-0.6679500135995123,0.13652679857094227,-0.6617617170601177,-0.17861556589243355,-0.034414201448193786,-0.15639140533829052,33.153459216570845,9000.012536654975,0
-1.186637251890337,-0.43863429532216236,-0.7290641414627633,-5.058211805158078,-3.194394961146541,0.27241061493294977,-3.1669207898013303,-1.221315400123872,-0.44449884613215934,-1.0620862936442195,42.01347188731337,40000.018929008336,0
-4.643788948307925,-1.8820436933475457,-2.994390695632088,-18.81937229448354,-11.837334370784516,0.9082553848422913,-11.735306931778567,-4.849611101157243,-1.8834727162650176,-4.297905624545407,76.54905785032078,150000.04260058212,1
-1.4950419731231348,-0.5854349789039622,-0.9471141399045933,-6.323110892114991,-3.9922676365314285,0.3162372398742309,-3.9593267307590305,-1.5457223370612656,-0.5887884609516171,-1.3964242710090096,52.51684000062741,50000.02366587459,0
-0.7027228692182982,-0.1896019411392596,-0.3641820844507076,-2.981662313565994,-1.9022738949470763,0.2960132120221684,-1.833692934553647,-0.6535966645776117,-0.18950560968480565,-0.6404685433516428,69.75920597958635,25000.02701815947,1
-4.347401880018519,-1.738573028193769,-2.8051669016717797,-17.538917229817848,-11.02234586753001,0.8644178841677903,-10.927183636890339,-4.5116175483045104,-1.740894455812027,-4.00273363928704,78.04590661283154,140000.04206469792,1
-3.1016804051634783,-1.2433229619125195,-1.9754706675683695,-12.683662227299981,-8.028964980359536,0.4806427729380508,-7.960290984801204,-3.1537838678427335,-1.2466270579792262,-2.811149754989692,64.03293950022054,100000.03298921543,0
-11.957849942319712,-4.8976106947188125,-7.657195929289762,-48.46268543177349,-30.760903738703117,1.842941096618688,-30.502389549803574,-12.31585180369969,-4.884270361248686,-10.964877346080106,163.2288182823315,380300.0974283977,1
-2.4553407230791726,-0.9239710562367882,-1.4604575605783612,-10.06255120793113,-6.409121959255485,0.538410063430377,-6.302569030770568,-2.515864304331299,-0.9248748419672703,-2.2403816012710775,88.1321136626987,80300.03931970667,0
-0.1480938231651319,0.014059927891628368,-0.05177124395127905,-0.7410290211172607,-0.39607050877811684,0.22343321450079642,-0.4130703713646574,-0.131753517952089,0.014765740525878698,-0.06520382884654864,44.62819018638074,7500.016352895372,1
-2.140774938724273,-0.8841092384547753,-1.4117345622123572,-9.455720629780552,-6.005634312385624,0.42159233330394036,-6.015834210956421,-2.3178062330079165,-0.88440984236113,-2.0857523666462394,83.27534118727819,75000.03707535037,1
-2.007916623478864,-0.7869131370170126,-1.2484588581312999,-8.863092845082601,-5.604792574262046,0.3825870226191649,-5.556712203745255,-2.0873720646932252,-0.787664730881379,-1.9213901885914897,75.52361199387906,70000.0338276551,1
-11.014920731975618,-4.555617915136884,-7.107531530510092,-44.63054074981773,-28.339129938725744,1.6270254428278172,-28.100489226292172,-11.380886630115873,-4.560846764503655,-10.125664387701033,149.6139422442653,350000.0894659415,0
-0.7211051711485656,-0.18959833398222245,-0.3641809776896449,-3.0750470136345633,-1.9022832739075963,0.2960183054522421,-1.8337039970611373,-0.7370640768372906,-0.18950323501804597,-0.623882816164261,63.759097526009676,25000.024930997984,0
-0.24601607983785292,-0.06934056972036733,-0.13221493085319638,-1.0611198505778325,-0.599785695469179,0.2343720345051555,-0.6150631236312999,-0.23663541625300855,-0.06478816360309954,-0.237787825208022,66.50438007863916,10000.024287793136,1
-0.005474827607196385,-0.0037936510104041006,0.013930872379705151,-0.3049985838890304,-0.16185842888383328,0.11022441283740023,-0.16119106015744397,-0.0031897127632949333,0.007642719222669694,0.01548277857991088,34.051568610406036,3000.0122124137765,0
-0.06490439998484449,0.010011363819092373,-0.05544101542635741,-1.061158725451289,-0.5998400106608038,0.23440729479600955,-0.6151278788908363,-0.10763990641802307,0.010324642539925084,-0.18496266569652428,28.50369341432467,10000.010960326532,1
-3.898362112223411,-1.5696540555756782,-2.4785557305549135,-15.96879127449407,-10.17449938931985,0.6170931075182176,-10.088657539620216,-4.002022948166552,-1.5767885876828582,-3.589224809668334,77.79113328277539,125000.04049090362,0
-1.853139663242499,-0.7554984199785071,-1.2470455862199474,-7.987678004520848,-5.051718758387808,0.37320442007083354,-5.009846580076042,-1.9734853834677921,-0.7545349271078308,-1.7345680167546214,74.07136105125242,63000.03259320138,1
-0.733326704452427,-0.2561322842805955,-0.49735874466437285,-3.621887189249125,-2.3097644859366167,0.3179296925823472,-2.2377502294911253,-0.8645076911290113,-0.25611072967971116,-0.7704048689745002,71.51082674518406,30000.028159702964,1
-39.55022948357467,-16.531091272013434,-25.631549409461154,-160.040315208278,-101.73751233249571,5.501207046447726,-100.99839019556958,-40.787042022075745,-16.54977671957385,-36.482065504154995,480.9059699340218,1250000.3010124166,0
-0.16683623357357705,0.010003328160488462,-0.05544372588465455,-1.0611454242456053,-0.5998214334000064,0.23439523772583,-0.6151057257348966,-0.1628730432486543,0.010319272949410303,-0.1797963885683794,41.50392828293713,10000.015519429784,1
-3.262606915315519,-1.3253066958795239,-2.112531931071656,-13.36557807022761,-8.474654793365776,0.5573117009853162,-8.403945719555884,-3.3889635951620987,-1.326868392239039,-2.983004923754746,78.78479496793456,105000.0387034889,0
-1.5325193909948136,-0.5873095856470897,-0.9397209375515565,-6.823042886062679,-4.347260870641152,0.4275396152397349,-4.258088410972399,-1.5966495787020096,-0.5878409476686268,-1.543418137053939,50.26838867600145,55000.02336658977,0
-2.3110608718477854,-0.8964710360309975,-1.4474231823622095,-9.237966016198515,-5.746926288886906,0.42579594906571056,-5.696380701643514,-2.3179339288448255,-0.8975795484740291,-2.085427244261623,90.27546882636929,75000.03945932744,1
-17.102712496447698,-7.128704369203807,-11.128080641600478,-69.95274028904004,-44.49665070762691,2.4175659688687197,-44.12138064248405,-17.761366995456957,-7.136411809446103,-15.890530306885701,230.45285475778365,546500.1386614997,1
-1.4950400209362902,-0.5535219856996815,-0.8945010053446685,-6.276202852237998,-3.939779755106648,0.4056281471209401,-3.8540423006594855,-1.5079238184912411,-0.5556363601487266,-1.3544568584035699,42.51665948336365,50000.02013981448,0
0.0018437301860202953,0.013335737439001585,-0.031079701197711074,-0.5610822028457293,-0.3248459409125037,0.11898554568319523,-0.3228035814131419,-0.08348854476248126,0.01065607020964423,-0.020951045445480498,40.7523252395755,5000.0147686229575,0
-4.347014062738854,-1.791029972058251,-2.7861402969947546,-17.706837095281564,-11.274560404273965,0.8000924176954721,-11.127013953892371,-4.421028631076879,-1.793111409180603,-4.009083515076931,109.04646578425124,140000.05298089868,0
-0.5985765120520864,-0.18812686262457565,-0.32225359398861525,-2.981694307517169,-1.9023184209238602,0.2960418201725096,-1.8337460113591542,-0.61522400060632,-0.18820976742635886,-0.6432424571443653,38.7586459559222,25000.016152729586,1
-1.4281513463383426,-0.5222524679756823,-0.909003108863469,-6.182789072915807,-3.9397300153757837,0.4055973105605615,-3.853983134245581,-1.4983275219791665,-0.5225304322750717,-1.374203641012152,76.51727372684816,50000.032036471035,0
-0.17439570839854815,0.009989166914846082,-0.05544843945190737,-1.06112153887108,-0.5997882815538076,0.23437408943662322,-0.6150662131465036,-0.17040757222658953,0.010309830850381991,-0.18499664918306724,64.50434376264552,10000.023577528535,0
-1.459955812338964,-0.5854515965773601,-0.9572851399082477,-6.323082815894233,-3.9922286857055584,0.31621243196170423,-3.9592803115456614,-1.5658683308894923,-0.5887995386651425,-1.3777238465641086,79.5173277146335,50000.033123842295,1
-1.09888409205847,-0.4191226284261715,-0.6898406507704584,-4.722525605890746,-2.973509224339386,0.26142593285631005,-2.9491454638996637,-1.1017100068152974,-0.4222846533538628,-0.9890202520488173,70.13818541835923,37500.0285108889,1
-7.8653175568170735,-3.2525973278720173,-5.100905432100141,-32.12377673716708,-20.443260999328405,1.169385780788824,-20.270899556041684,-8.111130537250261,-3.2560499825514118,-7.248086784012945,123.9320128405412,251000.07001924716,0
-1.1925938160616143,-0.4769164481741926,-0.7870236637705311,-5.297831579729392,-3.2311459360671377,0.44538933938345554,-3.201632416502223,-1.237941796046148,-0.4767682280950548,-1.2076285846552015,29.554646387616987,44400.01492895904,1
-0.47180454348557244,-0.13490134864992293,-0.23992423078834363,-2.4695164299664665,-1.576328779711392,0.2785105002022977,-1.5105035594849539,-0.4843663677626973,-0.13492484218486495,-0.5107846518407735,35.357313195175585,21000.01453650796,1
-3.05901380695773,-1.1860885275129116,-1.9180445980139706,-12.704454215174415,-8.049752579083403,0.5140956787513808,-7.981075514175465,-3.154490145278832,-1.1872910428066763,-2.787409098046556,75.03313798493907,100000.0368442132,1
-0.09148976927726282,0.024770877588155403,0.007062419773175213,-0.9329755430862628,-0.5983497815317527,0.22591009541052998,-0.5407641936223027,-0.09179680024182559,0.024927054303089842,-0.17264069849019226,32.15344141623332,9000.012141845567,1
-4.56579268189739,-1.8528548836657164,-2.942608411642994,-18.841352208817288,-11.859303072660845,0.754553939527398,-11.757261332310692,-4.696440447542376,-1.8546298228359022,-4.320175162885704,104.54956358373471,150000.0524067102,0
-2.1289010902416505,-0.7994733448414669,-1.3112314858978722,-8.597758644508655,-5.339460077713026,0.4038951791521021,-5.2923524742302215,-2.15630760760447,-0.8019817890679443,-1.9213861526664313,71.52354090978437,70000.03235722812,1
-0.5442554353092592,-0.18333001723114203,-0.3620069048232597,-2.4817560580773743,-1.5473165123032968,0.18473394134197524,-1.534973998766059,-0.5667703884607136,-0.18172590404843159,-0.4306690201431461,47.00720560236093,20000.018552118447,0
-0.22732960852257073,0.011443263261309428,-0.013526988470604162,-1.0609841730459066,-0.6797974555937463,0.23026121270845432,-0.6215155273131321,-0.07304855090271462,0.011591665759262472,-0.13831795868852723,67.504397740119,10000.024631737406,1
-1.8119743191407123,-0.7350063850738427,-1.1848211637364314,-7.5556141066993705,-4.748496762358397,0.3321602174667031,-4.707281678671151,-1.9016515214709482,-0.7366909678150517,-1.6475208376748542,77.02046114925655,60000.03329538841,1
-1.495045855466562,-0.5207983780059285,-0.8889369555873508,-6.182786080978476,-3.9397257945263884,0.4055944880106108,-3.8539780934074357,-1.533480821952869,-0.521248604264111,-1.396449591332249,79.51732796150385,50000.03309091518,1
-2.5440745170127497,-0.9737692184822548,-1.580854167417004,-10.253161402343999,-6.385107892496281,0.6150124450164128,-6.329017646456339,-2.5848525697036897,-0.9764780887170016,-2.2755313966389346,54.11238985282838,83100.02764054743,1
-0.26852509181982764,-0.06312664654878296,-0.11353733874798382,-1.3833217661301287,-0.8554001246589354,0.14661106590328954,-0.8476333519562135,-0.34822402105185896,-0.0629963329409103,-0.20513507004556106,30.959150599430632,11300.012013648073,0
-4.664336325728151,-1.908645736790563,-3.004588516591631,-18.84134333167152,-11.859290459223118,0.7545454082479748,-11.757246287967908,-4.845928210411805,-1.9126910316981447,-4.278225838767191,113.54972627703049,150000.05556920788,1
-0.37015369745693194,-0.05652361045740209,-0.18861955571110767,-1.8297297407366389,-1.13983717733523,0.16282500001573638,-1.1309301400572913,-0.3737819267033478,-0.056283679754268186,-0.313317939217591,37.25544026552212,15000.014600460947,1
-2.7632531857128697,-0.996745342899716,-1.6869417379612481,-11.264720857103217,-7.0289488227922785,0.6496441803943217,-6.967435053999583,-2.8919294204364783,-0.9862129203624642,-2.5865442035138213,52.87987841053216,91000.028046025,1
-0.38007257467796646,-0.13647688631235666,-0.25443847711406437,-1.9850956280489074,-1.2383892868384623,0.16717953016064596,-1.2273852440030217,-0.39119797109321297,-0.1367032404007334,-0.3610839994432746,68.60632440591895,16000.02569752307,1
-0.38250184980166585,-0.14480455493411856,-0.19764047113965338,-1.8570736530841614,-1.1569229986488785,0.16281637821788433,-1.146611715876249,-0.4325770951466918,-0.14502046873775176,-0.3022351769669694,46.255602872771796,15000.017764077613,0
-1.4134138056883627,-0.5333306817311138,-0.899579959788176,-6.222232006420433,-3.8948845961134975,0.37153718280031844,-3.8605482244586584,-1.5020082805423496,-0.5355472011493294,-1.3741593101796092,29.516424776459186,50000.01557276347,1
-92.92566761667499,-38.941544613173456,-60.274261105778024,-375.67457095387675,-239.0595275139224,13.002342841416512,-237.04417173057686,-95.88831291759676,-38.98680209089393,-85.74619080525352,1069.2021344569337,2935000.685778097,1
-21.073261335653957,-8.773649186523363,-13.632103566631706,-85.39081287684884,-54.3440436869161,3.1743996070373943,-53.88614554484905,-21.7146782983421,-8.78361664633926,-19.417147517470127,271.6668970966913,667000.1658925054,0
-0.6773670586259268,-0.22944625711446817,-0.4224158001245515,-3.019535513532838,-1.889595577954844,0.2031355645599902,-1.8743665872495305,-0.624350129620462,-0.22979811771436667,-0.619870669062577,57.478729636991275,24200.02266447256,1
-0.24784645053716994,-0.06798596015510203,-0.13014873062826576,-1.0483559253458352,-0.5916921524575522,0.23396952743558236,-0.6070490403045979,-0.2587917118917598,-0.0634400611525965,-0.19894963141367442,27.468643149534632,9900.010602204753,0
-0.4562544678273382,-0.12304592604533479,-0.2612625540863924,-2.4699679992865224,-1.547346423373665,0.1847534992293922,-1.5350096660239763,-0.4900063135062863,-0.12288343875024207,-0.4594924179003965,26.00682616718513,20000.011185677722,1
-2.219811226026624,-0.9107354151572913,-1.4246296842500028,-9.428222991252245,-5.937190013261764,0.3979184203989498,-5.885677492182213,-2.3050037920542956,-0.9115536542405717,-2.1273692764304584,73.27516099692629,75000.03355666641,1
-3.0796883357441454,-1.1875445455435227,-1.9134948389326465,-12.733610364703194,-8.078908701899383,0.5231420846777606,-8.014956268551972,-3.1654981993569793,-1.1885741846795845,-2.839570690576666,75.03313790437807,100000.03685558333,0
-6.14484018107668,-2.516703046291581,-3.924150225494398,-25.58950438748663,-16.280112163110232,0.9302509931206125,-16.14295441667284,-6.340215059058066,-2.5193986417690306,-5.77344526936473,122.06576988471197,200000.06394470087,0
-0.32905558850737976,-0.0878112568480423,-0.17412312536825383,-1.701380886781605,-1.0073266035506032,0.2563208053279944,-1.0191803838076063,-0.36292899149876046,-0.08940157441567725,-0.34806386640558357,33.25536849150854,15000.013163225578,0
-15.018215848126381,-6.270319133002988,-9.747027861401902,-60.730112211010095,-38.57795325744762,2.277010092485439,-38.273255036494895,-15.486845369007273,-6.278229269325329,-13.851537082043775,202.7549483831343,476000.1214409768,1
-6.2489829618316515,-2.6005593404947747,-4.063828394150963,-25.423754068254045,-16.11435701777717,0.9694979442740369,-15.978704922100095,-6.450389877994925,-2.4382228457640203,-5.740096460908436,134.0659873934397,200000.06810960453,1
-0.7027184527029795,-0.23672955293913125,-0.3694005649004503,-3.101089604954786,-1.9374058904050198,0.1853571146169815,-1.9202307590017258,-0.7085360434234392,-0.2370970718853569,-0.6235287967932092,39.75866390014649,25000.0165357501,0
-3.9703642401945096,-1.58931197443402,-2.531927398898137,-16.002379354257357,-10.044371108813344,0.8118202930417939,-9.957449329548119,-4.07380312430307,-1.5904113622439862,-3.5882904051585625,71.8419805540817,128000.03861517838,1
-1.1922437923945801,-0.4755012228398466,-0.7665375858435982,-5.058215084728537,-3.1943994085051273,0.2724132810613054,-3.166926089057769,-1.2613986171566072,-0.4786505200868252,-1.0817982386671572,39.01341777849414,40000.01788181733,0
-0.702722661997749,-0.20070683563956493,-0.3850335123520248,-3.1219631388690963,-1.9547825149412668,0.20663487586246623,-1.9390019721129192,-0.6841758943077293,-0.20254024024977743,-0.6467853019628919,65.7591334404143,25000.025649157953,0
-2.287368009989847,-0.8736966751211641,-1.4609204020739854,-9.383914981044205,-5.97718484660245,0.5151803912924252,-5.874271786144002,-2.3309971204737634,-0.875040055749986,-2.128035672797579,84.27535959381981,75000.03741019577,1
-87.06400260591788,-36.47516959060604,-56.476129066077846,-352.0914957805514,-224.09693471633764,12.122357035388763,-222.20403091216735,-89.8216567343998,-36.51547849345888,-80.31269706857185,993.3219018282225,2749800.6395914475,0
-3.3513893297838537,-1.3518938549271242,-2.1294374569360706,-13.719567482660107,-8.599398235741177,0.5792350696429968,-8.524826759144378,-3.4707793430613005,-1.354902884391136,-3.090871748314734,76.53634453253791,110000.03835469385,0
-10.695853023363892,-4.401652393494365,-6.899805344106044,-43.292814503954126,-27.50410085363019,1.5291449709501375,-27.27117248238188,-11.037344737137511,-4.408086955666279,-9.810582946298489,167.83083864252941,339200.094716135,1
-0.7027232071511653,-0.18814721683062152,-0.3222604106477458,-2.981660270836422,-1.9022710416463429,0.2960113546390966,-1.8336895295321862,-0.7067721088357373,-0.18822335231344017,-0.623890317175467,71.75924210700431,25000.027719163805,1
-11.002917118737988,-4.512611441769131,-7.011484908203446,-44.63051742530475,-28.3390978651944,1.6270054755176033,-28.100451007346717,-11.195859427337492,-4.517550961369422,-10.12601655413145,171.61433949703311,350000.0971635284,1
-1.416585879682396,-0.5346707144501791,-0.9016415198891399,-6.335923404241807,-4.000428752911608,0.31668308694445985,-3.967421357862904,-1.505287279662302,-0.536885655149501,-1.3577140196162958,44.5517277679504,50100.02087854308,1
-2.5479297419822404,-1.0245439978629511,-1.6364964512037503,-10.586044005054985,-6.722635219307134,0.44069202058663925,-6.665628908662321,-2.645429988418768,-1.0283881378601012,-2.339027041528268,78.0777898406196,83000.03613183313,1
-4.607598790162337,-1.8841329724837177,-2.9527257491842116,-18.841373219491665,-11.859332085179249,0.7545721976439304,-11.757295904884653,-4.779343304574466,-1.8877414497093534,-4.2788595975792765,84.54920234748096,150000.0454041176,0
-10.94394713930176,-4.563536989924546,-7.109564226774058,-44.428329226698686,-28.136904078728524,1.7848776288441934,-27.897534032900126,-11.362723288611924,-4.574030527988929,-10.148930058431963,185.61459326314238,350000.10201771103,1
-4.3537388392086935,-1.7782165582193823,-2.8028732098103313,-17.872792571588956,-11.343432042791118,0.7116312226866238,-11.248560839835235,-4.438940692970338,-1.7821253493515614,-3.9916538598712985,61.11566319783504,140200.0362410213,0
-3.0151028978889083,-1.1860824172256654,-2.0227681671832953,-12.706953508147432,-8.052255851500778,0.5141047458236682,-7.98358157938327,-3.2264311327215345,-1.187286985043076,-2.8360440267052067,65.03295742975335,100000.03334623131,1
-1.4950461429649586,-0.5207979998898968,-0.8368163024265687,-6.344289129954454,-4.038694993514844,0.31200583858935393,-3.9955416008281643,-1.4334847940710902,-0.5212484351014414,-1.377722898369158,78.51730935388512,50000.03277547322,1
-0.671526722961491,-0.18959638280256014,-0.36982906055175785,-2.981671555941648,-1.90228678303877,0.29602154251523477,-1.8337083017720457,-0.6071698785606814,-0.1895018973310275,-0.6235484673279561,60.759043362498744,25000.023862354148,1
-14.950997585883803,-6.221922284019516,-9.662539401108564,-60.8914675471603,-38.75691724548276,2.179299352083752,-38.421250712196915,-15.44417177878338,-6.230402952231186,-13.809590701017004,214.75516442226808,476000.12568387744,0
0.07275786571641682,0.057740445725431466,0.13720366771831866,-0.5401821681911391,-0.30743287909585276,0.09768509345701236,-0.3039889435752637,0.010729775660528323,0.057439838418713175,-0.039449460865215995,39.75230715470457,5000.014403122734,1
-0.8611872883425866,-0.34246389463399274,-0.5607223192833871,-3.4539323104803286,-2.057501162232497,0.3822237245484933,-2.037861763780131,-0.9092885336892252,-0.34545562433834287,-0.7929783334113424,74.51088192553095,30000.02916256245,1
-0.7027188164673813,-0.18813057721909887,-0.32225485343741256,-2.9816882024662026,-1.9023098767128142,0.29603623916032723,-1.8337358186461947,-0.6156180144127745,-0.18821225162363128,-0.6467653424774328,44.75875435967224,25000.0182580923,0
-12.952029588044352,-5.332382963444195,-8.319212328556375,-52.675320271535924,-33.521274091670904,2.054470964344884,-33.23881785289677,-13.242385377051843,-5.338072032477067,-11.905931870379296,180.15903932557652,411500.1067307022,0
-0.7027190299854048,-0.18813121495974364,-0.3222550901639313,-2.9816873042133523,-1.9023085448732397,0.2960352441394966,-1.8337342258861982,-0.7067597709734756,-0.18821268522916818,-0.6404459047395048,45.758772460874965,25000.01861121354,1
-0.06491035055656741,0.009988585227758973,-0.05544859278764761,-1.0611202763294756,-0.5997866607881787,0.23437328649066627,-0.6150642934617973,-0.10765747244222651,0.010309455903969823,-0.21835755392944767,65.5043618106485,10000.023923305574,1
-31.588373892457273,-13.234622028496258,-20.495280698622647,-127.96130084155965,-81.4157970825646,4.464183344788182,-80.730455613098,-32.63701279110415,-13.238664568001296,-29.17191919627844,396.32498557009666,1000000.2448595857,0
-11.936355194770595,-4.942454057480089,-7.728310858204822,-48.61871681047158,-30.932425861581592,1.7585051687670756,-30.671482618223596,-12.324263935881232,-4.947318323653921,-11.023280560401744,179.12400946144317,380000.103026401,0
-17.246420025047396,-7.164564727221613,-11.131663055935219,-70.00352705317097,-44.542379573886556,2.473424742840557,-44.166765651347134,-17.817667398811178,-7.1719275751185405,-15.91879610866448,232.62805299256718,547000.1394822807,0
-0.3857946016836105,-0.0857488260638066,-0.20614273604560568,-1.8570506672886218,-1.1568911875022878,0.16279623121247497,-1.146573800570194,-0.3896588472429844,-0.0851508754618363,-0.3544174699936937,68.25600024905594,15000.025470031154,1
-4.633527471851128,-1.8820683194411354,-2.955403808673061,-19.14878597463748,-12.18850522376834,0.7503329391116846,-12.07668539598975,-4.771372152166975,-1.8834893504360695,-4.278559509737078,115.54976098734375,150000.05635668765,1
-17.274137715975574,-7.237747504293012,-11.250779402783147,-70.73823375888203,-45.021078997769294,2.4909442395905628,-44.636968374745024,-17.938814915680567,-7.2451928113774064,-16.046240629084604,233.55481758329168,552500.1403912562,0
-6.248983214400274,-2.5369593147874934,-3.930415310560526,-25.51801907955137,-16.216944994980043,0.9737043545619133,-16.08099716163555,-6.364251319994299,-2.5401708950237096,-5.711166960467043,134.06598687520852,200000.06813242182,0
-0.38578876263869344,-0.112305797800219,-0.22598008355760676,-1.8297351076326918,-1.1398445137962134,0.1628294973027989,-1.1309388838251557,-0.39309607290046167,-0.11433909317767371,-0.33181266859860303,32.25535004092559,15000.01285279182,1
-0.6265155637137443,-0.12824845738383847,-0.3864796435387893,-2.4448886772815426,-1.4906670296621702,0.24221518726498084,-1.476582723810159,-0.6573749319145348,-0.12826447740468738,-0.49754000110980867,35.1821513125204,20500.014438745195,0
-0.5402980481683923,-0.18958232748250972,-0.36417501374508404,-2.8096691204098385,-1.6201495115161464,0.5268110185895405,-1.602974602404626,-0.5983538008478653,-0.18949234424232306,-0.5945978131763261,38.75864667309601,25000.01608714869,1
-4.6326374296827595,-1.9198846373890102,-2.9921953592627553,-18.991522619096273,-12.077276830573046,0.7300182015396947,-11.935613080445112,-4.725839062944131,-1.9221092956611017,-4.268662980253157,70.19862423005478,149000.0403558657,0
-4.5813546267303185,-1.8514038616439652,-2.947159909426882,-18.841343967134343,-11.859291591487253,0.7545465486759733,-11.757247647003476,-4.739634269169334,-1.8533500367925329,-4.2788859958847345,112.54970807858233,150000.05521006143,1
-10.411454114576228,-4.330320461596031,-6.718228972122567,-42.23895268356914,-26.759268864889425,1.4686028865412133,-26.651880006198017,-10.732958096681367,-4.337974680848125,-9.540909027845867,133.60729616189116,330000.081779173,0
-0.196853771416076,-0.053198317301372186,-0.12382665872196712,-1.2013009671137764,-0.7323279911539842,0.14089645079721771,-0.7268506810067087,-0.2567397550419233,-0.0559515308335352,-0.18564289611866164,48.504054422362934,10000.018016392067,1
-0.956264741513532,-0.3252494628441992,-0.552394244082218,-4.161874954321158,-2.623877685079,0.24170834529021407,-2.6012043021974613,-0.9702580772011077,-0.3249235823022441,-0.8581057715897432,60.561582106349434,33000.02468209816,0
-0.5642514880450163,-0.18732988381331794,-0.33286532668005747,-2.4972964269501383,-1.5644107001711682,0.18473104152806194,-1.550665558369835,-0.5180959745852916,-0.18722997682045325,-0.47735340013521627,50.007259749271384,20000.01960767674,0
-0.7027229671312493,-0.20839502482636119,-0.43286841340561766,-2.9816625916955504,-1.9022741052220267,0.2960130601124253,-1.8336931813151938,-0.77261051793906,-0.2089900198757189,-0.6404685722539756,69.75920606968918,25000.02702397624,0
-1.4743693717589166,-0.5207893309721845,-0.8889341358525321,-6.302197581339678,-3.974836006754405,0.29492471804637876,-3.940489959584265,-1.518784961331666,-0.5212426388199921,-1.3964355477443762,64.51705677071898,50000.027859564114,0
-11.016404545338876,-4.569895174076905,-7.138545929755123,-44.77867498700894,-28.487262458164903,1.6099256867906864,-28.246923156098354,-11.375675843410693,-4.574829440887835,-10.148990238260854,153.6140139371492,350000.0909116117,1
-0.14809447299845493,0.0432635361699725,-0.03425531016436878,-0.7410248784577383,-0.3960647611921299,0.22342953363702153,-0.41306351355482374,-0.15783977122625584,0.04361850973564555,-0.1452491189554272,48.62826249654723,7500.017756253075,1
-0.49132224657657886,-0.12306008880859759,-0.2612672722478601,-2.4699441354458807,-1.5473132878621492,0.18473234044561485,-1.5349701722611904,-0.49754085366710477,-0.12289288264327425,-0.43067086241515046,49.00724161920941,20000.01924365358,1
-1.444025665743872,-0.5780156378215527,-0.9463573822560786,-6.276204997412851,-3.9397826817976447,0.4056299446897789,-3.8540457945500575,-1.5380897616140143,-0.5805731895481692,-1.354454981611626,40.516623397572125,50000.01944026119,1
-7.833623014594169,-3.2126537292626915,-5.042961419938953,-31.8636238670491,-20.2678490933948,1.1886946521412622,-20.15789170276631,-8.061610027971328,-3.215577483182436,-7.221644953254582,115.581544440425,250000.0669588491,0
-2.6042924993781744,-0.9990525697862581,-1.6199616358901963,-10.792884065657196,-6.844713481664785,0.4696599182371238,-6.787741692462593,-2.6470118467168584,-1.0017894552719189,-2.331084615370434,56.778040743493634,85000.02886266015,1
-4.664332481456038,-1.882049136620535,-2.9664267358946574,-19.081276070134592,-12.103935374126722,0.7533563794319017,-12.002669366325504,-4.864500956309768,-1.883476527957988,-4.249269152617194,84.54920134647661,150000.04547850907,0
-0.4491790079174178,-0.13864643082927774,-0.26147361706701716,-1.957306785474838,-1.2502947808122886,0.2609504441564759,-1.187208231183233,-0.45324517006540965,-0.1257608921871658,-0.38965440347008506,62.95654056495312,17000.023790719944,1
-22.13572189769903,-9.260990938411348,-14.366732715383048,-89.78160838012315,-57.121636631873116,3.130429840158021,-56.6603851173011,-22.84610372562068,-9.274095969995642,-20.43693192863423,277.928134608354,702000.1717737608,1
-1.1992831746812604,-0.4558090600192888,-0.7484077273259107,-5.058198374927792,-3.1943762763872403,0.2723986223650393,-3.166898519147285,-1.2354150226025096,-0.4563988592860565,-1.0818133233454967,55.01370676494361,40000.023485448975,0
-0.012131453768614995,0.045230368479772506,0.03169291301278719,-0.4208987722353138,-0.1923005824957102,0.2124594220875336,-0.2110123767707428,-0.03580199651308971,0.04379596577488993,-0.020969734217691476,60.7526868943562,5000.0217344682005,1
-0.2273272633548207,-0.03714777534913577,-0.1486885479182473,-1.1803994020923603,-0.7149124624859274,0.1195938660197359,-0.7080330945734868,-0.28531852991968953,-0.03728788606655668,-0.22694055131287202,49.50407262993796,10000.018364164836,0
-4.175949010312331,-1.7296882419483173,-2.6807857762893095,-17.132079325813645,-10.94155466955121,0.6379350209893051,-10.851292164405889,-4.345595412721376,-1.7313228788147588,-3.882431966858635,105.29480867914616,135000.05116369665,0
-4.581466896687165,-1.884136648637622,-2.9505204897939685,-18.84136687734462,-11.859323348372152,0.754566739544184,-11.757285497220565,-4.73466739270323,-1.8877438940560873,-4.278865248448944,90.54931070510834,150000.0475037289,1
-0.4626276974771532,-0.1341518740050724,-0.2821141483762678,-2.4973232199171465,-1.5644480197229154,0.184755062915015,-1.5507100405254766,-0.520586076936352,-0.13591870874810938,-0.497043600267177,24.006790026755894,20000.01049424416,1
-4.569208245504592,-1.908619128315605,-3.004579530816147,-18.819378366094213,-11.83734288283681,0.9082609817463486,-11.735317092072462,-4.789485788408454,-1.912673240883479,-4.231503659246625,70.54894939407643,150000.04049331622,1
-6.878880504215046,-2.8507927672235023,-4.480622132877154,-28.71918614254959,-18.254457173857084,1.0833244188997508,-18.10135418412448,-7.1411861816419036,-2.8536953189626777,-6.471323107030766,101.82335008876821,225000.05948321105,0
-2.540907327538161,-1.040663684617159,-1.634711960007836,-10.550099135253674,-6.686698016892922,0.4171747075800618,-6.664662996942632,-2.624754893071384,-1.0372098016151132,-2.336205913254192,59.07744673835543,83000.02946726432,0
-4.3420475517812385,-1.799123194675276,-2.807903979620118,-17.836239650735205,-11.319658800925122,0.6670022653186303,-11.230924868218715,-4.492470870111685,-1.7965172559452884,-4.009076111446163,101.04632106094085,140000.0502091391,0
-7.48984211757489,-3.057747111234404,-4.811288317829437,-30.280987033738064,-19.19766038108076,1.2346398228281477,-19.05624247904821,-7.72624522920144,-3.0626685035183403,-6.8576225342289945,145.44833400141823,238200.0761430998,1
-19.71846888907406,-8.184346563358384,-12.73437555881626,-79.96500546268389,-50.839940396605286,2.8136416382266347,-50.41076374880803,-20.401359200374607,-8.195154041656206,-18.18287243933173,271.95355401337486,625000.1615181008,0
-22.25389819061848,-9.269001851701486,-14.375868350485987,-90.19258174652597,-57.3735484022956,3.1872961715276054,-56.89084688496604,-22.894458557830184,-9.280910797989815,-20.50492826661638,277.9790888675404,705000.1721096187,1
-0.598578473096711,-0.18813321139732628,-0.3222559028360766,-3.101079868160599,-1.9373926164444608,0.18534905122130774,-1.9202149493370846,-0.6152291937608264,-0.18821406846306107,-0.6404488222292765,48.758826370653004,25000.019680542937,1
-31.603309371832147,-13.226208423714741,-20.500242423305643,-127.90403411680938,-81.35715814791354,4.460172929711034,-80.70612595293794,-32.62418917671825,-13.24376729680185,-29.093329963784843,396.3249856796791,1000000.2448433049,1
-0.7027209798525241,-0.26082352413795107,-0.4659536898456116,-3.121974829545126,-1.9547985655388296,0.20664483959392446,-1.9390211041124463,-0.7527867367784572,-0.26118796587319193,-0.6235429864548625,54.75893482564917,25000.021800401642,0
-12.636741191364656,-5.258086140305477,-8.183948456753063,-51.4087647215997,-32.69593488094212,1.860048684274899,-32.42115762457396,-13.070382576605565,-5.269369800346769,-11.69380270779512,157.90068208466568,402200.09793364344,0
-1.4126393225512879,-0.5588689607332382,-0.8802189484171432,-5.943863550879682,-3.7422316332648884,0.30363349660320466,-3.7114176889831683,-1.5014399029436636,-0.559571891164835,-1.3210575000402864,45.6058890088827,47400.02095825449,1
-0.36417552223811545,-0.11947501599584663,-0.21776164994961456,-1.8553066606662323,-1.156092199420185,0.1636730836713257,-1.1470392772603213,-0.42405917021177136,-0.11779439736851378,-0.290351418007436,68.32606513571928,15200.025508571149,1
-4.673595207571854,-1.9160438578717751,-2.9993952397749175,-19.127606577463336,-12.142076342804009,0.7545634908573913,-12.040468703832067,-4.836104737312644,-1.9208922665635002,-4.320162319719571,90.54930965869953,150000.0475956247,1
-0.7027171494193664,-0.16996150272193758,-0.34432598288828126,-2.981832780420772,-1.822310751251627,0.30015558905504286,-1.8272984794672242,-0.6826333247465172,-0.1513083295072383,-0.6277321591961874,34.7585738350824,25000.014749198246,1
-4.648830572991444,-1.894405892317739,-2.9910841503583083,-18.819364958778635,-11.83732422697873,0.9082489826775978,-11.735294845950005,-4.8037610881063575,-1.8966428282913923,-4.278197468221916,83.54918427050548,150000.04505120812,1
-12.774258175225887,-5.299129421388912,-8.273409365650068,-52.291240211911855,-33.25006711580636,1.889820322866169,-32.9706100159288,-13.169413184423364,-5.304777204874085,-11.873926615891055,198.28357259997,409000.1127936959,1
-1.504553726941413,-0.5854472966457086,-0.9471182457195905,-6.323090155443681,-3.9922388333271654,0.31621883235300857,-3.959292400849635,-1.5780879151230458,-0.5887966754755506,-1.3713968538580457,72.51720127216444,50000.03067299064,0
-10.98797850040803,-4.58566627082679,-7.11682237631897,-44.612522320046494,-28.338843017300785,1.7101267960780169,-28.09850398112719,-11.37279393397261,-4.579991066191538,-10.14889916611204,152.61399642435782,350000.0905151959,1
-4.625967106113975,-1.866154665195291,-2.957540229177522,-19.24383845846409,-12.223569686482612,0.7589443390665196,-12.121274497895948,-4.720346174446734,-1.8679468232000953,-4.30777603889939,93.89968781587167,151000.04886226874,1
-1.6024935942955192,-0.5873171982867031,-0.9918444773913039,-6.942426549798383,-4.3823323224509085,0.316844913094055,-4.344554074025585,-1.631182296844077,-0.5878461032461552,-1.5175722332054458,62.26860523510745,55000.0275987978,1
-30.573286258363808,-12.759756145722083,-19.79793530579841,-123.8199430565664,-78.7839177735768,4.337916946577184,-78.11956869634433,-31.580873048339384,-12.773411439750657,-28.221683559824495,361.93903495067826,967500.2293711617,0
-0.14413708704251552,-0.023255080694802976,-0.10689707470267218,-1.3811349969428204,-0.8835960464709314,0.24125349144913474,-0.823607702394586,-0.18942638592783476,-0.022978781220970756,-0.2113764253152573,31.379539761995208,12500.012238567384,1
-18.688447902513506,-7.8120166704327625,-12.116311270122985,-75.8522471219556,-48.27321678933409,2.6405387942851517,-47.86635933198687,-19.23729920529404,-7.8208689298888485,-17.249097554799217,250.56783810841458,592500.150598723,1
-94.97614096378256,-39.85158324039191,-61.648898981043196,-384.0319721695214,-244.3913736583857,13.196056268618994,-242.3393324601261,-98.0241382302379,-39.89606392151328,-87.60468260064391,1114.9736199155602,3000000.708717222,1
-0.22732182441861476,-0.050252083019648994,-0.1561787957284151,-1.2013352982835093,-0.7323756038914638,0.14092676355223943,-0.726907427610053,-0.2396153998015225,-0.04850416077059204,-0.16711234195064936,15.503458294271319,10000.006456079354,0
-0.06886506443125992,0.06541052625873378,0.02468038402350235,-0.4208936306838896,-0.1922934181851446,0.21245480177552586,-0.21100383358822447,-0.04643280386242825,0.06387767093050895,0.007868803707442935,65.75277718163773,5000.023487000961,1
-1.0196505353645473,-0.37211683580496935,-0.626157199931549,-4.402421462725124,-2.7697754491984288,0.2504750579259275,-2.747130547641021,-1.0624473744093046,-0.3357472393848539,-0.9159193216185227,61.262230507982004,35000.02513659159,1
-23.91460485772096,-10.041884425167119,-15.547032290723978,-96.85767325295622,-61.661166020614985,3.4169915429496496,-61.141085126839286,-24.617407025222548,-10.041733295418203,-22.036954220663418,284.33585789011926,757400.1798947925,1
-2.2852941049047453,-0.9226994589102172,-1.4822707170852307,-9.477884445405419,-5.991551193471576,0.4245939160900441,-5.941779931481855,-2.4104779674205288,-0.923811055397704,-2.102324956497291,75.27519693506129,75000.03427905789,1
-0.833228058539297,-0.3163950210857991,-0.5223755138727297,-3.76219862107396,-2.362287693086704,0.22856043009144805,-2.3430766447687104,-0.9082213226336837,-0.3149390255494607,-0.7703918233037459,57.510573633144666,30000.02329221849,1
-19.10830198288086,-7.938404617659619,-12.370563781874512,-77.33753418939396,-49.1766665910402,2.743398725944115,-48.73931668053126,-19.732770219898082,-7.948814739557962,-17.53452657043558,258.9469627020778,605000.1548248747,1
-1.4031302880495455,-0.5439128302634146,-0.9197816719838938,-5.9517949983422085,-3.7559432567168156,0.30353855514237177,-3.7249975414431034,-1.468252784630327,-0.5427179076429565,-1.222983341005398,37.50064698393524,47100.018096377054,0
-0.8041409175644741,-0.2953793012289435,-0.508592402281396,-3.547245683076771,-2.2326680485183563,0.22065650264168912,-2.2132870584432283,-0.8613440164663939,-0.29840121588289403,-0.7368323786908807,71.88026108365483,28200.028142385752,1
-13.154562833659508,-5.518175365806654,-8.560641346151396,-53.6305067034424,-34.10407554908552,1.8921235609625542,-33.85766940656331,-13.548180023982962,-5.5197476194147015,-12.111011020862241,207.9620846407829,419500.1173040845,1
-4.664336287443722,-1.8841471142304247,-2.995933728520143,-19.16588161687939,-12.18383138546439,0.7343679335681392,-12.081381279332112,-4.808382093178251,-1.887751085780785,-4.278219582746942,106.54959844125578,150000.05320897826,0
-19.845737536816003,-8.239765422566702,-12.82208214954259,-80.5891919203319,-51.26116689550904,2.858535704654165,-50.829960639001015,-20.39924059263503,-8.248720200921673,-18.312802132649846,266.70504817436256,630000.160202598,1
-7.833624370958369,-3.1598736711428272,-5.004967724239653,-31.920605777626264,-20.283877085918117,1.1392691265600334,-20.132170823287705,-8.083317024940666,-3.176425634847676,-7.202269219966576,123.58168889454869,250000.0697658921,1
-0.6596710208239245,-0.18812502879896503,-0.322252998428925,-2.98169750426108,-1.9023228122193518,0.29604453714980256,-1.8337512393376214,-0.6156137175228512,-0.18820854957667527,-0.6467568472000301,35.75859177751472,25000.015103808222,1
-7.708661963241135,-3.2126633583866258,-5.018738488132905,-31.830370568157925,-20.166710823854324,1.188681166786318,-19.997640862036228,-7.9639903924054085,-3.215583824735809,-7.221659910467768,131.58183384728872,250000.0725309433,1
-0.38578950417617025,-0.05506923768304581,-0.11643224240890851,-1.7012392570928658,-1.0873299297786685,0.2522043138340468,-1.0256227290093307,-0.23660563841252644,-0.05500156266736687,-0.2844773607431042,40.25549465945006,15000.015616228375,1
-0.8516911564046444,-0.25465315334686023,-0.47728446460519985,-3.741322788361567,-2.3449080278839336,0.20728096141504293,-2.3243018033409566,-0.8695472183122332,-0.2548122774628723,-0.7866195739559176,33.51014012591959,30000.01487596849,0
-1.288311714457435,-0.5189101718865403,-0.844204800987276,-5.698420017171866,-3.6018624557859606,0.2943124102651655,-3.570950556137328,-1.3563323159346834,-0.5221870300471758,-1.1904498624225646,59.76538165877646,45000.025675424506,1
-0.5442570737224777,-0.152271173409714,-0.28482536604381703,-2.4972891268349215,-1.564400593314917,0.18472462489642721,-1.5506535072117398,-0.5767048661057278,-0.15175066757838238,-0.48294219867027777,57.00738618055012,20000.02205946642,0
-12.587562302864704,-5.283082892628973,-8.103370026425413,-51.142850521494864,-32.52409029975773,1.7842763050422645,-32.24941472020578,-13.007695433171087,-5.289056233483984,-11.607261987721847,183.1304386623252,400000.10654255154,0
-3.923703157933409,-1.589354975065793,-2.4743272809199923,-15.998367935208142,-10.165751864651702,0.6214508050472869,-10.065239317821291,-4.042446182320064,-1.5909326603728955,-3.597009078484359,107.14198168373403,126000.05084972459,1
-4.664334225224319,-1.9160495092579533,-2.99939658741991,-18.8413568153401,-11.859309183036622,0.754557369881368,-11.757268605607829,-4.827578090101875,-1.9208958598675454,-4.260375292799366,100.54949142747367,150000.0510139699,1
-1.051344041595695,-0.347071143850503,-0.6114373097422712,-4.53046215286772,-2.8512677062198764,0.25485474928835566,-2.8279350199471676,-1.0440298661797907,-0.3490698788732659,-0.945821576234709,65.61262686372926,36000.02676377872,1
-0.0515143856756278,0.04731648561083014,-0.009973165641413251,-0.4209019964705801,-0.19230498923163272,0.21246212408942236,-0.21101762727179135,-0.05645398907317285,0.048062559419519264,0.007876343809742909,57.752632697015805,5000.0206853485,1
-0.3857893670543846,-0.10366992058742248,-0.25159680573315607,-1.701241863920646,-1.0873332114981076,0.2522058619861729,-1.0256266344388956,-0.4488827512313329,-0.10388747192540244,-0.28447553019815014,38.25545871001076,15000.014926603939,1
-64.42232100969873,-27.053481276733248,-41.89239344305518,-261.19227162789065,-166.2366572338617,8.995495726161167,-164.83604408534762,-66.65290289167342,-27.08397760651787,-59.57018270169875,776.6623950588678,2040000.4884089918,1
-1.4156048983643712,-0.5514434167310934,-0.936169756669474,-6.338655271372118,-4.009367469780312,0.3162380970221354,-3.975025029975816,-1.528581871064729,-0.551374855664768,-1.3492868975269716,51.51682176500553,50000.02331456995,1
-4.603254313947132,-1.861597264895508,-2.955952900056587,-18.81936997621026,-11.837331301414581,0.9082536768701366,-11.735303280302944,-4.774877680012941,-1.860617115917071,-4.283774931951292,78.54909389298311,150000.04329572053,1
-7.041301009594135,-2.880007705960439,-4.528406929540646,-28.468209439777223,-17.995151528028345,1.0791058035730408,-17.84064263991185,-7.243759493616081,-2.882555517048175,-6.442075974848948,116.82362222060794,225000.0646731323,1
-4.635941332440018,-1.9352307953829033,-3.0134263757058255,-18.819372271331662,-11.837334343630314,0.9082553904377796,-11.73530690784596,-4.787052866890846,-1.9401917944966078,-4.278522332484742,76.54905786101017,150000.04259957522,1
-14.64760091794338,-6.075549994210883,-9.428526135097504,-59.490779152040865,-37.84647482492889,2.080533840393493,-37.527167489561045,-15.102775012468465,-6.083868001145125,-13.441289810982717,201.90143618447297,465000.12001411495,0
-24.6118517437747,-10.269251306655516,-15.955290558881023,-99.58095234026894,-63.453667968398555,3.5078529531127836,-62.83285244947902,-25.387438981782406,-10.280899756891513,-22.69990857228212,311.043332726949,779400.1915648209,1
-4.664336273943039,-1.8841508383694658,-2.952731709236696,-18.841343176916904,-11.859290343840561,0.7545454944821639,-11.75724615090354,-4.804231005808612,-1.8877533659315995,-4.260387541246049,113.549726204476,150000.0555655968,1
-3.4149889197057663,-1.3739368903288534,-2.174303932255356,-13.697569741347882,-8.57740489847681,0.732920976601806,-8.502843000958547,-3.533877614868832,-1.3755764309021734,-3.125611197015727,65.53614588521602,110000.0345019975,0
-4.632935345490148,-1.852835735483137,-2.9369531465691514,-18.819375242673527,-11.837338568409958,0.9082582365170128,-11.735311936444955,-4.821040656721126,-1.8546170333134708,-4.249258432920985,73.54900355578049,150000.04154495287,0
-4.208939442677025,-1.70910965224583,-2.659567485471025,-17.216920450756156,-10.899235466492083,0.6609001759284436,-10.792542993310308,-4.336873819455746,-1.7108219365126187,-3.8593824961960177,110.29489900542744,135000.05291719077,1
-74.2999936721481,-31.107721166559827,-48.21280295669345,-300.32791778739926,-191.07728855493167,10.47904507608088,-189.48772048981021,-76.60809261177513,-31.14305568805105,-68.51848988807104,834.2810727215688,2347200.541118457,0
-4.671347494542991,-1.882036283639979,-2.955392482306387,-18.819384644289087,-11.837351584716975,0.9082664801428474,-11.735327448338985,-4.771346403541453,-1.883467767996886,-4.30141150485463,64.54884104598499,150000.03839430254,1
-4.539365898484387,-1.8820399310203315,-2.9605088204604177,-18.81937812071781,-11.837342699261933,0.9082611159067997,-11.73531687579594,-4.692560081728832,-1.8834701824810423,-4.295096745684659,70.54894936592412,150000.04048940915,1
-6.890062697759676,-2.8294604919525885,-4.420859114660718,-28.259926999515685,-17.961805501320367,1.0666307520144933,-17.80989900051747,-7.100621002901624,-2.831946348194203,-6.365509703887315,140.49284087741637,221200.07264120513,1
-0.70271863623121,-0.20069143912817858,-0.3850283876029453,-3.1219891001615605,-1.9548185454306017,0.20665786418597862,-1.9390449178393745,-0.6841640184711868,-0.2025299735574704,-0.5768482076245243,40.75868177656495,25000.01688900327,1
-3.051300872162088,-1.2518180830981536,-1.9833759082727818,-12.790086625598649,-8.136847088524831,0.4511837062627437,-8.068168111321459,-3.1363644521332033,-1.2529137917442357,-2.817006559547559,82.03326422465568,100000.03932443238,1
-0.8913783421304147,-0.2874240025989152,-0.5260667082213012,-3.715263772677032,-2.309762485828198,0.3179273282131693,-2.2377477212798347,-0.9151556987633134,-0.28923147260305726,-0.7697456813695082,73.5108628635848,30000.0288804034,1
-6.231632088128512,-2.5473666872457223,-4.023509490748433,-25.42376336992095,-16.11436995369376,0.9695062378676398,-15.978720342456798,-6.4357169189317895,-2.549537128156648,-5.7111583819127185,125.06582478586219,200000.06495475452,1
-21.617967747948246,-9.039392627611335,-14.037432856716055,-87.66001933908038,-55.7819223196545,3.0452593886116013,-55.30460493222593,-22.366114633087445,-9.049630315665262,-19.96214105759405,272.97264196847823,685000.1682513505,0
-4.664336999465702,-1.9086450145950142,-3.0045888151768363,-19.143128191511146,-12.159144529720509,0.7545440741204554,-12.056129282094494,-4.789506804146318,-1.9126907257544956,-4.2987018061941775,111.54968888237771,150000.05495454228,0
-3.079690916193098,-1.1861000251407514,-1.8659274454962635,-12.585038504981355,-8.01463656344581,0.6247618005422964,-7.894556728032244,-3.160332985364194,-1.1872986378163435,-2.8170176397546234,94.03348144444779,100000.04347636468,0
-4.664337712050175,-1.8820688859951011,-2.984745018514445,-19.115769890628414,-12.14203864065278,0.7545397350226823,-12.040423787016215,-4.78306785521798,-1.8834897111830449,-4.295140534260593,116.54977924314993,150000.056698534,1
-24.313939915700722,-10.101159900501962,-15.656024722976557,-98.49962077375848,-62.65852173431146,3.450893751521706,-62.1297811382483,-24.987680598685138,-10.112381109556779,-22.405702681185694,316.75044795327153,770000.1925780936,0
-0.8611844004566365,-0.31931603878203896,-0.5456356795939616,-3.762207009495877,-2.3622992864130135,0.22856774319732398,-2.3430904603553837,-0.9138072929057707,-0.32236959208129623,-0.7697231390489074,49.5104291379678,30000.020491289433,1
-20.446128492960007,-8.572523029964398,-13.303576653557046,-83.18576503290357,-52.93757623023272,2.941981598988312,-52.482428002976505,-21.191067519805035,-8.582231941722066,-18.920132349005875,286.7117660982036,650000.1693509968,1
-32.6174800741151,-13.618001411084984,-21.125490943259173,-132.1354681867517,-84.06990529829523,4.616426007381178,-83.35246158620885,-33.594953989404154,-13.632620098243406,-30.088772563725975,390.5350511080933,1032000.2462370087,0
-1.3908987207628907,-0.5207751342485464,-0.8368086018095696,-6.311312316998633,-3.9922830270289396,0.3162476739098302,-3.959345098906461,-1.433075899885696,-0.521233159676153,-1.3544559678606312,41.51664110991087,50000.01979855115,1
-1.6133810079628024,-0.6519807098894635,-1.050030437936285,-6.963309805881043,-4.399722197756338,0.3381307358495331,-4.363341078794313,-1.728884532907658,-0.655403839454294,-1.4954981881680085,79.26891232968987,55000.03356587501,0
-0.702724134046264,-0.22089510433839274,-0.43286962235800674,-3.1640184913117078,-2.0003210412821963,0.18532519156060018,-1.9831365098195592,-0.6852296680015454,-0.22262739110955707,-0.646792911492885,73.75927781698965,25000.028465880638,1
-6.319017602276016,-2.6026637134982527,-4.064168098242798,-26.03022822070357,-16.54297795577518,0.9912631974793028,-16.404291246951633,-6.545911581055551,-2.6070789688224334,-5.851840989739984,107.46677776510147,204000.05924042265,0
-0.12318380642104346,0.011460497851897844,-0.013521251830797365,-1.0610132566114958,-0.6798378183538841,0.23028695167347446,-0.6215636349225784,-0.12451429387814889,0.011603155463393867,-0.2082050488863398,39.50389202417096,10000.01482308118,1
-0.2273218015526245,-0.05317800144232314,-0.13398537278164,-1.2013352379327629,-0.7323755598879755,0.14092679521452683,-0.7269073748996692,-0.20178678675636244,-0.05593798567088719,-0.20186219151495602,15.50345830943136,10000.006455538985,1
-4.690680796830451,-1.9022946377827503,-2.993107225754192,-18.819379613146374,-11.837344499293724,0.9082617936880898,-11.735319001608882,-4.819867438734129,-1.909806531120966,-4.297899026724411,69.54893141937556,150000.04014941835,0
-2.984563502229061,-1.2433155152390043,-1.9754681290248748,-12.641432286019015,-8.02795450362515,0.5231638979555512,-7.959283819008658,-3.1808892243397104,-1.263661737013873,-2.8218991639726223,52.032722752579595,100000.02877764989,1
-0.7027171731195987,-0.18812440270633052,-0.3222527824300897,-2.981698496125125,-1.9023242162860203,0.2960454834921337,-1.8337529149639067,-0.5637430726953429,-0.18820812851068733,-0.5945943438880528,34.75857364667927,25000.014751626102,1
-7.856809991050089,-3.2007475333384012,-5.052201733781086,-31.81233051849409,-20.115092698079014,1.1985994819647716,-19.943497957768884,-8.115974918894777,-3.204041562161955,-7.2221039474354045,120.03703917511011,251300.06858038588,0
-0.6710243979837837,-0.10524107198389618,-0.3079332177434325,-3.00949568431255,-1.8904302962057875,0.20228191811295504,-1.8739437099195089,-0.5728980449919464,-0.09370603041104614,-0.5764465465980154,32.40821293150113,24000.013857025617,1
-2.5214981807545285,-1.01362327217523,-1.6008815361391995,-10.471772709086995,-6.632812864477272,0.4582594897841454,-6.577625317383514,-2.6604480978635654,-1.0129542241582428,-2.3214676023752183,59.86727035046643,82400.02967776617,1
-150.3215323799482,-63.038845967407646,-97.54869700839386,-607.6457475962701,-386.73433969563905,21.053826412051716,-383.4754407519578,-155.1336818036112,-63.111185041342814,-138.6530900190898,1716.6394127284207,4746001.104675624,1
-3.123252114420925,-1.2965883799046811,-2.049780491719966,-13.230850468011704,-8.296866648954806,0.5574897907807769,-8.224068782245203,-3.3319378491061284,-1.297355468870386,-2.962835764004329,80.13513810775676,106000.03919408584,1
-10.88237337567948,-4.551317936858736,-7.111035434822748,-45.16228717584275,-28.740540748424156,1.558334244860969,-28.498276788728656,-11.32206462702106,-4.55612871660996,-10.230861401748673,161.59504779097057,352800.09399642004,0
-0.7122255980159156,-0.20837281025271623,-0.32851539171617394,-2.9816997266596412,-1.9023258090204305,0.2960462972976751,-1.833754805510674,-0.643547124906287,-0.2089751903512423,-0.6467549755487252,33.7585556936768,25000.014406413815,1
-46.61275731045909,-19.546515798717962,-30.240402428897138,-188.6874895745406,-120.08391223065911,6.503653405732031,-119.0648141901242,-48.14986920351655,-19.568175947975853,-42.988476674587055,573.3788334053057,1474000.3571634348,1
-0.33585513688137764,-0.08092551912059406,-0.19978427164810542,-1.8687003321120292,-1.1239452771186869,0.22250348349272317,-1.112954759847329,-0.38972743298461243,-0.08263314400465929,-0.34245053629994726,19.605439613363828,16000.008493796819,1
-2.2873636607762795,-0.8840920331493187,-1.450724596216863,-9.477905158256277,-5.991579984916067,0.4246123415244848,-5.941814242148847,-2.4083041878009,-0.8843983834654308,-2.1187544824248543,55.274835625203394,75000.02727135754,0
0.038601178461857205,0.0052883565583551895,-0.0075384714386294875,-0.4208956205530398,-0.19229621811015077,0.21245667667332988,-0.21100718633086413,-0.004616401126667836,0.005226312936491124,0.007870691034884653,63.75274108436823,5000.02278382271,1
-13.57004152371673,-5.610644997861577,-8.736336406911816,-55.118264106595205,-35.01899817889049,1.9820616259050068,-34.78475301274538,-14.020454798456056,-5.6173168213492035,-12.513614213095513,187.99037891238717,431000.11153128155,0
-6.629291814085953,-2.6889216790352743,-4.2339052925382035,-27.066410226334206,-17.194980494665785,1.0263404344378675,-17.050803845194377,-6.852843641515599,-2.6935585187243745,-6.132864926344431,98.2691542778661,212000.05687250465,0
-2.350708391301905,-0.977205842802312,-1.5638273059047247,-10.122755054462122,-6.398992166792182,0.39297060738875855,-6.344049403446481,-2.499503716218573,-0.9802093933471983,-2.235796110291375,64.0265828462258,80000.03086245208,1
-3.954407789132117,-1.6106115412414852,-2.507247941400753,-16.23838613584699,-10.3364203488484,0.6285130773147958,-10.30022692803578,-4.094763457277335,-1.6122242367487865,-3.576578889944595,53.701524537199624,127600.03231195809,0
-39.633623233142586,-16.55865341549502,-25.668638377250712,-160.43964965511628,-102.08096759825908,5.58511748564564,-101.21176753547728,-40.85509408027487,-16.57657376266106,-36.5276726092139,484.9569963421073,1253000.3027542706,0
-0.3818340905148077,-0.12305123149888503,-0.2612640720203302,-2.3414713914058756,-1.494830604259938,0.27412723511384773,-1.4296920415476722,-0.43478314825042963,-0.12288689230783556,-0.5006609545321705,35.00698905125955,20000.014306787416,1
-4.664330471160358,-1.8820443838523508,-2.9664246824372604,-18.841380555878043,-11.85934222859565,0.7545786007039463,-11.757307990973958,-4.771352790823271,-1.8834732050168947,-4.260353574603372,77.5490758877247,150000.04295303996,0
-0.44262356843729955,-0.12307152687182807,-0.2612708052670837,-2.3415713517533265,-1.41476953065982,0.27820702469431113,-1.423180865352331,-0.4900256429781191,-0.12290041664833931,-0.5006021346348432,68.00758531887061,20000.02586421669,0
-14.8044030311418,-6.179471668267658,-9.583573456958435,-59.98544752961953,-38.145647580618636,2.140407022802526,-37.82345713863223,-15.284416422172526,-6.181792336158538,-13.630480126211038,200.3727437333113,469200.1199184277,1
-0.32905655318379673,-0.08781495036712125,-0.17412435385936684,-1.7013746508070753,-1.0073179512998385,0.2563152910035158,-1.0191700716995022,-0.3629318396635057,-0.08940403681343213,-0.35087270762261624,39.255476877641485,15000.015265254078,1
-7.8748293519246,-3.2898465242340413,-5.1069919197829154,-32.03917837250737,-20.4139271524049,1.122287193913543,-20.241559909692317,-8.146622502500255,-3.2935886362108504,-7.231526451669271,144.932392448679,251000.077362366,1
-2.9127892537492674,-1.1975252879580505,-1.8939007699816024,-12.21316159535707,-7.741155641689404,0.5178520597080789,-7.676623438282092,-3.070162201168472,-1.2015630258949817,-2.7421705134088774,86.6320762649341,96000.04049497985,1
-0.5442576985395657,-0.1341746770058912,-0.3219088458330643,-2.49728492026782,-1.5643947845661381,0.18472097739010937,-1.5506465881023892,-0.5409637995096795,-0.13593392082146155,-0.47218520504491357,61.00745839903343,20000.023459591903,1
-0.702721548037076,-0.18959647085444528,-0.3698291812542423,-3.0750500104986873,-1.9022875061480558,0.2960211270783455,-1.8337090456329836,-0.6611161531725571,-0.18950198636486176,-0.6655063805268885,60.759043335708846,25000.023878290885,0
-4.6643356702530285,-1.9352512202343992,-3.0347146527022093,-18.84134746591462,-11.859296202970516,0.7545490937419534,-11.757253140022744,-4.793806148016991,-1.9402054527273134,-4.260383786654282,109.5496540136465,150000.05416702424,1
-0.8041406894887856,-0.2953786486942773,-0.4984266734790879,-3.531703141891884,-2.2155709074087437,0.22065761478499843,-2.197591978912967,-0.8521452643056628,-0.2984007681449206,-0.6992783782746869,70.88024304562276,28200.027785801078,0
-0.5504991762930902,-0.17883003751264487,-0.328889286483689,-2.497323517620655,-1.564448249120752,0.18475490050304824,-1.5507103062096408,-0.5724704857906654,-0.18094016240026234,-0.5005608462041793,24.006790124403945,20000.0105009862,0
-0.7027196763885557,-0.2699442503642628,-0.44000196117018486,-3.121983096789141,-1.9548100661111292,0.2066522163511522,-1.9390348114140659,-0.729436280437243,-0.2703103332539346,-0.6235354352582626,46.75879030731209,25000.01899675136,0
-16.70764184044269,-6.9091609274305,-10.78847589621661,-67.7736888075171,-43.12050796986288,2.3764872809808004,-42.76078135813747,-17.260540816410796,-6.916619346047374,-15.408124340801384,235.67270508171353,530000.1387324184,1
-5.4566544864196045,-2.214700504397218,-3.4809821409433024,-22.06596631891153,-13.920253704155211,0.8599467896451477,-13.800079429547633,-5.62391021411727,-2.2165017756505523,-5.028847050535783,93.30730615828776,175000.05113375737,1
-1.4950462839172975,-0.4986766785898785,-0.888525614718683,-6.276162283099165,-3.939723492599817,0.4055923288842817,-3.853975241914324,-1.5357285690277362,-0.51223180815718,-1.3548251029154488,81.51736393668935,50000.03380195406,1
-1.6059662623335826,-0.5980132141832145,-0.9743263360709029,-6.670368827384543,-4.180099327321276,0.38686023764654887,-4.143354133201544,-1.645081279462844,-0.597997404183404,-1.4278645846124696,50.74292059471885,53500.023382587744,1
-0.7049318780889658,-0.2321260766354492,-0.4471069490765534,-3.009472432912858,-1.8903976186258276,0.20226041348773113,-1.873904758125987,-0.7574030802031038,-0.232181593367819,-0.611218176863673,55.40862869079166,24000.0219290105,0
-4.621205549748105,-1.9023138097734016,-2.993113683771913,-18.841356749129297,-11.859309134228473,0.7545574052487832,-11.757268547879582,-4.819882337907711,-1.9098193459606962,-4.320171430626221,100.5494914590269,150000.05101363992,1
-23.476917143258564,-9.822676839042158,-15.218991329325325,-95.05977959389143,-60.475447997997904,3.3101361638070075,-60.000214953823864,-24.216112545195067,-9.829091275886467,-21.635671894842552,301.29158746362407,743000.1843162098,0
-4.643935608632414,-1.852835093950205,-2.936952902026349,-18.819376102920746,-11.837339873302787,0.9082592523060097,-11.735313496677769,-4.687620664392626,-1.854616595412207,-4.2950986338535975,72.54898547358415,150000.04119195265,1
-6.190008061331871,-2.547358260420427,-3.995540575067649,-25.508854858313583,-16.263443158795397,0.9695178350930227,-16.117296459588854,-6.407070148734974,-2.549531576166012,-5.745657086472659,111.06557135627651,200000.06008262705,0
-4.6643292174773645,-1.8820368082532892,-2.9664226135353347,-19.081296731769925,-12.103964120359421,0.7533748276543187,-12.002703630080216,-4.771347653202128,-1.8834683021248213,-4.297894614348583,64.54884006989352,150000.03847039572,0
-3.891160642991847,-1.5714420666178646,-2.5122469182567237,-16.094731296690757,-10.211868925936058,0.5967951539106007,-10.124997078989571,-4.0720596676819865,-1.5746986892582544,-3.591122883339133,78.3166198180449,126500.04080895873,1
-8.562560834395832,-3.5005969650501063,-5.489423552925511,-34.905485247749745,-22.20469403486976,1.2393448349292473,-22.01028042836859,-8.84841200655319,-3.5061444459118047,-7.897715040194664,127.63907211399618,273000.07363906445,0
-144.74056039056458,-60.720840987746236,-93.95951779833678,-584.8880195984061,-372.26196430582183,20.04430672485381,-369.1252990197455,-149.39596516696588,-60.792762791625655,-133.4685279136227,1624.281171500704,4568001.053460207,0
-0.7027184824223852,-0.22087566841358225,-0.4328627954214323,-2.9818246155305568,-1.8222993153047047,0.3001481487686097,-1.8272848583793393,-0.6852141201424625,-0.22261430967089602,-0.5768499444323163,42.75871837832643,25000.017553839534,1
-1.13423784159791,-0.39176812700395214,-0.6795274537495029,-4.802119678335984,-3.0313957636238653,0.26364223877064036,-3.005294346656017,-1.1262070259626826,-0.39152092218813866,-1.0039449265097478,43.312859668996424,38000.01917069168,1
-0.7978016282500232,-0.289789660756091,-0.48121330312394056,-3.506097269823171,-2.1992756161277307,0.21978371044873923,-2.181434848456813,-0.858029874813183,-0.2883014977065246,-0.7112663572102165,67.81012403816682,28000.02668959247,0
-7.7601844895309,-3.202237522883311,-5.05415027307771,-31.61979783575927,-19.95723761616234,1.5130567091143685,-19.7855661079015,-7.999939207580988,-3.206205066367329,-7.155244461170707,111.58147311658887,250000.06546603143,1
-3.070196737124185,-1.1860885689925103,-1.8659232395772953,-12.417105031263658,-7.76240320052585,0.6890753647362868,-7.694703979975783,-3.1595463063607556,-1.1872908685479713,-2.833250849845683,76.03315713009508,100000.03711274,1
-0.7027229929156279,-0.18814657830768586,-0.3222601732317398,-2.9816611665837303,-1.9022723711379201,0.2960123510273991,-1.8336911198487913,-0.6156303513059979,-0.1882229179423919,-0.623557900714629,70.75922399952343,25000.02736584808,1
-47.13490474121364,-19.712180343759677,-30.56493652351788,-190.7291069824051,-121.3960514686028,6.623974931834215,-120.36411846346657,-48.620038706169346,-19.73364902373444,-43.47596073808927,548.9834778460803,1490000.350312606,0
-4.188940889511447,-1.7255012790319588,-2.691073623954105,-17.236024817915414,-10.952181848289458,0.645093630341085,-10.866837546794933,-4.363832393939458,-1.7275114342055649,-3.8816068035628692,90.29453757190075,135000.04592537804,0
-11.002915294088696,-4.595843143173488,-7.14363967680928,-44.709832464164144,-28.403557268304763,1.6300115338425467,-28.164958638630548,-11.388012323583466,-4.60468072670882,-10.145386780503094,157.61408653695537,350000.09229145723,0
-2.7912796448184407,-1.1296440171886157,-1.788924607149953,-11.560166494719452,-7.32556279398427,0.4955275889710734,-7.26454168612112,-2.9137411046615687,-1.1336122542374039,-2.503578421609578,51.844826894429644,90900.02776649458,0
-14.235593597906739,-5.942514184391253,-9.207795482544729,-57.825382278941504,-36.70200125907908,2.1676929949835753,-36.340221635321065,-14.715786773135786,-5.949264996797957,-13.127605155195472,202.34731285105843,452000.11877938296,0
-1.83490968745982,-0.7185086144076155,-1.1631063063745082,-7.603538991478389,-4.807218689086362,0.3600508173451968,-4.767405390046417,-1.8930072163693508,-0.7220073422767238,-1.6416811832552005,77.02046085937421,60000.03331070262,0
-1.8373216317514725,-0.6644749475955463,-1.059094652854498,-7.565720489625088,-4.819973135923189,0.4529773836434525,-4.726822483206439,-1.7349051497346686,-0.665096334455201,-1.6412811735418857,36.29997967724465,60800.01908837615,0
-0.22732513357140968,-0.021285843880694266,-0.06900712991533037,-1.0611477194826089,-0.5998244874891924,0.23439695744863417,-0.6151093574976484,-0.20951132023667945,-0.022799743353549298,-0.20820505465218023,39.50389224943181,10000.01482419114,1
-4.6643353052728,-1.8944207596549434,-2.991089184635687,-18.84134941057478,-11.859298990215452,0.7545510090235077,-11.757256459998983,-4.770942514030462,-1.8966527750947506,-4.260381882182367,107.54961782301937,150000.05346360613,1
-0.8582062690349793,-0.2853392543572052,-0.4906501916273217,-3.7777264804730186,-2.3793645482668384,0.22854652643606194,-2.3587475465366095,-0.8763130511870554,-0.2849658401707605,-0.7700762949894296,72.51084447472496,30000.02855000909,1
-0.5438642470103363,-0.1942986522097131,-0.3162709669030005,-2.460839717254739,-1.5298806192861625,0.16341860615694598,-1.5161321485825123,-0.4953262611344829,-0.19458646912501287,-0.4721861207934837,62.00747666763045,20000.023799514685,1
-3.373519584074375,-1.3498118055721846,-2.1431389767205062,-14.033999384245442,-8.829644938324748,0.6686106064207147,-8.702703517011894,-3.4627945127663926,-1.350639129503326,-3.0908748270682853,79.53639767761575,110000.03948009686,1
-0.1705919947163331,-0.02128459718363712,-0.07121316201108358,-1.0611497065662334,-0.5998272956358728,0.23439884284871684,-0.615112711139991,-0.1993609857388804,-0.022798906572345554,-0.18917943697328582,37.5038560901534,10000.014120901447,1
-1.7503909847274985,-0.7111106713396589,-1.1492735098198916,-7.551410888836709,-4.665495718256923,0.5225242206129541,-4.623893679346476,-1.8137168894219786,-0.7112232044124625,-1.7222173034043207,47.72056827503296,62000.023159377524,1
-17.31833152549977,-7.211433288532637,-11.205426366218205,-70.21261767246627,-44.65837567900798,2.502278537176867,-44.31990605464768,-17.872835195935664,-7.22490706992493,-15.963627440824995,235.32873755584163,549000.1406308712,0
-4.635948750895067,-1.9171318400900055,-3.0124909881417654,-19.08124273332657,-12.10388916012719,0.7533270066031759,-12.0026142965831,-4.7720805115919624,-1.9189718271701295,-4.295140500579015,116.5497794321531,150000.05668819443,1
-1.4339702537828802,-0.5310135984733142,-0.8977374753775611,-6.311272010275685,-3.9922269606141962,0.3162117092771046,-3.959278272290222,-1.5034796112275441,-0.5285303260281149,-1.3548242436427849,80.51734566496351,50000.03346636762,1
-0.7027189203009274,-0.20837962239554342,-0.45540139279207653,-2.9816885002748434,-1.9023100928817847,0.29603607688315375,-1.8337360797259095,-0.7241933742809549,-0.2089797467463311,-0.5768518676166298,44.7587543934429,25000.018262886693,0
-0.5128627110535147,-0.1230661266621203,-0.26126915847983884,-2.434825129522343,-1.4947968983805422,0.2741046437013769,-1.4296517407411076,-0.5682142932131524,-0.12289686571178651,-0.4942733351135229,59.00742256654769,20000.02273485997,0
-7.1036140277177715,-2.927871287747269,-4.5811817761179645,-28.811771894538083,-18.281975225398863,1.1692296900265395,-18.126370195487592,-7.33401796760517,-2.9330687355909393,-6.523359199021745,108.38397766301438,226600.06193353704,0
-0.7039751034237781,-0.2450956123854956,-0.42613173137653476,-2.981665669975252,-1.9022783969073052,0.2960158352273336,-1.8336983004402323,-0.7272794171009508,-0.23232951205035,-0.6277624127926185,66.75915187545236,25000.02597184898,1
-10.844455159840132,-4.446089883459254,-6.908576827728828,-44.080484377798854,-28.02179339293501,1.5879806840052997,-27.78487847326396,-11.084165801170318,-4.450951756320868,-9.980172795072725,183.86297128373602,345000.10095185676,1
-65.38508814272856,-27.429065965085478,-42.46276232634219,-264.47005119653693,-168.30422532458857,9.140686012914959,-166.89029982510127,-67.52553355770627,-27.46356499772985,-60.297309265334604,768.7705162113402,2066000.4883930464,1
-4.347403203700763,-1.791391749094734,-2.7945527063815834,-17.842628087484858,-11.32742834050935,0.6945684076959082,-11.232618095268883,-4.502818719358893,-1.7825759110390842,-4.027781251382102,79.04592361920338,140000.04250419518,0
-12.607072341626441,-5.228823249674698,-8.138671012420097,-51.12473637622009,-32.50597980529612,1.8370852225184726,-32.231306711023066,-12.998419471563304,-5.240070520007744,-11.629496568931565,174.13027608821653,400000.10338491865,0
-0.4057853418837765,-0.11236279121984485,-0.1896928346415376,-1.8570819236249176,-1.1569345076685336,0.16282375909379754,-1.1466254288610893,-0.4111592415505943,-0.1122865809831319,-0.3311572074550264,38.25545834730487,15000.014961334307,0
-10.93601943167546,-4.514052158647653,-7.083667577758683,-44.76132769928917,-28.424210027825897,1.7849103199830578,-28.18888086194843,-11.31256238462852,-4.5188239304162545,-10.125661606138118,146.6138874045242,350000.0884401426,1
-4.6032554334126665,-1.861601567470014,-2.9559543275399194,-18.819362679988703,-11.837321187519374,0.9082472549081457,-11.735291229111093,-4.774880994781631,-1.8606199823234517,-4.231517795287732,85.54922029105724,150000.04574646344,1
-4.690683071971093,-1.9023027460993012,-2.9931100255465437,-18.841375572344653,-11.859335182547321,0.7545738881151761,-11.75729958765578,-4.842049226637316,-1.9189574690578814,-4.278196594315584,82.54916629442387,150000.04470962286,1
-8.467481939535809,-3.5289005197065815,-5.483590875632865,-34.35484115119694,-21.938528067626038,1.236848026629551,-21.703991457531895,-8.657398020378386,-3.5282426826547137,-7.806396689543699,127.58811804983284,270000.0732745915,1
-0.702716996101019,-0.20837541914862673,-0.3285157794495428,-2.809669492933376,-1.6201498154611536,0.5268108213538772,-1.6029749403350122,-0.6998686486418141,-0.20897676300180038,-0.6404390088152249,38.75864680295319,25000.016096733125,1
-1.481273647704553,-0.6025952824290869,-0.9545575530510269,-6.269552320358795,-3.942194751941192,0.296055583879398,-3.8853786520288662,-1.5006506171079683,-0.6033354545152979,-1.3547996863494232,54.51687635701318,50000.024346968865,1
-18.159175352691253,-7.518572143253755,-11.731140105652564,-73.64916108164792,-46.84397851369626,2.6209676890836926,-46.44999113918222,-18.719892005160602,-7.526717775464928,-16.74718467385057,240.7173526217728,575800.1453555787,0
-0.7030182010416296,-0.20289407596469133,-0.3847599160205513,-3.205549367086825,-2.053406215054865,0.21103566960592549,-2.0355424749148923,-0.7644930102662656,-0.20281742401002625,-0.6947306196251588,47.10911439395635,26000.01921909992,1
-3.018615975778307,-1.1963177278761052,-1.9268495801004963,-12.70691806380724,-8.052206764350535,0.5298211555182055,-8.007607668402935,-3.139188595491264,-1.1945820211424503,-2.8591302615348475,99.03357151759361,100000.04525546622,1
0.01057520388523783,0.06542343848172671,-0.013172625253258342,-0.42091549314735077,-0.19232372447082433,0.21247407599428372,-0.21103995775192194,-0.07298872669152835,0.01886487759617838,-0.055704504042385215,44.7523979255077,5000.016131777769,1
-15.726044753096398,-6.539186184927792,-10.159184929735176,-64.02176763867105,-40.71286698200558,2.284494428400893,-40.36071952932301,-16.22132664099618,-6.545843869843856,-14.531768481019798,227.16301634353573,500000.1325839836,0
-4.598814925271492,-1.8232623093390257,-2.9208783412351003,-18.841356472954672,-11.859308928728135,0.7545575622588234,-11.757268303587917,-4.780109247118755,-1.8358267560133896,-4.283795731820166,100.54949130838055,150000.05100704136,1
-5.377222902343786,-2.2457826500173392,-3.506802553724232,-22.3919365966788,-14.126999282418574,0.7891554189869096,-14.126031194663245,-5.548536823022424,-2.246492728520229,-5.0296356192492375,120.30779274075961,175000.0606735269,0
-0.22732376910145707,-0.01919446581521292,-0.10322355800499507,-1.216866249826477,-0.7494567678832227,0.14091562987601003,-0.7425834634356266,-0.21353109985557897,-0.01852974021683032,-0.2081939146478162,27.50367497758578,10000.010663069177,0
-3.079690889207577,-1.229118896046087,-1.9619782779582182,-12.699326769996755,-8.044618281780327,0.6142785743299849,-7.9759365272375335,-3.1111292973758746,-1.2306027335416267,-2.8583125737845267,92.0334451039872,100000.04280204656,1
-0.7047024220270309,-0.16600577399513386,-0.37396322756320327,-2.9816914924264353,-1.9023143322609013,0.29603890581313075,-1.8337411267338368,-0.7178594470286482,-0.17919337866409502,-0.5946009720918459,41.75870016078896,25000.01720965142,1
-0.08593364347117778,0.04522726873139747,0.03929869253098338,-0.42089372733382074,-0.19229349387668324,0.21245474786093904,-0.2110039198354694,-0.0856073759320093,0.043793890821804064,0.007868792990956486,65.752777220661,5000.023489058694,1
-10.61384726168144,-4.404294391391423,-6.864387681205774,-43.07199331168124,-27.382190622975497,1.574215783900886,-27.152170826638855,-10.954835724654995,-4.411934334055952,-9.765327650670132,181.06037814631028,337000.0991357205,1
-0.5442562398615731,-0.15435343455769687,-0.32024102826278045,-2.4348304226905118,-1.494804176715566,0.2741091844423106,-1.4296604184849324,-0.5449724971999671,-0.15601463264040297,-0.4780182003112461,54.00733227058991,20000.020985068782,1
-1.2891891291030662,-0.4609676862059999,-0.7865577433999478,-5.467940063223335,-3.4551672591104547,0.2864234216384259,-3.4254916157211603,-1.289184580708408,-0.4607955821004542,-1.1190286449105948,58.13478006379081,43200.02491293778,1
-4.616524292316788,-1.8841506989026295,-2.9527321639615436,-19.115773966754617,-12.142044346587072,0.7545434526253102,-12.040430589345085,-4.779357786192308,-1.8877534370681344,-4.320183043334377,112.549706998165,150000.05529575763,0
-36.82465402990694,-15.400072008296394,-23.89180156380384,-149.13215750989667,-94.75980845995583,5.2825004664552395,-93.95984007468535,-38.00202306667851,-15.41748726520317,-33.95477794432794,446.1283266793118,1165000.2797920806,0
-1.1717741054816242,-0.3569274236113527,-0.6527139638265358,-4.863358845754534,-3.0107789552548896,0.35042338871045126,-2.986069966771055,-1.1671689954333009,-0.36784583624718076,-1.0982058914640762,51.94358824497615,39800.02233410668,1
-0.3853947484920884,-0.08572636717106966,-0.18190906030599882,-1.7013820270229616,-1.0073281260415008,0.25632167259474103,-1.0191821932946576,-0.3855831958389421,-0.08513579790500146,-0.3259727961842686,32.25535042511947,15000.012814857682,1
-0.22732796271250022,-0.008797968532665568,-0.06361012734178464,-1.1803939037658149,-0.714905025252013,0.11958943641319421,-0.7080242336340409,-0.17159500371933512,-0.009170686840932323,-0.21834735185651707,54.50416284101717,10000.020109312165,0
-0.702717777561958,-0.18958226809516424,-0.36417556657470296,-2.9816957187058772,-1.9023201575236106,0.296042542679608,-1.833748064764537,-0.7370515846741689,-0.18949250346778557,-0.6654846575497237,37.75862799757327,25000.01581124085,1
-0.38579153516590775,-0.11584982839850336,-0.23589474123396276,-1.701361445555671,-1.0072994390159626,0.25630317751438597,-1.0191480012886924,-0.45407508201227686,-0.11562361318065612,-0.34808182318410746,52.25571179892129,15000.019826162574,0
-0.5442556059699165,-0.12306007246197392,-0.26126725247479793,-2.5358302244105633,-1.6078567415688585,0.2782230330203888,-1.4232161481753935,-0.49001722596806274,-0.12289286398785743,-0.4773523919376376,49.00724161882511,20000.019251199305,0
-4.517739520815882,-1.8820503155923827,-2.955397656848405,-19.081273662065293,-12.103932226826943,0.7533547132424364,-12.002665632237273,-4.771358002238543,-1.8834772943874727,-4.278861740102527,86.54923743218573,150000.046172103,1
-1.1241997140419144,-0.4685044876174845,-0.7496763092872141,-5.058206613669596,-3.1943877485416383,0.2724060116930936,-3.1669121988793645,-1.2353330695327247,-0.46440690474076374,-1.0853229841747463,47.01356225619838,40000.02068087615,0
-0.5403008944414915,-0.1895901969488909,-0.36417812510843334,-2.9816817659997574,-1.9023010534962521,0.29603082690300825,-1.833725321954168,-0.5983606405290279,-0.18949776232652887,-0.6183604568552313,50.75886269201645,25000.020354395336,1
-0.6454618366332688,-0.1983440058015854,-0.38317560908747994,-3.1219869914108846,-1.9548156371895464,0.20665603901984123,-1.9390414536449416,-0.6937822924924719,-0.21834917404530188,-0.6277398767479382,42.75871795244569,25000.017589781302,1
-2.781778169588183,-1.125676810009553,-1.7929235836548854,-11.521711342254658,-7.301055610146119,0.49417588433433346,-7.240229424523164,-2.833813064723904,-1.1296323520620948,-2.561241238578142,91.74045223610212,90600.04171069372,1
-7.059685146009552,-2.8508021600237474,-4.480625424325708,-28.76007872761542,-18.287020636370237,1.0395944549851452,-18.139878372870623,-7.27989062144064,-2.853701638533409,-6.512963754859941,116.82362106605225,225000.06476037897,0
-7.833626407850584,-3.2427777812428062,-5.035286029937839,-31.911095341398052,-20.27436139927014,1.1491671989504724,-20.087735116361564,-8.053205148337318,-3.2460656835317443,-7.235309997966582,136.5819239189516,250000.07431720902,1
-0.5777543009340637,-0.21878607633769367,-0.38773135226723326,-3.137539679113715,-1.9719269989608845,0.20666424691061294,-1.9547534963934419,-0.603293600580759,-0.21834547483761887,-0.6241842838645473,33.75855526578384,25000.0144366699,0
-42.695825122267394,-17.838916175492916,-27.599981160020096,-172.81349595756407,-109.97522829849422,6.069801149076485,-109.05016917081778,-44.00857104990812,-17.859334489890973,-39.36367590961369,497.9380599687338,1350000.3175798417,0
-0.3890696134646708,-0.0857405346946941,-0.20613967896875313,-1.701358160482699,-1.007294987724863,0.25630051405050885,-1.0191426975676996,-0.3896519889515721,-0.08514524622447947,-0.34808463423437164,55.25576592347449,15000.020873713012,0
-10.972108310791521,-4.543278445018682,-7.0718498605228515,-44.630509361571974,-28.339086516417,1.6269979832953976,-28.100437479686068,-11.314202793486297,-4.547691787843002,-10.142604244669144,179.61448411880406,350000.0999715553,1
-25.165478858799727,-10.54398556850234,-16.356781360216065,-102.21467589798854,-65.02371913133699,3.5860089377511866,-64.47506628826847,-26.01783893403158,-10.542797838543693,-23.276483601294633,323.90979435322976,799000.1981669548,1
-1.096489918381746,-0.4002897141346897,-0.6937641857420145,-4.9957330926262795,-3.124770946935637,0.3617778548868354,-3.045894813469446,-1.1748818654784186,-0.40235011318005137,-1.066309494481295,58.01376112043172,40000.02450509133,0
-1.4950410016777351,-0.553525694565886,-0.947418288217383,-6.27619666986543,-3.9397711422467983,0.40562260401347133,-3.854032036517832,-1.503067224642506,-0.5556388378735934,-1.3878225058907379,48.51676790685358,50000.022243666535,0
-0.2168402568972769,-0.070366122661885,-0.1312726880962002,-1.2012864463111042,-0.7323078253502988,0.14088356682031827,-0.7268266461392241,-0.23873368930568398,-0.07050356523912353,-0.2047097199484376,62.504307347878715,10000.022922110455,0
-0.7027172084955425,-0.1881244211601042,-0.3222528057813593,-2.9816985951361756,-1.9023242965488874,0.2960454300400044,-1.833753004887527,-0.6156132672313906,-0.18820814743766828,-0.640435514023123,34.758573714561514,25000.01475466327,1
-4.662260190881751,-1.920646102920451,-3.0259356902095607,-19.01533588455861,-12.128353854794337,0.7315956851157098,-12.025345256662803,-4.864034076715731,-1.9228822292041456,-4.311561563387016,87.54925566283974,150000.0465287708,1
-3.0796858396426607,-1.2063293638988424,-2.012229330010818,-12.585071975370617,-8.01468286133941,0.6247910941042526,-7.894611912527617,-3.1863764228655045,-1.2080529913798477,-2.816326330093478,62.03290346184659,100000.0322703737,0
-3.0796906378639046,-1.1875537271203158,-1.9134978378479235,-12.725339141836466,-8.0671450355737,0.5353835672450131,-7.999865597565398,-3.060734609301252,-1.1885802867109636,-2.8395848110742867,90.03340885352986,100000.04210384458,1
-4.633520104232695,-1.8820442779609678,-2.955395132239995,-18.819371083486654,-11.837332797051282,0.9082545577388826,-11.735305060132129,-4.771352551485665,-1.883473094641598,-4.301423765025654,77.5490758707868,150000.0429473211,1
-1.0196524623863945,-0.32120747680298817,-0.5280828176037413,-4.381507006503812,-2.752342296065418,0.22916167028881027,-2.728291963358582,-0.9427725044031977,-0.3214333747024391,-0.9328431099384866,74.26246533942145,35000.02967879212,1
-36.58714966094586,-15.307841952033728,-23.698579828469175,-147.8193772641518,-94.05774068829167,5.084797276567059,-93.26463836553937,-37.755373436760074,-15.327829878636368,-33.678656873145336,444.62512119119407,1155000.2782254522,0
-3.0590163726793405,-1.2478254153054738,-1.9631339308429434,-12.679001778376879,-8.028994285046759,0.5341697848782374,-7.962054599468895,-3.2264433832574726,-1.2474144520419714,-2.7985155002464936,91.03342719463913,100000.04244823848,0
-0.5601005260519872,-0.17127204102577756,-0.32568549111357203,-2.4448822112915365,-1.490658193630237,0.24220978897739284,-1.4765722036676876,-0.5649646498755924,-0.17157164159921529,-0.4926245876046142,41.1822596686571,20500.016535317718,1
-4.635941975356049,-1.9352332575091773,-3.013427194506195,-18.819368113311395,-11.837328574803486,0.9082517146056412,-11.73530003242077,-4.787054765395099,-1.9401934358800466,-4.278526106100346,80.54913011666834,150000.0440008729,1
-14.521040050840487,-5.997688973700615,-9.378590578249263,-59.07756568223126,-37.5961749684014,2.2736317018698213,-37.279384691545594,-14.980662948422806,-6.004124993983346,-13.40535630502617,201.67531939755526,461500.11957557325,1
-3.036561102377033,-1.2370145999615083,-1.9640032099136746,-12.439100072789312,-7.784392522066897,0.5353864677422449,-7.716682951837489,-3.1841771375213,-1.243770928987501,-2.816352559960951,90.03341013830095,100000.04202569154,1
-11.004898634702178,-4.543263648518835,-7.076960097951455,-44.61251914205923,-28.3388386519351,1.7101240761621936,-28.09849877374164,-11.379129617518593,-4.547681914724621,-10.142581591819464,155.6140505683322,350000.09156491276,1
-1.1781127011178556,-0.4494477299166333,-0.728195243905335,-5.04266205560918,-3.177287779157958,0.2724052564256275,-3.151213740237167,-1.2373483324066952,-0.4481439561632362,-1.0790035152797517,48.01358036874236,40000.021027225834,0
-5.493666568302396,-2.261925688530091,-3.566497399479996,-22.392960489712568,-14.247240745179457,0.8094072779879128,-14.127061819942737,-5.694362113244948,-2.264160391166953,-5.028863491573675,110.30761202358805,175000.0571904989,0
-3.079691063810396,-1.2587855477562298,-1.991227504191833,-12.725337371621906,-8.067142377750836,0.5353815546558431,-7.999862431114804,-3.15427634365307,-1.2602693882692195,-2.816354765922669,92.03344509302177,100000.0428103769,0
-1.495043420829239,-0.5825145874504878,-0.9340196706741203,-6.323101534220169,-3.992254655011428,0.3162289712208399,-3.9593112585954047,-1.5625033241882025,-0.5813583160108308,-1.3713864705641345,61.51700255264806,50000.02681820345,1
-30.195746419981493,-12.653988958268126,-19.608239730606613,-122.33668812961643,-77.81415924667016,4.284546991887309,-77.17789372566031,-31.196580522663616,-12.67188703337269,-27.836004774124074,352.77008715013017,955600.224905499,0
-24.007515386999263,-10.012359366641352,-15.537987040782527,-97.23030544524748,-61.885229108309105,3.3416149293881836,-61.36370042191743,-24.759166941583352,-10.02898188271244,-22.099033707318416,306.07191773606036,759500.1877544126,0
-0.7027207318392487,-0.25278934266614345,-0.4266168653615142,-3.1219756229569713,-1.9547998161316356,0.2066458918859499,-1.9390226024530237,-0.6370495193501268,-0.25576688655306196,-0.5768604815743509,53.758916647531336,25000.021443937403,1
-0.7027231536803893,-0.1881471938782357,-0.322260377966189,-2.981660127203514,-1.902270929048213,0.29601143200122376,-1.8336894011142477,-0.6156308259803479,-0.18822332832639677,-0.6238903039019945,71.7592420637508,25000.027716182194,1
-0.4626326800763962,-0.13417095548369626,-0.282120494079129,-2.4972909952600864,-1.5644033113149967,0.1847265752159425,-1.5506567559802684,-0.5206007903443121,-0.13593142946975947,-0.4970728457881032,55.00735000810662,20000.0213543013,0
-0.04264344540228724,0.04472016290307124,-0.01418823240900811,-0.7410255912624909,-0.3960659429280916,0.22343062481431838,-0.4130649379690981,-0.050316844760994836,0.04490205649209384,-0.13236569705483478,47.62824434695037,7500.017398242972,1
-11.002917826682529,-4.620440920269584,-7.083673090951268,-44.74059368596848,-28.449173533471743,1.6092046922624286,-28.208828970891297,-11.359980600971642,-4.625665052737033,-10.125686218016208,172.6143573211162,350000.0975553184,1
-0.7027174995223517,-0.1881256391606144,-0.32225319658186613,-2.981696434381901,-1.9023213480537975,0.29604363615215096,-1.8337494940899117,-0.5637440286255848,-0.18820895447791808,-0.6404373932767463,36.75860981777422,25000.015453615226,1
-4.6705814383753355,-1.9086339071923035,-3.0045850933781955,-19.115793924076307,-12.142071904010582,0.7545608007501265,-12.04046343054119,-4.8253239304849815,-1.9126833118039575,-4.278868419957146,93.54936381125947,150000.04864332898,0
-0.5952537656459134,-0.26082016597889096,-0.41917899329495445,-2.981683102644665,-1.9023027168188331,0.2960315794636367,-1.8337273026992817,-0.6588899518673252,-0.26118562783981625,-0.5768565719577048,49.75884471104785,25000.020009614072,1
-0.915506980950701,-0.321191468536727,-0.5280774892406765,-4.390625034107791,-2.769793775946715,0.2504872889090074,-2.7471524142521857,-0.9423690428651876,-0.3214227004030139,-0.9328185822532614,48.26199557428876,35000.0205712409,0
-0.18454496280719812,-0.021287058149009816,-0.06360714552067545,-1.061145563992934,-0.5998215373319413,0.2343951593229075,-0.6151058484091677,-0.2148111144355688,-0.02280054717914605,-0.13829342781766257,41.5039283058013,10000.015521502259,1
-3.0297605199848943,-1.2119706136440893,-1.9492843872505494,-12.841568448452866,-8.148634466579647,0.5397613562039729,-8.080666718358781,-3.170454671116713,-1.2149398087922143,-2.865310612376209,96.3838414392486,101000.04443352256,1
-0.8611851115050042,-0.26722917374561483,-0.4879420274428994,-3.750392087303564,-2.3622918267060515,0.22856332264997475,-2.34308158365119,-0.8477405530839648,-0.2691400229056354,-0.7645492633542401,54.510519367832536,30000.022236496916,0
-3.0395578407919497,-1.2507378689940392,-1.9762258285080188,-12.725361280812693,-8.067175548905803,0.5354026896412227,-7.999901964975366,-3.201009858471548,-1.2548393272430303,-2.8169942114530158,69.03302962909777,100000.03475270409,1
-1.7168958229786835,-0.62650108161036,-1.0436651274862303,-7.219402735878559,-4.56272266795943,0.3469001692310081,-4.52496903470618,-1.7310293415834392,-0.6288130596981708,-1.5591486006119553,76.96950636474475,57000.03296943399,0
-42.84375322102058,-17.886644952524566,-27.768814380916215,-173.48507205967508,-110.29486204564012,5.96148199934675,-109.48364954437785,-44.23523205230509,-17.906449594997326,-39.50400978661545,485.6894280264442,1355000.3138202613,0
-1.1781127740567958,-0.40028433180022743,-0.6937625613221062,-5.030851304016374,-3.1772860922973685,0.27240450448954473,-3.1512117478399557,-1.1748779787345554,-0.4023465819297557,-1.0154113156923277,49.01359829913567,40000.02137016219,1
-2.269355395109924,-0.9243491317664598,-1.465006588668609,-9.527358935890035,-6.036320239248825,0.3823318578820956,-5.98575322896871,-2.27927333783577,-0.9254582664969662,-2.0564951518047625,87.27541343925026,75000.03848985773,1
-0.3430072693959152,-0.08780879206689274,-0.16651546996036426,-1.7013850554638967,-1.0073323784162578,0.256324476077981,-1.0191872672609108,-0.378375321336329,-0.0893999307936706,-0.2844669809307522,29.25529618385045,15000.011760859587,1
-0.20162183015198748,0.029621530058865003,-0.06170166526276825,-1.0611445591500213,-0.5998201325281753,0.23439422982455102,-0.6151041647123989,-0.2659344186255503,0.04850170124985813,-0.18497590509406647,42.50394637976728,10000.015873738728,1
-43.62351700996038,-18.248521050972077,-28.282581297929664,-176.65113373785366,-112.33227008669087,6.235389247438356,-111.33327165236236,-45.00979083584033,-18.268341757469585,-40.222312062064454,524.448073982201,1380000.3300305095,1
-4.621200554995924,-1.9022952419909647,-2.9931074122486376,-18.819378495261425,-11.837342993347695,0.908260914330261,-11.73531721180833,-4.819867875836304,-1.9098069296060405,-4.3201430728082695,70.54894949310341,150000.04049819108,1
-4.664336068357293,-1.8841502087041222,-2.99593412359832,-18.841344102289938,-11.859291692989583,0.754546475051714,-11.757247766990151,-4.706034909370079,-1.8877529404288549,-4.260386588017739,112.54970810279644,150000.0552129492,1
-7.833628692093607,-3.194576353672033,-5.055825398980027,-31.926110963340065,-20.27152051403042,1.138501143468069,-20.12265683393216,-8.033497351012464,-3.1997734976207077,-7.20196323127724,150.5821766665805,250000.07922376704,1
-8.467483644750631,-3.4683707938415838,-5.454609733995081,-34.51274405207395,-21.945075767719224,1.2269291432480498,-21.759666118283768,-8.68681285139154,-3.472633769738687,-7.806405252205176,136.58828031285347,270000.0764515417,0
-0.6041789103705667,-0.18959350204386816,-0.3698283040983924,-3.1101637574981025,-1.954796633784428,0.20664425920955728,-1.9390188269437756,-0.607167957593428,-0.18950004601091539,-0.6242050114518505,55.75895272453269,25000.02213746513,0
-3.0796890015683442,-1.2167530973935106,-1.955629072778966,-12.740894337061896,-8.084259614986912,0.5353933824109604,-8.015581460759194,-3.154492219934091,-1.2174302558419108,-2.816673965579647,79.03321014403379,100000.03825896609,1
-0.7570402652018741,-0.2546541363265752,-0.42516376072913475,-3.6219244434425337,-2.309816282147813,0.3179628663052717,-2.237811960504224,-0.7787924791416493,-0.25481284415362054,-0.7894245008925626,35.5101764092022,30000.01554500673,0
-21.51587273132361,-8.949669594394823,-13.92510162214154,-87.02236207934068,-55.32393090963208,3.0541867082407093,-54.85630135802597,-22.212075819589657,-8.961215096525645,-19.807460739667825,291.57170705391945,681000.1743032618,1
-17.515471576001055,-7.276406009349643,-11.356544854907117,-71.34643175022116,-45.39461546668533,2.535630917615914,-45.00899170665054,-18.104034855864622,-7.284278016744972,-16.21858870638755,241.3415793150886,557600.1436500623,1
-21.41917749920023,-8.981004617361211,-13.935446448101033,-87.11218504496235,-55.42772511131669,3.0316744638007704,-54.96030653665159,-22.16563025102127,-8.991177585475702,-19.836422312826343,273.46628418147037,680700.1679643283,0
-4.633134644823833,-1.781802259963976,-2.901293378496564,-18.8193772342438,-11.83734139713381,0.9082601307723495,-11.735315300443856,-4.84590792856342,-1.7721526178942417,-4.278186114948769,71.54896738219456,150000.0408431921,1
-3.0344612462111487,-1.2188352724667417,-1.923616074568484,-12.601263763743775,-7.964294492554987,0.6142942317598193,-7.895617152237823,-3.143639735238611,-1.2216941340368095,-2.8582973781759664,76.03315642747086,100000.03716984225,0
-10.840498920275616,-4.514072508100326,-7.053408246623473,-44.428333954141756,-28.136910924873224,1.7848824793066722,-27.897542206873013,-11.230472681067155,-4.518837295432063,-10.12602478252786,180.6145027779424,350000.1002552653,1
-4.664332991533767,-1.9194729986737968,-3.012452547434685,-19.081273047434998,-12.10393111753684,0.7533535663738847,-12.002664294651414,-4.8536173331936485,-1.9217091240738498,-4.297916338188274,87.54925562712208,150000.046532503,1
-3.07968533481661,-1.2396806965038056,-1.9628433168621269,-12.678454505785913,-8.014689284329778,0.6247943935826178,-7.894619455359511,-3.228013038411335,-1.2411715104245566,-2.7984843199976055,58.032831136138725,100000.03088174171,0
-46.60039274862347,-19.459434168632693,-30.20163882692763,-188.61203984762983,-120.02098089328462,6.479569271459634,-119.00938637212408,-48.05712177857186,-19.481002643355264,-42.96506131110275,546.0980862153277,1473200.3475216755,0
-7.765544903841876,-3.2627835385412474,-5.071947069358424,-31.623853362065656,-19.98712282505978,1.3465687974619283,-19.816424779340775,-8.088024996975259,-3.261824941246448,-7.218853700257536,128.58178042176667,250000.07143309482,1
-4.576332301784598,-1.8528363261018725,-2.9369533119278093,-18.819374028910705,-11.837336989691982,0.9082574091928886,-11.735310062123721,-4.742848482546251,-1.8546174173351413,-4.301420915829082,74.54902162270973,150000.04189245045,1
-14.536674827901335,-6.061954345230954,-9.423852116177256,-59.013624333356475,-37.52874956235083,2.119962120024143,-37.21324872705049,-15.00251556593039,-6.068459102601476,-13.35670628514291,195.67521147449952,461500.11745635606,0
-18.574989749224557,-7.765415946704099,-12.050075496868502,-75.73496251041982,-48.17600175805964,2.6170133748090043,-47.76949092140514,-19.23900739652701,-7.7756349325462315,-17.154425957428163,238.3924593830077,592000.1462573182,0
-4.562696574947457,-1.852841860495641,-2.936955147863286,-18.819364647835055,-11.8373239878131,0.9082491518806052,-11.735294568598091,-4.742852742891768,-1.8546211050199946,-4.278858579191978,83.54918417444337,150000.04504427814,1
-0.7027192522226915,-0.22087819564719238,-0.37234082630018883,-3.0210804419784556,-1.8573939719807213,0.26193095039149644,-1.8402168993350922,-0.708538958887393,-0.2226160176250903,-0.6404468697715564,46.75879061410906,25000.01896527939,1
-22.265909362934746,-9.320120148081813,-14.436575939676002,-90.19911599436588,-57.38355894936836,3.1123020481313337,-56.89944876182178,-22.969839344041482,-9.333374851911017,-20.50495190691148,302.97954060110783,705000.1808752321,1
-0.23933216329288698,-0.01920157525859259,-0.09044464300821647,-1.0611478323033205,-0.5998245761854687,0.23439689755139811,-0.615109458963082,-0.2570604423967875,-0.018534382613527786,-0.2269309609084792,39.5038922929532,10000.014827031378,0
-9.805092828003946,-4.05937482114719,-6.322289477090861,-39.755842682536844,-25.279766868821746,1.4469959317232117,-25.06621363912328,-10.126588585183335,-4.063634124054763,-9.008621844115044,116.95095657616943,311000.07392492215,0
-0.7027230452849144,-0.20839559773829838,-0.3723456859237121,-2.981661321464626,-1.902272487166318,0.29601226523113083,-1.8336912571930393,-0.6623123299045321,-0.20899038622144464,-0.6404694933233326,70.75922406887972,25000.027369446638,1
-0.5748594187915844,-0.18959147272963325,-0.39444407791116826,-2.9816799347518352,-1.9022983648023812,0.2960288568041995,-1.8337221071956868,-0.7009287755838397,-0.18949862910659754,-0.6569009081663735,52.75889891664606,25000.021061244526,1
-16.12478179883826,-6.780798567644046,-10.504477235416209,-65.88251067512515,-41.910860263181554,2.3008307479576713,-41.54719204253644,-16.688836896619897,-6.788490959405213,-14.95050762905688,227.4177885384671,515000.1342502096,1
-1.0283036139915855,-0.4089936343397539,-0.6636339550360377,-4.417951624275958,-2.786855346895334,0.250462860684436,-2.762805081271014,-1.072859925673119,-0.41206056239190286,-0.898093342646813,74.2624653222965,35000.0296978327,0
-0.5094459322910272,-0.12161625823478489,-0.271469798469588,-2.3414363848757644,-1.4947818390042225,0.2740958141130521,-1.4296339041360313,-0.5424235641594516,-0.12161782160938722,-0.5006031250175874,69.00760329654084,20000.026225553695,0
-4.905534526619787,-2.003156461388415,-3.1144290673932473,-19.898559726224118,-12.700383527510397,0.7577971792012987,-12.57852362205109,-5.059843448840141,-2.0052050053521557,-4.439105211649153,90.03655712249942,157100.04814310544,1
-3.022959135643947,-1.2188484792115464,-1.9236207594349104,-12.746537619465617,-8.113600155372923,0.5311693489707321,-8.036113556607436,-3.1436503744131596,-1.2217030370206625,-2.836074254342163,97.03353521530451,100000.04456740663,1
-1.43045745873295,-0.6015649595945388,-0.9554983682604219,-6.209716868243967,-3.882360956671791,0.27252481840453946,-3.8506307073426576,-1.4890842801436912,-0.5976169284551451,-1.3077828545460954,50.51680427025884,50000.02292678696,1
-19.876933209076594,-8.302965086536874,-12.878872117355186,-80.65898690966506,-51.33444658778772,2.858531057516764,-50.901837485413864,-20.517477234480335,-8.314989635667194,-18.312476341660467,270.70512026689784,630000.1616323537,0
-10.704913992617527,-4.442118296729637,-6.92344607157126,-43.49323327570441,-27.64866096030227,1.5758218263191437,-27.414906938600748,-11.054108584742872,-4.449012340669336,-9.849220573632504,174.25133579025547,340400.09710546484,1
-0.7027230562651663,-0.2590443927810514,-0.3694063755626554,-3.1251116953132945,-1.961416680388921,0.16316914804848356,-1.9451831780505495,-0.7028359830114667,-0.2594061674986253,-0.6238867075210677,67.75916962794025,25000.026352213255,1
-2.681132241048518,-1.06557984259378,-1.7228717962302913,-11.444923616444601,-7.252211358317191,0.49158096003999463,-7.191807650046083,-2.8105803052392186,-1.0683925304116317,-2.5408597695885087,53.529571231390904,90000.02825572183,1
-0.579224101489149,-0.16556370704592968,-0.32962900282421687,-2.625356987497651,-1.6459304552389773,0.18912813025462932,-1.6315027972854446,-0.5859272620986844,-0.1650626704332534,-0.5493455242262657,35.35731295843711,21000.01458203052,0
-0.3857896953261332,-0.08781620224701434,-0.22704082917835477,-1.7013726773038116,-1.0073151469882855,0.25631339857068614,-1.0191667280868664,-0.35807337286383917,-0.08940487882171914,-0.33115984868133586,41.255513004509154,15000.015968054702,0
-0.7027177359823452,-0.2759102014545315,-0.4578040576853619,-3.1530971444151352,-1.9894157634819283,0.15756015632714832,-1.9722423202552308,-0.7249677725519769,-0.2788351683921059,-0.6235232200779024,33.75855539095143,25000.01445221475,0
-0.2273297959250362,-0.02130210281151476,-0.12413530275551805,-1.1894736809505249,-0.7323033034235564,0.14088094244035346,-0.7268212740774332,-0.19451545748026347,-0.022810672509380805,-0.13831623278585276,65.50436141866923,10000.023967081037,1
-1.4950458710094325,-0.5410457902366647,-0.9265208364112884,-6.342829065877019,-4.01546261839,0.2625896755371268,-3.9811132593399883,-1.4897034370736408,-0.5420150858886126,-1.307807520673454,76.51727333121568,50000.03207354813,1
-4.646322894783425,-1.8528610834894201,-2.9672271629291935,-18.841342090179193,-11.85928886728699,0.7545446042081527,-11.757244391146674,-4.80204370634258,-1.8546339727031236,-4.283808958237536,114.5497442566554,150000.05591540431,1
-4.589601477362424,-1.9022995394378175,-2.993108831471555,-18.81937116346352,-11.837332850530283,0.9082545103397685,-11.735305128420134,-4.819871173566466,-1.9098097906398621,-4.278191806412119,77.54907589581961,150000.0429482338,1
-0.46498466345605627,-0.18551135732837568,-0.33918977857620064,-2.5612980098679596,-1.6051308226824794,0.1869043691462059,-1.5910368071116485,-0.5530235885916324,-0.18761952028300372,-0.5117056890892085,70.18278310512498,20500.026725812128,1
-0.9705049299697258,-0.3404051694355882,-0.6011418727623038,-4.466461407234861,-2.8105488603450643,0.2526824437263504,-2.787565306199361,-1.0276627756402799,-0.34240073520002207,-0.9305219372046071,44.437085433157115,35500.019290496864,1
-1.3875776374504696,-0.593475686720081,-0.9337362670924634,-6.276179896353248,-3.939747946488378,0.4056079681663863,-3.854004404157351,-1.4767472143803393,-0.5942138030492082,-1.3713891862078649,64.51705692180734,50000.02784487277,0
-2.1552503011440924,-0.8378145246833986,-1.3465306242371688,-8.87221154101072,-5.6222445781439525,0.40391228422189424,-5.575573254570121,-2.2027390103483704,-0.8441283533637658,-1.9392040078618142,49.52314241559366,70000.0247358313,0
-3.3966141035724973,-1.3191369143662999,-2.071742101133719,-13.994015882278092,-8.882176720738908,0.5792486906865285,-8.808040367239695,-3.3963153930192767,-1.3204930863173925,-3.150651201560995,58.536018185029,110000.03212858467,0
-1.1781147741665425,-0.4204760604946901,-0.6810767059382683,-4.995728053260755,-3.1247638640754167,0.36177317538182696,-3.0458863624153345,-1.1962417389900717,-0.4224359563939224,-1.0853379502876543,63.01385149930956,40000.02626083018,1
-1.4950416243126083,-0.5693825800395241,-0.9719754049744339,-6.302212409156926,-3.974856399856438,0.29493743069291867,-3.9405142652523377,-1.5938791678068438,-0.5701235750366622,-1.3600467079024574,50.51680394753839,50000.02296007789,0
-1.5861670345898253,-0.6286894903124806,-1.0433918538569034,-7.335655510694076,-4.644244923388281,0.3512993314355023,-4.605809293854667,-1.6779277978035934,-0.6290909989828168,-1.5416883364957672,60.319523317663396,58000.02723111638,1
-14.84627950184151,-6.173540751187683,-9.600005486156615,-60.241539013439464,-38.31475563049983,2.0866525731166097,-37.99133582686383,-15.32111525591135,-6.185854372495884,-13.616688448386254,177.00289353042203,471000.1119248487,0
-1.316682747953092,-0.5128459308327097,-0.8540416616969844,-5.643547960257329,-3.4511837607656175,0.4572195699870987,-3.419814892094061,-1.3747611725895854,-0.5127370654592268,-1.2229810500651537,35.50061189605993,47100.01729947002,1
-7.833626250029529,-3.2022530043424373,-5.010953508349006,-31.911194180156066,-20.274460648351788,1.171581796081809,-20.102782525033682,-8.099195082559303,-3.2062156398156265,-7.201949068091644,135.58190575243603,250000.0739671775,0
-9.41498464500267,-3.937045746543598,-6.063582115862296,-38.37663814339633,-24.43663609206167,1.3841459185524303,-24.23062199542366,-9.756124387634872,-3.941520263286405,-8.627195847377957,164.09831189957794,300000.0892838196,0
-4.633527489399444,-1.882068330109046,-2.9554038223221055,-19.16116535794252,-12.188505311414508,0.7503328898947542,-12.076685484896021,-4.771372174500617,-1.8834893610894585,-4.297942811257765,115.54976099277704,150000.05635883947,1
-4.664334760869445,-1.7818226599393714,-2.847223088039976,-18.841352311410372,-11.859303171876121,0.7545538971301134,-11.75726142952897,-4.8165470511439095,-1.7721662506526423,-4.27821729646107,104.54956351987924,150000.0524085288,1
-0.7027185845741439,-0.18958534779415523,-0.3944420775172973,-2.981690531035306,-1.9023129492821635,0.2960379427921345,-1.8337394775020721,-0.7352798239915789,-0.18949455738812335,-0.62353151063124,42.758718282893525,25000.017562201123,1
-1.5995976513363106,-0.6179897636092059,-1.0111199444242518,-6.978853145157944,-4.416820597166658,0.3381306764784341,-4.379037662271301,-1.6635244592928706,-0.617990644589636,-1.5010082026777556,79.26891218963169,55000.03356636171,1
-1.134988411337138,-0.4386545975399797,-0.7290708813514131,-5.058177437116711,-3.1943473152191366,0.2723803220893268,-3.1668640088486644,-1.2213310325266853,-0.44451237686291734,-1.062448880185817,75.01406798849426,40000.030488086944,0
-0.22525188560553858,-0.057794827169891136,-0.14442167763876984,-1.0611509303436206,-0.5998288732633965,0.23439966056503583,-0.615114592308904,-0.20635279025771786,-0.05793759946903641,-0.15604068291325557,36.50383805896158,10000.013774029941,1
-3.2284165738071393,-1.235130073536507,-2.011142518922597,-13.390128457639966,-8.53985317153472,0.6397167216074675,-8.3927947228334,-3.355240468213432,-1.2470349307549986,-3.027874072667708,78.06503622544508,105800.03851224475,1
-10.977714802796653,-4.545367046721645,-7.061573522705768,-44.63050211725051,-28.339076446056257,1.6269915330481017,-28.100425476157387,-11.337641572027714,-4.5519600463108585,-10.125699276336187,186.61461056320098,350000.10242414917,1
-1.413418820850397,-0.533348713421515,-0.899586147748547,-6.3112948485510865,-3.9922586616008577,0.3162319416704402,-3.9593160580078828,-1.502022484519384,-0.5355592860199997,-1.325542441093118,58.51694823194871,50000.02575783937,0
-6.180899966625059,-2.5974798280672977,-4.042835532349478,-25.41645784546933,-16.10707044924271,0.930011870911562,-15.972339413595353,-6.452316995455015,-2.5957736740235804,-5.740405287958327,110.06555397367654,200000.05969913493,1
-6.290992835875368,-2.5473574758892705,-4.023506448669234,-25.423779080900417,-16.114391685316924,0.9695199605248271,-15.978746233884628,-6.452849824350636,-2.5495309950760054,-5.756985402333266,110.06555388809645,200000.05970367053,0
-0.16624929456786383,0.0012448577294192351,-0.0744424864599553,-1.0611454929184552,-0.5998214834519503,0.2343951999781906,-0.6151057857754969,-0.19490032518309997,0.004321222162383383,-0.15604537054080295,41.503928287367444,10000.015520351988,0
-1.5206671038496935,-0.5854343645544583,-0.941170612194955,-6.323111951223831,-3.9922690944983783,0.316238149263524,-3.95932846706062,-1.547288644870344,-0.5887880520326361,-1.3717991504018454,51.51682191712341,50000.02331557129,0
-4.6104173070247265,-1.913108704068513,-3.037693746959295,-18.81937228038672,-11.837334350011949,0.9082553877120189,-11.735306915908515,-4.819603490228685,-1.913452067521371,-4.278522331307893,76.54905785271197,150000.04259968008,1
-3.0706214761695043,-1.1978560182214801,-1.9535067713630925,-13.17178726138749,-8.37745591481025,0.6274681211113338,-8.285228322422956,-3.2848462744169646,-1.2097247475880346,-2.857343780741692,49.0836222740337,103000.02809138504,0
-0.21025151080170976,-0.0768727879264174,-0.15189087287562308,-1.4574104263439676,-0.8953514403840789,0.14968063412331048,-0.8885060405991996,-0.21611119525006156,-0.07515190232544394,-0.19675696892066752,30.204359406540913,12000.011810942598,1
-0.4363220263302586,-0.08573158204223723,-0.17679592041760178,-1.8570797435565476,-1.1569315492697718,0.16282197996913816,-1.1466219025880895,-0.3549458368365712,-0.08513937660568768,-0.3259805213616967,40.25549441829669,15000.01565997906,0
-18.083108176344826,-7.545939284594587,-11.691574546472658,-73.25793257806103,-46.60917360060588,2.5982162692761097,-46.21543934095961,-18.626052963774125,-7.554070949875094,-16.628347054931808,214.8761232875344,573400.1360309699,1
-1.8235843971838979,-0.7356585574150084,-1.1603809113809773,-7.603554569631936,-4.807240306412078,0.3600646072785584,-4.767431157890574,-1.8907041365175221,-0.7365474648074852,-1.6001640554891465,62.0201898745557,60000.028054554925,1
-1.495041089767162,-0.5535252080306037,-0.8945022242173934,-6.323115855626803,-3.9922746695575735,0.31624196460646314,-3.9593351166927606,-1.4666765150045722,-0.5556385598345849,-1.3544616626435906,47.516749559922445,50000.02190849093,1
-3.019200931392538,-1.2167589795522715,-1.9652853941551627,-12.601250208986773,-7.9642757052443285,0.614282307586204,-7.895594768071862,-3.1175101387685333,-1.2174340807607904,-2.8163517737400925,89.03339120938705,100000.04172226734,1
-10.369060343884321,-4.3111506736837155,-6.704202170045472,-41.86743059839577,-26.50694298725791,1.6972126970018178,-26.28130640900742,-10.707268187376844,-4.31868612288609,-9.54095011142344,177.60809210911512,330000.0970934006,1
-4.680174985539715,-1.9221912062697708,-2.9873445654423905,-19.26146210689201,-12.256158145301924,0.7567847205527115,-12.152814513741406,-4.853615699992266,-1.9244409671567162,-4.292792071642987,57.72387527844511,150500.03616803777,0
-0.7290736993186608,-0.23905801757660905,-0.42033548880450283,-3.1375120640955174,-1.9718884159820282,0.20663919457912172,-1.9547074929575352,-0.7306142466111455,-0.24469331276293074,-0.6235486549571926,60.75904310557269,25000.023905661685,0
-1.4959281467222525,-0.5647635986359568,-0.9177609172462389,-6.439323285087607,-4.073733780763755,0.3206004848483516,-4.040100100142099,-1.5326662730691394,-0.5647052733160459,-1.354794896585771,74.8675614334896,51000.03159375439,0
-4.607598293826902,-1.8841316374095756,-2.952725207345993,-18.819365852513787,-11.837325555980673,0.9082499797035055,-11.735296434041786,-4.779342129337843,-1.8877405209098104,-4.260358230283355,82.54916615370442,150000.04469721176,1
-0.6210946086355812,-0.20069142873754364,-0.38502836878171914,-3.1219890174085756,-1.9548184792906187,0.20665790561750902,-1.9390448435902647,-0.6841639779958465,-0.20252996247301785,-0.6277379845593971,40.75868181146155,25000.01688790425,1
-36.51778516378651,-15.307246479347874,-23.712347032718508,-147.87602176071832,-93.9951626722611,5.0847769334857,-93.32126791072682,-37.722932593115054,-15.328117638213557,-33.70372392825227,466.625518530854,1155000.2859370783,1
-0.22732470656035145,-0.05318908440287441,-0.11788026089427849,-1.201316556640072,-0.7323496250261008,0.14091023786078552,-0.7268764624852436,-0.22964399591767384,-0.05594537556358717,-0.2046823559654638,33.503783472460334,10000.012762040065,1
-0.2233694389666948,-0.05652083413545525,-0.15835281976761523,-1.701380545336122,-1.0073263342311005,0.25632098926449487,-1.0191800771855297,-0.2712121819618582,-0.05628171695421403,-0.33115225667592824,33.255368378920984,15000.013155199067,1
-4.643936892676033,-1.8528400162528496,-2.9369545379085022,-18.819367780635012,-11.837328329796616,0.9082519040502325,-11.735299739737105,-4.687624458985749,-1.8546198762710047,-4.278526065019344,80.54912996925181,150000.04399406328,1
-4.671201639551044,-1.9340320418392556,-2.9421831602510293,-18.98730162758532,-12.08956197524933,0.843938129711875,-11.935152817662788,-4.845239945895041,-1.9362659069659105,-4.231530331795475,98.54945441643746,150000.05036475748,0
-0.4934406762904155,-0.18960434811428212,-0.36418282232076754,-2.9816578095669657,-1.9022678444831007,0.29600971482186844,-1.833685745333063,-0.5983715335721854,-0.189507193824303,-0.6467926807695922,73.75927818132438,25000.028411202482,1
-1.21559609523343,-0.4542700036809295,-0.7339057780345609,-5.661953619296267,-3.567319150488219,0.27299188996852186,-3.5364013842455693,-1.2695244585884182,-0.45464483933263355,-1.2416678550206774,80.76576107274114,45000.03301419764,1
-65.64271768842792,-27.53024189121916,-42.6261508838161,-265.5672677070856,-168.9734441522235,9.281759612747937,-167.4972127070001,-67.81150777459493,-27.56387516934583,-60.56012706314325,785.9236867281442,2075000.495332906,0
-2.2310657709128368,-0.8848141753845049,-1.4203775225719903,-9.204135625512809,-5.825992892733857,0.4148722798488917,-5.777605484218104,-2.301918676827247,-0.8885066172284918,-1.9656139742835186,48.39891664315474,72500.02460853136,0
-9.418272780807557,-3.82518877281644,-6.029520823323599,-38.272533127318894,-24.308453956351244,1.3918616194918438,-24.138080577653227,-9.655856909749874,-3.8424846064357854,-8.680734802426665,160.09823997580455,300000.08784618066,1
-2.762762405783968,-1.0530401817607966,-1.660105600690075,-11.466089593590816,-7.298621571921698,0.4873384130393775,-7.228002084216156,-2.6901809443998723,-1.0540890383518233,-2.5436988199310164,91.53025744485618,90000.04157454317,0
-10.94184058871695,-4.522824042258954,-7.072405169016203,-44.630520717737575,-28.339102317309678,1.6270081357185844,-28.10045631577705,-11.317722222393908,-4.524830881723825,-10.09675269691706,168.61428534741825,350000.0961152374,1
-8.608600282513763,-3.5453213455918013,-5.567177142730234,-35.02713849657239,-22.226731159201783,1.2982539208813215,-22.039582395136275,-8.889279223601168,-3.548613648064562,-7.93354958121901,150.3401183426665,275000.08176378417,1
-0.1662496151951191,0.001243627572043465,-0.07444289506182966,-1.061143411007326,-0.5998185963199503,0.2343933636454238,-0.6151023452338664,-0.19490127331324283,0.004320402356997473,-0.14834552891862807,43.50396440792747,10000.016220775657,1
-0.5442572711899668,-0.23000795373496982,-0.33597089911530564,-2.497288212090235,-1.5643992365083708,0.18472363026511787,-1.5506518959895481,-0.5643049038004282,-0.21882213271272913,-0.4773609609151148,58.00740431918144,20000.02241220247,0
-0.22732951593037146,0.011444897438921658,-0.01352666001433212,-1.180383347887695,-0.7148904815838958,0.11958033587462294,-0.7080069019277686,-0.12491776908155341,0.011592679796359735,-0.1856579313098572,64.50434339590592,10000.023608496265,1
-7.485000463775889,-3.0356267741704697,-4.726852454621625,-30.215367537402617,-19.090656147851192,1.298361056827912,-18.927513792161754,-7.616447651265191,-3.0389097227686412,-6.88032272056697,115.72805198285018,239000.06575706982,1
-7.8336287808234175,-3.2126758761298646,-5.013627698541518,-31.86358638653811,-20.267797130501616,1.1886616009816504,-20.15782977219824,-8.042789452109787,-3.2155922430950814,-7.218875729217771,151.58219472376163,250000.07956922622,1
-0.5601006461863012,-0.12970865132736253,-0.2772055791052733,-2.444881040556672,-1.4906566543382518,0.2422089457430404,-1.476570368491822,-0.5579495071085466,-0.1295503566073553,-0.4452828317996185,42.18227763179403,20500.016881917803,1
-0.24434020434576398,-0.05662321633707146,-0.13093930157717862,-1.189501922725621,-0.7323423779006005,0.14090565639175678,-0.7268678392249135,-0.2539869689783955,-0.056765583841155196,-0.15604273239394711,38.50387377779935,10000.01451238866,0
-0.5442577883185715,-0.20239816837686472,-0.3380362507491938,-2.3415747636806445,-1.414774078908931,0.2782096181584498,-1.4231862827486235,-0.4788668923447569,-0.19799634131555516,-0.5193252362370538,65.00753125124682,20000.02482028294,0
-3.0796885360587636,-1.216754458779973,-1.9314031143176429,-12.462576620056913,-7.8078722921464365,0.5311862515562435,-7.739193295291807,-3.166296686661821,-1.2174309958610021,-2.7874154455004807,82.03326547516839,100000.03922845809,1
-4.651430572551282,-1.8841273465296553,-2.9505173333675883,-18.81937322022631,-11.837335728795143,0.9082563647447787,-11.735308550394763,-4.789488190572671,-1.8877376665932066,-4.320147779572765,75.5490397741582,150000.04224836492,0
-0.19893680346055295,-0.07239052830690908,-0.13191658410145252,-1.0611446982034969,-0.599820225923117,0.23439414101942666,-0.6151042847170738,-0.2070769470309649,-0.07525469621689934,-0.22693379656426504,42.503946518999,10000.015877406015,0
-9.195330116204968,-3.8088377222816914,-5.992811266575217,-37.85310413984336,-24.028673222000403,1.3710190499215575,-23.82472541742779,-9.599179434795898,-3.8128143969023793,-8.570914633597955,140.0469245164394,297000.080488135,1
-1.0196483369029667,-0.32119149593459273,-0.5280775280828984,-4.381534177268447,-2.7523799060379313,0.22918548583558265,-2.7283367820402433,-1.033901446980943,-0.3214227296971308,-0.9328185947105372,48.261995720896934,35000.02057333871,1
-2.388796332092431,-0.9708735416225646,-1.5523519569414184,-9.901701860841786,-6.177944336622786,0.44354247118290835,-6.123005169229443,-2.529878642147659,-0.9773373286061514,-2.274344283070751,51.02634894674099,80000.02624723982,1
-4.664330941687103,-1.8820467455251157,-2.955395959480672,-18.819366961557492,-11.83732705773947,0.9082508636181735,-11.735298217467705,-4.771354467145552,-1.8834747416922901,-4.295107147548655,81.54914812543736,150000.04434941048,1
-0.5985761905940707,-0.18812563156143863,-0.32225318458843066,-2.981696386527302,-1.9023213053372743,0.29604365808857874,-1.833749449071748,-0.6152230513541935,-0.1882089467346395,-0.6432405703365637,36.75860982809312,25000.01545208074,1
-0.6898189733804249,-0.2527801393130974,-0.43255716228891655,-3.121991391070029,-1.9548215867076137,0.20665958120709005,-1.939048542395156,-0.750860292938683,-0.2557607621562019,-0.5945982985611908,38.75864575872315,25000.01619302703,1
-1.5179807372843355,-0.5854485301470768,-0.9572841331729153,-6.323088084549779,-3.992235955285759,0.31621699058447694,-3.9592889706068854,-1.5658659912905681,-0.5887974985742461,-1.3742019221806636,74.5172374010782,50000.03137395634,1
-0.06886379539658122,0.0765225617006633,0.017198243183185618,-0.420901993861909,-0.19230499615572944,0.2124621294335629,-0.21101762835068563,-0.07112265584256687,0.07691697564367181,-0.03880518960306959,57.752632715437684,5000.020686410834,1
-8.544326245915832,-3.5272232078537686,-5.530592660380107,-35.12759345789251,-22.367656747148907,1.248090503529688,-22.171863438838244,-8.862717604018618,-3.5327958791006293,-7.933220967853362,151.34013586935072,275000.082144806,0
-4.664330768433847,-1.8639466506951998,-2.957806426837849,-18.841378408095686,-11.859339294091642,0.7545768017718203,-11.75730449326646,-4.742200136735478,-1.86765563177318,-4.282401979408598,79.54911200312294,150000.0436527507,1
-0.7537182050402232,-0.3273488762290158,-0.52208984188324,-3.7413071537773437,-2.344886347318104,0.2072671872842433,-2.3242759782404296,-0.8224598414478704,-0.3277897346068369,-0.8225113992513908,48.510411164270714,30000.020130099394,1
-3.079691772357779,-1.1639790965336618,-1.9176372863797149,-12.704431403753615,-8.049720902677654,0.5140754329103333,-7.981037754205161,-3.1714364426342185,-1.178282411189246,-2.8583173074935857,97.03353545191804,100000.0445542094,1
-1.1781115376973843,-0.4307368292433997,-0.7270380552329222,-4.996331454936501,-3.139146736383787,0.2711981933377353,-3.1134143199279802,-1.151670981784446,-0.4313292936753835,-1.0627473621888683,42.01347207981787,40000.01890940191,1
-2.7627606812543175,-1.0836949371957942,-1.7204665444765193,-11.49856981261795,-7.308165593991643,0.43679146531446467,-7.247677906841932,-2.8085149668150406,-1.0842217225577029,-2.540884382045115,79.53004074011211,90000.03738279163,0
-1.4950430522740814,-0.5825133329022406,-0.9340192307586218,-6.323103482733833,-3.992257434479614,0.3162308795474014,-3.9593145782341956,-1.490653322403375,-0.5813574711339893,-1.325543410711617,59.51696634745523,50000.026113863845,0
-3.2022269366102027,-1.3378196695019846,-2.0833897410806084,-13.245033218643359,-8.427425066988988,0.4846501345957833,-8.361533244180315,-3.3383314328824705,-1.3393632446527686,-2.9714408987666716,57.258929198133224,103500.0310262358,0
-3.0796885155265925,-1.2478162582900372,-1.963130964445439,-12.72535406073982,-8.06716550235328,0.5353962285919708,-7.999889985261522,-3.2134420726190713,-1.2474083735476,-2.833251250247727,76.03315609666,100000.03720672108,0
-4.59743790120283,-1.85284383494319,-2.9672214090855302,-18.84137109808676,-11.859329171647445,0.7545703860467453,-11.757292431317945,-4.769732003621835,-1.8546224685597057,-4.32015819825434,86.54923847818692,150000.0461047782,0
-0.7027235183313527,-0.26602191082779564,-0.4791639327359072,-3.1862008558890427,-2.022505336071481,0.15190365327642213,-2.0053222234465187,-0.7872417620412017,-0.26601104327102,-0.640467861200807,68.7591875324663,25000.02672583483,0
-0.38578918735508233,-0.13891662127798385,-0.23482641297402423,-1.7012428650819749,-1.0873346247771942,0.2522067969039257,-1.0256283198107283,-0.3878049894448557,-0.141857003991609,-0.3480676995024698,37.255440710996865,15000.014576770353,1
-4.658971956048252,-1.8999871617828845,-2.9421793480688194,-18.819366029883284,-11.837325698914048,0.9082498841095329,-11.73529659440559,-4.836099475867336,-1.9022243032264075,-4.295108102702017,82.54916623525833,150000.04470189958,1
-0.7027203037557358,-0.25903392598609004,-0.4191795604054846,-3.1251293201642936,-1.961441157114877,0.16318479566796343,-1.9452123559746426,-0.6435558120749985,-0.25939918829425285,-0.6235392063967209,50.75886252313201,25000.020395773834,1
-3.099684430024623,-1.2063399907795949,-1.8721874289296996,-12.704450151884167,-8.049746889584288,0.5140919506900999,-7.981068725045667,-3.186384899571855,-1.20806013407207,-2.8111639070305134,79.03321029631097,100000.03824813983,1
-4.664331278116333,-1.8841317521156162,-2.952725355926741,-18.84137536714277,-11.859335025987336,0.754574000692038,-11.75729940505168,-4.779342387756834,-1.8877406401204144,-4.273018012012658,82.54916622326922,150000.04470509608,0
-0.5445989949005369,-0.1589110559081457,-0.31933777202436686,-2.4448873732974814,-1.4906653778992793,0.24221440386467144,-1.4765807664424127,-0.5695701011010557,-0.15840233254337854,-0.49229018127884167,36.18216933415112,20500.014782874972,1
-0.38579439811075145,-0.05654370211204107,-0.18862600722215983,-1.7013426331539523,-1.0072734116683109,0.25628669780513685,-1.0191169752072415,-0.46298333010527143,-0.05629699631825106,-0.37380112149602124,70.25603690730594,15000.026130492179,1
-0.5985779565579057,-0.1881324001678935,-0.32225543431447445,-2.9816849447946807,-1.902305434337879,0.29603355346719296,-1.833730534653615,-0.6152282694651693,-0.1882134583463604,-0.6241973355996239,47.758808513169846,25000.019305092326,1
-0.7027166122642066,-0.2562060176336117,-0.4396698651283134,-2.9818372631315038,-1.822316757561837,0.30015907844351863,-1.8273056404686125,-0.7446927486478643,-0.25657537866206337,-0.646752150260182,30.75850174266798,25000.013354999333,0
-24.175998276202684,-10.115409688737303,-15.671800251290486,-97.8418481509959,-62.24595654615455,3.4380303619541728,-61.72065124000813,-24.935823628192292,-10.122153348413967,-22.27608946959816,307.99870093638356,765000.188988215,1
-1.2857546185442954,-0.5222238641719825,-0.878727797420794,-6.0603620944102925,-3.7330144423165237,0.3120532394401237,-3.6986777526730608,-1.4162005228221464,-0.5225112634334504,-1.3741600570422687,30.516443496853718,50000.01586822512,0
-1.8119692411106023,-0.6663995061404494,-1.105405166123668,-7.5196244248665485,-4.76801774888461,0.3478249659950361,-4.726811200135661,-1.8480714571673538,-0.6687629159370514,-1.647161872813541,46.019901017351344,60000.0224287349,1
-0.6381367642359178,-0.268921204705719,-0.440945078156717,-3.008578662677941,-1.8448889570325102,0.16293061523714403,-1.8303215878928736,-0.6712361919542861,-0.2645966206685206,-0.5768613149582992,54.75893523688436,25000.021761508156,1
-2.27787851819884,-0.8534514199168158,-1.4034933934225382,-9.477286966044282,-5.977176734203397,0.5151745883858808,-5.874262007262766,-2.3417040404182097,-0.8542751214763626,-2.0857589076828775,90.27546781119842,75000.03952118395,1
-0.7027190557978162,-0.20838021679029375,-0.32851787695465945,-2.9816873800778496,-1.902308601781877,0.2960352007995011,-1.8337342928911635,-0.732818346797521,-0.20898013561667986,-0.6432490947487186,45.75877249816494,25000.018612822965,1
-0.6870819345110494,-0.18958225285754732,-0.3944410322429863,-2.9816956373107386,-1.9023200852832423,0.2960425862812885,-1.8337479884251824,-0.7009217103750156,-0.18949248799948404,-0.5768452479454458,37.758627900441375,25000.015807594697,0
-0.21168881671981782,0.010006380268804294,-0.08570822256612326,-1.0611507718918718,-0.5998287605451504,0.23439975347075626,-0.6151144539981325,-0.21021094524302336,0.010321298156940396,-0.1560406600988968,36.503837976821956,10000.013770706408,0
-0.40417504311954155,-0.05653444493332349,-0.15835742442911846,-1.7013581138454525,-1.0072949570301535,0.25630054317997586,-1.0191426570908184,-0.4099197393391247,-0.056290816538504936,-0.3133347709349942,55.25576586312022,15000.020872082341,1
-7.491868670431232,-3.0786456574258287,-4.822903946045091,-30.592464615286502,-19.467447137327532,1.0697130196412838,-19.303327524960864,-7.683042799156904,-3.082214049628162,-6.862482100423811,112.72799649980578,239000.06481945488,0
-3.8932108506567347,-1.5647810559879451,-2.501952536838951,-15.746294615308122,-9.881382091014705,0.8030582853434385,-9.79583501748489,-4.023225201578158,-1.5680326516044412,-3.577153669845287,66.14124198020828,126000.0364077452,0
-7.780688309894111,-3.183446951100861,-4.99517822505342,-31.61979368134639,-19.957231862003486,1.5130530340517956,-19.78555923992916,-8.021791762906554,-3.1867223489325096,-7.221644525235721,115.58154541694734,250000.0668689116,1
-0.22732949592383575,-0.01921818260992743,-0.07900524983068308,-1.0611197124073986,-0.5997855927826338,0.23437211400429003,-0.6150630008791219,-0.24956864299349021,-0.018545449863081834,-0.18533002220801884,66.50437997152345,10000.024283712173,0
-6.602136813402623,-2.6644984809202086,-4.222733115240429,-26.841264527657422,-17.01987460275897,0.9940817028111971,-16.874987243993253,-6.816526819884891,-2.6671947358880908,-6.0785660881089045,81.9185414905271,211000.05100983274,0
-0.8780283493195791,-0.34143735302586337,-0.48026204022161567,-4.3815390729271675,-2.7523868736239874,0.22919023541930153,-2.7283451026057812,-0.9706920111001766,-0.3421880592275822,-0.9107237167670027,43.26190533890734,35000.018814076604,1
-0.42163138790168936,-0.11901455331898926,-0.1999834844161279,-1.9155776730124732,-1.1602550643001066,0.13712640321773137,-1.1356272016779787,-0.4275152711420906,-0.1189462310116291,-0.3279356879560834,36.43058445353934,15500.014366518903,0
-4.607596851695946,-1.884126102455523,-2.9527233693022326,-18.819375223529242,-11.837338550338172,0.9082582418826958,-11.735311918834583,-4.779337863686366,-1.8877368325235364,-4.301419990236964,73.54900361723655,150000.04154549274,1
-10.939531772604578,-4.49856261937774,-7.033094780246117,-44.480502547384226,-28.27869010986702,1.6224449456310224,-28.041120910664283,-11.301982666360336,-4.505228266560688,-10.06721053750787,170.9136908577222,348000.09674344846,1
-4.582710128598415,-1.8639595679306076,-2.9578107122750628,-18.841356524450703,-11.859308960979746,0.754557529765755,-11.757268347044382,-4.773441663686909,-1.8676642399067518,-4.278874684338079,100.54949134366795,150000.0510078947,1
-4.678260312589551,-1.882061940368198,-2.966430863322824,-19.021516067477688,-12.03946634213176,0.7503435620465909,-11.938150234977918,-4.793528202437845,-1.8834850207671419,-4.2492888869592935,105.54958092574361,150000.05281531662,1
-21.049571956360793,-8.732097993982395,-13.58362757620959,-85.2805065265739,-54.238429587721384,3.0194926975962955,-53.78215335694185,-21.737807567269417,-8.741603456241224,-19.4108468354441,292.6672769747479,667000.1732152229,1
-1.526738976048176,-0.6218895273157815,-0.9929493516625524,-6.46667349178523,-4.0908283022040175,0.32059735023045444,-4.0557920425587435,-1.5857091302066735,-0.6251961521811918,-1.4006389439957911,77.8676156939823,51000.03265805731,1
-0.5158686544264179,-0.12306850451503376,-0.2612698606442166,-2.3414425311219405,-1.4947904208029266,0.27410137685898417,-1.4296441356770493,-0.49002342075851596,-0.12289842173673554,-0.47802663111664534,63.00749486725535,20000.024121263246,0
-4.664333426470472,-1.935242604299092,-3.013430412879834,-18.841362034657084,-11.85931640894564,0.7545619505970242,-11.757277218925859,-4.812176289657846,-1.9401997095104133,-4.278208859795423,95.54940114004758,150000.04926316702,1
-4.899640023907276,-1.997021202654758,-3.163633737516819,-20.301969937473697,-12.854453282402655,0.7941802277033402,-12.746271672857981,-5.1005846089836515,-2.000875227655863,-4.587499779388584,105.05275021474752,160000.05369884358,1
-0.7027206555747969,-0.208386373333545,-0.37774300261430854,-2.981676970409249,-1.9022941630509873,0.29602601930306893,-1.8337170898374284,-0.698814620828367,-0.208984240070065,-0.6238752320760118,55.75895311294402,25000.022115401047,0
-1.7802830934089202,-0.7457264919561303,-1.1674889708966665,-7.4794869389399325,-4.733196287202814,0.2895540607016659,-4.6926653780645005,-1.8617883926164849,-0.7465955210635715,-1.6176309115726566,85.67029936275281,59000.036237198576,1
-0.48317735710768933,-0.13180998244982184,-0.28026321922775865,-2.4973117977498474,-1.5644321657223628,0.1847449491283852,-1.5506911442370526,-0.5220379756230484,-0.12888522931551472,-0.4773392222159504,35.00698871048634,20000.014347771816,0
-0.581733976487168,-0.18813486115557468,-0.3222562501171352,-2.981680772917913,-1.9022996548804099,0.2960298844272053,-1.8337236470469565,-0.6152301608623765,-0.18821509842645268,-0.6432547195784828,51.75888078410071,25000.020706413245,1
-2.850516264834496,-1.1397996931261478,-1.7151956690060517,-12.038805501707792,-7.621543684082284,0.5122793061983835,-7.558044979231254,-2.933540742518749,-1.141448339550826,-2.68705213168071,61.28130052419424,95000.03148639423,1
-4.347405548316819,-1.71979413628113,-2.761402620806806,-17.538893235458247,-11.022312636695204,0.8643967964338999,-10.927144028786715,-4.493840566991885,-1.7214195192630826,-4.027801616965029,101.04632206953818,140000.05012089957,1
-4.589600512988377,-1.9022958462484063,-2.9931076032710013,-18.819377400493916,-11.837341503770526,0.908260024087976,-11.735315441557916,-4.819868325810087,-1.909807328564704,-4.278186145988713,71.54896751233237,150000.04084628724,1
-4.672986572991654,-1.9592306669529957,-2.991089643207066,-18.84134749494514,-11.85929622734978,0.7545490755731457,-11.757253166008221,-4.81190880886717,-1.9614622724670774,-4.2603837909701,109.54965403820161,150000.05416759496,1
-4.633519621363911,-1.8820424306229528,-2.955394517484588,-18.819374199621162,-11.837337121440406,0.9082573159123175,-11.735310214379382,-4.771351126686724,-1.883471862876653,-4.295100540398651,74.54902167307785,150000.04189616305,1
-4.25701555276581,-1.7564092088677639,-2.7793917260760472,-17.514259538884655,-11.115227343661441,0.699351462499691,-11.022276875550642,-4.448891778413489,-1.7584601798625261,-3.929510655162615,67.13488210004604,137400.038057444,0
-8.62594605567865,-3.576372758055487,-5.565020426827864,-35.009146001663616,-22.226480252852532,1.381378277329979,-22.03764007446293,-8.819940358142224,-3.5785839128589765,-7.933199115629042,128.33972088346061,275000.074053562,1
-6.182086313306034,-2.5181546645621684,-3.9963363241720686,-25.55754519535591,-16.25088560727336,0.9681672365519735,-16.110811405663277,-6.4054470701116,-2.520678819185936,-5.763310632877641,115.06564357674914,200000.06148806258,1
-1.1651222792724785,-0.3979492567585207,-0.6919139431873638,-5.058181520620658,-3.1943530350914098,0.27238404458693244,-3.1668708206938385,-1.211000248746287,-0.3953176623504739,-1.0627747786964359,71.01399568023098,40000.029085454385,1
-1.3080490102193965,-0.5149442366529801,-0.8590660527350967,-5.567676751380792,-3.511472010228996,0.2904033407833365,-3.4825907068757753,-1.396653046252082,-0.5156027396782195,-1.2016524924437577,20.449385585095932,44100.011807994895,0
-4.347404474682963,-1.7669351937066153,-2.736359985696407,-17.584379159815455,-11.067801753826263,0.7065206631130672,-10.971657214234849,-4.409768465349999,-1.7690199120729824,-3.980657720636216,93.04617747276752,140000.047327355,1
-6.560551331049248,-2.722453931932422,-4.2873084438077935,-26.502035256634322,-16.727171754441965,1.1712205876955397,-16.583935103700846,-6.777103821001862,-2.725582448041864,-6.07523395897537,132.56913942430074,210000.06859104912,0
-6.182085061674927,-2.518150277153186,-3.9963347934589333,-25.550961391875813,-16.241574801407424,1.1274036431212453,-16.10423238242745,-6.405443581430385,-2.520675864111851,-5.763393923573337,108.06551701505941,200000.05903435618,1
-1.5581615108793179,-0.6120570495275642,-0.9774521832447051,-6.820562878742387,-4.288411677783842,0.28078623491242977,-4.263741005230229,-1.6173329891577692,-0.6142411291509079,-1.4999948837795756,25.057742608225166,54400.01448755667,0
-4.668877132945177,-1.9325553778338158,-3.0372230402334446,-18.841343377958545,-11.85929049293176,0.7545453806512326,-11.75724632926315,-4.82203711778536,-1.935584916434976,-4.320183711421315,113.5497263368224,150000.05557109177,1
-0.810168712530078,-0.33544129488507624,-0.5438530718077192,-3.777760728707458,-2.3794120855210865,0.22857687451689992,-2.3588042153533015,-0.805995484632627,-0.33119497747630905,-0.769713704188989,39.51024838487558,30000.01698784937,1
-11.557537834049244,-4.77610782759252,-7.471026073997333,-46.992960840564166,-29.8850541672577,1.7079519768212372,-29.63270329749358,-11.942363038958074,-4.7807919218621615,-10.65701972435616,141.74436154805719,367500.08859949023,0
-6.26766665462797,-2.597486192274421,-4.04283723481194,-25.22159367408958,-15.912201974308452,1.1273950487173983,-15.775834124100195,-6.452321270806891,-2.595777772872055,-5.711154373395809,121.06575330308083,200000.06349875603,1
-0.385789314962858,-0.03294562523191133,-0.16357842267590877,-1.701374571731912,-1.007317894611442,0.2563153416546513,-1.019170002380486,-0.33230795323334056,-0.045983468927696454,-0.2844764011186431,39.25547675579676,15000.015262583458,1
-2.132176979736846,-0.8175617946628775,-1.3381589130844478,-8.905222435545172,-5.668703959773565,0.3997008923296146,-5.61182627828236,-2.188922157438621,-0.8177933690678219,-1.9589225703501956,53.52321449485461,70000.02614665517,0
-51.886771152743314,-21.75012082023196,-33.687869773519544,-209.8812165707884,-133.55682612698865,7.273413000299255,-132.43069525194016,-53.61729222926675,-21.77464031632256,-47.80522594468529,610.5322638979235,1640000.3877689058,1
-1.5104909210625594,-0.61065975730227,-0.9792543321960878,-6.375349957613498,-4.033052734719595,0.3184518585023317,-3.9997754265490397,-1.586980980012999,-0.6150233230889841,-1.3887762576585398,27.69155050704207,50500.01502175202,0
-32.48161822406385,-13.553562563358875,-21.046553591886216,-131.36473462340197,-83.56109552569568,4.639024922449938,-82.855885259626,-33.53117316795916,-13.570285101989056,-29.94259701598666,400.7836475608797,1027000.2492693168,1
-4.380908965928486,-1.8155364144916173,-2.8576069393431935,-18.36326717171047,-11.631681299488722,0.811524045608652,-11.532098744630389,-4.529010523342143,-1.8168830720531144,-4.136247451942499,111.79810457035207,145000.0544650302,1
-6.959680677967563,-2.8619196942553478,-4.501480757970298,-28.725344073892185,-18.29275024524473,1.0289259901037968,-18.1312898902024,-7.227009087362164,-2.8667445945350285,-6.471353360176348,133.82392814082374,225000.07070581333,0
-4.6643330927844335,-1.9352413696435729,-3.0134299968822527,-18.841364082839625,-11.859319270532922,0.7545638050544128,-11.75728062978631,-4.787061178815345,-1.9401988848826066,-4.3014389395943144,93.54936502222674,150000.04856237583,1
-8.768780113867484,-3.582650741544921,-5.642918837117854,-35.752432093550574,-22.783263321152813,1.3201617363594889,-22.582178089047595,-9.04305140682164,-3.586367842172556,-8.09879762610965,160.09188306370646,280000.0857434744,1
-0.7027185340570684,-0.24890092767279964,-0.4417141794781183,-3.1219903246389697,-1.954820127461527,0.20665867777674654,-1.93904680170345,-0.7078658675816664,-0.24882755370896462,-0.6568888058096494,39.75866385973586,25000.016544219394,1
-1.4950437877190637,-0.6015731912444566,-0.9555013514390353,-6.338642978607385,-4.0093503030069275,0.31622696905223885,-3.9750045654881325,-1.5263975927645328,-0.5976224951694123,-1.3544768002557752,63.517038602416854,50000.027522741155,1
-4.455053307823065,-1.852858205125592,-2.93696093833648,-18.987289576857563,-12.08954562869669,0.843928354826845,-11.935133359239371,-4.6876390248203945,-1.8546321197978364,-4.2782221824666955,109.54965296939866,150000.0542054094,1
-0.06886210271736427,0.07652875852916724,0.047465830014214935,-0.4209121535334749,-0.19231923518506075,0.21247144574234844,-0.21103460643280153,0.055920885407573784,0.07692112207645616,-0.020957453602169256,47.75245199297626,5000.0171778661515,0
-4.664336706735444,-1.8528622949819349,-2.9369620642705683,-18.841339914984538,-11.859285909560276,0.7545428187266492,-11.757240867633435,-4.750392293166661,-1.854634773357526,-4.260390354490847,116.54978033457506,150000.0566136266,1
-9.418271487276913,-3.8473100118647525,-5.98237330869803,-38.026090106279575,-24.062011912401086,1.5657223842500056,-23.85697756014523,-9.703163294052452,-3.8515009331349956,-8.680732602537242,158.09820481307344,300000.0870729298,1
-0.702720323961934,-0.21879659409509633,-0.4119608071686191,-3.1375223286908955,-1.971902737603304,0.20664845631881903,-1.9547245653327894,-0.6937862056896614,-0.21835250638389953,-0.6235392064326828,50.75886241971184,25000.020399584966,0
-7.833623753768629,-3.2022431971669363,-5.0109502885857,-31.920610015143485,-20.28388291261648,1.139272755362578,-20.132177768219037,-8.099187583777004,-3.2062091167716398,-7.201933997910407,119.58161668565661,250000.0683661877,0
-0.17651156019480474,-0.05654364266240364,-0.15836043943073322,-1.701207924016156,-1.0872865359017543,0.2521768169126616,-1.0255710270722136,-0.27122982685647384,-0.05629693423759178,-0.3311871889699635,70.25603661369215,15000.026122724716,1
-3.518025417052732,-1.40510319829203,-2.211761919163753,-14.49123801410304,-9.170030140791889,0.5955753755288253,-9.093489103951928,-3.6201432764067367,-1.4081771849452787,-3.231218335061618,52.93718854755617,114000.03058723685,0
-3.088212639394048,-1.2370010080812863,-1.9639992874553283,-12.716107709246337,-8.112718705409117,0.48454338498924016,-8.044043879840444,-3.184167597906847,-1.243762064996613,-2.8163312180639606,67.03299339972182,100000.03405831508,1
-1.482046089335692,-0.5309896475151846,-0.8977295690763641,-6.338665702941522,-4.0093819300306315,0.3162472718755936,-3.975042254486436,-1.5381262901343882,-0.5285143784165517,-1.360038224954654,41.516641121401165,50000.0198126908,0
-0.22389925874726738,-0.021278655922796846,-0.07121140720472077,-1.174547831956757,-0.6942087297030072,0.13970309470044656,-0.6890771894308978,-0.19935674998419395,-0.02279502173877819,-0.18496188453385903,27.503675161534513,10000.010646993174,1
-4.643788036113961,-1.908615995506484,-3.00457907028287,-19.081296896321554,-12.10396424197708,0.7533747349903251,-12.002703774929197,-4.845905971193771,-1.9126713497163421,-4.295091452638601,64.5488401354887,150000.0384736299,1
-3.329831450220887,-1.3704900602841072,-2.1716300157567456,-13.56952053546267,-8.495900944354293,0.7285340397498795,-8.422024597428962,-3.4959882367974267,-1.3747267226433446,-3.0505364538268918,69.18589394683026,109000.03567197708,1
-4.664330815437421,-1.8841304397036305,-2.9959274827748463,-18.819368100706328,-11.83732857452389,0.9082517286206709,-11.735300024698278,-4.806993785938799,-1.8877397342791178,-4.297909395064542,80.54913009240725,150000.04400125274,1
-0.6820474855352914,-0.2562241961571773,-0.4396762490051087,-3.153070053328705,-1.9893782186986775,0.1575362996154016,-1.9721975734919206,-0.7295219752884494,-0.25658761341043496,-0.6242088847161782,59.75902502720152,25000.023559230576,1
-0.01494876454586436,0.029385280014369075,0.042242211682258515,-0.4207824421815357,-0.27233878833961417,0.20836478837380995,-0.21749628649857267,-0.09255135046026694,0.029319130477562634,-0.00986243235661714,43.752379715758345,5000.015787768924,1
-2.008641022152493,-0.7860997735949983,-1.259064747744521,-8.142880197524462,-5.117319361429679,0.4372624251097493,-5.072675958798446,-2.0789163823352914,-0.7866738836577337,-1.8099409830793276,60.771756878512555,65000.02812186668,1
-65.62008723102078,-27.490113449642234,-42.5971412519797,-265.7669126993232,-169.14027664705318,9.176163557012158,-167.65120580740077,-67.77765790417762,-27.5226232329602,-60.58124050655693,763.2385626289101,2075900.4874996266,1
-0.6416438462490431,-0.19834772411178453,-0.3831768693277224,-3.137524274654728,-1.9719055212078316,0.20665036611649598,-1.9547278850790237,-0.6856145276613166,-0.19549528576153805,-0.6568972861190541,48.75882628179939,25000.019696539523,0
-0.8611834239345261,-0.30326438873015593,-0.4723127791840825,-3.499435720860728,-2.1030146684680684,0.2243633238250432,-2.082404009631732,-0.8112073587935629,-0.3037050368415484,-0.7866344029906174,49.510430171284625,30000.020410594974,1
-20.51078849101745,-8.505883164534676,-13.233725080669041,-82.84184816034956,-52.58637464381963,3.099885063865609,-52.141012929655886,-21.053520225017508,-8.515138067005857,-18.92011492058786,268.7114421156399,650000.1629399272,0
-1.1781130125257866,-0.4183839427463806,-0.6913520600929024,-5.058203328185347,-3.1943833014796774,0.2724033524528204,-3.1669068958606603,-1.1728005382994293,-0.41816541728958867,-1.044255543244453,50.01361632639501,40000.021727828156,0
-0.3857902964580597,-0.11972262887814701,-0.2267359643090122,-1.9113350355695422,-1.213118211849656,0.16282135022903532,-1.2028085805190802,-0.3714704380373064,-0.12255267265215786,-0.31332087278168425,40.255494218653034,15000.015676592975,1
-0.13362642551636691,-0.01786723827921882,-0.08285447090980633,-1.0483493659776772,-0.5916832477670173,0.23396418883772085,-0.6070384380707428,-0.22280016106683817,-0.017199780283509894,-0.1642054019860876,33.46875140523645,9900.01269608141,1
-1.4440257853768979,-0.5207755681807476,-0.8889293356599722,-6.182824348472674,-3.939778997222878,0.40562859236712906,-3.8540415141661697,-1.467602447928938,-0.5212333853879072,-1.325527216747107,42.51665949029605,50000.02012306757,0
-0.7027195625882333,-0.22015284276022526,-0.4406504039624408,-2.981684348401237,-1.9023043334611611,0.2960323960670855,-1.8337292120322124,-0.707722186618537,-0.22051851099906847,-0.6568971612820216,48.758826725796645,25000.01966599237,1
-0.22337467260841615,-0.05654057230859441,-0.15835942791590996,-1.7012131733399827,-1.0872937889260128,0.25218138557576136,-1.0255796681634224,-0.27122747862261415,-0.05629489018197193,-0.31334419667996566,65.25594628482425,15000.024372066304,1
-2.2845013353185033,-0.9070419926087632,-1.4482918294827467,-9.503325581076044,-6.012293724076349,0.4045096239996964,-5.960782057180812,-2.3695493673748387,-0.9081546153689202,-2.127366545233245,70.27510652602223,75000.03253208147,0
-0.4678618634478649,-0.16246364777865804,-0.2762844376039466,-2.11317403069978,-1.3199336873274659,0.17159214672611459,-1.3082518539958798,-0.465620102015424,-0.15802250099374854,-0.3896300328832264,36.956070554798565,17000.014719346837,0
-0.7027216635539221,-0.20839009391973037,-0.468566795599854,-2.9816708613415486,-1.9022856008970812,0.2960204370037894,-1.8337068886835695,-0.7328259839440207,-0.20898673019451175,-0.5946198603474111,61.75906150352978,25000.024219473966,0
-4.688783504605155,-1.9346205277377697,-3.0271886352058197,-18.819374371757828,-11.83733725023618,0.9082572228623905,-11.735310367093746,-4.771351198095473,-1.8834718996073951,-4.295100559981194,74.54902172903162,150000.04190009183,1
-1.2098093153112979,-0.43170295339969433,-0.7509343384382917,-5.18622653855978,-3.2758511851070247,0.27676731645679636,-3.247682318102506,-1.206472026420146,-0.43149507446109453,-1.1110657480254542,71.3643198670397,41000.02931535247,0
-0.3679098336509187,-0.11231354652792506,-0.2259823989912567,-1.7013686120955303,-1.0073094471287638,0.2563096691015992,-1.019159934134781,-0.4117046422490183,-0.11434416966266142,-0.32598507340574207,45.25558530296054,15000.017371025067,0
-10.606757780001752,-4.418978972009959,-6.867843719263568,-43.16421445528605,-27.3704422128957,1.6657916110167383,-27.08728061557658,-10.895193266374688,-4.424014105116453,-9.779943418911298,178.23548614327038,337500.0981871766,1
-3.1814195692496727,-1.2853665935756573,-2.026527303856297,-13.07933740261682,-8.191900421182638,0.5573139928268571,-8.12076086153286,-3.337495084714156,-1.2882998201276556,-3.0044858548762106,79.78481414821553,105000.03896479106,1
-0.8611876782554532,-0.32736244151263333,-0.522094380590492,-3.7412844354451713,-2.3448547418807943,0.20724689297875962,-2.324238300270679,-0.8355860679442221,-0.3277987867255409,-0.8117007885309263,70.51080858368465,30000.027840755014,1
-0.4934382673751996,-0.18959511734301224,-0.36417975376038575,-2.9816734091964125,-1.902289484193646,0.2960234953427636,-1.8337115350560063,-0.5983644169092153,-0.18950104079142907,-0.665504426262415,58.759007240280184,25000.023156883617,1
-3.8720129610027647,-1.5896481176441486,-2.4951884384776446,-15.80237518217531,-10.001729174097878,0.7238644101883288,-9.915881793287259,-4.021681039774035,-1.591506455532672,-3.547285607719361,97.79149516911889,125000.04744790257,1
-0.13220435495105382,-0.045781318470414195,-0.12307055369742516,-1.0611466192664378,-0.5998229816093351,0.2343960650533118,-0.6151075782279738,-0.20951176098871344,-0.04773777919674205,-0.13829248990965531,40.50391026843551,10000.015171227686,1
-0.6488050619574941,-0.21878896909720705,-0.3936463575302902,-3.0210886660758893,-1.8574054335511423,0.2619383500619525,-1.8402305666490484,-0.6820845801944113,-0.21834733918410182,-0.6440052717182073,38.75864608625342,25000.016160568288,1
-11.036643235205519,-4.543276643588331,-7.1108450334953766,-44.63051273009882,-28.339091040560778,1.6270006079424335,-28.10044286132828,-11.392460429905038,-4.547690603324786,-10.167647727821716,176.6144300061999,350000.0989267224,1
-1.3767352588174673,-0.5493499412259824,-0.8636690526883521,-5.543021284894742,-3.503264513171213,0.2899282390746072,-3.4744408213337197,-1.3782198215570827,-0.5385242818876397,-1.1790517455113692,60.41507575754298,44000.02579872078,0
