nca-1,nca-2,nca-3,nca-4,nca-5,nca-6,nca-7,nca-8,nca-9,nca-10,nca-11,nca-12,LoanStatus
-79087.24513576999,57335.3540405061,10637.373588199493,-5082.36727278569,-49096.05170661861,16179.987990005842,-16891.841319483105,80609.76127405808,55067.69564144241,22239.56454413363,-5356.221048043671,34848.87377145184,0
-474528.8816067874,344010.55983035266,63821.93189154554,-30509.660825350245,-294591.66598878364,97073.39353991875,-101366.16083939027,483653.2940694134,330404.6216492621,133436.07047159653,-32135.66361456547,209089.19320613262,0
-303698.4425508373,220166.7867882234,40846.054098698674,-19525.95890991921,-188538.45940484028,62127.05255307636,-64874.11982262413,309538.14716752444,211458.98438461087,85399.15301283,-20566.949957374072,133817.39132106554,0
-31634.122996202794,22934.35129980013,4255.316400835087,-2030.8597059060246,-19636.25463957595,6472.869753267968,-6754.683266280322,32244.626449400213,22027.2850342357,8896.046963310742,-2142.6609695415673,13939.938687000564,1
-77505.95515881642,56188.5274908876,10424.46406157564,-4982.158298450368,-48115.51882212169,15855.771695776366,-16555.397666519122,78997.08805495373,53966.22256944663,21794.691948677784,-5248.938466573933,34151.52259859374,0
-442893.3602486979,321076.5768451673,59567.23781586476,-28475.068094021495,-274951.5720411425,90602.09107015393,-94607.79924761376,451410.0110827765,308377.73745397624,124540.38167017467,-29993.346572963277,195150.07849627404,1
-63269.98187884455,45868.22204708037,8509.837675773946,-4066.6803375647937,-39277.55344524323,12943.723198732047,-13514.221840967544,64487.62656290645,44054.09163013136,17791.6200920581,-4284.877019672261,27878.892172701428,1
-1043964.2895511835,756823.0812257598,140407.9819908457,-67122.99419909832,-648103.4483992112,213560.69827089238,-223007.27101264836,1064036.6007100532,726890.0234168193,293559.17973108165,-70698.46376397784,459996.31829144876,0
-199301.77363847182,144484.56359382582,26805.36547887018,-12813.173392742929,-123727.60274814224,40771.22351417944,-42572.99959223838,203134.76996057504,138770.06634729676,56043.24441061385,-13497.149721335853,87817.96497429414,0
-158175.73289437182,114670.37949836282,21274.241723281826,-10168.67558020457,-98195.96668397015,32358.366427563058,-33787.52118659774,161218.2774762155,110135.05969996106,44478.84524121024,-10712.12481285752,69697.05278873956,1
-487498.94554990664,353413.6248880708,65566.60616379669,-31342.21872602015,-302642.44439614855,99727.2614449167,-104135.49172096085,496873.5402566985,339435.79419000214,137083.3990976688,-33014.15170447738,214804.51811315294,1
-316352.2674912298,229340.4683674473,42548.09475496079,-20339.008732838895,-196393.62656841474,64715.93828309579,-67576.681753156,322435.9187148727,220269.8405721424,88957.48787101322,-21423.921474984632,139393.23700742342,1
-205628.37068537885,149071.50247935197,27656.581682649994,-13218.492545012989,-127654.06941133765,42066.12404471014,-43923.0379600063,209583.91862943568,143175.59213227662,57822.51633505996,-13925.886266042438,90606.43433800165,0
-79087.03265838287,57335.40939156319,10637.503593012321,-5082.059412814489,-49095.746726932666,16180.120339756046,-16891.539250920756,80609.9190763664,55067.74878721097,22239.547591376264,-5356.29203354388,34849.0529621607,1
-1066109.2765753616,772876.7958742636,143386.1751407346,-68547.45985903473,-661851.8081520787,218090.44619449793,-227738.3680851621,1086606.7375892326,742308.798782563,299786.1357947708,-72198.03131353202,469753.4803223836,0
-398287.7495552094,288739.60786833917,53567.97618622652,-25607.382034048725,-247260.2344654905,81477.0805058078,-85079.66717635535,405946.56777476775,277319.6872916594,111997.43026738717,-26972.73726331609,175496.15700780903,1
-50615.68924067356,36694.67974402468,6808.017339124473,-3252.543493419971,-31421.20615752831,10355.33686191889,-10810.589471864845,51590.4733148684,35243.37085284289,14233.362905497617,-3428.1020186525143,22303.68692937713,0
-474528.00309922855,344010.73576016765,63822.281202096354,-30506.75948503919,-294588.68840151187,97074.35370569285,-101363.26789010255,483654.1584234729,330404.80813380325,133436.2031096367,-32135.575571065958,209088.75300797963,0
-298637.01110508,216497.29695511374,40165.19335612986,-19201.159326655696,-185396.7663161254,61091.349754773924,-63793.492145282355,304378.9655955389,207934.62764531642,83975.8012285358,-20224.077621545523,131586.90432737189,0
-854152.5982858777,619218.8459560865,114879.24736097206,-54918.844396497196,-530266.4775762148,174731.46213270994,-182460.51783983505,870575.4305929118,594728.1630372762,240184.78203459425,-57844.1418210212,376360.4710860343,1
-253081.30259836806,183472.49907482212,34038.7196658004,-16269.663975341835,-157113.34262780243,51773.38206018922,-54059.825484904046,257949.14786000614,176216.00033788988,71166.09768476167,-17139.12451154363,111514.4466159991,1
-63270.01307630404,45868.253397475426,8509.838977075642,-4066.744716080873,-39277.65737139651,12943.666646495194,-13514.294466430601,64487.56908499657,44054.123892845055,17791.625863283054,-4285.027188330896,27879.281220687808,0
-79087.50899933855,57335.27339735105,10637.269402173775,-5083.384849048491,-49096.9874577139,16179.613418046594,-16892.816690817053,80609.53892108616,55067.61255172784,22239.52304293292,-5356.161943916623,34848.795252889984,0
-15816.377759009178,11467.344818148036,2127.94928368919,-1013.6294232706853,-9816.256125244652,3237.2197968665264,-3375.5680200687893,16122.986149880682,11013.824013277772,4448.188785687495,-1071.4299413365068,6970.206603183763,1
-79086.95261021353,57335.45455806483,10637.568352485958,-5081.69997942996,-49095.36174790158,16180.3054079851,-16891.19270977417,80610.13996552548,55067.7897739028,22239.666123127536,-5356.514463338864,34849.726376165,1
-474527.8340555128,344010.80812371685,63822.4155346322,-30506.458837213162,-294588.36733334046,97074.49552785595,-101362.9694565887,483654.27819349366,330404.87786698143,133436.2402772921,-32135.62239959371,209088.90024318456,1
-355896.46788158873,258007.9841525739,47866.53651508465,-22881.721318812524,-220943.2052448673,72805.26929122579,-76024.11642218452,362740.18877351546,247803.53034153965,100077.1713244054,-24101.875130216224,156817.25083597147,1
-63269.38359273277,45868.39693872938,8510.084638799797,-4064.919293841051,-39275.783494609146,12944.388795713165,-13512.505907058516,64488.15079492611,44054.2727749492,17791.7075514964,-4285.012055865513,27879.138119592477,1
-1423588.1630525754,1032031.22702737,191465.21976678175,-91532.59038414039,-883778.692738909,291218.5412921799,-304102.0262527119,1450958.5189295586,991213.4288944765,400307.857794057,-96406.63172183385,627266.6850412319,0
-474528.05421664397,344010.7645052743,63822.28961626681,-30506.777505940547,-294588.7468438671,97074.32089635925,-101363.29879115526,483654.1489662469,330404.8328622872,133436.21508601218,-32135.812253701966,209089.39286497893,1
-1265411.72253581,917361.1323669504,170191.25228240274,-81362.54989855931,-785581.3370516883,258860.89827800437,-270313.1845551406,1289740.8534833929,881078.6357679279,355829.21030466014,-85694.87948762825,557570.6859093762,1
-474527.999847936,344010.77150225075,63822.34524348601,-30506.776128991758,-294588.71621575527,97074.33186417077,-101363.28472254254,483654.1000776882,330404.84269739327,133436.18941160702,-32135.612502094424,209088.84616629063,1
-63269.31931141735,45868.39811741869,8510.086649979137,-4064.968925604595,-39275.92622041416,12944.387150016968,-13512.568854176094,64488.18929835961,44054.268272450216,17791.776911727233,-4285.085390242692,27879.352730541967,1
-31634.075856391766,22934.373414420552,4255.310314998719,-2030.825762520052,-19636.219038411975,6472.881067477158,-6754.647258561692,32244.643573410132,22027.311401335508,8895.975048389553,-2142.6435879986843,13939.881269287243,0
-5188190.185318563,3761179.9788589804,697783.1158248929,-333590.7572378848,-3220887.924772419,1061327.5348324722,-1108288.2078294107,5287935.461590809,3612421.787823052,1458899.174417885,-351348.2789757385,2286037.646375747,0
-268899.4139955734,194939.4539996991,36165.92560485892,-17288.240369093277,-166934.68130546086,55008.5730235029,-57440.26615120028,274070.497006776,187229.41964390708,75613.89246078306,-18210.484515666016,118484.68261625235,0
-474528.1201112036,344010.7109007931,63822.31090273405,-30507.01107766612,-294588.9679677593,97074.21946536683,-101363.5168801699,483653.97235795594,330404.7857897114,133436.21208888805,-32135.54568454949,209088.645689369,0
-8878764.867776005,6436663.223345696,1194145.2180137017,-570887.1896831723,-5512038.506090352,1816293.9604231627,-1896659.046120839,9049463.485024706,6182087.172837,2496674.5939271757,-601276.8418248515,3912190.924656348,0
-22776.57346184669,16512.71169598578,3063.815931702264,-1462.674151775878,-14138.509019218767,4660.380675332421,-4863.797157056006,23216.14090699679,15859.619588044272,6405.126729720845,-1542.6225951097997,10036.602453712798,1
-1737094.0854332258,1259307.4506273512,233629.9499908462,-111690.32540899924,-1078406.6483944112,355351.25417761964,-371072.27635414834,1770491.695814585,1209500.6670723988,488464.50639635365,-117637.6202070021,765405.0337262675,1
-79086.41900019435,57335.56418853331,10637.716372975243,-5079.822709184227,-49093.3645106586,16181.042962755886,-16889.25394031797,80610.50354647425,55067.92885462438,22239.66567586394,-5356.312159945299,34848.917596856074,1
-79087.0639463113,57335.33643437008,10637.429718551895,-5082.183578659398,-49095.86107843466,16180.077385821856,-16891.65597303216,80609.88776064361,55067.67889440906,22239.555059752594,-5356.109868608545,34848.54105103809,1
-79087.05932994826,57335.39435758468,10637.427786072754,-5082.032481351186,-49095.67932882571,16180.162196749188,-16891.506707343087,80609.95667189665,55067.73468238244,22239.583895312127,-5356.203523970884,34848.851814072594,1
-474528.5428870599,344010.6819189523,63822.14357639512,-30508.96935526072,-294590.94308326585,97073.72153357709,-101365.48348506364,483653.6630682442,330404.7404021865,133436.13357621976,-32135.895206944664,209089.87158436514,1
-74025.76452901129,53665.84699651852,9956.575697701543,-4757.7365989584605,-45954.433976359374,15144.277301884411,-15811.36417796728,75450.6757304293,51543.31607439347,20816.233222042465,-5013.349614896645,32618.44714348537,1
-316352.13658596406,229340.50629524371,42548.131064309935,-20338.955474694845,-196393.61625658744,64715.95664815722,-67576.62906579163,322435.88343158277,220269.87790320013,88957.4956405452,-21423.935975412358,139393.2004544075,1
-474528.06346228655,344010.7619187058,63822.32313880937,-30506.871200223006,-294588.82080647955,97074.28390340178,-101363.38048272707,483654.0432324756,330404.8332630561,133436.20324448193,-32135.630941695486,209088.89511066992,0
-79087.13621864667,57335.40881464529,10637.48583028435,-5082.1073472098,-49095.80382294471,16180.09824161941,-16891.594502832988,80609.88954530744,55067.74668787008,22239.64361505513,-5356.429432585966,34849.455427574845,0
-316351.43005538353,229340.6370984011,42548.43322141421,-20336.483341576706,-196391.08555552387,64716.73535017619,-67574.16585819446,322436.5410524152,220270.02017362785,88957.54452278833,-21423.73604195215,139392.45597532246,1
-110722.74751993615,80269.35825012691,14892.101224080954,-7117.446521511436,-68736.5214800529,22651.15083774356,-23650.646049657735,112853.06594662463,77094.63550129073,31135.255998288583,-7498.611410331313,48788.29145320276,0
-300534.8047446127,217873.42622578997,40420.64770797032,-19322.290602065146,-186574.20905466474,61480.038411267975,-64198.07528482381,306313.93127298355,209256.3295883491,84509.59870547122,-20352.738397814057,132423.5727995587,1
-1107234.6314465106,802691.134590186,148917.61028563135,-71190.28253759057,-687381.6922837528,226504.03059561242,-236522.09863319446,1128523.8197084065,770943.9568805011,311350.648174532,-74983.07303366213,487874.34834514256,0
-998725.2007147731,724027.5182779409,134323.84993136354,-64212.051216523345,-620016.6598794898,204307.07802798366,-213341.34586495184,1017928.9250533797,695391.5707394297,280838.3516262314,-67634.71548544902,440062.5019213234,1
-553615.9757863635,401345.8478554437,74459.33195231749,-35591.236418643006,-343686.80762220174,113253.57937592559,-118257.16365921134,564263.2602298093,385472.3427108733,155675.54311866334,-37491.65429377574,243937.3308588979,1
-142358.0896382429,103203.31667622778,19146.81482931185,-9151.32844387214,-88375.8721075963,29122.633730328762,-30408.276718049026,145096.54172930474,99121.53475204906,40030.97666048574,-9640.79117422512,62726.94695588864,0
-790881.5403292406,573350.9567440653,106369.92576412242,-50849.25852239646,-490985.9119491856,161788.954709014,-168943.41083212182,806088.8126516725,550674.39987277,222393.3671994961,-53559.46993288323,348482.06879678066,1
-158175.8409109778,114670.31247189078,21274.194205868876,-10168.78631298198,-98196.07930975048,32358.280323462815,-33787.629748035106,161218.1948137027,110135.00897481217,44478.782364520644,-10711.999575208614,69696.68921550948,1
-1164178.8374694828,843972.2276563153,156575.93450795987,-74853.67158455671,-722734.9386712161,238151.9641590123,-248688.2330541823,1186561.5484147943,810592.3330960101,327362.8599815795,-78839.28820339222,512965.03180460096,0
-474527.82651974173,344010.8094677994,63822.41081841701,-30506.42989967879,-294588.34131716285,97074.50769202255,-101362.94269606702,483654.3091365868,330404.8785961046,133436.2247453651,-32135.659495163934,209089.00167097704,1
-1202773.8468140098,871951.7402226465,161766.82249356675,-77334.89264103504,-746694.8497280148,246047.30211174005,-256932.4658735372,1225898.732707055,837465.2331555643,338215.66924472206,-81453.06346118957,529971.1182809628,0
-7636762.381895817,5536273.595019732,1027102.9623935092,-491027.9227684757,-4740988.428656629,1562222.898649835,-1631344.8270406274,7783583.649612495,5317308.795520088,2147428.433148939,-517167.64905881236,3364936.2572187386,1
-79720.28207850062,57793.94431197938,10722.342183685985,-5124.221630018098,-49489.94717629801,16308.964690375007,-17028.127042066895,81254.29572802328,55508.14054376069,22417.477327596764,-5398.974007015759,35127.471583248465,0
-126540.18377096811,91736.42356017443,17019.57362455372,-8133.4915312362655,-78555.39836013377,25887.243147449462,-27028.61687202903,128974.99459524726,88108.1708447297,35583.194734839635,-8569.837230522144,55757.923293972184,0
-126540.28500130387,91736.39979904048,17019.56506412033,-8134.027237599292,-78555.81955170073,25887.061917198273,-27029.11715270146,128975.00491290346,88108.1426054884,35583.1416328875,-8569.856157536065,55758.08754512042,1
-63269.722942681205,45868.337638530815,8509.970306748635,-4066.180387184457,-39277.036010681135,12943.954227883487,-13513.732992841666,64487.875795242195,44054.20754241458,17791.673185709395,-4285.065449659863,27879.43631322665,0
-474527.7756765486,344010.83288132184,63822.38855798217,-30506.187344074304,-294588.13668141956,97074.69130377015,-101362.70930703999,483654.36139080295,330404.90212352516,133436.24806035726,-32135.841663954776,209089.44363611168,1
-632704.3172028251,458680.90567257284,85096.26049285743,-40676.67333789757,-392785.9292048871,129432.2507170138,-135152.0058899444,644871.9008204332,440539.6678983982,177914.84061397403,-42847.449803581796,278785.10634098685,1
-79087.09827335818,57335.38823261284,10637.464184785204,-5082.217222619383,-49095.92850265424,16180.037092759649,-16891.698632867246,80609.8184771526,55067.72807983195,22239.614283370614,-5356.285130487601,34849.01433751585,0
-31634.27993541546,22934.335790638015,4255.176585561758,-2031.2465300103158,-19636.73732620761,6472.709221008145,-6755.075598628866,32244.485431308014,22027.269361102204,8895.980568433126,-2142.7046218618216,13940.07812381764,0
-316351.6232939165,229340.61480712067,42548.34605264213,-20337.467932947802,-196392.15854927409,64716.57762401517,-67575.18412874344,322436.39782168437,220269.9877889662,88957.54443276674,-21423.968290364362,139393.24028670025,1
-79087.57960002984,57335.25127070187,10637.256823899108,-5083.440032836809,-49097.05822666447,16179.528513352254,-16892.86957519917,80609.41770043381,55067.59835310792,22239.514374629478,-5356.066266509916,34848.49636828396,1
-474527.8055913914,344010.7934327729,63822.3754209984,-30506.307830448543,-294588.25235250226,97074.63909436403,-101362.82174314477,483654.30024231534,330404.86365350074,133436.1920515273,-32135.701540438706,209089.04396671918,1
-94905.09817717773,68802.35771947129,12764.730509323837,-6100.322568410584,-58916.64973779418,19415.44008471289,-20271.64124720041,96731.36664557434,66081.16062798584,26687.379135366897,-6427.484102073979,41818.84246732149,0
-316352.5358039483,229340.3935353427,42547.98165761402,-20339.677312722662,-196394.34561699477,64715.63870964246,-67577.34424379772,322435.6159884653,220269.76376489058,88957.45624299892,-21423.869544664907,139393.07730425362,0
-31634.498650496855,22934.311681114406,4255.220109080935,-2032.0412558812911,-19637.450877602598,6472.383008912275,-6755.832712029796,32244.278780000142,22027.242949390584,8895.933004136255,-2142.7214980450485,13940.209487397937,0
-379621.93362989504,275208.7934623615,51058.10771481976,-24404.10288285323,-235669.61166160653,77659.99678599289,-81089.32798873767,386923.79085847735,264324.03481660114,106749.0567922455,-25708.728532717407,167271.7284475435,1
-237263.58020370128,172005.55078720866,31911.424473476527,-15252.427336304825,-147293.4376941498,48537.721372990105,-50680.730720188556,241827.4902056236,165202.5792254269,66718.22684281562,-16068.154043516199,104545.43605066946,0
-316352.4787435058,229340.42921308367,42548.02856185641,-20339.69760390161,-196394.35512656765,64715.66045565116,-67577.37044899332,322435.63643583225,220269.79630852424,88957.41461347176,-21423.86439330789,139393.08866876454,1
-79087.14394980711,57335.40858492788,10637.459636477932,-5082.165115346642,-49095.84549978261,16180.07681748189,-16891.643599260715,80609.85413295188,55067.748346853325,22239.55171526258,-5356.317971162212,34849.148465531376,1
-927546.7334890718,672425.7687545308,124750.22127640551,-59638.611112116814,-575830.9588675017,189745.13255994875,-198139.40983518056,945380.1363635969,645830.6999134662,260822.81498817657,-62814.49583169951,408699.7477974418,0
-79087.33351413933,57335.3472894074,10637.317522253077,-5082.603629998556,-49096.31437156954,16179.861793516999,-16892.07514185144,80609.60181829605,55067.68960413375,22239.55755385327,-5356.1818119772215,34848.73699598375,0
-1268575.3551613202,919654.5684821225,170616.7341474869,-81566.02101280024,-787545.3483459982,259508.17023502206,-270989.0092287687,1292965.1124485964,883281.3694469801,356718.7826078058,-85909.30490390837,558965.1287048239,0
-79087.39080057503,57335.295223721645,10637.312274440046,-5083.338270290779,-49096.92919267915,16179.66203534825,-16892.767538915614,80609.59358264862,55067.631749188346,22239.52424867099,-5356.103671727711,34848.64250688934,0
-158175.78701309484,114670.34535580235,21274.237024063663,-10168.668760430628,-98195.9272918568,32358.393345154735,-33787.50940120798,161218.30519555902,110135.02869882743,44478.83596745622,-10712.067950023324,69696.9332918333,0
-458711.08893009665,332543.57308944105,61694.62449195297,-29492.227403702364,-284771.46174111165,93837.77503441706,-97986.82526636549,467531.7251939495,319391.1726727216,128988.27189820203,-31064.504814582302,202119.65347581173,1
-474528.8656031443,344010.57358945603,63821.950267764034,-30509.411143633864,-294591.4133529844,97073.45390274008,-101365.91041718733,483653.3333137129,330404.6367296464,133436.0744107423,-32135.68769348359,209089.23602135803,1
-79087.49095822989,57335.33227037259,10637.220929874507,-5083.392710123357,-49097.01024274496,16179.54649611115,-16892.822155713853,80609.42630596152,55067.67256410295,22239.49185837452,-5356.086051324333,34848.54940608279,1
-63269.540388169924,45868.3566708687,8509.980501370408,-4065.5039078133364,-39276.36574039426,12944.219795428507,-13513.002698478705,64488.03915874262,44054.22648386686,17791.682438984008,-4285.055621791705,27879.30531928038,0
-79087.2340105484,57335.300359672685,10637.349705549235,-5083.093113297601,-49096.68397454948,16179.749305701273,-16892.522879532495,80609.69859877192,55067.64125840494,22239.512503206763,-5356.042993422234,34848.43716910758,1
-427076.0173846737,309609.4711508178,57439.751458905994,-27458.72053360781,-265132.5180274928,87366.02374442128,-91229.56521754203,435287.9821897482,297364.1294602043,120092.50728370567,-28922.097684640103,188180.28381259443,0
-79087.47603052377,57335.26997802726,10637.2679768925,-5083.402490680002,-49097.02886239227,16179.592577380088,-16892.838295373207,80609.52362868158,55067.61044251779,22239.572357891655,-5356.177036067007,34848.80905537563,1
-474527.91657835455,344010.8152928225,63822.34082486763,-30506.373959026474,-294588.3397906812,97074.59732148789,-101362.89698770815,483654.2628187473,330404.8846929883,133436.22051955134,-32135.899747435986,209089.6036146268,1
-237263.95811644688,172005.43114124276,31911.20243699354,-15253.465494493075,-147294.41999131336,48537.269050477684,-50681.7328373357,241827.15727528246,165202.458989192,66718.18748364782,-16068.008990208635,104545.07111396654,0
-987019.9078936413,715541.9701385815,132749.68255380928,-63458.7499302071,-612749.3256753222,201913.00492044195,-210840.25837040582,1005999.0433109571,687241.6357546612,277547.04035563127,-66842.11495900921,434905.14104360336,1
-474528.109131087,344010.7537028304,63822.26818508554,-30506.888464913,-294588.8424220245,97074.27747841369,-101363.40163776538,483654.064840597,330404.8254863952,133436.20371731414,-32135.700900185264,209089.0957166413,0
-304330.64913722343,220625.5648253173,40931.37320227901,-19565.41812067474,-188929.94944573703,62256.98899526881,-65008.039898357216,310183.56704072416,211899.62329698796,85577.11982903864,-20609.786894407327,134096.1628365742,1
-142358.4298387629,103203.25333277679,19146.702157806496,-9152.304552704416,-88376.89997031265,29122.284976155588,-30409.25648826888,145096.14896936077,99121.46899952769,40030.91703379569,-9640.778594588963,62726.93860555217,0
-158175.78417274906,114670.33799578098,21274.22393247079,-10168.715905912204,-98195.98336850008,32358.331238714843,-33787.55918498161,161218.28537860542,110135.02189603537,44478.81312241735,-10712.025680178944,69696.80386699057,1
-474527.8827563056,344010.7618594527,63822.35897001623,-30506.496473306343,-294588.40200635424,97074.48757683185,-101363.00767091964,483654.3140454403,330404.8309845661,133436.2173406168,-32135.61773159612,209088.89231811982,1
-158175.91334287764,114670.29774180069,21274.153890764912,-10168.891034561744,-98196.20674987357,32358.222899459288,-33787.73940891415,161218.14425316386,110134.99360064587,44478.82474509903,-10712.068955073692,69696.87128368605,0
-8351720.6967691975,6054582.419292122,1123260.700923293,-536999.5604120091,-5184843.74374988,1708478.58840362,-1784073.5066119332,8512286.544734806,5815118.0159899155,2348471.8127262895,-565585.0781644578,3679963.2289526425,0
-794994.375839871,576332.2266996009,106922.95373239867,-51114.449092459654,-493539.9741046052,162629.91589776386,-169822.84745962106,810280.2369754371,553537.7529694418,223549.8103346233,-53837.82601725888,350293.8038601863,1
-1107234.7122902975,802691.149788416,148917.62341421592,-71190.8792981207,-687382.2652514128,226503.85719253606,-236522.69054279928,1128523.8002850558,770943.9662127915,311350.6488270669,-74983.22381096942,487874.8913521859,1
-167666.6604402049,121550.507593261,22550.515313189448,-10779.649187841878,-104088.61708516409,34299.48397629114,-35815.619301458704,170890.9891233559,116743.07122817801,47147.53770849592,-11354.76779621615,73878.64678022584,0
-7105289.699433788,5150981.887257958,955622.5391009199,-456856.55668912764,-4411045.21734579,1453501.2082409395,-1517814.1639859334,7241892.188410117,4947255.729454959,1997980.2067412066,-481175.92559586774,3130756.9643864837,0
-79087.25496005958,57335.31879482452,10637.359682149188,-5082.556357266855,-49096.16084786603,16179.88981275681,-16891.990155296127,80609.68772667999,55067.660430458855,22239.552503797146,-5356.044825483583,34848.362169875996,1
-442893.5497517758,321076.5871530536,59567.218542914874,-28475.549232346693,-274952.0782334521,90601.95301424856,-94608.29504173128,451409.8986539153,308377.7090145215,124540.35482211284,-29993.50751331676,195150.5988679551,1
-458711.31553603965,332543.5509448762,61694.53917952141,-29492.878276717027,-284772.12791603437,93837.54468952013,-97987.49314067308,467531.51084063674,319391.1422651349,128988.17265506307,-31064.54042762874,202119.79308087117,0
-790881.846738809,573350.8207835939,106369.75668460096,-50850.35270742233,-490987.02366808604,161788.5935672212,-168944.49639942637,806088.5238050797,550674.2734371945,222393.35965036898,-53559.36318293047,348481.839927287,0
-47451.82080564879,34401.38292585683,6382.658047528315,-3047.9976645812167,-29456.135800846878,9708.572189081204,-10133.702007642987,48366.323356539244,33040.787102133225,13343.833035229993,-3213.8609247528034,20909.602652150683,1
-158174.75047918622,114670.55399731651,21274.616416256697,-10165.259556748715,-98192.49132816735,32359.71777028987,-33784.0979345602,161219.18053411704,110135.2485662008,44478.98895854298,-10712.086699162202,69696.62524505015,1
-31317.684153824222,22705.024326124243,4212.7813324645895,-2010.358799133353,-19439.67390172756,6408.242637848786,-6686.943079497925,31922.292798319482,21807.02983838698,8807.083877091969,-2121.2043275614396,13800.472622249543,0
-237264.1959995328,172005.35718533746,31911.07906251016,-15254.26075185644,-147295.24582684398,48536.93726177855,-50682.5172954767,241826.87508452134,165202.38683102943,66718.16068987966,-16067.936496125856,104544.88158145935,1
-31634.210054424882,22934.34654046516,4255.261813314632,-2031.0072637473334,-19636.394531770307,6472.802513184843,-6754.8234649223095,32244.54591894206,22027.283877161466,8895.932804566444,-2142.602357711086,13939.780645040035,1
-63269.96748998052,45868.27786855545,8509.847848390511,-4066.685873737582,-39277.59434928677,12943.692715559117,-13514.235229607037,64487.590235161275,44054.15017404484,17791.614282777486,-4285.027390597996,27879.281964945196,1
-158175.65456127032,114670.39439104895,21274.304868948395,-10168.44006143073,-98195.69939483804,32358.49342911701,-33787.286823097165,161218.42861974478,110135.07595314088,44478.83219054923,-10712.164351610563,69697.19728781786,1
-300534.7454997896,217873.4460089274,40420.64581760501,-19322.126830914025,-186574.04261855644,61480.06860902529,-64197.91294835801,306313.9727077168,209256.35192341387,84509.57618468201,-20352.70163836753,132423.45658950869,0
-1581764.2817767966,1146701.498338609,212739.24598507638,-101701.88067453916,-981975.2913087194,323576.65770054306,-337890.08961969765,1612176.4324735806,1101348.456238817,444786.55054421065,-107118.65117430298,696963.4200404495,1
-444791.59225215967,322452.6526828274,59822.53122215877,-28597.579903514546,-276130.40691840113,90990.25632968395,-95013.73681625086,453344.5370502931,309699.3524688654,125074.09769994084,-30122.009910418812,195986.8506403908,1
-47451.838356293665,34401.30564205126,6382.6327615245755,-3048.0752028290244,-29456.200223283427,9708.554243857314,-10133.773411177253,48366.30840868946,33040.709192969174,13343.892982163987,-3213.686433504336,20909.11917269287,1
-711792.645606701,516015.97830085043,95733.16056904147,-45762.032506507065,-441884.99059783015,145610.94537134518,-152046.780166925,725480.583948609,495607.0830357994,200154.1589117974,-48203.42593307594,313633.38201248297,1
-1284076.4389712529,930892.2172800988,172701.59524127332,-82562.22606910227,-797168.1607088366,262679.2513543174,-274299.87954553874,1308764.6420607744,894074.5623939491,361077.68495475966,-86958.78434914743,565794.5512212312,1
-218282.8213286423,158245.00950428657,29358.309873571026,-14032.824903302415,-135510.52898394738,44654.390342440965,-46626.82874163435,222480.98169488725,151986.27453967542,61380.724188975306,-14782.600985719608,96181.46651471635,0
-1303372.7495233216,944882.2157809411,175297.49476415646,-83799.32568562157,-809144.5664392472,266628.2706356106,-278418.48042678944,1328434.3619455555,907511.2613176891,366504.2625427761,-88265.69243793406,574297.4228455063,1
-426442.3058703344,309151.0116008648,57355.03593198584,-27414.76985447084,-264736.39162038424,87237.82718965545,-91091.15190050706,434644.0145383048,296923.81874637876,119914.6934366701,-28879.159078138586,187900.98860966778,1
-395439.6215214091,286675.7148845723,53185.44171981443,-25421.294284943873,-245489.52149267975,80895.70127638128,-84468.39054592578,403045.4972307951,275337.4424073672,111196.90052874648,-26779.673205854804,174240.68659130955,1
-31634.432969886533,22934.33690634964,4255.136385217547,-2031.9645947735405,-19637.338272459565,6472.438507839463,-6755.748916278147,32244.3218514155,22027.268731891698,8895.942130389227,-2142.5960570851657,13939.885410565501,1
-474527.81592350476,344010.8127929045,63822.42483814695,-30506.42231866749,-294588.3252967074,97074.51466567781,-101362.93237583734,483654.3012906447,330404.8824839177,133436.22336474084,-32135.619356660744,209088.89534154793,1
-31634.389977418883,22934.2747813724,4255.202663959307,-2031.8342521207157,-19637.208831169482,6472.506353750053,-6755.623720196074,32244.46891345082,22027.206618585515,8895.910254062579,-2142.6387755366404,13939.999198312624,1
-79087.0915389235,57335.40729371813,10637.434539825681,-5082.074886941991,-49095.73758195207,16180.131690463995,-16891.552385345854,80609.92040877324,55067.746456358305,22239.585497708642,-5356.273888103968,34849.039276999814,1
-60106.06373776826,43574.94500446298,8084.492760059071,-3861.97764458732,-37312.30741708714,12297.03684732017,-12837.162526852557,61263.66656410019,41851.52169416804,16902.125882230393,-4070.820533247775,26485.366902689817,1
-189810.86063934377,137604.41598885568,25529.16767610955,-12202.334419865854,-117835.09520443532,38830.003457994666,-40544.950025094535,193461.9255730021,132162.03679826783,53374.585758583315,-12854.462795809273,83636.18677094782,1
-2421365.7724255254,1755370.4318956374,325660.77328164235,-155687.9758713131,-1503210.6192270163,495329.9051080609,-517244.96213672525,2467918.7406074214,1685943.8894822919,680879.088167461,-163977.07870363438,1066911.2882595265,1
-1073701.455546506,778381.0182826942,144407.42335963759,-69034.86094041597,-666564.4413577748,219643.88484244657,-229359.45938904458,1094345.48043631,747595.3283729585,301921.1522447743,-72712.03966051676,473098.4713961412,0
-79087.26751486093,57335.36431488067,10637.330544369095,-5082.452276605506,-49096.154159398975,16179.938676483758,-16891.928094596362,80609.69476858417,55067.70518996922,22239.6144002189,-5356.231697148864,34848.88872855067,1
-158175.26860352416,114670.50075062124,21274.436110408264,-10167.127709963908,-98194.45431415772,32358.987646119866,-33786.01928298103,161218.78316905198,110135.18401334697,44478.89195045105,-10712.233017358942,69697.29705242069,1
-177472.5344396631,128660.26551401637,23869.97889131795,-11406.78761603871,-110173.37622482398,36306.833779402616,-37907.15180006779,180887.57931416045,123571.64847934147,49905.37156931607,-12018.937268496213,78199.70441018768,1
-63269.62929098264,45868.35313284528,8510.023823625941,-4065.7067105254,-39276.50883903665,12944.168842358271,-13513.155201822783,64487.94507357834,44054.22365035008,17791.693558387127,-4285.015445947602,27879.22909798718,0
-474528.7470350096,344010.602826605,63822.029706692825,-30509.28324200676,-294591.29882589495,97073.57263961749,-101365.83488153663,483653.4856521311,330404.66276647244,133436.09110211808,-32135.736876370076,209089.4420770271,1
-63269.32128967096,45868.43196746359,8510.141747768736,-4064.830919476162,-39275.742844278946,12944.472490352748,-13512.426197755938,64488.251996346415,44054.301867044414,17791.730339113783,-4285.096736330708,27879.439902489525,1
-7627904.990898873,5529851.939708013,1025911.3688110426,-490459.770273041,-4735490.796408636,1560410.344838368,-1629453.9798712668,7774555.026188775,5311141.113837293,2144937.575415463,-516567.8073940371,3361033.381198092,0
-2356829.5185160055,1708585.0519039677,316981.1078943683,-151537.6366228549,-1463145.122010788,482128.28916631534,-503458.1847122081,2402142.2210888984,1641008.9169108619,662731.7867779279,-159606.65663527002,1038475.1459528053,1
-474527.96953637875,344010.8195448337,63822.37234268149,-30506.623281915894,-294588.5553021293,97074.40523307081,-101363.13819430603,483654.1727381259,330404.8898765692,133436.23800352227,-32135.745200504596,209089.24013819572,0
-31634.71740955158,22934.21265637864,4255.0300937817165,-2032.671839979753,-19638.096736109437,6472.162225775712,-6756.452196797951,32244.05710965511,22027.146064186054,8895.913569520542,-2142.577118633633,13939.811714393201,1
-601070.2497420202,435746.6220442487,80840.98900909958,-38646.26114206768,-373150.16871778324,122959.28848910531,-128397.83338129334,612627.237443631,418512.442690285,169018.9639264892,-40705.16678332362,264846.3140235972,0
-79087.25406379826,57335.354724739314,10637.367713766449,-5082.494332964322,-49096.10546716491,16179.912096816908,-16891.933939543338,80609.71434896292,55067.697490653496,22239.561762012116,-5356.169368413327,34848.71467431556,1
-47451.62605279259,34401.40452186506,6382.773221209952,-3047.5788757099044,-29455.672547532413,9708.79247636276,-10133.286038840259,48366.5796886229,33040.80771678006,13343.877732921048,-3213.8811422597796,20909.69862965293,0
-474527.84405371716,344010.8120144025,63822.37265863672,-30506.441931497735,-294588.35320664727,97074.50473789309,-101362.95628658302,483654.30388539017,330404.8806922562,133436.27154718744,-32135.675482350107,209089.052699636,1
-390062.72077083867,282776.7883470677,52461.64463730286,-25079.092179948344,-242154.47827159968,79794.30229922336,-83323.13628548711,397563.06951178255,271592.68856099306,109684.46794964922,-26415.74902282309,171872.05876383052,0
-126540.18615279386,91736.40469314528,17019.56779192479,-8133.674459253877,-78555.45823888188,25887.253681971168,-27028.700442458576,128975.04630026034,88108.15190720386,35583.15486820116,-8569.77782211516,55757.805322999324,1
-161339.09769811624,116963.78207238758,21699.768652540286,-10371.632968749152,-100159.47878265378,33005.636412297994,-34462.86210449791,164442.72437017853,112337.76219275904,45368.407585665904,-10926.230835642678,71090.54325037113,1
-158175.5672553396,114670.41578923933,21274.287278122665,-10168.01004614944,-98195.31239999013,32358.62042257638,-33786.80277162896,161218.408450434,110135.10052337647,44478.85427422893,-10712.15797043594,69697.0423092693,1
-474528.9067284482,344010.6162735495,63821.982777063124,-30509.747654678376,-294591.73112027027,97073.35095695066,-101366.2508186966,483653.3062783666,330404.6755360743,133436.04626394165,-32135.792247747806,209089.60833772778,1
-31950.94628799108,23163.612228117472,4297.68342828986,-2052.648480712468,-19834.132286130825,6537.011216647496,-6823.684679226624,32566.600645884402,22247.473051379977,8984.941007324176,-2164.0928894590033,14079.457353358297,0
-79086.97002050703,57335.45079153796,10637.559969398617,-5081.741060422774,-49095.40150643856,16180.284926270977,-16891.230826326733,80610.12486678445,55067.78662030109,22239.590804892694,-5356.490740264722,34849.656353665654,0
-474529.09301988763,344010.5214549641,63821.85207904052,-30510.362511094238,-294592.357016604,97073.14734377415,-101366.81075516093,483653.06231828575,330404.57921579946,133436.03945955567,-32135.670079090927,209089.2360102371,0
-474527.8806649523,344010.8418570643,63822.417502678574,-30506.43948147698,-294588.34974926617,97074.5007178961,-101362.95444010386,483654.2802854804,330404.9114827524,133436.22831317293,-32135.751589693842,209089.27586247463,1
-63269.8174417661,45868.292298331246,8509.893512232191,-4066.4302547957986,-39277.301810700366,12943.832206190415,-13513.977082416643,64487.74419768487,44054.162277169344,17791.635220792003,-4284.955368075566,27879.105307343143,1
-1107234.957180895,802691.0992068434,148917.48807411143,-71191.31746117638,-687382.7241206208,226503.64285771688,-236523.11909606738,1128523.5516536247,770943.9160223278,311350.673235537,-74983.18106903926,487874.7588722828,1
-490346.48878721683,355477.5987724751,65949.37205911342,-31526.806485275356,-304411.3888942575,100309.11756776206,-104745.17576278125,499775.12183179584,341418.1250453835,137883.89956680028,-33206.80688565361,216058.76068917447,0
-4428942.388577814,3210763.5641373056,595668.745826555,-284771.55858772947,-2749537.3630129816,906011.8128903918,-946098.6610601381,4514091.746954268,3083774.8606946724,1245401.7884393248,-299931.6518038809,1951496.1458239038,0
-286615.22204842995,207782.45110035207,38548.561954989156,-18427.253325873848,-177932.7620723902,58632.59423422512,-61224.58059041136,292126.80071926536,199564.46146217306,80595.52195676153,-19410.04656722208,126290.15736859386,0
-148684.65726345507,107790.31964707923,19998.031246324434,-9556.804739929501,-92302.42337444721,30417.563401013478,-31758.553863827783,151545.76051404513,103527.13918541167,41810.17641042562,-10069.5704677252,65515.65031917955,1
-63269.630477026425,45868.37279581261,8510.0265285909,-4065.289095220941,-39276.17321100415,12944.206148704965,-13512.871779030553,64487.9177983957,44054.24752083363,17791.665238797472,-4285.0270435252605,27879.18019781851,0
-866806.4270524093,628392.5337555172,116581.25732573663,-55731.336406629904,-538121.1837476777,177320.49358745044,-185162.54209024302,883473.0694581128,603539.0294271864,243743.1903670954,-58701.13788079353,381936.1846993807,1
-82250.89972613975,59628.72204486073,11062.77925475281,-5286.451593924893,-51060.583836354686,16826.93284435766,-17568.269388004268,83834.11635664919,57270.353227843036,23129.116523672496,-5570.54987978382,36243.1653100506,1
-474527.88538326125,344010.77972240717,63822.3505887865,-30506.451003227077,-294588.4065753176,97074.5686813014,-101362.96438023578,483654.1990084186,330404.85062948405,133436.24745453167,-32135.688135242952,209089.00368482692,1
-47451.76181409152,34401.350146986144,6382.669150102385,-3047.8587716792426,-29455.976716575064,9708.654664709327,-10133.563544937431,48366.4501291985,33040.752588556286,13343.843836552076,-3213.829601145938,20909.530394975012,0
-316352.3843140141,229340.4785268979,42548.085773409395,-20339.13574211545,-196393.80322540677,64715.82812369358,-67576.80980457716,322435.72832089214,220269.8516711683,88957.46768445683,-21423.97805669231,139393.3318863162,0
-77821.85886709405,56418.00550016093,10467.207112243525,-5001.618150176266,-48310.97635899291,15920.943622844692,-16622.102740499402,79319.98492091689,54186.622707751296,21883.71704107429,-5270.524384802231,34291.40033706039,1
-3416612.6811619382,2476874.7689257767,459515.9128246574,-219681.01303466203,-2121071.7782206056,698923.396795133,-729847.6353200618,3482299.370249601,2378912.054264449,960738.5774018285,-231375.94721938303,1505440.1952478124,0
-47451.80966564423,34401.361233457494,6382.640188443987,-3047.952578346707,-29456.086922541846,9708.602013605087,-10133.659730987669,48366.371521623354,33040.763511330435,13343.906520241837,-3213.8640009451196,20909.61895993819,0
-126540.51984267117,91736.30533221355,17019.421738336743,-8134.608095818825,-78556.4344547677,25886.826297081712,-27029.6897723448,128974.75049173998,88108.05280041613,35583.11104977374,-8569.760953789953,55757.79724745249,0
-1265411.7588477826,917361.1468857572,170191.26807582786,-81362.47435112316,-785581.267664658,258860.86948326923,-270313.105524283,1289740.8369638869,881078.6544054381,355829.1766920265,-85694.94501757501,557570.847628944,1
-31634.74186768095,22934.179351743333,4255.022239498635,-2032.735142374735,-19638.156188581637,6472.137034096315,-6756.511257467441,32244.041206885548,22027.111658543294,8895.864070335425,-2142.504106549716,13939.604312437574,0
-50615.94422937234,36694.60035355987,6807.859464799265,-3253.168934657069,-31421.888381504272,10355.018672220875,-10811.206440814376,51590.100260357496,35243.29827290578,14233.342747997858,-3427.9398478805447,22303.17291584942,0
-864275.8410838556,626557.7353460247,116240.81080357752,-55569.68427545532,-536551.0362551273,176802.3599438301,-184622.9518136352,880893.3782299511,601776.7915137986,243031.42698369242,-58529.56975290726,380820.69102658995,1
-1581764.5917813673,1146701.4278599096,212739.06647481068,-101702.69384902113,-981976.1530723972,323576.26121921424,-337890.96347411216,1612176.2007247023,1101348.3157148939,444786.48724369786,-107118.65438098843,696963.4535315586,1
-158808.5209661972,115129.02112736538,21359.335429795643,-10209.282736163037,-98588.70060963384,32487.75718765214,-33922.60812727566,161863.11636159965,110575.56420198276,44656.756269088255,-10754.978149641858,69975.82257768746,1
-63269.57906441319,45868.32280882324,8509.989000702424,-4065.2680355370544,-39276.147995853076,12944.225956557802,-13512.849046856869,64487.97545122323,44054.196808816385,17791.686064529116,-4284.921763173144,27878.87560187854,1
-474528.0279949357,344010.7133540173,63822.26500618227,-30506.701481305434,-294588.6556361041,97074.46156760094,-101363.20821130303,483654.0762218314,330404.78618389857,133436.25807790132,-32135.568426447982,209088.67414925937,1
-253081.61019967444,183472.41815718525,34038.576189129,-16270.501874861468,-157114.20026574668,51773.06191448848,-54060.579430518694,257948.81384967754,176215.91769448452,71166.06076802847,-17139.08639117695,111514.3348693324,0
-1392269.4499277726,1009326.5565096543,187252.83759140378,-89519.26918642948,-864336.0027933836,284811.5197771124,-297412.17824886146,1419037.2116176432,969406.7483304568,391501.0292409466,-94285.8226496014,613467.1764074661,0
-79087.03561811468,57335.43090983834,10637.500308921082,-5081.986904883774,-49095.64710389129,16180.169664394616,-16891.46505904234,80609.9452748818,55067.7700255271,22239.592983441347,-5356.290003119478,34849.084436301244,1
-47451.84667145065,34401.36204959825,6382.657293093198,-3048.013448839206,-29456.137352209185,9708.576628076373,-10133.715073191199,48366.31463739263,33040.76771530808,13343.871785014964,-3213.809544683152,20909.476901143185,1
-79087.25945735577,57335.34250224144,10637.356358222114,-5082.436215962061,-49096.13146982715,16179.949294721977,-16891.909178400838,80609.73022328407,55067.68461836188,22239.52242281416,-5356.199942443146,34848.79790836393,1
-31633.971229741404,22934.392766486984,4255.400365927269,-2030.5325853829263,-19635.88481645944,6473.041236289184,-6754.35524420082,32244.816965537942,22027.3253804699,8896.014057783974,-2142.668641480469,13939.996269432915,1
-79086.93142786832,57335.420706014265,10637.49529214377,-5081.932230541362,-49095.61158951548,16180.184861807464,-16891.4130568611,80609.99683375988,55067.75972420182,22239.594649709765,-5356.259832365634,34848.96205805619,1
-126540.54892539424,91736.27884373175,17019.40404736009,-8134.773484750207,-78556.58111231946,25886.785724751364,-27029.846195392784,128974.70104040763,88108.02358559707,35583.07983903537,-8569.626860069086,55757.44679381189,1
-711793.194663284,516015.8575798123,95732.9682293429,-45763.858180742056,-441886.8417537448,145610.32846238173,-152048.61187293704,725480.1300372375,495606.95539606176,200154.0841150275,-48203.47770047092,313633.71369837556,1
-474528.0331876189,344010.73078863637,63822.289476082,-30506.79372300176,-294588.72890841763,97074.33423280837,-101363.30322980236,483654.1352946832,330404.8084856326,133436.2035330708,-32135.60376954186,209088.82995752382,1
-1107234.6107239018,802691.1440611597,148917.59485011903,-71190.24608712278,-687381.6460635152,226504.0517995998,-236522.06058440564,1128523.8453196243,770943.9684363091,311350.62199344306,-74983.05685048591,487874.3098309953,1
-632704.3207885093,458680.94262564706,85096.27212583754,-40676.63138335703,-392785.89350045205,129432.26266521701,-135151.96818055012,644871.9124461241,440539.7037472577,177914.82834259814,-42847.55657547307,278785.4072099713,1
-316352.4730185395,229340.41060046467,42548.03023907042,-20339.56396678713,-196394.20656085166,64715.704849845686,-67577.22884038756,322435.6689517171,220269.7889914522,88957.44191498493,-21423.84608701842,139393.0261999128,0
-47451.57157405627,34401.403855735676,6382.789129354616,-3047.5458820899717,-29455.635651079247,9708.808877295409,-10133.250552059146,48366.59293834592,33040.80555171641,13343.876405186124,-3213.8163020914167,20909.510507842315,1
-474527.95263150806,344010.77672565606,63822.33510094154,-30506.579997108158,-294588.4987282089,97074.43780501485,-101363.09314746015,483654.2567106367,330404.86051271274,133436.1743559715,-32135.70104057087,209089.12156105056,0
-474527.8015358308,344010.7708696846,63822.34361855554,-30506.357115991566,-294588.2912885454,97074.62449549124,-101362.86541243902,483654.2745926543,330404.8424472393,133436.20314133225,-32135.581910269713,209088.71120445748,1
-284715.9064711542,206406.62553160664,38293.716752150816,-18302.021140619006,-176751.11587866483,58245.42093483612,-60815.93963276513,290193.27524947433,198243.07102709255,80061.83952279725,-19281.326711140915,125453.10499739247,1
-316351.8583037543,229340.56319183178,42548.31516584415,-20337.670083406876,-196392.36267731973,64716.492535004974,-67575.38900158221,322436.3031275342,220269.93638306405,88957.58812716314,-21424.068250577526,139393.55314555214,1
-316351.52913705737,229340.6897050061,42548.442905803,-20336.350623616832,-196390.96781370742,64716.7540398809,-67574.0447730877,322436.5206475615,220270.08836918604,88957.5846461502,-21423.98364555666,139393.15067469503,1
-268899.4875577704,194939.38870942322,36165.87190988231,-17288.24766475323,-166934.69762292752,55008.50623521357,-57440.26413530854,274070.3858657669,187229.35462554483,75613.88034815616,-18210.29251928647,118484.08930932228,0
-79087.13284646164,57335.410042862604,10637.487836710474,-5082.1035755708945,-49095.79570132334,16180.100743821837,-16891.58886747347,80609.89739463797,55067.74818887504,22239.594507245052,-5356.415490783171,34849.417001587455,1
-79086.98288221945,57335.44758371197,10637.553450038195,-5081.767838948817,-49095.43123666221,16180.271044997628,-16891.257494226877,80610.109512202,55067.7835313471,22239.589491765073,-5356.4890253334115,34849.64896713555,1
-47451.75691045016,34401.38914800504,6382.675701560002,-3048.006461883007,-29456.216617178066,9708.600954632006,-10133.720943650504,48366.374814775445,33040.79086838017,13343.908725246958,-3213.9032660549924,20909.75466951672,1
-79087.1241322259,57335.41232573321,10637.481830834042,-5082.061683205819,-49095.75776461729,16180.118683046201,-16891.55026516887,80609.94059892424,55067.749556105504,22239.57877041525,-5356.471268276151,34849.5708663991,1
-474527.8487879632,344010.80167002353,63822.39274991585,-30506.48115514417,-294588.4021645703,97074.47937163402,-101362.99478922575,483654.2849963557,330404.87082472886,133436.22274151593,-32135.66749734989,209089.01487185157,1
-395440.6785698791,286675.48542112927,53184.962122823395,-25424.566104819216,-245492.8835293356,80894.57032736515,-84471.6391698628,403044.45988573966,275337.20583838463,111196.74737945924,-26779.71432228145,174240.97800276554,1
-632705.1616294241,458680.77325022034,85095.91548380021,-40679.13126050421,-392788.5604439485,129431.30457782533,-135154.48731579757,644871.0503661573,440539.5283985461,177914.74853435744,-42847.59454830573,278785.6436582484,0
-474527.90996735956,344010.7751347029,63822.34482270716,-30506.620660036093,-294588.53957980196,97074.4169882257,-101363.12822291312,483654.216720185,330404.8423564965,133436.167637294,-32135.577352997876,209088.75945874513,0
-3248312.468254002,2354865.843142869,436880.65634386777,-208858.7132784406,-2016588.3374254003,664495.2869528284,-693894.9148169738,3310764.2785127168,2261728.696252454,913413.3358064742,-219978.540885125,1431283.3005118645,1
-262572.2741678287,190352.67755842203,35315.00215840295,-16880.98236715591,-163006.35236011088,53714.39595991355,-56088.27621473451,267621.92776576563,182824.05255345904,73834.78283416382,-17782.14444989276,115697.16096953521,0
-253080.9628635123,183472.5916588866,34038.818501624795,-16268.374906174007,-157112.04244482084,51773.68576393296,-54058.53513407791,257949.49697903197,176216.09706836275,71166.14831309818,-17139.17179281763,111514.45163792967,1
-1107234.6050662538,802691.1651268239,148917.6178642157,-71190.31369121246,-687381.7098362144,226503.9591174053,-236522.1182622369,1128523.8332961511,770943.987302573,311350.6823980924,-74983.109708024,487874.4633518895,0
-31634.5658713797,22934.267429293068,4255.136009632916,-2032.2439000463512,-19637.67036677333,6472.327168133143,-6756.043544224747,32244.23294131196,22027.19952305819,8895.921918785645,-2142.693667895465,13940.131216767211,1
-47451.42686949582,34401.434526771845,6382.80484863158,-3047.501255176885,-29455.674584240343,9708.850293598965,-10133.216811678336,48366.678369698086,33040.83469665071,13343.882902566715,-3213.863514711555,20909.649509388553,1
-316352.4508915505,229340.43964693163,42548.00785253013,-20339.331218114035,-196393.9940921895,64715.74290179658,-67576.9961220328,322435.6192179526,220269.8159737465,88957.4492003316,-21423.8127648964,139392.8654375947,0
-474528.0503618152,344010.7655532325,63822.30976036539,-30506.812756288946,-294588.76839344844,97074.30952705981,-101363.32718276138,483654.09970803466,330404.8355312721,133436.2089896888,-32135.708324880205,209089.10960064924,0
-47452.03072037731,34401.35386996052,6382.6690459361,-3048.834845494806,-29456.95152395659,9708.268182132577,-10134.50966775688,48366.17828111373,33040.752975746116,13343.805418025073,-3213.920146608248,20909.902741957223,1
-1107234.5280259652,802691.1452705163,148917.64064688393,-71189.90485026357,-687381.2628411149,226504.2147162632,-236521.73094129472,1128524.000152655,770944.0022819433,311350.6768164652,-74983.09572579207,487874.4380925773,1
-44288.181885141414,32107.998652817125,5957.215286589714,-2844.395050641723,-27492.031512096848,9061.559942203585,-9457.735682697501,45142.1826904156,30838.104532849375,12454.279067580175,-2999.74541737104,19516.081159520883,1
-1164177.691005677,843972.4762454311,156576.3975578457,-74849.96239064784,-722731.1418777228,238153.23779436888,-248684.54392463827,1186562.636067697,810592.5931580893,327362.9871889535,-78839.18487915791,512964.49096423655,1
-1273004.0075468535,922865.3279397972,171212.47265754684,-81850.06656431429,-790294.1245096818,260414.28864917965,-271934.38170704705,1297479.4779582692,886365.1452980062,357964.1930290185,-86208.98617293948,560915.8819679117,1
-316351.90448563296,229340.58244626585,42548.23533918506,-20337.766282542063,-196392.39801049695,64716.42879928034,-67575.46602651635,322436.23445937753,220269.95619127594,88957.52948306738,-21424.01843284004,139393.3959843983,0
-474527.89169863623,344010.77892244124,63822.36397740649,-30506.499856859104,-294588.4007863763,97074.48605277491,-101363.00994470419,483654.29287676746,330404.8505587516,133436.2178534755,-32135.621989539446,209088.91189969314,1
-474527.8236811673,344010.82335299085,63822.37869166709,-30506.299167448564,-294588.24962329946,97074.63794818561,-101362.81687629131,483654.28020165424,330404.89388819487,133436.2399565937,-32135.782115717342,209089.27507975613,1
-2465971.1250070743,1787707.4666123772,331660.17534980807,-158554.59269281212,-1530901.0203533908,504455.3086491045,-526772.1300051091,2513382.490593913,1717001.970185958,693422.1284193572,-166997.83800882695,1086565.5697783194,0
-327424.41777916544,237367.45839022158,44037.37852696957,-21050.111325488546,-203266.67068792853,66981.25162487965,-69941.10787473699,333721.2345432511,227979.36509859347,92071.06230376632,-22173.795447814715,144271.97673980906,1
-79087.24101065224,57335.383637358245,10637.392995975957,-5082.321373977132,-49096.042054497186,16179.988458063524,-16891.808662333693,80609.78189753687,55067.72223639504,22239.63204247172,-5356.426774999706,34849.42724228475,1
-680158.5038405975,493081.73134526034,91477.96362383707,-43731.59776826961,-422249.15805325186,139138.10731175094,-145292.56540730345,693236.0368356803,473579.8884595276,191258.2819222234,-46061.22370690986,299694.88079132297,0
-47451.91883182665,34401.33156718849,6382.638554998044,-3048.1965732779813,-29456.3488296742,9708.476150744073,-10133.897795606737,48366.21682076726,33040.73609876213,13343.828489438318,-3213.797378793847,20909.410990648776,0
-930077.2273493069,674260.5628528553,125090.7550422129,-59800.40467264459,-577401.2137130909,190263.22756405632,-198679.17235199176,947959.9628916587,647592.9286912906,261534.5590384001,-62985.935458729065,409815.01785742154,1
-37961.53529163645,27521.03962572174,5106.100573695164,-2439.0697703807978,-23565.532454523494,7766.688683014904,-8107.599134112728,38693.00908931067,26432.557940593095,10675.056605279655,-2570.951674255627,16727.42107847001,1
-379621.70614957775,275208.7731574272,51058.15750897738,-24403.638642147915,-235669.12126904723,77660.32136682837,-81088.85812124232,386923.9845035546,264324.0282705313,106749.05652784556,-25708.61117772064,167271.3642079501,1
-158174.78290896758,114670.55912900873,21274.62394069879,-10165.416852058543,-98192.65514423138,32359.54225929989,-33784.282098067175,161219.18454934264,110135.252583058,44478.95206930218,-10712.058385763019,69696.60317426681,1
-79087.24676484191,57335.38190733597,10637.448767828597,-5082.386423834108,-49096.08989615889,16179.961421637123,-16891.862793481203,80609.70839409545,55067.72294183416,22239.552177084806,-5356.286900082246,34849.04111340097,0
-474527.74689342384,344010.8459598012,63822.41388226533,-30506.281554073794,-294588.2037155667,97074.56854159497,-101362.80242257388,483654.40446073463,330404.9140762393,133436.23627858868,-32135.780075071143,209089.329024537,1
-79087.02830037673,57335.45964517058,10637.513217048763,-5081.7664999357585,-49095.36125754036,16180.190019304908,-16891.216588218136,80609.94732973933,55067.79022495911,22239.557736638788,-5356.299148174855,34849.04996175907,1
-1581764.324701429,1146701.4987205146,212739.2287294645,-101702.22048079013,-981975.670064454,323576.52170985565,-337890.453421154,1612176.395456376,1101348.3845586588,444786.5608423391,-107118.72809197371,696963.6438048471,1
-79087.37548938516,57335.265073586765,10637.277992584583,-5083.3876770840825,-49097.01100700963,16179.596611694418,-16892.81622643408,80609.52969836503,55067.60727991104,22239.498058802925,-5356.024129177814,34848.35591727649,1
-94904.98831907203,68802.36458763812,12764.758468209062,-6100.219205726297,-58916.53939896585,19415.490488323536,-20271.5359886291,96731.41655170072,66081.16784917375,26687.401265218465,-6427.407375479251,41818.61963888923,1
-79087.05045352434,57335.417325028255,10637.455454312978,-5081.986265293411,-49095.64149906646,16180.177085087069,-16891.465139390875,80609.96991057486,55067.755926616126,22239.609458867893,-5356.289320000882,34849.090451686614,1
-474528.8552164032,344010.58897885185,63821.97699495365,-30509.67229966785,-294591.6418596868,97073.42419907784,-101366.17528636855,483653.4121843911,330404.66189695534,133436.08984798874,-32135.801455773435,209089.65410318557,1
-474529.06035905506,344010.56541495293,63821.8768836112,-30510.165640519903,-294592.2123178902,97073.14491896881,-101366.66142131637,483653.09246934176,330404.6297408047,133436.10222019584,-32135.79695445949,209089.57686120318,1
-15816.584898583475,11467.269251816077,2127.8386135403925,-1014.0726507291572,-9816.73291867334,3237.0020407379307,-3376.005020874273,16122.747875262914,11013.736510111787,4448.162414029341,-1071.3119294467385,6969.842946786159,0
-358111.0609227772,259613.33374567042,48164.31908993914,-23024.37158194095,-222318.2591277171,73258.16331689816,-76497.41011333113,364997.1116603984,249345.38331442297,100699.8315848357,-24251.844140532587,157792.99035578282,0
-474528.73770411866,344010.66014899925,63822.049946941515,-30509.277870166734,-294591.2597369566,97073.57504505439,-101365.78649599482,483653.4780534625,330404.72032382956,133436.0955881942,-32135.862014793078,209089.7835336511,0
-79087.00587311077,57335.42290041142,10637.561693864796,-5081.871187410594,-49095.52311942319,16180.229140011617,-16891.351870330924,80610.02994301156,55067.76110186409,22239.57819076079,-5356.337631575718,34849.22789493015,1
-47452.237653204764,34401.26569845684,6382.494685383737,-3049.4837404924433,-29457.640941030702,9708.022993223358,-10135.152391848516,48365.933444024944,33040.666324883096,13343.81115900571,-3213.838578361052,20909.655804224345,1
-129704.04160890433,94029.70739308056,17444.89651516313,-8338.108791193079,-80520.49740875153,26533.938654112586,-27705.613557914894,132199.09486756456,90310.74721252413,36472.72001092309,-8783.884933529138,57151.472543132964,1
-1484644.3425907237,1076293.9369734514,199676.87270511122,-95458.33661670549,-921683.014226379,303708.6510178101,-317144.6417021706,1513188.4584776042,1033725.5071550525,417476.59556658036,-100541.54490637277,654169.8237715944,0
-47451.87637224586,34401.30769333759,6382.606413223721,-3048.1929781739695,-29456.41230381645,9708.51861504223,-10133.905447455783,48366.333589341535,33040.71119975451,13343.848876526883,-3213.8581555174032,20909.619510470522,1
-5204007.678682379,3772647.058096916,699910.6246292938,-334607.4486982168,-3230707.316409248,1064563.4543639922,-1111666.7890714707,5304057.447256191,3623435.3325018436,1463347.0579312835,-352419.60304817214,2293007.717602962,0
-3954412.742085391,2866753.1804117938,531847.119856673,-254260.1151459136,-2454943.8625823064,808939.2030180163,-844730.7458505435,4030439.1424094746,2753370.4108067923,1111965.8887974345,-267796.0672276317,1742407.1100967415,1
-474528.7361260696,344010.6032480829,63822.03217203302,-30509.349302450828,-294591.3050823249,97073.5125353142,-101365.84193753374,483653.5004454549,330404.6343880416,133436.08053103538,-32135.675701942255,209089.27171106485,1
-347987.6628298208,252274.46984272692,46802.84034297711,-22373.239329905035,-216033.35212113048,71187.35177706114,-74334.67898166244,354679.3055841427,242296.78188229396,97853.16652716004,-23566.255155492367,153332.36013043445,1
-474527.98898235493,344010.73674357095,63822.293759545406,-30506.720408766076,-294588.64919232094,97074.3724571178,-101363.23039532785,483654.1872593629,330404.8059746769,133436.20629301382,-32135.597887776643,209088.81623382057,0
-75924.17571412442,55041.878027021514,10211.732877170198,-4880.410735741563,-47133.517256678424,15532.253038513592,-16217.469008944498,77384.94746012258,52864.92050138594,21349.936897259224,-5142.035056929391,33455.15740101639,0
-474528.7864972404,344010.63167027733,63822.00358036422,-30509.282734842105,-294591.4175746672,97073.468572361,-101365.92206015748,483653.3991827419,330404.695798115,133436.1307308378,-32135.860742798242,209089.75195107,1
-1107234.363714087,802691.2261734444,148917.7125811521,-71189.65960813864,-687381.0114050867,226504.3242359533,-236521.4892021323,1128524.1111207674,770944.047646979,311350.69168086024,-74983.14382400681,487874.56971049175,1
-569434.6293168027,412812.7214105105,76586.39035877727,-36611.46386483027,-353509.85340117995,116488.14785440992,-121639.27077825881,580384.0788474705,396485.5941010033,160123.29967371048,-38563.00211224979,250907.657126401,1
-901604.519837507,653620.1153784755,121261.81536247252,-57966.570553798505,-559722.3498228698,184440.00660136252,-192593.9108898789,918941.6514624148,627768.8481337009,253528.5540534258,-61057.68794930392,397269.0791535271,0
-79087.54255962832,57335.266329107435,10637.250952221058,-5083.492358930474,-49097.08976532739,16179.56443117667,-16892.917402279512,80609.4608484966,55067.60719719129,22239.489131683295,-5356.0644047923,34848.52164170728,0
-47451.685693807805,34401.394811217004,6382.700957534513,-3047.66479306879,-29455.776086405585,9708.748516803102,-10133.375796643091,48366.5798004644,33040.75186283289,13343.854612604442,-3213.929931285003,20909.820994164824,1
-474527.90318975964,344010.8008455032,63822.345506486425,-30506.564491939964,-294588.48127799784,97074.44490561503,-101363.07608078957,483654.2251161524,330404.87047533714,133436.26390363128,-32135.638831431163,209088.94578035234,1
-3812053.727684047,2763550.084208386,512700.6816123972,-245106.11805502995,-2366565.243891499,779817.604602034,-814319.8160296797,3885343.5188310086,2654249.0959241204,1071935.226281718,-258155.41725354618,1679680.4396456925,1
-790881.8936582666,573350.857425807,106369.74589510525,-50850.46005669077,-490987.132017112,161788.54292442594,-168944.6047723798,806088.5055146941,550674.2977088118,222393.31566639824,-53559.461567502425,348482.1367973623,1
-237264.00827803116,172005.3950123284,31911.183335334532,-15253.780115397283,-147294.71515371572,48537.19529482957,-50682.03250682145,241827.11182163036,165202.42434413478,66718.1363801339,-16067.942844069974,104544.92259390675,1
-158175.6409544648,114670.4096638455,21274.29603237229,-10168.451470844253,-98195.71723393114,32358.482563128273,-33787.29870936133,161218.40520646787,110135.09319019961,44478.85128073171,-10712.165741916344,69697.19356995958,1
-94905.2542062522,68802.27214619366,12764.622429699084,-6100.69118838022,-58917.060529475755,19415.2126019164,-20272.0057807832,96731.11718420993,66081.07095477144,26687.350518070165,-6427.2670625839,41818.17098111467,1
-79087.26564620496,57335.377146105246,10637.439157274557,-5082.425298636567,-49096.133584904266,16179.94119642707,-16891.90176033833,80609.68533909295,55067.718314247526,22239.556897680723,-5356.286317288498,34849.03569608843,1
-158175.697398685,114670.39057003486,21274.26022569895,-10168.518997263176,-98195.80322718348,32358.41705849714,-33787.36493652234,161218.3251151312,110135.07129121598,44478.82595981787,-10712.128277722952,69697.05364974304,1
-632705.1767267957,458680.7777908095,85095.97428625969,-40679.774672882886,-392789.09930218925,129431.20620254264,-135155.10274020722,644871.1115841038,440539.5243363776,177914.75217665677,-42847.75733112883,278786.2331884803,1
-474527.8403347805,344010.78296679654,63822.375710199754,-30506.441579850347,-294588.3396335442,97074.51406940377,-101362.95147162044,483654.3271890769,330404.8545491255,133436.21974557443,-32135.600977904684,209088.84951902428,1
-60106.43416799517,43574.82390444344,8084.3440895248805,-3863.3304840709675,-37313.679259973454,12296.530422107002,-12838.497100680712,61263.228527655236,41851.40232514233,16902.06561182074,-4070.6358194139702,26484.9253423778,0
-316351.84298115096,229340.61121817437,42548.363596968826,-20337.64735856743,-196392.33367730374,64716.49782655503,-67575.36367386441,322436.26592924946,220269.98420582197,88957.56091367085,-21424.07671197081,139393.58369492285,1
-63269.474192618385,45868.33197938942,8510.053286660348,-4065.0605646548615,-39275.91667925414,12944.33480261147,-13512.641417962543,64488.10323253186,44054.20745677284,17791.678853100286,-4284.911898441252,27878.86524483077,1
-91741.75700851357,66508.86035842143,12339.136554440765,-5897.284677811457,-56953.09926488383,18768.081409296854,-19596.21949361594,93506.77447681758,63878.37354800507,25797.800187976343,-6213.072909190939,40424.375741494325,0
-31634.5922300321,22934.226133446155,4255.110650385858,-2032.3487846676237,-19637.754567992168,6472.282262679565,-6756.13448387972,32244.197804527492,22027.17049394742,8895.906001514975,-2142.560455512071,13939.768258446265,1
-496990.1406854557,360293.6797356816,66842.7431576218,-31954.222888755456,-308536.13608760614,101667.99361806935,-106164.58565628546,506545.9894149526,346043.72804292775,139752.0867296463,-33656.77383194785,218986.12931872706,0
-94905.1325019321,68802.29252742213,12764.680703304733,-6100.363596512404,-58916.691068071545,19415.431050454183,-20271.68309721418,96731.40095768866,66081.10272747724,26687.394763150714,-6427.45099073106,41818.7491171823,1
-300533.89540060435,217873.62109159364,40420.996093509915,-19320.263553831817,-186572.20556087032,61480.904874809916,-64196.099860969785,306314.72847631964,209256.52413810533,84509.73886191184,-20352.809386404988,132423.69773332358,1
-474527.9179989387,344010.7448426366,63822.38428720749,-30506.60083181591,-294588.5060673401,97074.43661739293,-101363.10591534013,483654.2368049905,330404.81856391433,133436.167656612,-32135.535490148024,209088.65606060685,1
-79087.02014911166,57335.44147830656,10637.506703459905,-5081.892939706938,-49095.548456688026,16180.215841534178,-16891.374623892618,80610.02303804207,55067.779303769676,22239.55723336164,-5356.369630103027,34849.315937907755,0
-474528.793239882,344010.6155210958,63822.010066569885,-30509.261504680915,-294591.26205985935,97073.51850318947,-101365.7645190636,483653.4039691745,330404.68014839065,133436.0560791847,-32135.77192273852,209089.4734309853,0
-5457090.049349918,3956119.266848342,733948.8618664017,-350879.9519740359,-3387823.5934872823,1116335.6455344544,-1165729.4352664715,5562005.555406429,3799651.047669164,1534512.8947769296,-369558.4856378325,2404521.582888719,0
-63269.52932120779,45868.32538747558,8510.008409154523,-4065.3292760954682,-39276.28546946171,12944.226821591563,-13512.918713774554,64487.986871013236,44054.199267702716,17791.752124641,-4284.938251482637,27878.948804381445,1
-1363481.1904930524,988456.6236933158,183381.03779665573,-87668.1384017825,-846463.8809750422,278922.60498282226,-291262.42354590114,1389695.7250618099,949362.2384512515,383405.95137380954,-92336.2783330822,600782.5153181811,1
-63270.03233934563,45868.27050674904,8509.826189056286,-4066.6474547939247,-39277.58470306598,12943.671138226797,-13514.21388803317,64487.54862658331,44054.13860985086,17791.68983273847,-4285.088924245479,27879.434854070572,1
-237264.06384199587,172005.35407542417,31911.178125572125,-15253.936329476392,-147294.8866481314,48537.10991165166,-50682.190301449526,241827.05343554268,165202.38440389917,66718.14575648503,-16067.905830502867,104544.8135258396,0
-474529.07324807125,344010.51402539446,63821.86862077051,-30510.12157457847,-294592.1303248162,97073.18792925222,-101366.6555520037,483653.1518640569,330404.5823793295,133436.03284549387,-32135.684419477748,209089.28358555207,1
-1429915.2042154497,1036618.1386670421,192316.15732525548,-91939.450419344,-887706.6375113265,292512.9059171538,-305453.6430571364,1457407.2418143665,995618.9226634233,402086.96834381414,-96835.30182104955,630055.1304900137,1
-79087.44622973644,57335.29828337167,10637.315625796464,-5083.263011760815,-49096.84439851725,16179.678939614723,-16892.69267383055,80609.5889885931,55067.63474882848,22239.533042657706,-5356.136460345029,34848.742755197985,0
-79087.61824551072,57335.237200256124,10637.230166658743,-5083.6331999255835,-49097.25352274631,16179.488873555105,-16893.06002924899,80609.3911314434,55067.57851607187,22239.484638579986,-5356.086712872278,34848.5647962694,0
-110722.98841170636,80269.2896478241,14892.003508883354,-7118.003564620171,-68737.11439994362,22650.89816678255,-23651.20325800628,112852.83531027738,77094.56546896909,31135.23065384267,-7498.596067376361,48788.24634348187,0
-2404282.605812489,1742986.0532983814,323363.22052286315,-154589.46289637344,-1492605.1545144492,491835.33311717014,-513595.61407082895,2450507.321448728,1674049.323032538,676075.3447262,-162820.13921604064,1059383.9059291931,1
-474527.9031771919,344010.8058956277,63822.357726604445,-30506.512010628383,-294588.4323774579,97074.46718982932,-101363.02759660389,483654.27156828373,330404.8765356553,133436.2406768436,-32135.720619326654,209089.17583154383,1
-316352.1712560231,229340.52185038448,42548.18462948196,-20338.80121395188,-196393.45831733863,64715.98462045283,-67576.48036336772,322435.9163394527,220269.89333780884,88957.48749729413,-21424.0209751681,139393.44820227163,0
-1107234.054878515,802691.2505966537,148917.84588774812,-71188.37157832667,-687379.7279697668,226504.70376705867,-236520.17771343226,1128524.3141781834,770944.0803654916,311350.74699415005,-74982.96042986627,487873.87440945976,1
-379622.9972544485,275208.5719547892,51057.640259787804,-24407.28363711193,-235672.88886536245,77658.85947428821,-81092.48892711401,386922.7432076869,264323.8070417683,106748.92386963552,-25708.77076714265,167272.01181025567,0
-158175.6642945191,114670.36922936891,21274.283659962584,-10168.382487892402,-98195.63236797294,32358.50592028305,-33787.2267354418,161218.423644482,110135.04959272017,44478.87931041178,-10712.083346547035,69696.96580493425,1
-79087.14182678891,57335.38197703365,10637.424963986401,-5082.33843682702,-49095.94453731631,16179.983507235016,-16891.779308560246,80609.79071291334,55067.721637514325,22239.569729958384,-5356.1709939348375,34848.71493212692,1
-56942.95540087084,41281.423688721334,7658.833190518036,-3659.907394805607,-35349.70491805383,11649.338316278408,-12162.70113635639,58038.87770238615,39648.70828648037,16012.470179170508,-3856.4130611892506,25091.049580722596,0
-79087.02788690022,57335.43646848501,10637.559690716289,-5081.930469361886,-49095.58397785177,16180.197735339507,-16891.408863219163,80609.96940912612,55067.775457304306,22239.57822330838,-5356.317161101692,34849.1698355073,1
-47451.79997975993,34401.3491115561,6382.661005026304,-3047.9727209899156,-29456.10350205756,9708.594232936855,-10133.676549459533,48366.350942359786,33040.75388913367,13343.903518445337,-3213.7998182796473,20909.436946594345,0
-395440.87495975354,286675.446739204,53184.90209302326,-25425.15255808995,-245493.54237548498,80894.29277934298,-84472.26994778811,403044.25837424176,275337.13434561243,111196.7187564531,-26779.713890652627,174241.0033312685,1
-229354.7497823005,166271.97481373572,30847.635797206705,-14743.854227661514,-142383.4246807502,46919.801844081696,-48991.17833800467,233766.55380358003,159695.77544608057,64494.32765213911,-15532.286653355868,101059.77706372716,1
-1898117.8930804026,1376041.5786835793,255286.7203230068,-122044.39064824623,-1178372.5533902936,388291.06450234045,-405470.29434167687,1934611.00858683,1321617.844750546,533743.7079256539,-128542.12921191561,836355.4798716647,0
-458710.7709681155,332543.6507312233,61694.79267744307,-29491.36427937743,-284770.50637460075,93838.1887525886,-97985.9208363645,467531.9565569526,319391.2484081991,128988.25916105679,-31064.463632154486,202119.45149599615,1
-474527.89203331637,344010.8872010885,63822.365985441145,-30506.293889503348,-294588.2649829183,97074.6232882562,-101362.82190394415,483654.25764034403,330404.9650173103,133436.2514199276,-32136.02767350187,209089.96777800182,1
-30052.187597922428,21787.681699997687,4042.6450478930756,-1928.864379229981,-18653.957101437147,6149.442780689876,-6416.4999772622195,30632.61771679818,20925.96757635819,8451.273382105475,-2035.5244973027168,13242.942609568665,1
-63269.83987639984,45868.23666764301,8510.053883577928,-4066.3639405017357,-39277.22335847017,12943.873427033563,-13513.910548530892,64487.79427258109,44054.10757955857,17791.62241596384,-4284.964569631099,27879.148234893855,1
-2492861.7164601414,1807201.2784220532,335276.4626879895,-160285.18660182392,-1547596.2171203012,509955.3536059541,-532517.8827282145,2540788.8717897977,1735724.7783771835,700983.3789245986,-168818.72349615654,1098413.6295665218,0
-474528.8017785956,344010.61327155266,63821.99487300006,-30509.263409783067,-294591.2733733585,97073.51518489535,-101365.77045598075,483653.4063965068,330404.67713054497,133436.1116728949,-32135.81667616579,209089.5952788482,1
-1591255.5339198238,1153581.572154919,214015.36205777113,-102313.83271833391,-987868.9709512445,325517.3107565682,-339919.23076770187,1621848.8386083695,1107956.341043694,447455.2028189292,-107761.28706701282,701145.0317717384,0
-79086.97205349142,57335.45014333631,10637.569337551688,-5081.768776187387,-49095.424025983506,16180.274291031392,-16891.255464443635,80610.08932570559,55067.78680110642,22239.61127219836,-5356.437031765112,34849.50963017068,1
-474528.68402835587,344010.6121705548,63822.03574184084,-30509.313515145463,-294591.2739106618,97073.73283166095,-101365.8051263547,483653.5112759275,330404.667913636,133436.12106748135,-32135.76944426028,209089.52368748272,1
-237264.18471843487,172005.33487394877,31911.08282020298,-15254.124906682748,-147295.09223475697,48536.96701617449,-50682.37756706484,241826.93299398062,165202.37783015618,66718.11142666877,-16067.878651213055,104544.72188229334,1
-1429915.0786072721,1036618.1307661665,192316.21142013842,-91938.92158771981,-887706.1242978014,292513.01268493145,-305453.1248936099,1457407.368218338,995618.9164174912,402087.0100695738,-96835.26123463803,630054.9455834168,1
-319515.6452518498,231633.96483289282,42973.71805077753,-20541.95193805678,-198357.13179278202,65363.31190279189,-68252.02588127366,325660.4761457396,222472.62581395768,89847.0815503832,-21638.46876476034,140788.02663872618,1
-79087.26606433066,57335.37758834938,10637.39163683355,-5082.401475862293,-49096.11864499853,16179.951403181785,-16891.883580006557,80609.72018640809,55067.71755628461,22239.606805756248,-5356.353532803397,34849.22140124418,1
-1107234.680381504,802691.1188907208,148917.5548083009,-71190.52006670988,-687381.9196490531,226503.91995224156,-236522.31431270528,1128523.7210541014,770943.9440285052,311350.6496181893,-74982.98917703876,487874.1121429462,1
-1186323.5306330202,860026.063044125,159554.28715914374,-76277.33599988942,-736482.4308740488,242682.28265342477,-253418.53533018034,1209132.065688154,826011.2242092625,333589.9100312408,-80339.09688984917,522722.92437255516,0
-56941.843053418066,41281.64829665112,7659.305635432602,-3656.667715183428,-35346.38755549235,11650.506606948064,-12159.484777451764,58039.95528257054,39648.939905201645,16012.649219216932,-3856.4252120087885,25090.89478655011,1
-79087.72478649602,57335.213241833284,10637.180426047233,-5083.989519933289,-49097.615335362665,16179.33340276944,-16893.416668069178,80609.29469138068,55067.551168471124,22239.490932520876,-5356.068732802884,34848.54964578871,0
-63269.97740398263,45868.28052642999,8509.860659066793,-4066.6102377672737,-39277.48970150253,12943.746591957153,-13514.157704116471,64487.63216407905,44054.15070050869,17791.649754250986,-4285.017231888894,27879.291997499677,0
-5457089.928210657,3956119.319539728,733948.885569335,-350879.5595861055,-3387823.175708364,1116335.7294763213,-1165729.043356318,5562005.689831729,3799651.099425226,1534512.910821162,-369558.5442031944,2404521.7174795596,1
-63269.62505359002,45868.32676942715,8509.99450999698,-4065.380812543251,-39276.33331734281,12944.204695040939,-13512.971010030029,64487.97234774895,44054.200194180165,17791.687132322957,-4285.0202082005735,27879.195772031067,1
-158175.79683622252,114670.33467063088,21274.216756156737,-10168.67721784486,-98195.95501407821,32358.354160687344,-33787.51791235398,161218.25360432843,110135.01679958792,44478.83362196423,-10712.034260131797,69696.80004291916,0
-23725.187558123835,17200.79503623624,3191.6864962381405,-1522.2136585832413,-14726.205622406345,4855.07215128316,-5065.086338160533,24183.84742482998,16520.498951971542,6672.064032786028,-1606.866663152433,10454.568769758444,1
-474528.7275321976,344010.68198772846,63822.05130084209,-30509.283200405825,-294591.2775674152,97073.67513138037,-101365.62620860874,483653.469378983,330404.7281551236,133436.14343822133,-32135.939635404266,209089.99211222355,1
-632705.4940381446,458680.71016047435,85095.8128223292,-40680.42502192916,-392789.7603550441,129430.84679555293,-135155.7453285427,644870.8438979696,440539.4591035674,177914.71336222088,-42847.675097936066,278786.03764697857,1
-47451.89067326861,34401.34124281566,6382.613364342724,-3048.1560706297064,-29456.297703437678,9708.502095922095,-10133.856460154144,48366.23443348639,33040.74567057715,13343.874537252083,-3213.7666640397947,20909.335517815554,0
-790881.11819313,573351.0013356459,106370.01997120137,-50847.61648409106,-490984.2794162423,161789.53817981636,-168941.7739981971,806089.1495964022,550674.4523085222,222393.44019151502,-53559.342135598214,348481.4934676425,1
-316352.31506841036,229340.5127184044,42548.16811664096,-20339.030472292317,-196393.68759582491,64715.91943846307,-67576.7145337597,322435.80113554763,220269.8845174113,88957.46101859215,-21424.033450849973,139393.51603999228,0
-474527.93670641136,344010.8675435974,63822.402302319286,-30506.456377188006,-294588.4348598834,97074.54211429435,-101362.97801905619,483654.1152677402,330404.94777438306,133436.28927899804,-32135.910390184654,209089.62797167432,1
-949058.5436349515,688020.9136148246,127643.5347256177,-61021.32007042405,-589185.2543425412,194145.8956918043,-202734.2854656564,967305.917202811,660809.0421715799,266871.9644259418,-64271.19316071733,418178.08668984903,1
-474527.8208283994,344010.7660579456,63822.333839514904,-30506.397283780632,-294588.33588388085,97074.60367358121,-101362.90541428923,483654.2515607806,330404.83781380835,133436.20117164083,-32135.579337872747,209088.7001246623,1
-158175.6761964602,114670.35305404701,21274.277313517425,-10168.439182763792,-98195.69898852627,32358.459561225285,-33787.28647457925,161218.3865241973,110135.0476427794,44478.86293278544,-10712.04009045389,69696.83584553134,1
-344824.4939961869,249980.9913954815,46377.22869459462,-22170.83867796815,-214070.4486202681,70539.79223767703,-73659.88930767184,351454.535589476,240094.0117090154,96963.57002271303,-23351.9731711605,151938.327937235,0
-1107234.6705429847,802691.1524831062,148917.58258549855,-71190.27558761553,-687381.7506768387,226504.04830873627,-236522.1125679908,1128523.8395789461,770943.9734263739,311350.67179287673,-74983.21001499471,487874.75847614656,0
-474527.9558511563,344010.83776411763,63822.292575743915,-30506.65215919884,-294588.59334594675,97074.38633756299,-101363.16784375276,483654.1721377796,330404.89423587854,133436.2149608531,-32135.744800460434,209089.22423865114,1
-75924.067622876,55041.85599034419,10211.75850648951,-4880.161458545351,-47133.23568355254,15532.364808847095,-16217.214708257503,77385.07959255006,52864.89969075168,21349.89831938039,-5141.91197623647,33454.814465911826,1
-338497.14333079,245394.24601386333,45526.38379709039,-21763.205233888482,-210141.68574107543,69245.84761023663,-72307.50483782552,345006.1374179397,235688.67497288872,95184.46121228399,-22923.51107737464,149150.47981084042,0
-31634.620122595836,22934.181433813257,4255.058832222664,-2032.5302048973267,-19637.933997170127,6472.243351027479,-6756.308056148329,32244.16660582138,22027.12701616456,8895.915672041996,-2142.4887502556458,13939.571752242246,1
-15816.529491265585,11467.29756596941,2127.867200193364,-1013.959595714726,-9816.614865936506,3237.0536772577434,-3375.8939256384974,16122.809009572955,11013.766105237091,4448.14032614639,-1071.3598549685578,6969.980743414726,0
-79086.47339464402,57335.50720620031,10637.674221607063,-5079.967567424453,-49093.5099549142,16180.982715887862,-16889.393612772583,80610.4473285624,55067.85662585813,22239.672353082675,-5356.184231656644,34848.55227710459,1
-31317.59166762963,22705.055274669005,4212.78344974652,-2010.2148002647273,-19439.53078984179,6408.305961648585,-6686.8028360548715,31922.388906509495,21807.05876209655,8807.054003698784,-2121.2588341613787,13800.617272499721,1
-110722.92897268142,80269.30881570338,14892.011379273568,-7117.758824888781,-68736.85671440524,22650.997795779596,-23650.955902760797,112852.90583583235,77094.58545914131,31135.219891691624,-7498.589771590219,48788.21629002982,0
-474527.98659531045,344010.79043272464,63822.31786062642,-30506.681012580793,-294588.6046194785,97074.3867922042,-101363.1914923213,483654.1661250571,330404.8604721455,133436.21082872467,-32135.65674938399,209088.99420160105,1
-1581764.3560767723,1146701.4962426296,212739.18648333996,-101701.89770687919,-981975.3220241702,323576.5040915536,-337890.16665317724,1612176.3925910264,1101348.3862821106,444786.51822201564,-107118.55847713747,696963.146726017,0
-474528.89158555237,344010.60274356115,63821.9762665484,-30509.69416071695,-294591.68267870677,97073.37762476747,-101366.20227916286,483653.35943199415,330404.6634594496,133436.09499501134,-32135.84136581676,209089.74478408572,1
-2356829.5673703165,1708584.969117186,316981.04329842946,-151537.60233626651,-1463145.1038359762,482128.2958577732,-503458.1049703374,2402142.0958081326,1641008.839417059,662731.8060145469,-159606.41702031755,1038474.3961404737,0
-63269.4895270284,45868.358622629785,8510.062910775168,-4065.3928785153453,-39276.23814746648,12944.281164287322,-13512.891101360085,64488.07728471333,44054.227670750755,17791.756927678038,-4285.029659159939,27879.25101350319,1
-1322355.0332948028,958642.4118232143,177849.92185292492,-85023.20260276829,-820931.7958795548,270509.99924311484,-282476.43270863337,1347779.410357401,920727.2108817556,371841.5548860193,-89551.1219963743,582661.2475592797,0
-23725.205240794294,17200.837726081812,3191.6221677020158,-1522.2687515020834,-14726.2790994356,4855.033885240699,-5065.145433005743,24183.792146866137,16520.53456578581,6672.111599583014,-1606.9337773315144,10454.745345707477,1
-1162913.4197321765,843054.9040963455,156405.7510657744,-74772.25648948914,-721949.3081557475,237893.15454832788,-248417.86803172072,1185271.836884455,809711.2927738947,327007.06006198376,-78753.72502197284,512407.84033863863,1
-110722.82114789067,80269.30510033197,14892.05617743984,-7117.543400243495,-68736.61285496401,22651.08810370554,-23650.734018952673,112852.9842328272,77094.58159520007,31135.198758379018,-7498.450405307588,48787.82361034192,1
-474527.853448179,344010.8968245665,63822.38554352242,-30506.213553925216,-294588.17579224735,97074.66493207625,-101362.74190024372,483654.3037040914,330404.9742841723,133436.25535931048,-32136.032818295804,209089.98993759212,1
-248336.08237151516,180032.42427814924,33400.454999539405,-15964.730003298668,-154167.6002073775,50802.555334561825,-53046.31560830983,253112.5679794461,172911.98236566,69831.68981960518,-16817.918963981727,109423.96867414875,1
-94905.34779884157,68802.24259229578,12764.579197300063,-6100.910703034628,-58917.28114472545,19415.152161195543,-20272.21952644813,96731.04566888651,66081.05227675191,26687.361728012624,-6427.278577764571,41818.218644742374,0
-64851.218291306795,47015.01791430447,8722.766041307528,-4166.975063581351,-40258.1119110531,13267.82576838321,-13850.719334861244,66100.2675046499,45155.53872660363,18236.489392473144,-4392.010416695238,28575.779563650136,1
-2632056.7930447385,1908110.9983974893,353997.5912708698,-169234.47626690607,-1634009.5556267686,538430.3073995631,-562251.771396859,2682660.6136255465,1832643.42591977,740124.6263339327,-178245.0989409852,1159746.2198407666,0
-428972.9300540088,310985.8302776404,57695.54299205348,-27577.145346785386,-266307.22179632704,87755.69060452374,-91631.4424719683,437223.6646309122,298686.06994530244,120626.37544584945,-29050.77554436556,189016.74586465643,1
-63269.46918848637,45868.39008351996,8510.093017174317,-4065.2651166097316,-39276.09081399935,12944.348171379828,-13512.764206337279,64488.15121120854,44054.25902908588,17791.71646267015,-4285.096300189012,27879.46343732128,1
-940517.2934838505,681828.7090031704,126494.65236742908,-60472.55691653453,-583883.1946021371,192398.3685153723,-200910.1780878763,958599.8415727675,654861.7444340568,264470.1365310604,-63692.8926438849,414414.84539106314,0
-790881.5347763364,573350.9169669559,106369.85708161176,-50849.330996234865,-490986.0406800955,161788.95611589408,-168943.49953679368,806088.7384553482,550674.3595955768,222393.4021782445,-53559.42183628928,348481.8686045004,1
-474527.9821263224,344010.83338669845,63822.34985042214,-30506.651384721208,-294588.5899798025,97074.38537792237,-101363.16697540577,483654.1459150745,330404.92136585305,133436.21904817593,-32135.77696892034,209089.32422462292,1
-1268574.5607778495,919654.7037896967,170616.99089117793,-81563.7086636263,-787542.9696190828,259508.9341054663,-270986.73891356966,1292965.9441475712,883281.5075735854,356718.8460549745,-85909.23035748435,558964.7984393798,1
-31633.868884075688,22934.40645645899,4255.377411659033,-2030.5008936912116,-19635.887073931386,6473.035910141424,-6754.329706224928,32244.83335038481,22027.339376339598,8896.065314346832,-2142.6881781582115,13940.003064947081,1
-332169.6765492861,240807.54621281594,44675.583562841086,-21355.20603042873,-206212.57654812117,67951.9924856351,-70954.76330375222,338557.7930517252,231283.39235449894,93405.36920903064,-22495.070583375626,146362.63765164092,1
-1107234.666461022,802691.106675513,148917.5617112578,-71190.37361081221,-687381.781415016,226503.99304269173,-236522.18619045292,1128523.7800048282,770943.9299495487,311350.65214591636,-74982.99669107849,487874.13354703353,0
-474527.9556681028,344010.80993456213,63822.35829256173,-30506.683034930807,-294588.6211783576,97074.37338276143,-101363.1948873702,483654.13187099504,330404.881284995,133436.2319697796,-32135.670572399493,209089.01516191493,0
-63269.9630434162,45868.24315768675,8509.842783572747,-4066.619219629473,-39277.50295160379,12943.709667835235,-13514.170111239313,64487.670233874356,44054.11352968696,17791.622046815202,-4284.963826680479,27879.133610438,0
-1107235.161128186,802690.9973802918,148917.38514975645,-71191.80547168951,-687383.21992932,226503.3816967691,-236523.59421841166,1128523.368800111,770943.816926066,311350.59148751444,-74983.00001581643,487874.25728422176,1
-711793.6634292362,516015.8065687895,95732.84648539737,-45765.20482266892,-441888.24695053516,145609.76363757614,-152049.95180949374,725479.641497673,495606.9016640382,200154.09035525558,-48203.63128396479,313634.20385720057,0
-2299885.7123818593,1667303.8376444231,309322.6312069996,-147875.66632100433,-1427793.2716488694,470479.7998348867,-491293.40033188846,2344104.115440304,1601360.4171776548,646719.5077325985,-155750.2754956734,1013384.1294806886,1
-142358.1465156919,103203.30690096591,19146.817242439418,-9151.673830520775,-88376.20701751545,29122.613537343772,-30408.63268000003,145096.5468713816,99121.5192720282,40030.968777237336,-9640.8665138444,62727.24309599699,1
-632705.3365871755,458680.74626323074,85095.870085642,-40679.72100496686,-392789.03698062175,129431.08947808328,-135155.02934126498,644870.9681897496,440539.4972719317,177914.75841943876,-42847.62098239891,278785.8087788469,1
-474527.964340112,344010.7854910152,63822.31325204016,-30506.49161636324,-294588.4422373514,97074.55310060046,-101363.00590814889,483654.18882526644,330404.8579189951,133436.21105560736,-32135.756493906363,209089.21299008437,0
-15816.286888365183,11467.435253432986,2128.0406491024046,-1013.3950892605923,-9816.013254418882,3237.321102682117,-3375.3389581238002,16123.081870963208,11013.91673670055,4448.140108052944,-1071.5933318061172,6970.678364877117,1
-47451.917907743846,34401.31576762906,6382.618461224506,-3048.4957381193467,-29456.602064447823,9708.462473954924,-10134.105977111478,48366.251833088514,33040.71729680521,13343.852085532799,-3213.768859597703,20909.411284602906,1
-79087.00251100173,57335.419382161344,10637.474389299563,-5082.005611903656,-49095.683986261596,16180.151330697036,-16891.48558159865,80609.95590128453,55067.75835714298,22239.567994413836,-5356.283320596818,34849.036860550106,1
-79087.39339348131,57335.31105649208,10637.337370602554,-5083.108791282357,-49096.69609995666,16179.748279567228,-16892.546983351902,80609.70463687235,55067.649588846936,22239.540679398844,-5356.269580713231,34849.114389651404,0
-714957.2173476751,518309.1319375183,96158.22082730714,-45968.902004379896,-443852.46389497846,146256.82900535307,-152725.9994430556,728703.9413104978,497809.5240331789,201043.5547239314,-48417.606843096866,315027.40289792075,0
-284716.7469149002,206406.52315549622,38293.46367651962,-18304.490646261966,-176753.65397392705,58244.588720130334,-60818.40517250574,290192.53140062594,198242.95598588855,80061.7711713811,-19281.649785964444,125454.2009623642,1
-474527.87685925566,344010.7597127886,63822.297176477245,-30506.466757752365,-294588.40519266366,97074.5734522999,-101362.97452314354,483654.21096170245,330404.8353032271,133436.2205176199,-32135.58343739957,209088.71918018226,1
-4982560.6362907365,3612108.834633581,670127.1049880078,-320369.13138127787,-3093230.7017691336,1019262.7713626226,-1064362.1066458246,5078352.752222115,3469246.5480938777,1401076.9285034367,-337422.86013060977,2195432.4678841755,0
-2217634.578501144,1607675.2104099786,298259.90345899516,-142588.82147306245,-1376732.2870791904,453653.17903073976,-473724.7688448226,2260270.3237154298,1544090.1527921471,623590.5726113023,-150180.0408255299,977141.9147436596,0
-1028146.8988308347,745355.9840764166,138280.45244263692,-66106.57884247143,-638284.3267426313,210324.63474298557,-219628.9590823852,1047914.573162438,715876.4602740628,289111.2624518453,-69627.18717590877,453026.41618891276,0
-63270.14856840295,45868.21592995426,8509.776324579341,-4066.953094847168,-39277.85970194853,12943.577888804304,-13514.496737857784,64487.45023466915,44054.08831914243,17791.631064700203,-4284.947065871339,27879.07143817949,1
-316352.3333381817,229340.48403524075,42548.08262378051,-20339.189992433363,-196393.85023747943,64715.85043657829,-67576.8601891207,322435.74610805576,220269.85498083115,88957.46569313754,-21423.953908743384,139393.27155550258,1
-553616.6873660765,401345.76990657364,74459.09658960713,-35593.4138879166,-343689.07344104623,113252.76171516353,-118259.35203548557,564262.5528513946,385472.1761611698,155675.52708759636,-37491.791498333776,243937.85326209947,1
-79087.39589979939,57335.34326549794,10637.326507787157,-5083.164668894871,-49096.790486852144,16179.648394865093,-16892.604728439564,80609.57011629656,55067.681090397025,22239.536518748006,-5356.2351640982615,34848.96268870179,0
-77822.21067717954,56417.89191946628,10467.061149154117,-5002.294948084108,-48311.6890732952,15920.59247324108,-16622.773484756133,79319.6382248823,54186.515365917076,21883.67695656716,-5270.380316953115,34290.9856606389,0
-158175.88314441973,114670.3015862798,21274.17252822477,-10168.871288423883,-98196.17723080708,32358.235776763526,-33787.71608208039,161218.14091615556,110134.99820302083,44478.82304050083,-10712.00703622298,69696.70167961798,0
-474527.99569985375,344010.75435246987,63822.31291300366,-30506.712924193824,-294588.63368909096,97074.37624069012,-101363.22061089298,483654.17613147025,330404.82714611443,133436.16359422455,-32135.60017222897,209088.8313635818,1
-3248945.252312313,2355324.4628141797,436965.68774664024,-208899.09307522888,-2016980.8521990466,664624.7285884973,-694029.7645425498,3311409.0043922868,2262169.1847096533,913591.2410495052,-220021.1514673907,1431561.3038571663,0
-474527.8971752019,344010.7969256232,63822.348902632024,-30506.583874496602,-294588.501464324,97074.43362531973,-101363.0932455874,483654.21790667565,330404.8671015026,133436.21381913876,-32135.60930388635,209088.8555984829,1
-47451.719904922655,34401.371320401384,6382.696664676799,-3047.8424748002494,-29455.965671411825,9708.655164180898,-10133.54684326636,48366.42829562239,33040.77611125144,13343.862525190012,-3213.81478449859,20909.478780960122,1
-5204007.485468992,3772647.190793903,699910.7785985958,-334606.8555189367,-3230706.714237946,1064563.6905249048,-1111666.2065688004,5304057.564535629,3623435.4762626137,1463347.0963708255,-352419.74628925096,2293008.0954758823,1
-173992.64158509806,126137.54538516456,23401.92622552943,-11183.043026023615,-108013.01568080968,35594.96829653705,-37163.7875513786,177340.78339438044,121148.70639483907,48926.7640199332,-11783.224684773924,76666.24784622063,1
-316352.3600495196,229340.44717264848,42548.06751099923,-20339.20066500834,-196393.834208212,64715.8650658585,-67576.86457274496,322435.765878048,220269.81908175632,88957.43912259713,-21423.855354920826,139393.02025996894,1
-79087.15616281312,57335.37858811837,10637.41784054429,-5082.369851149319,-49095.97751797348,16179.967486589549,-16891.80968726223,80609.77544125567,55067.718527606354,22239.54442987771,-5356.162145600053,34848.68724367294,1
-189809.96810954702,137604.55844789327,25529.401238765422,-12199.706564758917,-117832.38772913617,38830.91495568282,-40542.33125331383,193462.76881065554,132162.19002776497,53374.68059893329,-12854.234106770793,83635.37337932225,1
-63269.99299562816,45868.27027946838,8509.83341780428,-4066.7426009785913,-39277.66025054398,12943.662783560892,-13514.292910479302,64487.55334659148,44054.14267499212,17791.646309866435,-4285.029644224653,27879.281788418204,0
-711793.0060136851,516015.8891893103,95733.02128672178,-45762.86991470738,-441885.8689787048,145610.48097403525,-152047.61878969727,725480.3205474324,495606.9964284874,200154.0824339606,-48203.47283061322,313633.5467946049,1
-79087.08963035143,57335.356952538794,10637.475354173725,-5082.123291688824,-49095.76892928824,16180.120986291682,-16891.591795868582,80609.89588250956,55067.69971281482,22239.55741019099,-5356.1065707282,34848.574824119176,0
-79087.66869519206,57335.27677326915,10637.216548063969,-5083.749359319957,-49097.3874362701,16179.411165861758,-16893.185660939715,80609.35443822447,55067.61580462791,22239.491030789424,-5356.220977138758,34848.95547727653,0
-379622.8607072988,275208.5222327011,51057.685187156756,-24407.15207015706,-235672.70076061884,77659.00281669616,-81092.34677631252,386922.909252577,264323.7689516559,106748.92306609346,-25708.599846692545,167271.57856017543,0
-158175.9132805261,114670.36127687489,21274.178081314334,-10168.864624154417,-98196.20031147182,32358.226368871554,-33787.72256006509,161218.0985051075,110135.0448696484,44478.8141646801,-10712.16381594683,69697.12643621083,1
-379622.9155752667,275208.5392362411,51057.648012840036,-24407.306708692282,-235672.90244032402,77658.90216532994,-81092.50809472184,386922.7988767236,264323.78546581196,106748.95157510712,-25708.700363712695,167271.81861263563,1
-33532.6207295341,24310.297335149044,4510.437541425671,-2153.9763687973723,-20815.714471630396,6860.670367856179,-7161.180276678819,34178.90851912527,23348.80820222476,9429.690642144164,-2271.1766391230317,14776.271178276487,1
-411257.297488299,298142.72403240635,55312.788511189625,-26438.349713568026,-255309.32900841278,84131.4449499391,-87847.33487046121,419167.27047467296,286350.9194220407,115644.78562994227,-27850.94940086473,181210.56284282944,1
-1686161.263116146,1222383.6864669663,226779.81530231066,-108415.79124475809,-1046787.2621732149,344932.02743242076,-360192.4414775204,1718579.5798360878,1174037.269516521,474142.35949677305,-114188.39608383705,742962.8493074628,0
-31634.308010037596,22934.324430547218,4255.219442753707,-2031.4664979023955,-19636.85001351843,6472.691274147041,-6755.198893890072,32244.490714126445,22027.2579549495,8895.957698887069,-2142.7016057657866,13940.108005855474,0
-3268242.9957237053,2369314.1624865322,439561.04388946894,-210140.7050793905,-2028961.791527877,668572.1647008633,-698152.8718847425,3331077.442138874,2275605.575011094,919017.6319024146,-221328.11442888252,1440064.7027489732,1
-1739941.343050345,1261371.5082506652,234012.8819796709,-111873.8350765121,-1080174.697536805,355933.5709326311,-371680.976251471,1773393.5359703489,1211483.0833665514,489265.0927687448,-117830.49913463325,766659.8196156356,0
-185065.95965420952,134164.22096360248,24890.69561345484,-11897.985170818229,-114889.94505315836,37858.96730407496,-39532.02351724251,188625.03178136193,128857.90493480541,52040.21308877356,-12533.002106226988,81545.01413385665,1
-149950.23746623448,108707.69355360765,20168.17857057178,-9638.700540619022,-93088.61319799493,30676.24636486471,-32029.383758325126,152835.32374765043,104408.21963172956,42165.99489490207,-10155.396623371438,66073.63593661372,1
-718120.7641328388,520602.52875290107,96583.72134936633,-46172.125565972674,-445816.3370068202,146903.9520050927,-153401.70210937876,731928.2929580179,500012.21608268976,201933.15349542856,-48631.876279529424,316421.4067722077,1
-325842.8172621896,236220.6998525132,43824.58225178385,-20949.169131380884,-202285.44987723554,66657.42272677511,-69603.97617070905,332108.931025739,226877.9519058538,91626.24351591509,-22066.661257532713,143575.0598000548,1
-126540.54253678663,91736.33204189781,17019.424167862,-8134.718667433,-78556.5404974995,25886.797971574437,-27029.79836871439,128974.70266072576,88108.07731158868,35583.10726026837,-8569.77326138533,55757.85425393028,1
-31634.14906438348,22934.383891481106,4255.32720271215,-2030.865777604541,-19636.253024043457,6472.8649862769,-6754.687144519834,32244.60310637197,22027.318973649984,8895.979298551663,-2142.6916038438812,13940.035959001372,1
-474527.941932753,344010.7799797897,63822.32490230719,-30506.507756445022,-294588.46478383173,97074.54298845785,-101363.022002641,483654.16116714576,330404.85282378737,133436.27505446697,-32135.7170590876,209089.09318731714,1
-237264.41415874643,172005.3135634967,31910.9816908356,-15254.907735136947,-147295.89735104222,48536.70163221721,-50683.15412233799,241826.66552539327,165202.34292847634,66718.05658051172,-16067.888391068482,104544.78971078187,0
-474528.1207262592,344010.7533164819,63822.27731126602,-30507.039191951328,-294589.0015738996,97074.23345733133,-101363.55289576467,483654.03797457664,330404.8242953094,133436.21912346594,-32135.735957551657,209089.20496666254,1
-1107234.5722582985,802691.2157039669,148917.65206636197,-71190.04411487766,-687381.4373555299,226504.1453236154,-236521.86748471123,1128523.9402245868,770944.0229393316,311350.6665157602,-74983.24946854204,487874.8744685465,1
-94904.98640377897,68802.31865842492,12764.743110322202,-6099.952054496419,-58916.286786632176,19415.47894687201,-20271.257861853584,96731.40317927633,66081.1290795523,26687.403927846615,-6427.30311015776,41818.23907200525,1
-79087.24630763286,57335.38739219132,10637.409778650133,-5082.333687368282,-49096.041244115106,16179.98782799776,-16891.816250713153,80609.75828099728,55067.72695926897,22239.61062540884,-5356.370669653846,34849.281135179124,1
-474527.7464227231,344010.79573884775,63822.39961015912,-30506.291624411195,-294588.1970181357,97074.57991946967,-101362.8078550319,483654.42747687345,330404.8674548689,133436.24883662714,-32135.666931400494,209089.02268125967,1
-250234.94842531419,181408.2331251664,33655.469129664576,-16088.960358590515,-155348.24409639876,51189.97717532806,-53453.97682905351,255046.4009615647,174233.3673682852,70365.39594681194,-16946.26848294586,110259.88265542423,0
-1932916.1603584478,1401269.1728606762,259967.25749342787,-124280.12888733008,-1199974.2718797259,395410.3382012998,-412902.1936013032,1970079.454772675,1345847.6719119712,543529.1156600473,-130898.89172952913,851689.0195405476,1
-335966.5998388579,243559.44237540488,45185.86042340206,-21601.243101566684,-208571.35949815632,68727.81844200843,-71767.67213527455,342426.3597237185,233926.43581257554,94472.74737751407,-22752.077920949647,148035.22773658836,0
-474528.0624231107,344010.7687027493,63822.31598270985,-30506.95379826788,-294588.8886857319,97074.28370347226,-101363.46056742729,483654.0741612402,330404.8407140301,133436.15722012165,-32135.64880877275,209088.97784105493,0
-79087.01489570814,57335.44570452132,10637.468290234303,-5081.90485542608,-49095.55325473536,16180.215523205443,-16891.38465792208,80610.0092146249,55067.78380993364,22239.595365685982,-5356.3240247942,34849.194972452846,1
-79086.96052347822,57335.413062144966,10637.4802469968,-5081.989559232355,-49095.679171584154,16180.154597058336,-16891.472028020908,80609.95827526446,55067.75204528888,22239.641131264605,-5356.270344305807,34848.985710983376,1
-230936.18956563898,167418.78919337678,31060.531862157917,-14844.41963983762,-143364.23289273522,47243.68121416378,-49327.93835604708,235379.07657886134,160797.23903870725,64939.08769227971,-15639.43994326384,101756.78042877425,0
-316351.9695575889,229340.56771399998,42548.280987706356,-20338.405424109103,-196393.02189308975,64716.18884243936,-67576.0867230164,322436.1383429788,220269.93745891599,88957.53649304167,-21424.036622395393,139393.526377795,1
-126540.63228566156,91736.29018589453,17019.379515407905,-8134.89996157371,-78556.7299497264,25886.712704161382,-27029.975676066337,128974.61345563146,88108.03481156293,35583.07796117274,-8569.705657983819,55757.655687622086,0
-79086.50586379887,57335.48143894114,10637.66414297826,-5080.048916075128,-49093.592056061,16180.947460739126,-16889.47216648868,80610.4023695538,55067.826262020055,22239.688602908005,-5356.120326980448,34848.37091147007,1
-192341.85400096865,139439.13323214444,25869.413289794942,-12365.23916925385,-119406.43565314481,39347.66232889191,-41085.75991609431,196041.36044668956,133924.18317089326,54086.215594067064,-13025.947127512689,84751.6255940879,1
-142357.94318260555,103203.34993547876,19146.897393497784,-9150.978081759653,-88375.51628349678,29122.8075151609,-30407.925041561266,145096.73601463472,99121.56659079269,40031.028859316975,-9640.887668048708,62727.23536278047,1
-79087.21413160434,57335.384258066704,10637.407878617783,-5082.376333129081,-49096.077356961025,16179.968053259498,-16891.851475880983,80609.72160538015,55067.72539353372,22239.555505887496,-5356.2442503397115,34848.917464598555,0
-47452.09789564062,34401.27671785038,6382.545851875244,-3049.1117427015765,-29457.208997658505,9708.205183892249,-10134.77400976358,48366.11474437179,33040.678284309666,13343.800998458097,-3213.723038400069,20909.368233800855,1
-79086.46935198721,57335.50187988453,10637.66768693753,-5079.998561781826,-49093.54522627722,16180.965732617417,-16889.423511604502,80610.42738704103,55067.85172736697,22239.669710713948,-5356.154477195629,34848.46041644483,1
-75924.05030117837,55041.87861790573,10211.749892686716,-4880.04621235528,-47133.12619476804,15532.370729418397,-16217.104206619557,77385.06677332931,52864.92513587502,21349.992534030753,-5141.911318039658,33454.80444272862,1
-895278.3439750461,649033.0936534796,120410.50967140199,-57562.842716169485,-555797.5562591559,183144.59839187682,-191245.4042661085,912492.1272321424,623363.2308655847,251749.23493953777,-60629.15131598271,394481.30928486324,1
-79086.99401903841,57335.369117651026,10637.477328625226,-5082.295652788792,-49095.8451351338,16180.116330821511,-16891.667212102457,80609.91648004694,55067.710365622646,22239.568887449732,-5356.028036548598,34848.3622058264,1
-79087.00214572188,57335.40306562011,10637.459444497368,-5082.079444626641,-49095.77505820135,16180.108546096712,-16891.55967603386,80609.9123823435,55067.74273526136,22239.58777836589,-5356.250504583977,34848.92172909762,0
-79087.2137233095,57335.36375522752,10637.388429027593,-5082.432304026334,-49096.02669740229,16179.948868023503,-16891.86865070213,80609.7397686879,55067.70486266408,22239.561339061733,-5356.117614209961,34848.582030808524,1
-140460.36736754232,101827.20213750415,18891.386392103053,-9030.556422996098,-87198.8199913725,28733.946285085272,-30004.087819186698,143161.53762399332,97799.84011072513,39497.23512534586,-9512.33496521194,61890.92123527706,0
-316351.86974374746,229340.61449599484,42548.33075224078,-20337.67086940118,-196392.34592959008,64716.49198359117,-67575.38383422293,322436.26392738614,220269.98803639016,88957.49542289341,-21424.057262050006,139393.53987906178,1
-110722.89272629755,80269.30187802423,14892.038329983014,-7117.688898760564,-68736.76904769984,22651.041403175786,-23650.88327151088,112852.95046919574,77094.57330164143,31135.223654643483,-7498.536468865291,48788.08065690329,0
-94905.08725645582,68802.34291344057,12764.742144670085,-6100.304576800626,-58916.62775897571,19415.452201430595,-20271.622570625746,96731.38570665095,66081.14857575668,26687.379271340338,-6427.46163161975,41818.78109067669,0
-1107234.7330513266,802691.1447963064,148917.61303349107,-71190.92408330759,-687382.3130842815,226503.83423974458,-236522.734240724,1128523.7773357776,770943.9615584897,311350.6229656212,-74983.21413347984,487874.8600510406,0
-320464.91776096233,232321.9177887079,43101.20572739146,-20603.300035020446,-198946.6915530572,65557.20272449711,-68455.0462599957,326627.4400614345,223133.37241850945,90113.9242234426,-21702.521465165566,141205.49013466053,1
-79087.45501904069,57335.332920923734,10637.328244220857,-5083.276979750915,-49096.86193764384,16179.69167300179,-16892.712140021227,80609.6253744761,55067.669572898085,22239.5108172195,-5356.28232824639,34849.17232687632,1
-79087.5275341639,57335.30468873881,10637.273451337336,-5083.574613434887,-49097.20347163152,16179.528176447093,-16893.007079496976,80609.43263106915,55067.64082581746,22239.512753001734,-5356.196655151038,34848.878245895656,0
-63269.412510631904,45868.41201123822,8510.115439724628,-4064.9021365445747,-39275.758376869395,12944.400975613324,-13512.489616671348,64488.135900463654,44054.28470786388,17791.757900166907,-4285.049750370237,27879.26385277277,1
-7105922.207539734,5151440.549414324,955707.6984323665,-456896.6790328652,-4411437.402529693,1453630.679587685,-1517948.8038167038,7242537.301950453,4947696.25854385,1998158.1684971922,-481218.5639146607,3131035.1707046474,1
-221445.68951027415,160538.54036347382,29784.05046553821,-14234.382457824173,-137472.57723322068,45302.133554899294,-47300.7722938677,225705.9243788889,154189.10398421375,62270.41402846881,-14996.706222583696,97574.92004809693,1
-47452.34480027752,34401.220782875105,6382.459222591615,-3049.60109162031,-29457.735489359293,9707.986911012662,-10135.262592546496,48365.888166800454,33040.61957130999,13343.78145242792,-3213.7499190412477,20909.436498786843,0
-47451.705958447536,34401.41680901712,6382.745082271901,-3047.7808387138994,-29455.970996530476,9708.716632414118,-10133.500965501604,48366.512291159466,33040.81643953299,13343.925389787724,-3214.0260838549843,20910.13015484837,1
-981010.3145971812,711184.2739140221,131940.801845348,-63075.97055048813,-609021.5534380508,200682.0566305888,-209559.9401959001,999871.7700837231,683056.2697146017,275856.6617474417,-66435.07934035153,432257.03272935055,1
-79087.08471643084,57335.3956711731,10637.476640425957,-5082.161616966281,-49095.867682266675,16180.066318924977,-16891.64460855367,80609.84965341045,55067.73496963119,22239.63636774468,-5356.312474554833,34849.09986203456,1
-632704.9186310676,458680.7498604605,85096.03840551102,-40678.63361499752,-392787.93593688397,129431.56213003698,-135153.9726490459,644871.3792800057,440539.5177359756,177914.76602607095,-42847.48725319432,278785.37563287164,1
-158175.9100069498,114670.3063976109,21274.149463495247,-10168.889222158572,-98196.19998577944,32358.24049522011,-33787.73270499945,161218.14789668587,110134.98866829304,44478.825610008214,-10712.07617731942,69696.8908681375,1
-47451.71672393139,34401.41081667819,6382.721517218436,-3047.7030816203423,-29455.83182624483,9708.71570139157,-10133.417840413566,48366.518263282764,33040.81182695153,13343.874455812218,-3214.0238328570276,20910.076303379272,1
-158174.63296041,114670.60749887492,21274.70454606363,-10165.036314885172,-98192.23397037099,32359.7411785156,-33783.90635312406,161219.40374725126,110135.29847874025,44479.015199896865,-10712.14029345668,69696.87894175576,1
-316352.38699817436,229340.43248908495,42548.047908517714,-20339.536180733256,-196394.17868257122,64715.743959702944,-67577.20588083238,322435.7673361607,220269.8050821482,88957.42492158627,-21423.922467077828,139393.2507515388,0
-1372971.901586914,995336.7711375377,184657.41115084634,-88278.5437968206,-852355.9810098915,280863.88936516666,-293289.98841596657,1399368.6358867595,955970.2721719476,386074.65230599174,-92978.88106456854,604963.9580448321,0
-474527.8435920845,344010.8382470852,63822.41771877941,-30506.437126700752,-294588.3515607842,97074.49941887903,-101362.95132873926,483654.2771208241,330404.90823397704,133436.24518066627,-32135.70841195852,209089.14319066628,1
-79087.10986846892,57335.415816546396,10637.517978469825,-5082.099437262658,-49095.77365363673,16180.109857207453,-16891.578128177174,80609.86951324565,55067.75540212175,22239.596038145184,-5356.313850240107,34849.14412514688,1
-242009.3306201979,175445.54963120492,32549.377214546243,-15558.89518250118,-150240.70863239557,49507.8378489589,-51695.72519879555,246663.55424526666,168506.51778730072,68052.51957819898,-16389.45674984897,106636.19705491966,0
-474529.06597903615,344010.51519258873,63821.875480487266,-30510.143320707044,-294592.1387370711,97073.22795336119,-101366.63098772192,483653.16332502675,330404.5761710607,133436.06727002742,-32135.671867842742,209089.26937297333,1
-221446.32965672298,160538.41769080263,29783.795628868596,-14236.728210659538,-137474.9353475725,45301.443083839076,-47303.100438070884,225705.38397314408,154188.97565309756,62270.25258009654,-14996.854075080715,97575.56036993838,0
-680157.7117200322,493081.87283004913,91478.25071801258,-43729.5433592469,-422247.01739208994,139138.85287989612,-145290.4977909721,693236.7780240196,473580.03321306163,191258.3660599013,-46061.145562488084,299694.54195335886,1
-79087.08775353721,57335.39529812622,10637.475396007794,-5082.171166782437,-49095.874378212924,16180.061911783403,-16891.652252866188,80609.84982423682,55067.734926465644,22239.586954228827,-5356.297779626935,34849.05803973911,1
-1822192.7866069684,1321000.0291555629,245075.47111117942,-117161.42056106476,-1131236.454160741,372759.8540126865,-389250.32002762903,1857226.978652706,1268753.2467771096,512394.0604015204,-123400.56907031222,802901.5777347166,1
-632705.2875803383,458680.72038505255,85095.88590779483,-40680.21956323809,-392789.51566182135,129430.99171933447,-135155.49496405543,644870.9416789898,440539.4702663845,177914.72062174295,-42847.54926815152,278785.6564843149,0
-474528.9481407257,344010.57596597326,63821.924934193405,-30509.738266015393,-294591.76996552694,97073.34065146801,-101366.24436876773,483653.2404950399,330404.63948471803,133436.06733917363,-32135.79358510465,209089.54283582827,1
-1814917.088991544,1315725.1340567742,244096.68350469894,-116694.87117670859,-1126720.6685074414,371270.9544641204,-387697.27883417276,1849810.5672070915,1263686.9720897104,510347.98146421893,-122907.93468885474,799695.9131231378,0
-1107233.8869890927,802691.3033048052,148917.93969969463,-71187.91997141813,-687379.2378933087,226504.9341256767,-236519.73441544268,1128524.5971812971,770944.1295462509,311350.7692254693,-74983.11248793037,487874.34520441707,1
-316352.4118388,229340.47544603242,42548.05267435602,-20339.0991385019,-196393.79291722333,64715.81675743335,-67576.78137978757,322435.68543367856,220269.8329327305,88957.47445907716,-21423.98182525515,139393.30206010144,1
-474527.84772262623,344010.7436329183,63822.315092101875,-30506.784875775436,-294588.7213132058,97074.3631679761,-101363.29028413587,483654.2113665568,330404.81757785525,133436.14723045644,-32135.502282236088,209088.52827557872,1
-427074.8701690804,309609.7365194428,57440.18925857922,-27455.21276619962,-265128.9276193599,87367.37275346294,-91226.07200610827,435289.01079534827,297364.4007825386,120092.61393233475,-28922.029918905402,188179.84797162138,1
-158175.52564964216,114670.3722059478,21274.280091506153,-10167.672212951793,-98195.0546373462,32358.717197122256,-33786.5610673993,161218.5244966079,110135.05899739376,44478.88164833518,-10712.13129297727,69696.95774497718,0
-1932916.8928563767,1401269.0025228306,259966.90951177853,-124282.2386075657,-1199976.4305733999,395409.5771373047,-412904.2440858453,1970078.6996404885,1345847.5014209691,543528.9985668729,-130898.85826306789,851688.982221859,0
-136031.22337111356,98616.47102259216,18295.80508407755,-8745.144636573494,-84448.60569078109,27828.165759477542,-29057.346033533235,138647.6688264247,94716.09773612923,38251.79090072274,-9212.33645417586,59939.214002967354,0
-9965121.42804971,7224217.578608934,1340254.1514995114,-640738.108172631,-6186461.263700562,2038525.491236346,-2128724.0432614875,10156705.39452309,6938493.010072707,2802153.8292527827,-674845.5992479788,4390864.502886727,0
-316352.27082267194,229340.4840657173,42548.11421581253,-20338.815081040673,-196393.48100200493,64715.937889072484,-67576.46689998043,322435.8184474174,220269.86032662803,88957.43599459578,-21423.92306251933,139393.13437442624,1
-158175.888070299,114670.30411953143,21274.175108541927,-10168.858646259789,-98196.1623366118,32358.242918418502,-33787.703893171056,161218.14995065873,110135.00053529874,44478.81990858034,-10712.022915334752,69696.75065284618,0
-49033.67840434681,35548.04360691901,6595.354976158798,-3149.9606407774254,-30438.378438337113,10032.04682884743,-10471.832133462913,49978.49267919587,34142.09306490449,13788.635004349655,-3321.0611578656362,21606.82256554515,1
-474527.88040765026,344010.82372584206,63822.37748677826,-30506.513912822495,-294588.4503719736,97074.45353184117,-101363.03177296258,483654.2557243951,330404.8932210696,133436.2306390947,-32135.756416506843,209089.2567456254,1
-47451.75369405231,34401.4035488595,6382.704657890274,-3047.850698551805,-29455.965532581296,9708.65165112881,-10133.553786509816,48366.396468452534,33040.80744644136,13343.845796502732,-3213.84829251668,20909.58935475653,1
-160074.04892959463,116046.34438417896,21529.452452944766,-10291.011826469781,-99374.64828236884,32746.495345362346,-34193.27678951951,163152.67593326824,111456.6086992227,45012.61108625455,-10840.541807565543,70533.03421516143,0
-980693.756247137,710955.0072135594,131898.4136279157,-63055.0664977225,-608824.5795308887,200617.7186682196,-209491.79522549364,999549.434554561,682836.074875983,275767.73986444995,-66413.68397796822,432117.6766196643,0
-79087.57289910747,57335.263758391615,10637.25751454749,-5083.688493662231,-49097.28930125814,16179.482662855215,-16893.118546458303,80609.45637734066,55067.60218916448,22239.507536336692,-5356.119105023721,34848.712073071285,1
-474528.0660031566,344010.7910140785,63822.29642147813,-30506.81904932157,-294588.7865126092,97074.29763913185,-101363.3374055464,483654.0871750658,330404.86127282283,133436.21164576488,-32135.79215338772,209089.3392500599,1
-42074.44003620337,30502.436841561193,5659.097991898285,-2704.0746707569338,-26119.341422697737,8607.666904733816,-8986.701360809802,42884.31941604069,29296.039700830705,11831.484000597786,-2849.631383256816,18539.93742378897,0
-999675.1252579929,724715.3108874123,134451.14329021168,-64275.888610038775,-620608.7098240174,204500.29827196928,-213546.87196538196,1018895.3771980816,696052.1501515999,281105.15412666387,-67698.92428349287,440480.6939123205,0
-287880.6864429328,208699.80578817503,38718.71154493962,-18508.769577203566,-178718.51464181693,58891.389972507,-61495.08453396181,293416.5790089803,200445.53474544405,80951.25073497738,-19495.77722571887,126847.88503482356,0
-1116725.542435089,809571.300602036,150193.9459831301,-71801.54786330833,-693274.6348302407,228445.125360812,-238550.52888276483,1138196.667742739,777551.9998855747,314019.3205833943,-75625.91780295783,492056.65414818184,1
-474527.9152769544,344010.7813486409,63822.340186499925,-30506.463690550954,-294588.4225183381,97074.56194586282,-101362.97929846734,483654.19435948395,330404.85383112804,133436.26016076858,-32135.735239696154,209089.13959143506,1
-221446.450371571,160538.3722330645,29783.724634531696,-14236.893154102892,-137475.13571385475,45301.346622157726,-47303.271388732814,225705.28752745572,154188.9285348556,62270.28844227608,-14996.885840567567,97575.61882926415,0
-94905.19853388645,68802.3178562767,12764.668452132422,-6100.552091024224,-58916.891962429414,19415.328522672437,-20271.86555231395,96731.24163336883,66081.12517188367,26687.340973434868,-6427.398719957195,41818.58763537122,0
-47452.24341331746,34401.2528990077,6382.493760062937,-3049.3660375277154,-29457.494209903663,9708.070371122443,-10135.028745443447,48365.97536035459,33040.652457079304,13343.748809585948,-3213.760502394984,20909.44965892376,1
-205628.66560779113,149071.40835234447,27656.40052964205,-13219.563112558973,-127655.0367731364,42065.69276939278,-43924.05531881501,209583.59121464848,143175.49969035428,57822.479584396526,-13925.581176288977,90605.66976123423,0
-1629217.8079276695,1181102.366268427,219121.11225491145,-104754.54754400709,-1011436.2340271467,333283.22188486444,-348028.45043101336,1660541.1314463199,1134388.6623449335,458130.0378529432,-110331.98814468081,717871.7236372749,0
-1107234.4877101688,802691.1990484251,148917.65702983187,-71189.99582017979,-687381.4428176827,226504.187702254,-236521.83120400427,1128523.9829127155,770944.0197944127,311350.6630211042,-74983.17224891504,487874.6653756757,0
-284716.9392196643,206406.45338024895,38293.35004964486,-18304.952770002106,-176754.1421190136,58244.40740992977,-60818.86870791458,290192.30600454524,198242.88730389753,80061.76288705705,-19281.52759071696,125453.85250363397,1
-47451.87136809662,34401.37195698237,6382.669934211514,-3048.0860715204117,-29456.235066019228,9708.526871886777,-10133.791271916343,48366.24919161705,33040.77653788061,13343.9025196952,-3213.863048089648,20909.605481620285,1
-964875.9701518826,699487.9729553063,129771.05080300724,-62037.35407945981,-599004.144982756,197381.95759472557,-206112.20870958982,983427.8291435702,671822.5776232665,271319.9193607716,-65342.36715999651,425147.58288670506,0
-31634.020836720654,22934.37080824328,4255.332395945114,-2030.7014056132548,-19636.07898177962,6472.950151576932,-6754.523718148936,32244.72841555148,22027.306238399244,8896.003863868897,-2142.6374432858206,13939.878742947176,1
-474528.63879677426,344010.68328176974,63822.08097466158,-30508.931959524067,-294590.8984627646,97073.68594731585,-101365.43775826838,483653.56817850395,330404.74515807454,133436.11025684312,-32135.826527686942,209089.66182837274,1
-79087.60897040344,57335.261612190465,10637.249860299069,-5083.564269577393,-49097.18078666663,16179.521441836843,-16892.993872308627,80609.42350574132,55067.599113623146,22239.494606877644,-5356.153582739773,34848.76272485863,1
-110723.12883130196,80269.27332510271,14891.93186094155,-7118.314046724255,-68737.42063032211,22650.751469381972,-23651.50827896319,112852.70061436415,77094.54765573291,31135.21742990464,-7498.544936807172,48788.13039413316,1
-355896.4419572526,258007.97866530193,47866.556974373365,-22881.764818831125,-220943.23819085225,72805.27435875963,-76024.13624067284,362740.16770300904,247803.52278048513,100077.16737043705,-24101.795255783418,156817.0288430789,0
-298319.3108589012,216268.29563089772,40123.24290821376,-19176.60225707614,-185196.09418421658,61028.24072250088,-63721.74933730874,304057.8118727526,207714.7027056161,83887.06848960574,-20202.829575898184,131447.7311929312,1
-158175.5493534578,114670.43358746779,21274.30970132556,-10167.643680276662,-98195.04261769692,32358.71313882123,-33786.539188726565,161218.51195002775,110135.11785072024,44478.8486062587,-10712.310525128598,69697.45660625675,0
-79087.58286140706,57335.243413277225,10637.251427967041,-5083.574435242391,-49097.18444756057,16179.521345696143,-16892.999973171794,80609.41923131855,55067.58220246254,22239.4928383405,-5356.0613621371185,34848.501376279106,1
-1067691.0636594417,774023.6011084007,143598.96859831607,-68649.35248498346,-662833.90796889,218413.9812611268,-228076.4060915173,1088218.8736626923,743410.2562731319,300230.96162027953,-72305.297583193,470450.9395850841,0
-474527.99480386043,344010.7949083998,63822.32507688294,-30506.72757403842,-294588.67109759257,97074.35113707054,-101363.2400883903,483654.13874598464,330404.8643600906,133436.16864641715,-32135.69710785472,209089.08433574185,0
-125907.71917939812,91277.6406379339,16934.34640619017,-8093.684461433466,-78163.38311649345,25757.473160048565,-26894.29115533118,128329.96929689155,87667.52860101101,35405.20140026025,-8526.844988049159,55478.8212932814,0
-5200843.408887555,3770353.819935305,699485.4357520163,-334402.09360014024,-3228741.338141957,1063917.1349102946,-1110989.0670414318,5300833.792803814,3621232.801671447,1462457.6107962423,-352205.3637987182,2291613.712428734,1
-474529.0979820784,344010.5192088897,63821.84145434209,-30510.284206696193,-294592.2867518965,97073.14699231752,-101366.7715576291,483653.1257509746,330404.58185142896,133436.03610764904,-32135.68165226143,209089.30178007117,0
-47451.9042166954,34401.378879706994,6382.675900364096,-3048.0898508180708,-29456.223822854306,9708.531029882615,-10133.791621425207,48366.24854488033,33040.783846763705,13343.833099449152,-3213.8602384463516,20909.615157570326,0
-376458.62612038053,272915.29218843946,50632.475725667886,-24201.27625467687,-233706.26536789213,77012.60034046018,-80414.11691127084,383699.2072555884,262121.25569500963,105859.45157354006,-25494.373000136155,165877.46156588092,1
-158175.8815770991,114670.3105486626,21274.1722901868,-10168.853465458697,-98196.15657247422,32358.235561597343,-33787.701465310995,161218.1918740713,110134.99474916373,44478.85615435573,-10712.07673787067,69696.91416058892,1
-74025.85778725216,53665.833986549704,9956.523763796937,-4757.967490793043,-45954.690077172236,15144.154253934483,-15811.592308247966,75450.53419915307,51543.301547430645,20816.185348940417,-5013.317454029651,32618.329735315237,0
-474527.7778441302,344010.838088071,63822.39807701469,-30506.344715892727,-294588.27538758965,97074.53558491751,-101362.86606296,483654.3660065817,330404.90637096035,133436.2525778494,-32135.781611195118,209089.32713196718,1
-1686161.1486639155,1222383.7526420853,226779.8466368058,-108415.47431341643,-1046786.9862931473,344932.11158853356,-360192.15555647836,1718579.6596637073,1174037.32086293,474142.3953491846,-114188.4691029431,742963.0314335998,1
-474527.9669639589,344010.7657550071,63822.33032519116,-30506.69218587738,-294588.61245950323,97074.38562507632,-101363.19986727553,483654.1625496153,330404.8367034728,133436.22580885704,-32135.578874243878,209088.77203712848,0
-960130.623588637,696047.8690730013,129132.82004319363,-61732.13113780216,-596058.0849702043,196411.34919534353,-205098.4140497042,978591.3494708003,668518.5340724284,269985.46083524934,-65020.95029465297,423056.5116698419,1
-363804.9948123572,263741.59470346133,48930.377606335154,-23389.691695931397,-225852.52430640825,74423.42062902889,-77713.02983388578,370801.36817109317,253310.3705271027,102301.10809605873,-24637.620399772055,160302.51168518898,1
-537799.2411684935,389878.7028729674,72331.5711567712,-34576.848149525256,-333869.8682107355,110016.7821060772,-114880.91086184858,548140.5375058631,374458.6439835123,151227.57107630864,-36420.51231824831,236967.93683865454,0
-189810.9002956563,137604.44017424222,25529.052671249225,-12202.167590139083,-117834.86144988952,38830.15747503088,-40544.67680676269,193461.93307026473,132162.06212636156,53374.640028022375,-12854.481967408796,83636.23011879475,0
-221446.51765962274,160538.38108646715,29783.732243700364,-14237.20660820368,-137475.47926916153,45301.23458746216,-47303.595608287025,225705.1580769369,154188.9396147327,62270.25710370477,-14996.879612097646,97575.62512694903,1
-869969.7174531252,630686.0532686529,117006.82188290214,-55934.353245595834,-540084.678231808,177967.79179001646,-185837.9216100672,886697.6707409542,605741.82613619,244632.73133176868,-58915.415429816174,383330.28058922064,1
-31634.217477141454,22934.363977431443,4255.272679629922,-2031.1232848266498,-19636.60519347781,6472.765744850772,-6754.952449639387,32244.526780360422,22027.297507780124,8895.970401136965,-2142.728485189868,13940.152002574941,1
-33216.634864015075,24080.849700987616,4467.705660724668,-2134.7270148049765,-20620.44665477087,6795.531315666227,-7094.6911727794595,33856.04072218786,23128.43087808776,9340.641346851346,-2249.548164513389,14636.33974140029,0
-1107234.9848294659,802691.0895444857,148917.49998901796,-71191.44709105267,-687382.8282096516,226503.59470969104,-236523.25171318863,1128523.5895733235,770943.907723759,311350.58359394444,-74983.17145066068,487874.7836850999,0
-158175.36586633362,114670.44573215646,21274.375261604648,-10167.981460154804,-98195.24953384696,32358.668168519078,-33786.84414220408,161218.61931783383,110135.12608397905,44478.87164646679,-10712.128547152908,69697.05522533262,1
-126540.62661458935,91736.27149211388,17019.367780810455,-8134.976808487119,-78556.81389160684,25886.673131840347,-27030.049017826033,128974.56656289467,88108.01669622127,35583.06804490032,-8569.62048918178,55757.39952528504,1
-474527.8347433469,344010.77822103165,63822.32838716653,-30506.41394895831,-294588.37890209147,97074.57938896398,-101362.92870170037,483654.25116015476,330404.85078082,133436.17626915677,-32135.696868702085,209089.00668456865,1
-107559.59358565905,77975.82257124658,14466.431003251966,-6914.9708667276345,-66773.52982227746,22003.617386278638,-22975.78878956611,109628.37765171714,74891.80448605488,30245.634520398908,-7284.251132756907,47394.04832494834,0
-126540.03559174009,91736.44426528571,17019.658620029324,-8133.199364065026,-78555.0590514646,25887.402835498884,-27028.320689225682,128975.16452181195,88108.1912068484,35583.17549124778,-8569.77497784838,55757.785493831405,0
-9553862.515332839,6926075.281338067,1284942.0691480953,-614295.3590278189,-5931147.2966987975,1954395.71280204,-2040872.364535755,9737539.724057715,6652142.514662019,2686509.4044667175,-646994.8802460105,4209654.421057023,1
-316352.0320105566,229340.5821520882,42548.236451458906,-20338.011121320662,-196392.6807268988,64716.28912990529,-67575.71222108814,322436.0485972848,220269.9748854887,88957.5231913708,-21424.080270249695,139393.5417245386,0
-316352.33960261696,229340.5120523064,42548.1317412598,-20339.07069127184,-196393.72430604123,64715.903888563094,-67576.75341205292,322435.7772349788,220269.8842696672,88957.47419199045,-21424.013096970375,139393.4649369528,0
-363805.51399694354,263741.43587673176,48930.173357123174,-23390.953429185603,-225853.7955588349,74422.90163474849,-77714.23081114586,370800.8658390654,253310.22056689416,102300.9783126261,-24637.394157679526,160301.9278866338,0
-47451.725658543255,34401.408029805745,6382.716815480391,-3047.865162753892,-29456.059970143528,9708.672808368374,-10133.58147966603,48366.47288699418,33040.808437495936,13343.846630084685,-3213.976388413534,20909.977616087835,0
-31634.423582904332,22934.25892089761,4255.168644295145,-2032.1640413351781,-19637.533873036828,6472.424678730862,-6755.943395932103,32244.34589574485,22027.190962175715,8895.935368267083,-2142.5221273401394,13939.692389844886,1
-63269.48031905694,45868.36883420946,8510.062597786533,-4065.0454732994167,-39275.912918423935,12944.331618516751,-13512.630715157335,64488.08889325611,44054.24329951276,17791.694911434402,-4285.008558655601,27879.13287795996,1
-379623.03903357283,275208.45746853127,51057.56606868889,-24407.450361691815,-235673.10231029673,77658.79811048905,-81092.69222361645,386922.73803870584,264323.7074931076,106748.95869935495,-25708.660749386905,167271.69484934094,1
-395440.95566012163,286675.45541833906,53184.87347546124,-25425.369995159035,-245493.72807655353,80894.22038243548,-84472.44874742851,403044.21408563125,275337.1720418493,111196.7151592672,-26779.836702308698,174241.36946065974,0
-474527.8500607911,344010.76917113404,63822.34073837627,-30506.4369828697,-294588.3766325631,97074.58445953143,-101362.94468267483,483654.2131439349,330404.8376765567,133436.22377047903,-32135.580529976338,209088.70715586937,1
-79087.61127057628,57335.247038943024,10637.242979935936,-5083.608196227752,-49097.234064531774,16179.482030215087,-16893.04135049621,80609.3895163379,55067.59866035238,22239.5060330954,-5356.107577141386,34848.62637655468,0
-1490022.2745545185,1080192.740610503,200400.2110692531,-95804.26842988367,-925021.8487952041,304808.9394741935,-318293.6125721854,1518669.9457013966,1037470.1054309509,418988.89289117773,-100905.83238209186,656539.8042188138,1
-79087.09778048814,57335.39918239588,10637.436477892441,-5082.192246980388,-49095.887308183694,16180.056935262637,-16891.670908312084,80609.83864508169,55067.739115231874,22239.58219808419,-5356.263985396786,34848.97120789914,1
-79087.63793198577,57335.24943002897,10637.229112642292,-5083.735344163119,-49097.35436364472,16179.465542717917,-16893.161941693495,80609.36028021165,55067.58998553086,22239.505637406848,-5356.106089509712,34848.63906412492,0
-900656.5716804599,652931.896210608,121133.75198328492,-57909.1286126725,-559136.823698253,184244.49027624202,-192394.7468286601,917973.2879251245,627107.8282727433,253261.54395375698,-60993.522071714906,396851.4596083188,0
-79087.03529374003,57335.45859251559,10637.512819178204,-5081.948749413489,-49095.60317893195,16180.188597893246,-16891.427646073687,80609.95494556999,55067.78399168144,22239.59628055443,-5356.326434703751,34849.197494613465,0
-474528.74594158656,344010.630852768,63822.03032343432,-30509.233866756615,-294591.25361771765,97073.57616139129,-101365.72138403871,483653.49375201017,330404.6928395836,133436.07333448087,-32135.845983801493,209089.72273711365,1
-474529.1260113442,344010.54248896305,63821.87490359994,-30510.236399319467,-294592.2879584673,97073.12058238279,-101366.74868528366,483653.080885759,330404.6026646568,133436.0698485943,-32135.810383330503,209089.629529395,0
-428974.1677931155,310985.5691747043,57695.00804746979,-27580.652729123034,-266310.8156422451,87754.30202685171,-91634.92776102375,437222.4589382368,298685.80625640415,120626.19287954927,-29050.657982811947,189016.61682638567,0
-3967066.5081904237,2875926.874275888,533549.2294669603,-255072.49889497567,-2462798.4020653046,811528.2100365123,-847432.6423866891,4043336.9236780885,2762181.2805333664,1115524.2717439667,-268653.0361469411,1747982.8098628628,1
-56942.730822039586,41281.50916149969,7658.972213987203,-3659.461447947255,-35349.221988303514,11649.61045764442,-12162.259107689686,58039.13149659591,39648.790060378364,16012.521622051705,-3856.565767919089,25091.51736336709,1
-316351.4154861764,229340.65441216202,42548.45555507589,-20336.169165788233,-196390.74795822942,64716.867711776125,-67573.85844501603,322436.6735940292,220270.03097691838,88957.60325444698,-21423.835851676453,139392.75919195256,1
-474528.0350795304,344010.7678479722,63822.27739555784,-30506.638898256482,-294588.60575358145,97074.47675359703,-101363.15258159969,483654.104375063,330404.84092974814,133436.20383340545,-32135.747061784154,209089.17236416883,1
-126539.71005706063,91736.49000873067,17019.73373518189,-8132.764959219161,-78554.61762659838,25887.60430358347,-27027.89258003787,128975.43112430829,88108.23502773143,35583.196821324935,-8569.778203561586,55757.77068473865,1
-31634.23650540915,22934.33095574252,4255.232223856442,-2031.07442311071,-19636.48869389039,6472.760228969574,-6754.896498718007,32244.517280564058,22027.267543089805,8895.992564233431,-2142.6580387119225,13939.914077498854,0
-272062.6672278772,197232.90686129208,36591.5374397176,-17490.91525979477,-168897.89914357974,55655.95371450935,-58115.32539568076,277295.0905412885,189432.16443892935,76503.50920420224,-18424.72644449452,119878.56308344107,1
-47451.85969192433,34401.35006805836,6382.635848832082,-3048.0657246975857,-29456.20589763813,9708.543614300788,-10133.76896382015,48366.303252534126,33040.75562994984,13343.834620507014,-3213.8278244852568,20909.50796969347,0
-31634.442898416335,22934.270840829482,4255.170415261517,-2032.0175923546453,-19637.394574614867,6472.46652300325,-6755.804823562589,32244.400955439156,22027.19914469219,8895.965489399445,-2142.6538110813985,13940.054748260187,0
-316668.7448128561,229569.7755095441,42590.59423443558,-20359.603157730995,-196590.30987876412,64780.54345625517,-67644.5082272449,322758.1750449152,220490.07638781748,89046.41546030826,-21445.320498419944,139532.51383002746,1
-31634.17160781177,22934.374295938644,4255.31537524373,-2030.9362739160972,-19636.43247317137,6472.848696916104,-6754.779442103556,32244.664199365514,22027.30446047801,8896.040229249225,-2142.935148750465,13940.730278919791,1
-477059.96883893816,345845.2559922351,64162.20974269468,-30673.0775722635,-296163.55631564016,97590.82709959307,-101907.4708937589,486232.5179962678,332166.75367415295,134147.70115812033,-32307.163748836563,210204.6587229201,0
-379622.17477046134,275208.6875274883,51057.95828843466,-24404.713614628294,-235670.2591929478,77659.73191360287,-81089.93240436206,386923.5358824232,264323.96710193035,106749.02471516242,-25708.643040236017,167271.47353869534,1
-47451.58768848757,34401.40569232843,6382.78108612017,-3047.5562583991455,-29455.64514123408,9708.803420179933,-10133.260516011856,48366.594698609675,33040.80944368344,13343.833648148138,-3213.831714825089,20909.554967486943,0
-316352.2267504724,229340.4796360909,42548.13447642185,-20338.898640441585,-196393.5101992166,64716.01730753389,-67576.5680813889,322435.9494624643,220269.8493699522,88957.47729399217,-21423.934428036708,139393.2644951119,0
-79086.85462242363,57335.44909267258,10637.587756965544,-5081.710699614382,-49095.36521932913,16180.299789837922,-16891.19375901595,80610.11025480655,55067.78675970185,22239.627492384607,-5356.314222739178,34849.14474481394,1
-58208.21262934228,42198.83881967802,7829.147448488212,-3740.935335304679,-36134.909694320995,11908.42394991334,-12432.678579987802,59328.82419641181,40529.836444944325,16368.288148197462,-3942.201040471618,25648.9248372684,1
-711793.6202377926,516015.74269670533,95732.8591281826,-45765.12082961726,-441888.12412008096,145609.7870693987,-152049.84740597339,725479.7004956119,495606.8421914129,200154.0009121478,-48203.40648812392,313633.57305124303,0
-237263.9790936883,172005.4258288863,31911.235324254238,-15253.631839823534,-147294.58792180294,48537.20405085287,-50681.89263742571,241827.12254949822,165202.45446662835,66718.16489583485,-16068.025445644142,104545.12882557043,1
-389112.58628248883,282088.9214160304,52334.42443594885,-25014.438024207753,-241561.60905096508,79601.48660015942,-83116.78181026597,396596.70051415585,270932.06070505636,109417.76290167304,-26351.25299327672,171452.91305858258,1
-670667.5394546243,486201.5646239241,90201.64065442451,-43120.22335009378,-416356.1307800063,137196.9632018058,-143264.06083384933,683563.2455634547,466971.84193871997,188589.5989479799,-45418.28905068665,295512.3421189757,1
-474527.89044753945,344010.7910272404,63822.33331738399,-30506.415950775507,-294588.3613794042,97074.5902813093,-101362.92928325455,483654.22579737776,330404.8635995459,133436.23023759635,-32135.71053089017,209089.08032076654,1
-1138870.2655901515,825625.053446113,153172.22114701162,-73225.16516986898,-707022.2042175829,232975.12658164816,-243280.78515545418,1160767.0145660413,792970.8165176683,320246.3284316006,-77125.35762269652,501813.40595593175,1
-94905.21216750306,68802.29458846364,12764.655329748539,-6100.58420092122,-58916.92930507919,19415.314771548103,-20271.898441505542,96731.23928766637,66081.0963878087,26687.364732541253,-6427.383703731976,41818.540094829696,1
-427075.7262319397,309609.5897120496,57439.88005612519,-27457.940922101578,-265131.689299949,87366.37502909145,-91228.77883692672,435288.28844950494,297364.24034982617,120092.5298542274,-28922.222128183654,188180.62651188046,1
-164502.71180941197,119257.16633689168,22125.225909448247,-10575.305290826946,-102123.65017000286,33652.781210213245,-35138.89958843011,167667.12677563704,114540.43401278401,46257.945829590906,-11140.523163990563,72484.7241377269,1
-47452.20962744902,34401.23626195733,6382.506549095323,-3049.4107870608796,-29457.523818724512,9708.084587446423,-10135.069934379377,48365.99778293833,33040.63614017891,13343.767254814215,-3213.6879186799806,20909.269020302327,0
-34798.09193345748,25227.625289374682,4680.585918832868,-2235.7640301713336,-21601.69722837547,7119.483042497587,-7431.920994281876,35468.610459101285,24229.849207210405,9785.499267499676,-2356.792506234151,15333.707682579874,0
-173993.32095452602,126137.38876806294,23401.628238115245,-11185.439979581062,-108015.43775334573,35594.274679064096,-37166.17562397595,177340.26382210111,121148.53743912504,48926.718307370844,-11783.430709901064,76667.0602601503,1
-474527.95523458277,344010.7680816103,63822.3281419934,-30506.647749405936,-294588.56998395163,97074.40350760838,-101363.1574657074,483654.20676764415,330404.85295777244,133436.16835724565,-32135.632325273506,209088.91878520016,1
-790881.8796930475,573350.8527342724,106369.75552236098,-50850.447182816475,-490987.18711844075,161788.51798596664,-168944.6088863373,806088.4283159656,550674.2923278572,222393.39641537386,-53559.53490206835,348482.2619471519,0
-7424806.169798342,5382615.53699807,998595.7957118645,-477400.4849436168,-4609404.449034535,1518863.3917625183,-1586068.2067578493,7567551.7803816255,5169728.052370473,2087827.0099595652,-502813.6957051876,3271543.0483846627,1
-49982.96780054748,36235.993085691516,6722.916132056552,-3211.889964537602,-31028.44909951667,10225.89039074927,-10675.459698736087,50945.58148157198,34802.82591016471,14055.462982645402,-3385.2147508847693,22024.77860291019,1
-474528.52070620784,344010.60514145036,63822.10029582348,-30509.11103560732,-294591.0162141715,97073.65062711577,-101365.54850157679,483653.593797498,330404.67050710187,133436.06273067475,-32135.50082388977,209088.7525737946,1
-56942.78681253412,41281.47158097505,7658.9418100803105,-3659.566240849138,-35349.33245658787,11649.563752722546,-12162.362809782124,58039.08579688538,39648.7533473528,16012.544534280794,-3856.525716543445,25091.401270625396,0
-401767.5949455008,291262.3899647752,54036.06018231305,-25831.189752191647,-249420.57542408927,82188.98051302711,-85823.03301586388,409493.3307020562,279742.6923082583,112975.92605644903,-27208.374887864255,177029.42224336043,1
-763992.0247635073,553856.892727233,102753.10432286088,-49121.901049330314,-474293.973722725,156287.60648795075,-163200.85245177647,778681.314773604,531951.3347893325,214831.95148123076,-51738.388206242205,336633.5836604958,1
-237263.5793725095,172005.55198268293,31911.391845897837,-15252.438830230894,-147293.37634035666,48537.7067475717,-50680.72256502792,241827.47156767623,165202.58205960118,66718.21887091383,-16068.062914012678,104545.17261031065,1
-79087.60857999773,57335.28111456699,10637.24366948241,-5083.75895026785,-49097.368330261874,16179.482622717413,-16893.191609273348,80609.43496646012,55067.6177590093,22239.504033254925,-5356.210027951287,34848.97188765281,1
-2435917.9796881494,1765920.0807933076,327617.9986276757,-156623.59082813258,-1512244.744530166,498306.82970109285,-520353.5062727181,2482750.8012425806,1696076.288412727,684971.0702986044,-164962.53887447016,1073323.2706109113,1
-94905.22025848544,68802.27973068449,12764.665444606118,-6100.584849505707,-58916.92697932281,19415.2905239043,-20271.893113277725,96731.16650641193,66081.09142544045,26687.376346537894,-6427.264621322125,41818.18914993449,0
-316351.84472480294,229340.59778772274,42548.270059430724,-20337.66543062906,-196392.34392201641,64716.497705132104,-67575.37989770414,322436.293836811,220269.9706155327,88957.53570276628,-21424.03040039425,139393.45701737856,1
-79086.91616855234,57335.423972603145,10637.626167535756,-5081.775506067494,-49095.43214246452,16180.271029152906,-16891.258353011344,80610.06506941399,55067.762028469435,22239.656352386588,-5356.31710853865,34849.15884497071,1
-379623.23881826113,275208.45127870346,51057.523220649986,-24408.253745784215,-235673.884984441,77658.56106364424,-81093.45181648109,386922.4836813147,264323.69651127304,106748.93017597283,-25708.696077632714,167271.84971640116,0
-82251.06590335112,59628.67546166025,11062.759177120084,-5286.863538654778,-51061.01796678074,16826.728931018286,-17568.67045476302,83833.8215563405,57270.306432104444,23129.14022619448,-5570.369517516355,36242.63669285805,0
-79087.1294316077,57335.41308349227,10637.404443751167,-5082.0671448791945,-49095.67630179986,16180.093925836407,-16891.539739416374,80609.84500341,55067.75407101663,22239.632549816266,-5356.263717657029,34848.96280089784,1
-316351.95098662196,229340.57243710486,42548.290471079294,-20338.367525309866,-196392.9788886785,64716.208617234,-67576.04853741762,322436.16141544,220269.94208209106,88957.52672232229,-21424.03570334903,139393.52752081637,1
-1581764.7666826725,1146701.3773984467,212739.00455900663,-101703.19636097705,-981976.6799896035,323576.0392225115,-337891.5247351127,1612176.0010719823,1101348.2665280094,444786.4834253414,-107118.56020695431,696963.2236996208,0
-316352.0818976697,229340.50350966232,42548.17505230209,-20338.644050804338,-196393.28959986413,64716.04911937127,-67576.32121779818,322435.940578103,220269.8790727368,88957.4666947367,-21423.830008996985,139392.8888437622,1
-47451.83879319534,34401.36419103319,6382.715994072257,-3048.0696339028614,-29456.28388250596,9708.569911168697,-10133.784498749508,48366.35377483101,33040.7657614452,13343.844623824802,-3213.954278670907,20909.90111775904,1
-31634.572017569026,22934.325100309477,4255.152689559062,-2032.3518072638924,-19637.753501200554,6472.27805554837,-6756.142126822637,32244.224416898596,22027.240863925843,8895.935791420965,-2142.74505614311,13940.326336076994,0
-15816.95385820321,11467.209798752614,2127.7143906771767,-1015.3663512220396,-9818.027391157852,3236.5452782605116,-3377.266151817273,16122.46734586221,11013.677775515442,4448.064105060013,-1071.4174761337488,6970.278981865909,1
-474528.26770961005,344010.66625550354,63822.18396633408,-30508.062327502277,-294590.09074620943,97074.07567929689,-101364.5983981332,483653.8918056203,330404.7308351154,133436.21172813093,-32135.715606189708,209089.2810981667,1
-2350502.536543691,1703998.1991531122,316130.1198016617,-151131.13567353017,-1459217.5268963375,480833.88119529904,-502106.87569877174,2395693.3772295676,1636603.4786127573,660952.6444221934,-159178.07328266135,1035686.9748629826,1
-1107234.803847027,802691.0644782697,148917.50752553905,-71190.6339799468,-687382.0254264355,226503.87924604386,-236522.42630359228,1128523.7071865832,770943.8877787094,311350.5988196396,-74982.98477116779,487874.11762553983,1
-79087.00016189889,57335.43970617648,10637.50787966876,-5081.888355903735,-49095.5477225488,16180.21680509431,-16891.37074334372,80610.018434293,55067.77754882593,22239.599966456564,-5356.3543628798,34849.267786952514,1
-357794.5882725473,259384.05463102146,48121.836250530156,-23003.8581775895,-222121.68364304857,73193.5229489394,-76429.65954859475,364674.7406694717,249125.17435468562,100610.84599025176,-24230.44789358149,157653.67324592805,1
-148685.16484267788,107790.10831415807,19997.768468945465,-9558.493462583463,-92304.13677211868,30416.904777592343,-31760.20700143679,151545.2496667651,103526.91516349121,41810.11506443998,-10069.33389986897,65515.051828252756,0
-263520.3453337832,191040.85407837888,35443.00950302049,-16938.96681572575,-163592.42622161322,53909.652890271835,-56287.96899303308,268590.0519983923,183485.0308869416,74101.74638774668,-17846.113919301326,116114.23293504615,1
-520083.92802054645,377035.51342813275,69948.73658290715,-33439.13242782406,-322873.04250152124,106392.18242013469,-111097.84370992344,530083.7352521449,362123.40650539694,146245.96644114496,-35220.70631485651,229161.7941534752,0
-105028.6983065364,76141.12511417351,14126.05291626204,-6751.848920270932,-65201.9872742399,21485.98817679528,-22434.76388505231,107048.9111831687,73129.67753758073,29533.99163069847,-7112.84740892327,46278.78314099236,0
-161022.9508275302,116734.42949273974,21657.14578339707,-10351.76961938202,-99963.56845469336,32940.757484571484,-34395.75378455849,164120.1325930617,112117.47550350633,45279.451941634354,-10904.91724953137,70951.49770653511,1
-474527.85659921577,344010.78644071135,63822.36698778027,-30506.579518597693,-294588.4920138859,97074.4377526792,-101363.08493401119,483654.212743051,330404.8592007515,133436.20995442325,-32135.52131152739,209088.60337190682,1
-158175.67193706773,114670.36531676259,21274.280653257152,-10168.404748628587,-98195.65870327415,32358.493174159852,-33787.24896510925,161218.41359225666,110135.04578828387,44478.86702396421,-10712.083060854184,69696.95985492888,1
-237263.97411773872,172005.49571590612,31911.21923994419,-15253.606731548096,-147294.56412514503,48537.20684362348,-50681.86874949935,241827.1074333778,165202.5096564074,66718.1251040067,-16068.103105158105,104545.34963061343,0
-79087.59158432831,57335.24848899426,10637.248799786845,-5083.740225687391,-49097.29396164399,16179.517391684161,-16893.144438584826,80609.44597853665,55067.584076016006,22239.505210077587,-5356.0868084105405,34848.62203667534,1
-158176.03049109818,114670.27724523813,21274.135078816398,-10169.424505804518,-98196.72450145878,32358.10716164141,-33788.26368760445,161218.03153798127,110134.9598932996,44478.822912069154,-10712.059481497008,69696.92109433388,0
-128122.20294055883,92883.05582735263,17232.199997450334,-8236.22607692077,-79538.32807594152,26210.43435089181,-27367.496943076905,130586.9316363798,89209.44568099966,36027.93267631971,-8676.888576448318,56454.77905597588,1
-474528.11405326036,344010.7448270569,63822.24230497201,-30507.83955777949,-294589.8696798492,97074.16667590731,-101364.37957066693,483653.99554583384,330404.806962758,133436.15485762045,-32135.80043631504,209089.50555058362,0
-23725.195294367033,17200.867551005984,3191.6758086440336,-1522.1508283195133,-14726.153517131668,4855.0891768575675,-5065.031232423568,24183.857557951254,16520.566525668328,6672.075079648999,-1607.0484713329522,10455.083250473157,1
-48084.968907544004,34859.90874177785,6467.578111293505,-3090.099500355497,-29850.347734175757,9837.474234971218,-10270.238909639434,49010.823876334034,33481.17003946871,13521.700010253542,-3256.6004050564593,21188.20395570964,0
-2672233.8126152586,1937237.1675173654,359401.08279965236,-171818.4470270183,-1658952.481055566,546648.9190610268,-570834.8957769807,2723609.747717874,1860617.6212882407,751422.2045894366,-180965.98842661973,1177449.3788655682,1
-474527.8825284327,344010.8106945624,63822.35815136054,-30506.587433633365,-294588.53859979904,97074.41259854625,-101363.10535741744,483654.20682787016,330404.88069424464,133436.2687631085,-32135.71950112155,209089.13447093382,1
-474527.8916333926,344010.80110133736,63822.40224683224,-30506.35131571581,-294588.30698284897,97074.61479553021,-101362.8714670685,483654.2491677999,330404.87115315476,133436.28943949813,-32135.82500747073,209089.4026954735,1
-316352.4223559207,229340.43618707758,42548.02594653242,-20339.159626905384,-196393.84601697998,64715.79470771614,-67576.83619335566,322435.6741581951,220269.80752919576,88957.41665339516,-21423.879677698103,139393.01277937667,0
-31634.65025897906,22934.223825435067,4255.059101997918,-2032.43924792575,-19637.86185058065,6472.227784633703,-6756.238046007857,32244.147339978972,22027.15776334981,8895.880062549306,-2142.5906394512217,13939.834303622385,0
-158175.31762559636,114670.4233542933,21274.384776264546,-10167.557833598756,-98194.79002370917,32358.871724604396,-33786.34543500668,161218.68997799986,110135.10667557937,44478.88542638295,-10712.022817525807,69696.71445594182,1
-170829.99966677674,123843.95848956662,22976.094946581423,-10982.504978515735,-106051.99146584899,34946.880193178185,-36490.85526140055,174115.5820940636,118945.81704855779,48037.12077196043,-11569.082901091759,75272.79114382176,0
-1471040.907084151,1066432.3556980768,197847.42449380175,-94583.30628681181,-913237.6123517468,300926.0070127214,-314238.3941744758,1499323.9311136573,1024253.960585205,413651.45006679074,-99620.25874684342,648175.7479658377,1
-79087.21001673624,57335.39079590665,10637.448720547936,-5082.264246727156,-49095.97408266524,16180.017456181735,-16891.748874874334,80609.80526714331,55067.729655151095,22239.586628479323,-5356.405201195305,34849.37268240686,0
-79087.77610650197,57335.20042211421,10637.150197779793,-5084.08634174466,-49097.72690467029,16179.28161320076,-16893.514645495394,80609.2459052496,55067.53843917898,22239.487196831473,-5356.086092035328,34848.586325039585,1
-63269.666018787364,45868.29633514325,8509.961782466798,-4065.7459097041715,-39276.60594691289,12944.111929317383,-13513.235530147305,64487.90206753822,44054.167465185215,17791.64246085452,-4284.91687409865,27878.916942285967,1
-3416612.2796283737,2476874.8869839725,459516.11932083365,-219679.74623220428,-2121070.4705261597,698923.8672493132,-729846.3827381143,3482299.7701649293,2378912.1887637354,960738.6538914304,-231376.01670320143,1505440.3420940514,1
-474527.9589891922,344010.78839727154,63822.367614471,-30506.649967903246,-294588.57650553586,97074.39829151882,-101363.16080836968,483654.1746240479,330404.85858172545,133436.2142015566,-32135.65425421216,209088.98098144768,1
-316352.333365439,229340.5075697889,42548.13787922851,-20338.978594787903,-196393.6499927797,64715.896691080015,-67576.66016317856,322435.82578954304,220269.87878170895,88957.46271448245,-21424.117150255315,139393.7233197269,0
-63269.750537926746,45868.31722743517,8509.933099162941,-4066.2236500452013,-39277.07844319602,12943.938150520007,-13513.775516334734,64487.87206647177,44054.18532310629,17791.669669680312,-4285.043237208398,27879.375129279986,1
-869969.1720371589,630686.0918856747,117007.04567487007,-55932.50289995001,-540082.8235807668,177968.4768828436,-185836.07665708533,886698.1243585754,605741.8880057412,244632.78634473213,-58915.275518635855,383329.6736864693,0
-752919.6808340903,545829.9319034328,101263.88364697149,-48409.85745973839,-467420.03298085125,154022.68025733044,-160835.32359189392,767396.1016750074,524241.8469742783,211718.47650768075,-50988.572943023115,331754.8172927169,0
-474528.9677174687,344010.5400147745,63821.918909014836,-30509.80551724933,-294591.8033144724,97073.3120368005,-101366.34088632136,483653.26701499673,330404.60796781816,133436.12034301143,-32135.717832453225,209089.3749946447,1
-79087.14538325486,57335.389191031245,10637.41502066447,-5082.279906929598,-49095.98428471951,16180.011809557165,-16891.758462084454,80609.78879213988,55067.72943446741,22239.578551571114,-5356.266047185625,34848.97024460591,0
-316352.19223048433,229340.50408856678,42548.14761211457,-20338.570902779717,-196393.21918113288,64716.125058958874,-67576.18653130678,322435.89218276966,220269.87993865958,88957.54363860787,-21423.969127459484,139393.25780002106,1
-6118584.44809148,4435669.67530516,822916.1545459576,-393413.22360190493,-3798487.238293208,1251654.7385729856,-1307036.6002314126,6236217.2321884455,4260234.783246908,1720522.510207767,-414355.4329538508,2695991.533443407,0
-316352.27269468846,229340.49476762625,42548.14203886471,-20339.129764573092,-196393.77567783138,64715.94322232501,-67576.81578801411,322435.88504206075,220269.86520101488,88957.47279003558,-21424.013152421416,139393.5099833421,0
-1423587.704884611,1032031.3877616012,191465.3224283665,-91531.09344784573,-883777.2043415988,291219.17165786825,-304100.56666455977,1450959.007061384,991213.5862885851,400307.9305451772,-96406.88919316334,627267.3026689759,1
-1107234.6978530297,802691.1393584528,148917.58746867982,-71190.3428703779,-687381.7644770354,226503.99598801928,-236522.1623747911,1128523.7912392905,770943.9618185344,311350.63210741477,-74983.15970506227,487874.58981327777,0
-316352.3214000272,229340.45533509608,42548.09695772304,-20339.105199425685,-196393.73841392391,64715.91148471738,-67576.7736268247,322435.81524038414,220269.8261696214,88957.51503444875,-21423.905070820907,139393.16523163096,1
-2230288.470840764,1616848.8523633888,299961.9066027419,-143401.73333883582,-1384587.3531199808,456242.0736704571,-476427.18010001996,2273167.9462112715,1552900.9689095027,627148.9048617253,-151036.95143026218,982717.4578642778,0
-107559.3594600434,77975.8848357247,14466.562232468053,-6914.241116359745,-66772.78185354233,22003.8815843386,-22975.05883830005,109628.56067220468,74891.87110459765,30245.715847160416,-7284.250438232687,47393.994691674765,1
-79087.12684970321,57335.38847948944,10637.439599983516,-5082.438930298921,-49096.01873475934,16180.031433002168,-16891.81761654876,80609.83005188804,55067.72622260204,22239.55331532788,-5356.203756096041,34848.84531471662,0
-47451.91014206782,34401.401367869636,6382.659451453292,-3048.3740851496786,-29456.58089369251,9708.49646364165,-10134.060485945849,48366.3257359457,33040.788004559865,13343.855253252303,-3214.103977490847,20910.372484770305,1
-395439.6940570925,286675.7211352512,53185.37476734413,-25421.395584235932,-245489.65420776024,80895.63797330213,-84468.49921787268,403045.45571067056,275337.446792942,111196.90152587151,-26779.802101337995,174241.02711956121,1
-1107234.4798442088,802691.1749498321,148917.70227012198,-71189.97331648227,-687381.3412684734,226504.19514891916,-236521.78870200767,1128523.9740261864,770943.9963826643,311350.709139863,-74983.05475773977,487874.33636300656,0
-173992.35457395596,126137.60432098965,23402.036385409323,-11182.35783888894,-108012.33025800994,35595.340808614026,-37163.10640741296,177340.98859268555,121148.76532130357,48926.79050266388,-11783.257246634472,76666.26564690439,1
-237264.11808826964,172005.41100510955,31911.168191983994,-15254.224073147754,-147295.19415312065,48537.004078982725,-50682.49319802216,241826.98792515317,165202.43523648623,66718.11607428583,-16068.039053774253,104545.23322398959,0
-160073.98350101867,116046.35292685468,21529.470296316267,-10290.938451273105,-99374.56507354177,32746.524828290818,-34193.20999844868,163152.80036160402,111456.61340523852,45012.567007719335,-10840.589457909331,70533.192207098,1
-474528.80345342273,344010.63496485725,63822.00463950431,-30509.399045510632,-294591.38914952613,97073.52309513689,-101365.90062310503,483653.4464734882,330404.6927691333,133436.14283376667,-32135.91868899171,209089.93395260233,1
-28470.53179306733,20640.960043568884,3829.9330012346754,-1827.456148676791,-17672.37811812846,5825.740200180858,-6078.910717731061,29020.33096568967,19824.599046443363,8006.390719941698,-1928.4891209800328,12546.218439591532,0
-172410.7231859855,124990.88365636347,23189.26457906189,-11080.87983661309,-107030.58913715078,35271.6556177611,-36825.43680765711,175728.6587655631,120047.39920222542,48482.02565799692,-11676.107218303006,75969.21438479109,1
-8604803.067899948,6238054.729197926,1157298.952137235,-553271.9429515125,-5341959.89797198,1760250.7842688705,-1838136.037301375,8770234.741289409,5991333.834423697,2419637.629219767,-582724.3072821931,3791478.077421313,1
-79087.58709412898,57335.279845744284,10637.23078089485,-5083.485857166559,-49097.106711536224,16179.508658603936,-16892.916250590384,80609.39525817681,55067.621045051535,22239.51862223078,-5356.098632201686,34848.592555433795,0
-854152.1622308197,619218.9832342919,114879.44153645316,-54917.48356392969,-530265.1213363709,174731.991906481,-182459.18062588753,870575.7539409938,594728.3033310998,240184.84522888364,-57844.176506831966,376360.45117994444,1
-1100908.021415822,798104.2124105482,148066.47020406855,-70784.82902585868,-683455.1849417778,225209.1621119369,-235171.9236401499,1122074.7679770605,766538.442969562,309571.4345128567,-74554.5569759728,485086.5217157173,0
-142358.279874773,103203.32296931265,19146.76900772452,-9151.93908060871,-88376.51568254012,29122.46179796663,-30408.900703797663,145096.35645931185,99121.53792206095,40030.96711297757,-9640.946983627775,62727.43647490202,1
-474528.88617493113,344010.60571010003,63821.98236599899,-30509.547933341153,-294591.55380686297,97073.39900095953,-101366.04377907989,483653.28696472355,330404.66865656845,133436.1035280103,-32135.77063477374,209089.48734622155,1
-158175.784638354,114670.32327632929,21274.18520325398,-10168.833760178346,-98196.12786463402,32358.296130847742,-33787.67332107206,161218.21589787162,110135.00580531891,44478.805437469986,-10711.997369511506,69696.68264183079,0
-474527.8832885691,344010.75024585315,63822.302000069576,-30506.525364362857,-294588.48045982525,97074.53694941461,-101363.03410143743,483654.17468390294,330404.82239530905,133436.2246792231,-32135.579706595287,209088.6886451917,1
-63269.99403434133,45868.242236831866,8509.84816186227,-4066.521862998488,-39277.47661171715,12943.736043776336,-13514.132176370957,64487.61631817699,44054.1108812883,17791.70054790532,-4284.997488976603,27879.207500121454,0
-56942.88587715301,41281.4648967433,7658.917259527189,-3659.787893275959,-35349.59286740301,11649.436456505835,-12162.58601612963,58038.94433804861,39648.74708198451,16012.507784036576,-3856.568569021949,25091.485281395948,1
-31633.983416142084,22934.37855030104,4255.319863379946,-2030.7448855544653,-19636.15126189614,6472.910362705123,-6754.56949053621,32244.703129337882,22027.31304621778,8895.969426913962,-2142.6484048923,13939.868569719914,0
-167349.9097048348,121321.18430210176,22508.08535511486,-10758.56189608604,-103891.45509660522,34235.07554495927,-35747.2949590563,170568.8841320344,116522.82333569803,47058.59061901436,-11333.229171576113,73738.86902849692,1
-341976.3740326463,247917.15643506468,45994.73968096948,-21985.095395342494,-212300.1112984896,69958.4863124563,-73049.04614620988,348553.57049215835,238111.75612718667,96163.07067040354,-23159.187741545746,150683.77791424096,1
-1739940.794440073,1261371.6005545468,234013.0878363429,-111872.1759323649,-1080172.9520136258,355934.19738724816,-371679.27118273755,1773394.0227281926,1211483.1796207991,489265.2178466048,-117830.39489264794,766659.3963170735,1
-158175.91691588378,114670.29154812542,21274.157109200034,-10168.914629581654,-98196.21563893543,32358.234662344043,-33787.75398761727,161218.12868639728,110134.97769438202,44478.82066576538,-10712.007754861992,69696.70577179635,1
-1107235.0923508257,802691.0632710895,148917.46354442227,-71191.74349848091,-687383.1360261529,226503.47544608195,-236523.53948626426,1128523.418145412,770943.8830983707,311350.5972870354,-74983.0852361269,487874.5386215825,0
-395439.5081566364,286675.74992448307,53185.47885866366,-25421.15804371095,-245489.39851426095,80895.7541298821,-84468.26019342276,403045.55708509515,275337.47414216684,111196.95956672665,-26779.726178104615,174240.8156690225,1
-632705.4087521276,458680.71615421027,85095.86185097756,-40680.251692935184,-392789.58832923276,129430.94942203272,-135155.57207963715,644870.885049827,440539.46595633257,177914.72198381994,-42847.64430457795,278785.92869568616,1
-158175.6634820465,114670.36803497745,21274.272339001014,-10168.37205856751,-98195.62630198654,32358.507970486888,-33787.21770464925,161218.4503442804,110135.04795357496,44478.8308293439,-10712.115690354285,69697.05017395208,0
-53779.34173976036,38988.07626258954,7233.439731649723,-3456.3187134391424,-33385.55836056767,11002.322435105678,-11486.738234977565,54814.628405766496,37446.06459976004,15122.912642628344,-3642.3221906984404,23697.552014999404,0
-79087.57877654907,57335.261005071414,10637.278825306908,-5083.633313911778,-49097.23307616215,16179.486886700206,-16893.062300669237,80609.45886652329,55067.60042586491,22239.466209195973,-5356.108802800089,34848.67453185304,1
-79087.43216947434,57335.281063556795,10637.2903214294,-5083.312397421784,-49096.927352929095,16179.639485898777,-16892.747864684934,80609.5774346816,55067.62123744186,22239.558162975973,-5356.177450171963,34848.81900414109,1
-31634.530676813814,22934.370904203093,4255.191128378094,-2032.1498117548963,-19637.572389009172,6472.359498723364,-6755.951566918185,32244.196238661763,22027.311039913293,8895.954741364867,-2142.804041166542,13940.456259020899,0
-474528.6231261562,344010.68295872974,63822.085922220074,-30508.98672326637,-294590.99618259474,97073.69374502655,-101365.48034685127,483653.61865104415,330404.74180872703,133436.13786728698,-32135.934806243647,209089.9841166908,1
-474527.9030663231,344010.807248987,63822.36249391508,-30506.51849606825,-294588.4313448616,97074.46586604073,-101363.03059974348,483654.27021327923,330404.8785082256,133436.1770336323,-32135.68772495051,209089.08610768837,1
-474527.87131822534,344010.79967304855,63822.37032064731,-30506.471726903164,-294588.3844042869,97074.49109323237,-101362.98595033167,483654.2965590243,330404.8699909487,133436.25227640907,-32135.68150935393,209089.06971406715,1
-94905.0834695716,68802.30843903995,12764.717291226962,-6100.367634527069,-58916.6827232245,19415.431024543683,-20271.67963327843,96731.35725738728,66081.11296595637,26687.389677704865,-6427.32447894524,41818.394698481185,1
-31634.43828677602,22934.3187811552,4255.197292025928,-2031.961067118811,-19637.358090377264,6472.471280428514,-6755.762944679877,32244.387055978284,22027.2466940362,8895.936888870783,-2142.744177116666,13940.301893749664,0
-790881.993970097,573350.8561397499,106369.72777257596,-50850.56000220104,-490987.2790734095,161788.47615842026,-168944.71533415193,806088.3475181949,550674.2970638224,222393.3581014639,-53559.50598359623,348482.2142879669,0
-63269.619016574456,45868.32639275376,8509.981774190032,-4065.632883867346,-39276.494955007554,12944.163551945821,-13513.128755693948,64487.947272037294,44054.19810132269,17791.743113000946,-4284.999695808806,27879.15575846644,1
-76873.13713967087,55729.8697482845,10339.385271779965,-4941.170642700805,-47722.43397857918,15726.50340404015,-16419.953568097797,78352.37309488015,53525.70367056333,21616.863674437373,-5206.2232643472935,33873.09645999705,0
-395440.1968933577,286675.5904058477,53185.19429062126,-25423.25020194123,-245491.53956911425,80895.02782484949,-84470.3397309255,403044.94871582487,275337.3111521815,111196.8252883658,-26779.786313154662,174241.12083027497,1
-63269.7443315172,45868.291782433436,8509.96578942356,-4066.1753115476376,-39277.01493939372,12943.944870215082,-13513.71975940245,64487.84080944193,44054.16431946436,17791.6646314729,-4284.901529728122,27878.971066517788,0
-284716.7881637696,206406.51035603022,38293.38112839318,-18304.079520945514,-176753.35015373566,58244.723565195556,-60818.02915149229,290192.49916405533,198242.9471879542,80061.78717017407,-19281.665189177267,125454.1558764685,0
-31634.014985945276,22934.38535282759,4255.344997141297,-2030.6170144359853,-19635.98300627834,6472.997330737151,-6754.442023863778,32244.772038944597,22027.319794701394,8896.058069267645,-2142.6894703970734,13940.046453955236,1
-31634.14382403256,22934.320090499023,4255.264789207743,-2031.003462842149,-19636.400262988223,6472.802400847342,-6754.8192219607345,32244.55496277527,22027.252447688257,8895.984457381113,-2142.51503841208,13939.5124666886,1
-316352.29156069463,229340.5203924699,42548.11440591016,-20338.951869695655,-196393.65301672055,64715.945417492105,-67576.68608419846,322435.8401671385,220269.89164308502,88957.47963253368,-21424.04784998478,139393.56364493212,0
-31633.888176644337,22934.40164472,4255.367632618399,-2030.541061480277,-19635.93166926686,6473.015088231398,-6754.3697080751435,32244.810318511143,22027.334742908613,8896.0633446554,-2142.6856057612454,13939.991985151932,1
-177473.4306683552,128660.11364219582,23869.60124836006,-11409.63889167819,-110176.25963499576,36305.858537305,-37909.95038918374,180886.68392585136,123571.48762510727,49905.21976263767,-12018.989431445802,78200.03122427408,0
-316352.23478961736,229340.45417408674,42548.085831870994,-20338.84822209945,-196393.54967773383,64715.908769595495,-67576.5569826354,322435.7869452116,220269.8134031129,88957.46264892633,-21423.752456821538,139392.64803909973,1
-63269.195278354724,45868.438817133974,8510.20346346263,-4064.6535474409484,-39275.57023152607,12944.551480618426,-13512.25350441977,64488.36437505275,44054.30760379945,17791.746360295987,-4285.126225743095,27879.506862735907,1
-790881.9120386161,573350.8556798825,106369.73667325702,-50850.39223270659,-490987.07977166196,161788.5738333777,-168944.54521673862,806088.4642136056,550674.2972146143,222393.3613715729,-53559.45306180365,348482.09168897796,0
-474527.90045428445,344010.80951347767,63822.35108761556,-30506.382780473836,-294588.335216986,97074.601915679,-101362.90127354671,483654.23228694225,330404.8783692138,133436.2847427525,-32135.800455929537,209089.3363234063,1
-47451.92797499193,34401.25962337492,6382.651697824859,-3048.2464501595678,-29456.394531803144,9708.464372788687,-10133.944598994136,48366.211537535644,33040.668165555275,13343.887526350756,-3213.6790410960057,20909.07796953256,1
-3273937.050945878,2373442.4135758756,440327.0771572732,-210505.85613485522,-2032495.935556805,669737.407665712,-699368.3161102193,3336881.56821174,2279570.5487814588,920618.8755740458,-221713.96932508203,1442574.3297697934,1
-537799.276085856,389878.65201893426,72331.60448646583,-34577.19676006659,-333870.1027676908,110016.69872609265,-114881.2311984227,548140.6272545677,374458.5908243906,151227.55753274733,-36420.51840064278,236968.04508177872,1
-474528.0956632561,344010.7574903558,63822.250764509285,-30506.937096370348,-294588.8916052547,97074.25196214874,-101363.44614306756,483654.026376027,330404.8287627567,133436.17381269406,-32135.62948162952,209088.88565319078,0
-632705.0319680886,458680.7999325485,85096.0027203186,-40678.86331957409,-392788.1819951067,129431.3795339302,-135154.19461827583,644871.2625027013,440539.55421206733,177914.78348736782,-42847.63971559425,278785.8019707721,0
-177157.05779694166,128430.7359848852,23827.053001454173,-11389.24483566795,-109979.81854619535,36241.20049023523,-37842.34555717728,180564.30364143147,123351.1808981851,49816.2452831819,-11997.490522822614,78060.4451003738,1
-427074.935894894,309609.7580318363,57440.207752612645,-27455.4157092599,-265129.1183983294,87367.1905703077,-91226.27687343079,435288.9698094529,297364.4230118531,120092.63152154973,-28922.051483620573,188179.96728014154,1
-63270.10974742317,45868.19362739348,8509.770020672713,-4067.0399890303693,-39277.90235922546,12943.582025542682,-13514.5626325938,64487.497973371304,44054.06135370737,17791.64501158275,-4284.91066821441,27878.980091926594,0
-47451.65253921844,34401.36132104754,6382.724388131363,-3047.5906264087143,-29455.677972132507,9708.796831802161,-10133.297345302628,48366.630148633325,33040.76912994252,13343.83158156523,-3213.863796110585,20909.654521776385,0
-711793.9189704994,516015.6765526426,95732.64917622885,-45765.99447709744,-441889.068573524,145609.47612330795,-152050.7513691996,725479.3946802479,495606.77084276127,200153.9874454469,-48203.4114293818,313633.6156111402,0
-79087.03859599677,57335.397095457294,10637.50363302959,-5082.226256135067,-49095.77764576735,16180.146452493474,-16891.605138646642,80609.96166395704,55067.73454934894,22239.560713619365,-5356.206574252216,34848.87990804575,1
-63270.09508617336,45868.2251420716,8509.78788546965,-4067.0770600126752,-39277.97390690015,12943.610686956377,-13514.627895484078,64487.56758779164,44054.09029401227,17791.639287258975,-4285.067902600007,27879.46660341645,1
-287247.5476611201,208241.23039312783,38633.836219254845,-18466.987730729747,-178324.57788646192,58762.33415221284,-61358.81360103094,292772.05167740607,200005.10000257965,80773.40676852662,-19452.938380686322,126569.03548510787,1
-237263.13700031143,172005.5836424781,31911.509002670977,-15251.195442134787,-147292.12007122647,48537.99326774886,-50679.468105929285,241827.7957817969,165202.62143586832,66718.28717467588,-16067.838838678292,104544.38581744042,1
-949058.4789373821,688020.9070506775,127643.58345102097,-61021.04968470361,-589185.0730951247,194146.0350875015,-202734.01500292792,967305.9976212388,660809.0386415801,266872.0065785971,-64271.17178686971,418178.0488407213,1
-474527.96479654376,344010.75350182643,63822.29801988801,-30506.679152536894,-294588.599477396,97074.3942037066,-101363.18799013463,483654.19869066204,330404.8260762871,133436.20723202996,-32135.58853074926,209088.7976455106,1
-316352.3581907049,229340.44093950753,42548.05923058433,-20339.205271498413,-196393.8535796806,64715.85705167123,-67576.87353600278,322435.7706252759,220269.81213257578,88957.48010732446,-21423.89880525507,139393.12957751984,0
-2647874.179499587,1919578.044586598,356125.1065886309,-170250.7534213708,-1643828.552240511,541666.3594755993,-565629.9094106987,2698782.7238154975,1843656.9408403768,744572.5596607486,-179316.4096737601,1166716.1787367603,1
-47451.765964297614,34401.34193385935,6382.714415960361,-3047.8228499744387,-29455.907927401364,9708.690181054537,-10133.520762870376,48366.45207310825,33040.74524739383,13343.858129603277,-3213.7374284861335,20909.306768716975,0
-2530824.050924788,1834722.0970729706,340382.2336295382,-162726.1915816068,-1571163.7881807708,517721.2483024437,-540627.4045915712,2579481.1903159567,1762157.120936937,711658.2403498753,-171389.67450760593,1115141.099048896,0
-94905.2397408486,68802.28845786492,12764.602576123894,-6100.525356372037,-58916.89154888502,19415.26158989094,-20271.84163075178,96731.17103198063,66081.09785167118,26687.377899501746,-6427.328732867467,41818.340167628055,0
-160390.29871260602,116275.71524620724,21572.03473404303,-10311.094118742545,-99570.75473414501,32811.34565795623,-34260.59808300249,163475.28847791985,111676.90301285435,45101.50912659326,-10862.013867073938,70672.58948283842,1
-218283.09368822453,158244.95416320837,29358.202130508253,-14034.153967956694,-135511.8669958355,44653.90886876726,-46628.15030832163,222480.6744222705,151986.21920515157,61380.6842314811,-14782.582204310744,96181.54219372052,1
-69597.0896395006,50455.05949897143,9360.762244448406,-4473.587286597639,-43205.59288820224,14237.959965015256,-14865.890338695264,70936.25020063003,48459.517495709566,19570.826429434157,-4713.492164203267,30667.11400592364,0
-403982.2584847627,292867.6929284557,54333.74081197769,-25973.700067207083,-250795.57921274865,82641.82983723571,-86296.3038663562,411750.1516214702,281284.5061989246,113598.61904710365,-27358.29681494639,178004.9353749772,1
-474527.9048553851,344010.8637987,63822.3264127248,-30506.518423967882,-294588.4370600541,97074.45875218023,-101363.0332695802,483654.23693818046,330404.9221530673,133436.2216344946,-32135.751298963558,209089.2666187442,1
-4014519.8865512162,2910327.836688419,539931.1916099358,-258124.84727770175,-2492259.004471571,821235.0522698314,-857570.6306717248,4091701.7583304476,2795221.6468846756,1128867.8161737116,-271866.64649272815,1768891.8982357015,0
-47451.92553386146,34401.29638130631,6382.657751993496,-3048.2915098031795,-29456.511865179556,9708.469431167368,-10133.99934570456,48366.247853378765,33040.70146670722,13343.824200217807,-3213.808458355533,20909.47902482712,1
-474527.8762596339,344010.7881459108,63822.36728835815,-30506.472230470637,-294588.38001641404,97074.4935105121,-101362.98501949442,483654.3052009041,330404.8718276472,133436.2207724058,-32135.668058475894,209089.035214707,1
-1107235.052144438,802691.0745122257,148917.44172173346,-71191.69714318625,-687383.1342340293,226503.5144394939,-236523.50476531364,1128523.435225474,770943.8950190678,311350.6388136235,-74983.1677080066,487874.74340024573,1
-185065.86232803742,134164.24048258137,24890.739953739172,-11897.735684015905,-114889.68844607973,37859.08922642934,-39531.78272154543,188625.2032978461,128857.91889028493,52040.24896973292,-12533.126042213084,81545.37257452263,0
-118631.8910234432,86002.76873507467,15955.651994073967,-7626.57984551627,-73647.1130355349,24268.690007688685,-25340.76896996299,120913.63447146189,82601.27530260633,33359.15362100877,-8034.120189584359,52272.86206286546,0
-284717.03614279116,206406.43290005976,38293.31094784915,-18305.20052442263,-176754.35873777795,58244.367246251815,-60819.10865541606,290192.36275123653,198242.86669336775,80061.71428895033,-19281.641885521367,125454.25128902381,0
-294840.3653862886,213745.31147367222,39654.792316267856,-18956.04591293764,-183038.96273193188,60315.22483707397,-62981.549973206755,300510.1668140536,205291.48990747676,82908.34355037726,-19967.05191203409,129914.34338801443,0
-1747850.0100372897,1267105.0389735925,235076.61447292136,-112382.00443222657,-1085084.189806893,357551.57325986587,-373370.0331365137,1781454.4893396758,1216989.8512829356,491489.07567500114,-118366.01915333665,770144.3687100962,1
-15816.32971592553,11467.362859512068,2127.9410026210835,-1013.639706263908,-9816.270912375694,3237.206861431556,-3375.5746432666097,16122.980990985297,11013.83024304682,4448.094371724778,-1071.3754770637147,6970.032751157951,0
-901605.2894209904,653619.9431181818,121261.5047842754,-57969.14512877472,-559724.9607442489,184439.00178843018,-192596.4711978659,918940.9745579237,627768.6687769894,253528.404961094,-61057.69583345115,397269.3162324719,1
-297369.94284862536,215580.30525637118,39995.67650196204,-19115.177694734273,-184606.48506519484,60834.28899025714,-63518.612574974635,303090.76006004127,207053.92310345304,83620.16554863617,-20138.488281746177,131029.3413549506,1
-3685512.686388123,2671813.9860827825,495681.5304898538,-236970.47963631325,-2288007.747360109,753931.280420654,-787289.1078224308,3756369.26224666,2566141.245588608,1036352.2327646618,-249585.9986574033,1623923.6143316813,1
-47451.60262850223,34401.40317244625,6382.793526030385,-3047.5651148408224,-29455.657327045807,9708.800279654595,-10133.27167727769,48366.57227081194,33040.80458390783,13343.926074981393,-3213.8474570807666,20909.604089551125,1
-113886.33199214819,82562.70362746646,15317.546248542647,-7320.899050918791,-70700.50047726092,23298.273041483622,-24326.464276902847,116077.3692807225,79297.27612946989,32024.77289756918,-7712.657230066147,50181.67923141286,0
-427074.98092414596,309609.80933963606,57440.25421173383,-27455.479842093966,-265129.19693868374,87367.15091681057,-91226.34257358692,435288.9149491161,297364.3664653219,120092.62822885856,-28922.097856081997,188180.08849092887,1
-1107234.5612018597,802691.148328332,148917.64369633506,-71190.24897433366,-687381.6219281304,226504.00273116378,-236522.04800296333,1128523.8826965308,770943.9702374932,311350.64504113834,-74983.01392453353,487874.20814752637,0
-158174.64700225572,114670.57181262631,21274.67180708981,-10165.1250611755,-98192.3134776671,32359.708231748053,-33783.98798420122,161219.3622617078,110135.26188220127,44479.003537648154,-10711.997468849535,69696.47801375274,1
-474528.5614301414,344010.6933406473,63822.11565692869,-30508.77278559133,-294590.6844676814,97073.8402565314,-101365.16843920766,483653.6382081787,330404.75508155854,133436.12055701212,-32135.8568226675,209089.7186156377,0
-474527.8809024095,344010.8217471807,63822.34997195923,-30506.547784630933,-294588.4838488276,97074.43843643328,-101363.06387993477,483654.23363200604,330404.8916747231,133436.2393590332,-32135.71615470362,209089.14150909652,1
-15816.383311834034,11467.345685491413,2127.918491169621,-1013.7255547309595,-9816.386840806328,3237.1553259021343,-3375.6679443559788,16122.934882098109,11013.812105940566,4448.18665344619,-1071.4594750104757,6970.249225033632,1
-86995.95341110742,63068.91379174787,11701.137210232311,-5590.672285628645,-54005.73106358421,17797.958264850895,-18581.096290396552,88670.74156436823,60574.48703540714,24463.557414358915,-5891.940468681133,38334.0398337985,0
-79087.48407487408,57335.28392185294,10637.317655138413,-5083.39230803096,-49096.97602666062,16179.590395258718,-16892.82181846201,80609.53055390545,55067.623893175856,22239.51400005212,-5356.074894802588,34848.57804300135,1
-1423587.943946708,1032031.3383297578,191465.22316836548,-91532.1212488998,-883778.2247833408,291218.83818828897,-304101.5673886639,1450958.726883235,991213.5347596841,400307.89056302374,-96406.84662829654,627267.264908566,1
-474529.11201683065,344010.5126514503,63821.8381918098,-30510.40148185933,-294592.4025172547,97073.16772788897,-101366.88673033095,483653.0885059634,330404.5746871225,133436.0760017554,-32135.678105767474,209089.30460522274,0
-6531424.963954308,4734958.733710516,878441.04924886,-419957.2512112589,-4054782.651053643,1336108.1514984444,-1395225.7736309671,6656995.22709266,4547686.685287283,1836611.7441704946,-442313.24952610215,2877898.492069269,0
-63269.35539174774,45868.3699692454,8510.119067956675,-4065.030700878898,-39275.85867456819,12944.318432342156,-13512.592012489731,64488.245311674546,44054.24154570736,17791.76452315591,-4284.96681010571,27879.084569630653,1
-79087.07812943694,57335.40403816717,10637.446403817034,-5082.150951985985,-49095.84192249726,16180.078277366289,-16891.630004171213,80609.861656792,55067.74375375787,22239.590000262648,-5356.268292298469,34848.98722415735,1
-427075.22747592104,309609.6898232765,57440.06716077687,-27456.74531652646,-265130.4503989613,87366.81631746244,-91227.58089716219,435288.7431116056,297364.3469010856,120092.55780398272,-28922.215201589024,188180.5403794784,1
-474527.8202008032,344010.8088401164,63822.38518087981,-30506.37647164277,-294588.28257902927,97074.53795379408,-101362.89157423074,483654.36318470753,330404.8786008529,133436.22671182634,-32135.696090385612,209089.1128295804,1
-47451.719324732876,34401.321510728216,6382.673631604888,-3048.0082250993923,-29456.211866280006,9708.61122585454,-10133.718747099063,48366.418659484385,33040.72531042011,13343.902811805354,-3213.768578628885,20909.367814415324,1
-395439.53121136094,286675.70673374744,53185.444506922,-25421.199931679817,-245489.42256196946,80895.74907013841,-84468.29581700663,403045.57040470984,275337.43181417015,111196.90288335388,-26779.618932340287,174240.5256250444,1
-283134.2708725704,205259.8925458615,38080.92954597085,-18200.236133561655,-175769.08104592896,57921.93435622041,-60477.964496630724,288580.97311934916,197141.69776862246,79617.0594344486,-19174.222630150143,124756.11884605892,1
-1107234.986267964,802691.1068602046,148917.53579676093,-71191.28495195854,-687382.6979581143,226503.61488055153,-236523.08292814126,1128523.5096161778,770943.9263967267,311350.64611041837,-74983.19098301808,487874.77361946,0
-47452.15101347059,34401.26946680399,6382.538470891191,-3049.219180255391,-29457.33228290528,9708.146744213567,-10134.88236464301,48366.03496486006,33040.675963541216,13343.835898371379,-3213.734811635192,20909.390711750562,1
-474528.0384580496,344010.7625328101,63822.28556439543,-30506.78032151394,-294588.72983950994,97074.32978492828,-101363.29499713196,483654.1344044405,330404.83371385955,133436.2083487151,-32135.705858804613,209089.1083303273,1
-474527.9659299135,344010.79291200853,63822.32164850857,-30506.719845508702,-294588.67324639,97074.35058637343,-101363.23471659946,483654.1351696166,330404.86666246015,133436.2310045089,-32135.69588760544,209089.06958958006,1
-79087.24896934851,57335.33227971106,10637.375906160225,-5082.430307675902,-49096.12064098805,16179.955373018112,-16891.901862092996,80609.71901477555,55067.687973991975,22239.561166257787,-5356.1630351223885,34848.69907860424,1
-79087.59237008364,57335.2633211651,10637.250524682957,-5083.550325980708,-49097.16416560421,16179.529039269471,-16892.97909389738,80609.42989160413,55067.60096089213,22239.494251577213,-5356.134740700136,34848.70990058953,0
-1682997.520074362,1220090.2853869367,226354.41265063497,-108211.68985448149,-1044822.7155386499,344285.090344642,-359516.0966082189,1715355.4530921765,1171834.576821349,473252.80768565304,-113974.09533442314,741568.720471346,1
-79087.59739781635,57335.274111398445,10637.276735748494,-5083.702427751848,-49097.288320410655,16179.522851364301,-16893.131348325092,80609.46336653813,55067.61211324483,22239.51004996298,-5356.158731558956,34848.85220026197,1
-31950.78920961165,23163.639755918524,4297.740584877297,-2052.2807895074548,-19833.71505009575,6537.20804762333,-6823.316630301938,32566.852734047654,22247.499607217305,8984.865724512103,-2164.1105729456326,14079.548079871973,1
-474527.94664230506,344010.78229018115,63822.312125936696,-30506.496628227873,-294588.45262109523,97074.54892188725,-101363.0116264114,483654.1779277453,330404.8547896947,133436.25759146368,-32135.73827586746,209089.15490659614,1
-790881.4705465274,573350.9404727642,106369.89753796572,-50849.1666907817,-490985.8550705468,161789.04160605348,-168943.33539575877,806088.835588179,550674.3868796712,222393.37326847258,-53559.44972304025,348481.967255294,1
-474527.95605575806,344010.7600454645,63822.36416470297,-30506.73358081676,-294588.6675740671,97074.35546330638,-101363.24031445455,483654.130346068,330404.8332950279,133436.18297073344,-32135.56096642132,209088.69967454422,0
-474528.49869127333,344010.68345339765,63822.12880876089,-30508.352279065894,-294590.417800817,97073.91703239539,-101364.89319601437,483653.70726424834,330404.7463307231,133436.15877852577,-32135.89994788683,209089.7889583307,0
-474527.84658009006,344010.74418583285,63822.332743704734,-30506.42948504454,-294588.36230012105,97074.59414583349,-101362.93557804426,483654.23801319767,330404.82331048895,133436.20454138945,-32135.54496843891,209088.6106919761,1
-94905.0980330834,68802.31032561409,12764.722926706958,-6100.319033563079,-58916.63597553959,19415.426621294526,-20271.629951434406,96731.32686097965,66081.12048892699,26687.386098391624,-6427.3066915256,41818.32987588562,0
-47451.8454990397,34401.455894580824,6382.70704767265,-3048.2466991253987,-29456.43628767598,9708.556318051276,-10133.931717767888,48366.35259771,33040.86325567989,13343.842604803076,-3214.12837633169,20910.458394803376,1
-711793.6868581084,516015.7319589013,95732.75346870307,-45765.42717547129,-441888.45370953344,145609.67783602548,-152050.15062669423,725479.5684998754,495606.832667825,200154.0290445028,-48203.38435220571,313633.49471382383,1
-237263.53622022597,172005.5561601114,31911.389484317384,-15252.395219724369,-147293.39875709536,48537.739692586634,-50680.69653902809,241827.51885650578,165202.58474459828,66718.20689315457,-16068.10579549004,104545.29897472337,1
-142358.0796965938,103203.34974301056,19146.82450422216,-9151.534419779204,-88376.06176991937,29122.67813749094,-30408.496849913387,145096.61932423137,99121.56292401138,40030.978212765265,-9640.93574148514,62727.44438768654,1
-39543.63961274124,28667.68448146154,5318.703887887008,-2541.3307221434475,-24548.1258429804,8089.978744932777,-8446.050168712765,40304.86546815561,27533.849889093257,11119.843006139627,-2678.143637792054,17424.55816930132,0
-94905.28882974986,68802.27618270554,12764.60653642241,-6100.691041057482,-58917.07619362375,19415.214491157836,-20272.015496684024,96731.10333003919,66081.08537079788,26687.350002290837,-6427.33791538223,41818.36467296065,1
-15816.125933259442,11467.417032479216,2128.035496300171,-1013.2696634380376,-9815.898827291807,3237.3778373488226,-3375.216096141198,16123.187275100987,11013.880298717964,4448.192808968071,-1071.5113553909516,6970.413272656586,1
-94905.02958308165,68802.34063914242,12764.700863377962,-6100.302022652607,-58916.68369695937,19415.391114010275,-20271.634677977363,96731.3162431688,66081.14693002282,26687.397421700793,-6427.414283521426,41818.566199677065,1
-22460.514364691153,16283.336050658918,3021.136522523537,-1442.838360030624,-13942.683034059193,4595.397144517738,-4796.727117699807,22893.415732175647,15639.317797247677,6316.133891052793,-1521.3032199618972,9897.45926392554,0
-142358.22631811487,103203.35138598106,19146.80751615831,-9151.808892589426,-88376.38144702053,29122.52218670716,-30408.774226756843,145096.42783082565,99121.56254146784,40030.97165247442,-9641.017731390122,62727.640886743284,0
-1186322.9939365382,860026.1707228282,159554.53343058433,-76275.73246432251,-736480.7873103353,242682.65419974175,-253416.94267842596,1209132.5536617606,826011.339222574,333589.98480728903,-80338.96546236899,522722.4586102823,1
-237263.0066782014,172005.63023293237,31911.573079616865,-15250.872247917307,-147291.74693182576,48538.167353008874,-50679.14338796085,241827.98596827796,165202.66679685615,66718.25116079574,-16067.853491567092,104544.47456837454,1
-79720.04730646282,57794.01321204587,10722.517091303003,-5123.655737279615,-49489.34074260068,16309.196807691102,-17027.565422576106,81254.54947336497,55508.210948400236,22417.457495323255,-5399.008644499296,35127.59155556809,1
-8873703.217585485,6432993.8397153495,1193464.5011886058,-570561.9386143637,-5508896.338897182,1815258.5138771427,-1895577.9995000488,9044304.512036264,6178562.909889553,2495251.247577968,-600934.0651048627,3909960.7477244516,1
-79087.51988833123,57335.254550596546,10637.275960425066,-5083.638553355052,-49097.22041526392,16179.51605540794,-16893.06293276732,80609.48687773844,55067.59191196201,22239.483682668102,-5356.012856261842,34848.42152494988,1
-585251.859924094,424279.7982651971,78713.91417720867,-37627.315098389765,-363328.4185961711,119724.37159702413,-125017.01422859837,596506.1846911397,407499.14519906085,164571.2090259621,-39634.07412030093,257876.87803551354,1
-237263.6086072802,172005.53011278764,31911.31722073703,-15252.494654047743,-147293.5087710945,48537.69464391065,-50680.79883547697,241827.4829963763,165202.55815870268,66718.26708454714,-16068.128218519923,104545.36115186826,1
-158175.77593465673,114670.3319403796,21274.20819101265,-10168.47511913858,-98195.77689488759,32358.37513435618,-33787.32623712859,161218.2501470949,110135.01888347082,44478.84472019888,-10712.00876164273,69696.6780836014,1
-632705.5594817644,458680.65869324276,85095.77070653162,-40680.50865072035,-392789.86228174856,129430.82293638402,-135155.82071999164,644870.7482503051,440539.41048801073,177914.68439313464,-42847.56014141446,278785.6812873805,0
-300534.6295184282,217873.4981006604,40420.719952112246,-19321.924521447967,-186573.85580858993,61480.149595414136,-64197.72087405139,306314.06557386834,209256.40097785564,84509.64492425998,-20352.846413806878,132423.84875039224,1
-63269.224687854905,45868.36666438235,8510.128885936718,-4064.6690403843963,-39275.505898866315,12944.527623919726,-13512.25579043269,64488.33125576803,44054.240010440495,17791.78059021801,-4284.921941405473,27878.898623819423,1
-159756.6829530583,115817.18851433488,21487.2788340068,-10267.401574458858,-99174.92332148102,32682.989882458,-34122.448895377514,162831.2200903752,111236.53127267584,44923.74165414787,-10819.050007932768,70393.2005761417,1
-186647.60718053914,135310.95930441446,25103.488231421255,-11999.473773078194,-115871.7096659799,38182.65120427557,-39869.793647941005,190237.39505507518,129959.2869287953,52484.96355203062,-12640.187508042065,82242.2222191414,0
-284716.81486743555,206406.46388113854,38293.383476079434,-18304.680412909813,-176753.82401838218,58244.56491935854,-60818.58730793366,290192.5205016904,198242.8994456435,80061.75709852454,-19281.56653583729,125453.99538649488,1
-2530824.1658099503,1834722.065087766,340382.19044948486,-162726.59765179583,-1571164.184590807,517721.0466501546,-540627.8004158024,2579481.0351384496,1762157.0897434587,711658.1992023775,-171389.52348032643,1115140.7098428204,0
-427075.96090757276,309609.5336051659,57439.77794791821,-27458.61582392176,-265132.39953044255,87366.12514789846,-91229.45946340976,435288.0336972579,297364.18732273526,120092.51812824613,-28922.19548045125,188180.5790292283,0
-316351.8997666765,229340.58110396174,42548.29638529278,-20337.794564044474,-196392.48270703715,64716.430998126794,-67575.50576294184,322436.195868146,220269.95536043245,88957.5294117296,-21423.985051959582,139393.31993493886,1
-94905.25955815848,68802.29400837203,12764.621289538973,-6100.718882792151,-58917.084666344286,19415.23880970605,-20272.03298384332,96731.14788916445,66081.10193674518,26687.355746772242,-6427.383967385653,41818.51986031004,0
-79087.5851541272,57335.26091746034,10637.241397068898,-5083.535497469226,-49097.16096197041,16179.532598614995,-16892.96918036158,80609.44103257725,55067.597647851195,22239.5657439858,-5356.181536313541,34848.8342669968,0
-474527.9978741825,344010.77278645925,63822.26613302529,-30506.653777956377,-294588.6232421238,97074.46579269509,-101363.16462100788,483654.09055107087,330404.84535867604,133436.17437944058,-32135.687034391874,209088.99008119325,0
-126540.54904188373,91736.29812459962,17019.421549246967,-8134.703687440534,-78556.52640543923,25886.782296387664,-27029.77955179223,128974.67243546787,88108.04719729006,35583.10216162916,-8569.672987260783,55757.55066274402,1
-474527.71683610487,344010.8073557742,63822.38794309711,-30506.16617605256,-294588.10658591194,97074.70744294237,-101362.6832745023,483654.38923036406,330404.87861198926,133436.22309743648,-32135.72271463513,209089.10279499035,1
-47451.94408437178,34401.31255641818,6382.600857248426,-3048.253345466697,-29456.401932833098,9708.453936891394,-10133.951593059654,48366.20333448636,33040.714246027,13343.79642760176,-3213.7464922207173,20909.268514090803,1
-126540.53810012291,91736.35599826206,17019.45524633331,-8134.657304896341,-78556.48515600586,25886.793161651087,-27029.736014744252,128974.66048144049,88108.10167292702,35583.08992486348,-8569.769079035066,55757.82134498772,1
-79087.09758594082,57335.40230996792,10637.442299294666,-5082.134758982041,-49095.83333837067,16180.083207682035,-16891.618282002368,80609.88855956288,55067.74116914133,22239.589150121366,-5356.347999835964,34849.20959379095,1
-974366.9495877873,706368.0891426011,131047.30800753298,-62648.91643105338,-604897.3727186606,199323.02011087438,-208140.91558818222,993100.5874460707,678430.5739645512,273988.5356387905,-65985.13798447356,429329.6702495669,0
-474527.85242564994,344010.8345684949,63822.40307189848,-30506.40027020709,-294588.3106167689,97074.52096484881,-101362.91650048277,483654.32288365497,330404.9021028974,133436.22948534394,-32135.750433244815,209089.26896155986,1
-161339.46743887258,116963.7535892141,21699.64778249549,-10372.409353118592,-100160.27390903494,33005.34911055502,-34463.635047828815,164442.47340765214,112337.72756600317,45368.39952560123,-10926.430938555863,71091.17489364496,0
-31634.07373545026,22934.358182926047,4255.303502536403,-2030.764285211414,-19636.138563297118,6472.924966665028,-6754.585206333302,32244.700169739976,22027.293356356466,8895.999442772387,-2142.6269633701795,13939.857514468595,1
-1107235.021647917,802691.0742468531,148917.4501434767,-71191.41883996186,-687382.8185450984,226503.580241381,-236523.20932278628,1128523.4802628038,770943.8938738885,311350.5930363777,-74983.07013376824,487874.443884671,0
-34798.14498008361,25227.62283125041,4680.66372141419,-2235.831423398293,-21601.784924692784,7119.384374155838,-7431.991180385249,35468.51337169571,24229.850543530036,9785.474970865122,-2356.790786861243,15333.68295794396,1
-79087.15713398601,57335.383401654595,10637.424502666123,-5082.800236452762,-49096.396205389756,16179.873132594275,-16892.252171049342,80609.8236641476,55067.71875446471,22239.552383931627,-5356.258873503741,34849.06240658171,1
-404930.43623169285,293555.93236915406,54461.73514998063,-26031.963753052038,-251381.8895507578,82836.91318718712,-86496.19095598282,412718.26400238386,281945.5411331318,113865.594739732,-27422.45507842854,178422.62083772285,0
-474527.90259685955,344010.76910386764,63822.3531342917,-30506.571397062096,-294588.48711896705,97074.44512053998,-101363.0817707104,483654.24758077826,330404.83851820714,133436.2328019964,-32135.60366488669,209088.8426734592,1
-6415639.863098517,4651020.184284258,862868.4918568928,-412512.8498104845,-3982902.1951695704,1312422.3542558593,-1370492.4092838347,6538983.88922526,4467067.983759482,1804053.3590645322,-434472.2222332456,2826880.947643395,0
-1493185.6185674532,1082486.182053588,200825.74173264328,-96007.14819040909,-926985.2741862738,305456.0785926606,-318968.8706949058,1521894.4021830095,1039672.8453802507,419878.4574727787,-101119.91175999292,657933.224840589,1
-2847177.1422411143,2064062.319856859,382929.9758946394,-183067.14740834426,-1767559.3125880996,582436.258602246,-608206.0008370074,2901916.2602026267,1982426.7194773394,800615.4636860875,-192813.18539349633,1254533.1786212432,0
-743428.9507733322,538949.7653824445,99987.51696335243,-47799.45766863804,-461527.9178668884,152081.2184406302,-158807.98037055624,757723.1744949536,517633.80589476606,209049.75141939695,-50345.71042672701,327572.689155497,1
-9490591.92284033,6880207.213589689,1276432.4857014294,-610227.2838603918,-5891868.358978571,1941452.7043328183,-2027356.736170235,9673052.69875713,6608088.576656904,2668717.917081756,-642710.1130980863,4181775.863220752,0
-30052.232692001417,21787.697138584597,4042.6482353444426,-1928.8933668369505,-18653.97449857321,6149.431902806256,-6416.525545865818,30632.59130687129,20925.98434949332,8451.206157578621,-2035.5307556505804,13242.975966607559,0
-253081.62323041595,183472.4524729352,34038.60704237957,-16270.83165168083,-157114.51248573614,51772.960355926596,-54060.97173148446,257948.8800735932,176215.9484349099,71166.02357306954,-17139.236249542326,111514.86462801674,1
-79087.19720366708,57335.329939340605,10637.416267890945,-5082.335349591571,-49096.01029892602,16180.009148620518,-16891.805402478363,80609.77898703415,55067.67316248581,22239.56874722972,-5356.123725645159,34848.599570345155,0
-718120.8576872755,520602.5185926548,96583.68423492386,-46172.36565561564,-445816.47933625407,146903.93950366232,-153401.8495540273,731928.260894299,500012.2017416898,201933.15307614903,-48631.91851327901,316421.55246097245,0
-170829.970014534,123843.92376859282,22976.19258926646,-10982.439167921,-106051.91598467807,34946.86503976079,-36490.787819391866,174115.59452366843,118945.7844249382,48037.09596598897,-11568.96664339476,75272.46306558124,1
-31634.169176097137,22934.32941461244,4255.258981188219,-2030.9928712855847,-19636.39221435136,6472.8058270890615,-6754.811709699421,32244.563434814256,22027.265953340757,8895.987209386878,-2142.586807761025,13939.719486858308,1
-1107234.6398762641,802691.1345200465,148917.59076872692,-71190.29863880489,-687381.7128087835,226504.02151684015,-236522.1159383523,1128523.8121733288,770943.9586763738,311350.66428538697,-74983.08632613436,487874.38306607655,1
-47451.74387920207,34401.34897540293,6382.698847976176,-3047.8446970822247,-29455.940042266622,9708.67205825382,-10133.542537885793,48366.4357871809,33040.754818719164,13343.839781423789,-3213.725568570803,20909.256386040517,1
-63269.46492907475,45868.35693806237,8510.05501819984,-4065.018470649881,-39275.87714397546,12944.353007782467,-13512.60314766298,64488.11024322775,44054.225884999876,17791.747501338083,-4284.969195397355,27879.031481835416,1
-474528.082492459,344010.75711261877,63822.300923345225,-30506.880917750124,-294588.8437472816,97074.27409573791,-101363.39479888458,483654.0577313283,330404.8274881013,133436.20578610085,-32135.700574426977,209089.08144742434,1
-31634.229459736445,22934.311102760963,4255.251560650953,-2031.1141982115387,-19636.509092531185,6472.750947872877,-6754.926756456579,32244.487207036214,22027.249494438583,8895.934851550996,-2142.5098014037235,13939.505630857471,0
-79087.02717361013,57335.42165756453,10637.487713757597,-5081.9261476106685,-49095.579178849446,16180.205284130818,-16891.406283832643,80610.00767623345,55067.75986279885,22239.595307682077,-5356.316412618216,34849.16814488864,1
-37961.653592174924,27521.049001942705,5106.087057161967,-2439.046192900063,-23565.57313781858,7766.594667157372,-8107.592045978693,38692.92534580137,26432.56885481824,10675.08417162047,-2571.1720786080514,16727.973574415028,0
-474527.86529526906,344010.7859142583,63822.366217846895,-30506.41578851211,-294588.3321752086,97074.51842456544,-101362.93453380787,483654.3630717542,330404.8572731907,133436.24626079696,-32135.74588098003,209089.2491439195,1
-127172.9648373745,92195.04612253398,17104.70772754223,-8174.858063660669,-78948.78875387344,26016.40332539853,-27164.418215759168,129619.76595661858,88548.65018025972,35761.02344431881,-8612.568348823404,56036.44181117878,1
-900339.4853558172,652702.6540453841,121091.45698706796,-57886.76664409652,-558938.3318055392,184180.63863972214,-192325.1683846782,917651.557929623,626887.6642760584,253172.6213647452,-60971.94770338706,396711.5348476261,1
-79087.24330376167,57335.34756328725,10637.388576474978,-5083.01819037217,-49096.59917129455,16179.812195866938,-16892.45586581808,80609.78507828565,55067.68333722608,22239.526178821932,-5356.2457375347485,34849.05021639893,1
-1676670.7452044275,1215503.4157751745,225503.3174603182,-107805.82419110285,-1040895.687713604,342990.53133080446,-358165.375224833,1708906.4802518692,1167429.1171127432,471473.62862987915,-113545.63275439574,738780.9444314931,0
-716539.0650525629,519455.8889021942,96370.98785754738,-46070.602590134156,-444834.4773024859,146580.32806324092,-153063.91887665368,730316.0248745702,498910.9265035421,201488.40908861186,-48524.879361211235,315724.7968247054,1
-895278.611662207,649033.0487328843,120410.3681207768,-57563.50165557104,-555798.2527411042,183144.28922958812,-191246.07015206243,912491.8516219234,623363.18577528,251749.21904406452,-60629.14669774732,394481.3078401744,0
-126540.4057911743,91736.36079491774,17019.477208959946,-8134.541647505274,-78556.35746865415,25886.87962903609,-27029.622349270234,128974.79328239476,88108.10296083418,35583.115916453185,-8569.759276826717,55757.80804120601,1
-333118.07359476667,241495.7329212413,44803.566195027925,-21413.980674015536,-206799.48144389986,68146.96006210995,-71155.26958281628,339525.7266178055,231944.37128036775,93672.39267881618,-22559.426986902523,146780.896061919,1
-2230288.4140584874,1616848.909760862,299961.93095224164,-143401.58083048358,-1384587.1952793386,456242.10685436556,-476427.06000211404,2273167.9916169173,1552901.0267795876,627148.8794837984,-151037.02329795487,982717.656674487,1
-69596.88897954291,50455.08153212039,9360.868969882473,-4473.141477062556,-43205.097970096474,14238.196177018377,-14865.447554636077,70936.53426484112,48459.5346717562,19570.85874750745,-4713.518332175128,30667.231229269357,0
-283451.60165411,205489.07143212104,38123.12031214482,-18223.636941156255,-175968.58152018057,57985.547548836315,-60548.59037261806,288902.5901313038,197361.78657419953,79705.91296004965,-19195.864580556423,124896.39943721608,0
-506163.7586880033,366944.7534718873,68076.94332610574,-32542.32560336092,-314229.7904189536,103545.46382251101,-108122.6169226982,515897.237932474,352431.77243747417,142331.89089385825,-34278.29553601935,223029.11932046726,0
-949058.5361637087,688020.9423972548,127643.5817385208,-61021.33343898581,-589185.3503967288,194145.97938159987,-202734.2624642998,967305.9287385341,660809.0708298394,266871.95166462415,-64271.32290810656,418178.481252904,0
-376459.67190096754,272915.0348093506,50632.02886091949,-24204.53808957437,-233709.62365918155,77011.45994768658,-80417.37147654073,383698.16197572014,262120.99250752045,105859.31057696446,-25494.3042011145,165877.4550737888,0
-474527.9560813474,344010.7913568786,63822.28628541158,-30506.515625409105,-294588.4719184101,97074.5385705063,-101363.02998667017,483654.17059614847,330404.86262152065,133436.2260674311,-32135.74289384109,209089.16680695774,1
-79087.07030609195,57335.36143096984,10637.47819481926,-5082.064481684354,-49095.71327359718,16180.14848554293,-16891.537208932277,80609.9357871103,55067.703158096076,22239.601280990486,-5356.159210756937,34848.72358210883,0
-1107234.8306523138,802691.0910202956,148917.5330337895,-71191.35254934117,-687382.7295254422,226503.63803302599,-236523.15248278456,1128523.628486218,770943.9104033053,311350.5954587998,-74983.02132684419,487874.34011033253,1
-474527.8997590236,344010.81694426236,63822.33822602432,-30506.41025427894,-294588.3642062824,97074.58670994236,-101362.92739432884,483654.20562095125,330404.8878286144,133436.28214390017,-32135.779811358512,209089.2748488909,1
-385949.0690831738,279795.5199927403,51908.98358707642,-24811.022390125567,-239597.64633872284,78954.33663513063,-82440.98971914878,393372.35135426425,268729.36761212687,108528.15032101613,-26137.044813492248,170059.0692805373,1
-347986.62331082905,252274.6935185646,46803.269171094995,-22370.013161575553,-216030.07668967888,71188.57098095329,-74331.46570196452,354680.2085665879,242297.0128428148,97853.30401223867,-23566.21358097193,153331.9806047561,1
-1107234.7059912302,802691.1300829077,148917.56314182287,-71190.38832882894,-687381.8016072457,226503.98044085968,-236522.20357276747,1128523.7589962569,770943.954737922,311350.6422721784,-74983.08099299404,487874.37429188594,1
-230936.9073636553,167418.58900960066,31060.224579465255,-14846.735220136283,-143366.5992220907,47242.92203267369,-49330.24463449036,235378.406655077,160797.0859348596,64938.97268824309,-15639.459181725459,101756.99192723967,1
-47451.77841871016,34401.35240065748,6382.6843863902195,-3047.9776629178964,-29456.113665600828,9708.58524274034,-10133.67989954287,48366.347324493625,33040.75611342608,13343.838193677253,-3213.7837477010476,20909.37776449318,0
-158175.83849628086,114670.37092339258,21274.208990714294,-10168.689796572835,-98196.00695392415,32358.318744828448,-33787.54941106181,161218.2164484437,110135.05200278417,44478.81628400358,-10712.185778149978,69697.20487709252,0
-316352.19499051693,229340.54216987433,42548.22654834771,-20338.734576950614,-196393.36116343123,64716.03021573216,-67576.41031507163,322435.9361195561,220269.91379044656,88957.47023104415,-21424.029209589335,139393.51198559417,0
-316352.43097963615,229340.40857982592,42548.04239017568,-20339.41939927228,-196394.05578387156,64715.76470066722,-67577.08685174475,322435.7163705743,220269.78318196174,88957.46593824743,-21423.82239724212,139392.95209166597,0
-395440.67862972926,286675.49875312595,53184.99535233899,-25424.56492758274,-245492.87692498387,80894.5639350212,-84471.64544368768,403044.5110578237,275337.21713535895,111196.76427050107,-26779.793807368005,174241.23402629237,0
-79086.7242827202,57335.460947091684,10637.584651633686,-5081.575990281392,-49095.21490708765,16180.368219354867,-16891.055181850254,80610.20108858343,55067.799123138044,22239.57541601869,-5356.221414606924,34848.87878863905,1
-79087.12314543045,57335.3928107762,10637.423586055553,-5082.2446768271375,-49095.94597828004,16180.029692909562,-16891.723341821715,80609.80791575344,55067.73294241891,22239.585404315974,-5356.262290038881,34848.961371302,1
-474527.78850833856,344010.818930274,63822.426320876155,-30506.341801776267,-294588.24714837846,97074.55193080244,-101362.85635151983,483654.36566281185,330404.887364389,133436.2299693801,-32135.686179929457,209089.08258633054,1
-142358.112524519,103203.36258877839,19146.878666988978,-9151.605356057386,-88376.1416663338,29122.635255771802,-30408.566355207462,145096.53554509798,99121.57661115004,40030.97712862934,-9640.940044919273,62727.450311103516,0
-332170.146114068,240807.46622401194,44675.41333375176,-21356.569025782923,-206213.98427481932,67951.49877252067,-70956.13530688085,338557.4210805437,231283.30710490455,93405.29248623445,-22495.193527586616,146363.10465046574,0
-15816.475850187655,11467.331021245234,2127.9110016343066,-1013.8020319752379,-9816.44783163978,3237.1309650548073,-3375.740855091693,16122.890714899244,11013.792562901706,4448.181519327839,-1071.4416040191672,6970.226126657757,1
-253082.0069018369,183472.3802879553,34038.420036478565,-16271.705023512235,-157115.43298893838,51772.54854897574,-54061.84400126871,257948.51508841498,176215.8744230036,71165.9815212388,-17139.23973535988,111514.88640470187,0
-79087.17726468893,57335.36272525229,10637.43027588432,-5082.3663581565,-49095.96904835039,16179.974380407437,-16891.806333210072,80609.78697955474,55067.70311579235,22239.551739735307,-5356.166934340023,34848.7096342239,1
-158175.56422431074,114670.37464541185,21274.296125938425,-10168.264845758675,-98195.52070492579,32358.555416298415,-33787.11169223872,161218.51462470958,110135.0585903786,44478.83564823771,-10712.097197274366,69696.98464474402,0
-221446.5847285654,160538.36231608244,29783.695571791748,-14237.356664320247,-137475.64771610918,45301.15630776145,-47303.7455181204,225705.06908536766,154188.92147952423,62270.269388842135,-14996.867483282293,97575.57492816706,0
-126540.02680376677,91736.4133917893,17019.61970493294,-8133.162492932287,-78555.02429670643,25887.42445561835,-27028.287209868977,128975.23184957603,88108.17320569001,35583.17701535174,-8569.801037866115,55757.85596005035,1
-53779.276040953904,38988.058907410865,7233.446578817928,-3456.137905661469,-33385.36588446651,11002.391810505009,-11486.556916373129,54814.71370255579,37446.0452704808,15122.917023707834,-3642.266776615647,23697.386251058088,1
-31634.273332032797,22934.30239990576,4255.226918469321,-2031.46428749937,-19636.83607983469,6472.700712028586,-6755.191618289319,32244.492326977852,22027.235089851725,8895.969934798562,-2142.5849959369034,13939.782668089414,1
-569434.3783679494,412812.76244821935,76586.47638305211,-36610.689856735524,-353509.0484295712,116488.45627503903,-121638.48786439886,580384.3079685759,396485.6391181036,160123.31315612336,-38562.94164770222,250907.4304495317,1
-474527.931464571,344010.74972872203,63822.31121397138,-30506.52263059717,-294588.46060638496,97074.54752788137,-101363.02914580425,483654.1803792822,330404.8239827384,133436.1850716042,-32135.593644881083,209088.75268976044,1
-3812052.8993881033,2763550.2701926203,512701.02526219236,-245103.4093508234,-2366562.4894862175,779818.5994629122,-814317.1131203783,3885344.2448971616,2654249.2909417828,1071935.2603890859,-258155.36033020285,1679680.0473293671,0
-56942.81384902311,41281.46800632969,7658.940987346925,-3659.6358422966355,-35349.40231211841,11649.529018535317,-12162.428714146778,58039.04057408755,39648.74846441324,16012.492481329948,-3856.4859055018665,25091.285623580254,0
-9965121.228531955,7224217.631824382,1340254.2329421327,-640737.623202345,-6186460.856675001,2038525.6563182443,-2128723.668927656,10156705.585257735,6938493.065822343,2802153.815694162,-674845.6155384853,4390864.563869311,1
-790881.904350484,573350.7802222467,106369.67202389344,-50850.930148814135,-490987.6317451895,161788.36123544315,-168945.06819154907,806088.3818325459,550674.222497477,222393.30809684325,-53559.28763509844,348481.6249156536,0
-15816.232220595894,11467.39095303184,2127.9819509144518,-1013.4945625302228,-9816.144151074732,3237.2618626592835,-3375.437981032533,16123.06462932137,11013.855538853222,4448.1270897022405,-1071.4812159522655,6970.307448536425,1
-79087.16333744062,57335.34505438706,10637.412268337306,-5082.38084934778,-49095.97747863802,16179.974586652896,-16891.81855553325,80609.77534006909,55067.687826429596,22239.612376477915,-5356.089530670859,34848.49580781996,1
-395440.68739939283,286675.4982588616,53184.955101004096,-25424.54952622997,-245492.86801516704,80894.53604607453,-84471.64459008652,403044.48395195836,275337.2195452282,111196.722438925,-26779.764112644094,174241.12359185808,0
-31634.036590444743,22934.33233069259,4255.31764341732,-2030.7192245011177,-19636.068925489042,6472.962362796202,-6754.534012265459,32244.737246092023,22027.266768489997,8895.99512004412,-2142.5051185311236,13939.531454678554,1
-284716.8945741848,206406.5131374271,38293.393011238026,-18304.696188164893,-176753.85892668346,58244.49501325123,-60818.60682740489,290192.40474066697,198242.9469909,80061.75917835762,-19281.635573343512,125454.1753985655,0
-374877.55078888976,271768.4990656646,50419.50435478719,-24101.71756318261,-232726.63515088553,76688.36681106556,-80078.53859421065,382086.34656577144,261019.79524303912,105414.56992925,-25387.47444028711,165181.28639090486,1
-316351.91222199076,229340.60025675964,42548.23245856295,-20337.799574506585,-196392.4956443269,64716.424510744844,-67575.51445771253,322436.20549926546,220269.9735153413,88957.53024423045,-21424.051495099768,139393.50308320066,0
-31634.634629817345,22934.208145862132,4255.079574635373,-2032.4940776428532,-19637.89173820333,6472.261853713987,-6756.273231406421,32244.175175954002,22027.139014489847,8895.920307969483,-2142.542695832309,13939.737509649374,0
-476110.748593042,345157.23655909573,64034.621781026755,-30611.634990678707,-295573.9231624236,97396.83428727205,-101704.31710475459,485265.39738865226,331505.94689157384,133880.8430204198,-32242.82297535284,209786.27798994834,1
-179054.93250228534,129806.85186332147,24082.439644659044,-11510.385375596381,-111157.393367237,36629.79854052004,-38246.95476249866,182499.05198015622,124672.87815627971,50350.05180841292,-12126.078522737991,78896.81466265659,0
-221446.28879227044,160538.4405746387,29783.840590195203,-14236.600916054058,-137474.85958881336,45301.41904852957,-47302.98700623597,225705.34069365333,154188.99846632738,62270.35487640481,-14996.930233045581,97575.71060824387,1
-360641.9356966654,261448.02872003804,48504.68103132407,-23187.473828523416,-223889.76499472442,73775.78553177895,-77038.40901378679,367576.60952437273,251107.5137118656,101411.4082669688,-24423.18960634699,158908.1005284989,1
-79087.04721882819,57335.41794347815,10637.46897778042,-5081.984664594283,-49095.63457574736,16180.178289488245,-16891.460867443267,80609.97424301943,55067.757026785905,22239.546323415514,-5356.268251667703,34849.03185828716,1
-179054.58918572933,129806.93997485175,24082.55458519942,-11509.639678344713,-111156.5793298003,36630.18217670493,-38246.218775422545,182499.50636897943,124672.96137726813,50350.13864211368,-12126.208251933955,78897.2438684578,1
-35747.074289363205,25915.65490523663,4808.253851478483,-2296.690364785471,-22190.77690928688,7313.6757042429435,-7634.558398283545,36435.96085664508,24890.688936345272,10052.357084974597,-2421.027256209294,15751.785339703547,1
-79086.98860339138,57335.461124500194,10637.508819857117,-5081.886214883908,-49095.5437085189,16180.21595536305,-16891.367157328645,80610.00839991761,55067.785901714786,22239.579427818466,-5356.343499796119,34849.236609362524,1
-79087.05559925613,57335.4033176912,10637.491694408853,-5082.104220467327,-49095.800052653794,16180.096614966778,-16891.58558311583,80609.88821069294,55067.74264885062,22239.59023704788,-5356.3020669552125,34849.07650606435,0
-79087.07463739792,57335.41497483008,10637.461693157717,-5082.084052526246,-49095.76422610998,16180.11467279892,-16891.56389202397,80609.90640480835,55067.754094956515,22239.568927689783,-5356.308293909591,34849.11446628729,1
-3274253.475328796,2373671.6934318184,440369.53076766117,-210526.3775586883,-2032692.5150104575,669802.0235710231,-699436.0623165144,3337203.833553333,2279790.7634013086,920707.836076819,-221735.12489359654,1442712.9360261606,0
-297371.2131353162,215580.08034403835,39995.202091403764,-19118.677448034996,-184610.0737827592,60832.917101937164,-63522.09664359391,303089.63196967845,207053.68986907727,83620.01563165948,-20138.640497196557,131030.00542530199,0
-94904.69294284079,68802.35093592558,12764.822446011596,-6099.1033402976445,-58915.44073867179,19415.85981184797,-20270.45000382675,96731.65456979045,66081.16422879875,26687.396818593337,-6427.239937606994,41817.981760658666,1
-474527.9256015016,344010.77095107484,63822.34793831047,-30506.537837017906,-294588.46949597925,97074.45396933328,-101363.05649098159,483654.2912114661,330404.8413882479,133436.24117159887,-32135.745716908375,209089.23562298523,1
-79087.5120930445,57335.27455467437,10637.270716700437,-5083.4170384751915,-49097.02573353962,16179.593584943663,-16892.84821184094,80609.51712729193,55067.61130739903,22239.501313533252,-5356.153255668817,34848.76164059968,1
-47451.625689396715,34401.450933113,6382.794718942411,-3047.5420769060124,-29455.642130037577,9708.79932489885,-10133.25285152279,48366.56443532789,33040.870088142256,13343.880689885087,-3213.986019127427,20909.995096818064,0
-5536177.384712455,4013454.5064251074,744586.1451684089,-355962.09841427044,-3436919.3290986046,1132515.4022780142,-1182620.981209714,5642615.184798532,3854718.6431115996,1556752.2823526023,-374914.2098086822,2439368.9230693053,0
-8611130.383819014,6242641.376143217,1158149.7894912106,-553679.490617615,-5345888.514258992,1761544.7942000723,-1839488.3024422936,8776683.194424614,5995739.063445571,2421416.7015875936,-583152.43901115,3794265.003610567,0
-538115.0251030496,390108.13412399485,72374.35468848975,-34595.60942981445,-334064.5635410703,110081.9433703596,-114946.88233410257,548463.4558050749,374679.01225869375,151316.5793478482,-36441.72697362476,237106.61671376086,1
-392276.9999757235,284382.18216910405,52759.62442417408,-25220.671933527774,-243528.4697803043,80247.62146430255,-83795.40498853644,399820.3661224403,273134.6014642183,110307.26714139098,-26565.901257952148,172848.24593615127,0
-474527.86313058366,344010.800834027,63822.39209761418,-30506.49495170424,-294588.4164408231,97074.47282503129,-101363.00867600707,483654.27630309196,330404.86999291385,133436.22247358327,-32135.674946970143,209089.0373008374,1
-1107235.2577750757,802690.984700412,148917.34779010378,-71191.96515560742,-687383.3832542986,226503.37864855642,-236523.7486647595,1128523.2733803247,770943.803768905,311350.5869899878,-74983.01493635296,487874.299585134,0
-743427.9051544904,538950.0208718857,99987.97478114176,-47795.99502440322,-461524.40376490337,152082.52416876113,-158804.5076478113,757724.1580125907,517634.0629640228,209049.90842868417,-50345.80381218629,327572.687649976,0
-47451.84399148369,34401.381757323055,6382.703902355358,-3048.0489190523535,-29456.274933871537,9708.572790375774,-10133.769185833775,48366.367118119495,33040.78218767471,13343.866724734118,-3214.046440122596,20910.15473396968,1
-316352.006676456,229340.56317987075,42548.270320172014,-20338.50263694453,-196393.12693727043,64716.181697756445,-67576.19360993583,322436.11906065105,220269.93204591997,88957.53482906996,-21424.071169274786,139393.63816714953,1
-31634.162739425832,22934.327707251417,4255.2720984471825,-2030.9414521012313,-19636.32406808605,6472.839445435182,-6754.7583035312955,32244.60141048935,22027.26280788897,8895.965090000629,-2142.5709057863846,13939.692076386778,1
-47451.841391165435,34401.3123226169,6382.643671821151,-3048.0265368025975,-29456.152829641815,9708.576206589365,-10133.728436729227,48366.34148739242,33040.72296773536,13343.89877741503,-3213.760660608164,20909.33267639795,1
-15816.561994777412,11467.302093835047,2127.8575473949554,-1014.0002408478542,-9816.665144385506,3237.0300143778595,-3375.937018684571,16122.778436704531,11013.768288359055,4448.170279623802,-1071.4019576065118,6970.095879059265,1
-128122.45930798474,92882.96343458035,17232.051114453297,-8236.846343694358,-79538.94665770093,26210.18995504518,-27368.105109229677,130586.75480283865,89209.36040066651,36027.915906543734,-8676.803564148107,56454.598040421544,0
-94905.02710647414,68802.35432330576,12764.759014084248,-6100.16429013264,-58916.53055559557,19415.420787134553,-20271.48930111652,96731.3502735695,66081.16067416295,26687.405143571974,-6427.453808050973,41818.68220402618,1
-126540.49637623302,91736.32341182833,17019.409909989125,-8134.7485474786745,-78556.57750731261,25886.779485053175,-27029.825587596155,128974.68182017641,88108.06959166178,35583.10743837633,-8569.68782625336,55757.59373579964,1
-63269.83780272094,45868.310078259776,8509.913480469912,-4066.4147235654264,-39277.294687709764,12943.833081164643,-13513.965857104868,64487.74372079444,44054.18107879428,17791.644825081916,-4285.049717721263,27879.370566480877,1
-158175.81938708792,114670.29078551615,21274.192785437346,-10168.694378236989,-98195.97618027101,32358.30279591142,-33787.53191231296,161218.20378875048,110134.97901954279,44478.82421242817,-10711.89186336726,69696.37902594505,0
-202464.24803109912,146778.21059655686,27231.309233036973,-13013.234146228035,-125688.13471757756,41419.60618670083,-43245.3670226238,206360.01375845444,140973.01711517482,56932.944412424455,-13711.35118323491,89211.49484864667,1
-585252.0246366014,424279.7715511895,78713.83400804269,-37627.59646675686,-363328.7192176198,119724.2313083273,-125017.29263474187,596506.0288231015,407499.11975171306,164571.15190762447,-39634.065948372765,257876.8437688106,1
-474529.05138786515,344010.53933674,63821.894928171285,-30510.02406448802,-294592.0244571116,97073.2508066879,-101366.5126658744,483653.1662512912,330404.60338038596,133436.05334917683,-32135.703335584305,209089.3405053761,0
-79087.08562338662,57335.40385743365,10637.445128979954,-5082.153485329181,-49095.846349086445,16180.07700649078,-16891.63371918352,80609.85778189599,55067.74336151101,22239.615083298904,-5356.28287114979,34849.02940219693,1
-31634.008175908195,22934.439416878045,4255.299700272197,-2030.544340501019,-19635.922469656227,6473.020690304735,-6754.37705539004,32244.834746795954,22027.357073939038,8896.001610439178,-2142.857538330653,13940.51237872287,1
-434668.31892610656,315113.7167417186,58460.96136621126,-27946.4607559057,-269845.55440859566,88919.42349415213,-92851.01734589342,443026.6535473516,302650.6730811822,122227.54188565267,-29436.470874554565,191526.2910174804,1
-316352.42117508635,229340.43118876472,42548.045156886394,-20339.325399802176,-196393.97507446833,64715.79959009075,-67576.98967115447,322435.69002276665,220269.80356023367,88957.4541507322,-21423.85550439632,139393.00796958662,0
-474528.5202869476,344010.6476375009,63822.09292190463,-30508.433462693712,-294590.4174091377,97073.87678133306,-101364.94849397261,483653.66457390814,330404.712679865,133436.0993604184,-32135.70296705285,209089.2290653672,1
-6412476.167477565,4648726.842122732,862443.1156307479,-412309.1320151294,-3980937.9470809614,1311775.3563319517,-1369816.29790212,6535759.715471025,4464865.344047486,1803163.8418138851,-434258.10085906193,2825487.375545802,1
-79087.02024069765,57335.44133598097,10637.519906275715,-5081.923448768417,-49095.57124474469,16180.204849322588,-16891.40095452275,80609.9814730711,55067.78023794868,22239.57584390361,-5356.2995462659965,34849.12484079983,1
-474528.6744993093,344010.6079961342,63822.019580548746,-30509.226597831574,-294591.23625418544,97073.5286467674,-101365.72735656872,483653.4154064553,330404.67354984005,133436.0837208376,-32135.653522675704,209089.10949369858,1
-79086.85917673408,57335.44771925515,10637.585266177612,-5081.71818830464,-49095.37594719711,16180.295572254667,-16891.20236975235,80610.10247196634,55067.785241895675,22239.65736709397,-5356.322444871486,34849.16689241257,1
-347987.1394830654,252274.58702648673,46803.04278450982,-22371.919164801402,-216032.01069349278,71187.85180849445,-74333.3671438798,354679.76643436454,242296.90019491146,97853.22431915965,-23566.292357969018,153332.3753872888,0
-1793720.9981978994,1300359.4474934805,241246.1681343625,-115330.71395940354,-1113560.8169466846,366935.48876081116,-383168.18563915335,1828207.7559380294,1248929.0212085077,504387.89089072106,-121472.46194388202,790356.2694297784,0
-136663.83029765822,99075.22104419787,18380.953442867536,-8785.602226530895,-84841.17815865895,27957.69250910396,-29192.28947528788,139292.63848078405,95156.70586580901,38429.79024617133,-9255.356995384793,60218.48878632614,0
-284716.237954646,206406.61058291068,38293.6110222788,-18303.21237003911,-176752.41475785532,58245.15381124432,-60817.16438386531,290192.9827033278,198243.04495522563,80061.82684769202,-19281.61220547039,125454.03371342488,1
-474527.9161750262,344010.74743578536,63822.345275991735,-30506.569325217784,-294588.4728743029,97074.4560275041,-101363.0775593431,483654.2645236435,330404.8203142762,133436.23042414195,-32135.5663488847,209088.75074148574,1
-63269.85472510867,45868.27538676811,8509.907892137153,-4066.3530520183263,-39277.2136656171,12943.880402267016,-13513.904716313811,64487.82174593609,44054.14118814637,17791.6638888717,-4285.047671247996,27879.390394025544,0
-75923.9069737593,55041.88535738392,10211.835036962108,-4879.905120341614,-47132.950944178425,15532.498710395786,-16216.958036236483,77385.19768352344,52864.92857601941,21349.999836058763,-5141.8596403413785,33454.68907023413,1
-47451.67869558299,34401.40045763123,6382.729936782019,-3047.6834106093174,-29455.767017961585,9708.74887016753,-10133.384281478859,48366.512536099086,33040.80290064724,13343.84388345965,-3213.802736361181,20909.488082566866,1
-379622.99705873005,275208.5349852553,51057.628574618524,-24407.37423170848,-235672.97668835835,77658.86930337292,-81092.5785253738,386922.76356699486,264323.78066216846,106748.96975065964,-25708.772491017793,167272.0281842436,0
-79087.10521825426,57335.411474079374,10637.463124694783,-5082.150008644317,-49095.8255566501,16180.085447383004,-16891.625833722846,80609.85214245977,55067.75164379829,22239.55997718493,-5356.256837652636,34848.97458762179,1
-169247.87146034458,122697.3164913688,22763.491787209765,-10879.618809489119,-105068.81482391695,34623.733823732466,-36151.789037923634,172503.74085847966,117844.53142545171,47592.40140546506,-11461.920184730845,74575.6066351378,1
-79087.48375473532,57335.283725675465,10637.331094543408,-5083.354512307005,-49096.973839366554,16179.567396014889,-16892.78524657736,80609.45652661184,55067.62501448044,22239.521234964937,-5356.0777579728365,34848.524031220826,1
-474528.0836048419,344010.70769741543,63822.25739169757,-30506.809912053403,-294588.7438279168,97074.33224129427,-101363.32177114833,483654.1571913648,330404.7918985383,133436.2036271796,-32135.64882811626,209088.96606216338,1
-1091417.4569528655,791224.0188612503,146790.04406939124,-70174.74096171235,-677563.3996923479,223267.7046527189,-233144.6536907672,1112401.665968075,759930.3717108797,306902.72984124784,-73911.86470430678,480904.8042084211,0
-79087.15257693066,57335.38241006447,10637.419942095225,-5082.1217383576595,-49095.71563612302,16180.077676031446,-16891.58695159613,80609.82008857647,55067.72413288552,22239.576517374353,-5356.15402561036,34848.663466848346,0
-4014203.3507254124,2910098.526873611,539888.7146355938,-258103.92609028504,-2492061.995320014,821170.5306266791,-857502.5089776282,4091379.5177547503,2795001.409998592,1128778.8779617695,-271845.1430363139,1768752.2730246636,1
-15816.379913878369,11467.353585988507,2127.921991261808,-1013.7370722549109,-9816.370409826646,3237.1614505304296,-3375.6697127218263,16122.913047945236,11013.819674570192,4448.113822533222,-1071.3395625969188,6969.933026387409,1
-123693.2339039486,89672.26897925592,16636.543604347382,-7951.320514430747,-76788.62713437865,25304.507591701626,-26421.263883600637,126072.95160735652,86125.64683558763,34782.553409901986,-8376.939691867845,54503.2674681076,0
-2167967.1146431216,1571668.8370701692,291579.9401383545,-139395.23072906793,-1345898.079080334,443492.9589668767,-463114.8537028071,2209648.0669063055,1509507.8635006521,609624.2485027043,-146816.61269080619,955257.5480638149,1
-347987.85241674626,252274.4750601858,46802.78242793228,-22373.676852074885,-216033.86659430878,71187.15728905771,-74335.20208475764,354679.0782435262,242296.78360596168,97853.15394464588,-23566.36301847229,153332.6615548534,1
-79087.25715801479,57335.28244656814,10637.372185757455,-5082.462758067235,-49096.149879489785,16179.948731015766,-16891.932054270423,80609.73594030688,55067.62699855712,22239.560118574896,-5356.085173355337,34848.477711155225,1
-474527.777799442,344010.80944313336,63822.356357159544,-30506.33632832824,-294588.3038037046,97074.61093603546,-101362.85347966936,483654.2701161014,330404.88050685247,133436.21893884058,-32135.72598310624,209089.08522125144,0
-139827.2179527858,101368.62769490386,18806.479115834696,-8988.680708125083,-86804.77737070223,28605.01462930246,-29867.749698954896,142517.2394195264,97359.40122970166,39319.3325373674,-9469.660918490235,61612.62269346774,1
-205628.29783997213,149071.490691449,27656.59526222237,-13218.407678333117,-127653.88083333973,42066.17005816192,-43922.92548458677,209583.96281683157,143175.5821451555,57822.446055584216,-13925.66466204204,90605.82066538467,1
-63270.111577313575,45868.23868599809,8509.776936244538,-4066.9068084400965,-39277.832351190445,12943.586250710658,-13514.45623468444,64487.480960635614,44054.10958617689,17791.62044713262,-4285.035830206669,27879.29984511411,0
-189811.3088063791,137604.30695656798,25528.870139585393,-12203.398844546888,-117836.1498949522,38829.60535503206,-40545.986720497356,193461.57988181553,132161.92850361238,53374.5781196274,-12854.397623078054,83636.08140200855,0
-47451.91385020202,34401.31362865429,6382.599234090201,-3048.1745976872016,-29456.331378047424,9708.490101349498,-10133.879971118693,48366.25448951077,33040.71897635001,13343.894961909476,-3213.821875532646,20909.4789765496,0
-260674.32688275864,188976.53990581215,35059.606942021375,-16759.365367003138,-161828.41308288364,53325.91311429893,-55683.21091961837,265687.1215116603,181502.34450125968,73300.96272439961,-17653.412894365076,114860.25022501868,0
-474528.91171009844,344010.5475153303,63821.942300230294,-30509.679127169493,-294591.66922957444,97073.40067554051,-101366.16972858753,483653.30076438555,330404.6114940533,133436.13744264288,-32135.69858760182,209089.30807708733,0
-416952.45917333907,302270.6473452206,56078.30244872426,-26807.35473986628,-258847.38600060713,85295.42377214953,-89066.59511120955,424970.27385155525,290315.563627889,117245.83952006137,-28236.580246321642,183719.8126822068,0
-474528.94434427976,344010.5494074261,63821.93593885895,-30509.77005576762,-294591.81148920016,97073.31118164725,-101366.32157338763,483653.3083076422,330404.6166553675,133436.0782455374,-32135.728667359832,209089.42989521325,1
-316352.1913209275,229340.47402034403,42548.132412727,-20338.568074627943,-196393.20868051186,64716.08439797415,-67576.23650009585,322435.88082987507,220269.85236684867,88957.48502407719,-21423.812636141192,139392.82071350887,1
-79087.23221715134,57335.38521147569,10637.42692419417,-5082.285402808838,-49096.0077384901,16180.00249104873,-16891.773822205178,80609.81001524869,55067.7233176151,22239.587777530734,-5356.4626892654605,34849.525151148766,0
-158808.85475308736,115128.916520826,21359.142833414746,-10210.368545941234,-98589.79582269807,32487.407619997008,-33923.67802318886,161862.77304610077,110575.45744647169,44656.658977700754,-10754.833907054312,69975.47981858974,0
-31634.233488329737,22934.2892164642,4255.233303177846,-2031.0764810728826,-19636.476750350557,6472.772380426584,-6754.894839597009,32244.534188992933,22027.231456096823,8896.012484196244,-2142.5658310621393,13939.66532554141,1
-15816.40534933291,11467.344629990834,2127.9206733056058,-1013.6980640608316,-9816.345175156372,3237.1774627062937,-3375.6398093828775,16122.956419524775,11013.810303580503,4448.187648644194,-1071.470376463372,6970.300566534904,1
-316352.2684104686,229340.52625775037,42548.142266980554,-20338.884644894722,-196393.53127771438,64715.953993168645,-67576.56260221988,322435.8548475771,220269.89783945383,88957.53048162638,-21424.038257650904,139393.52430688817,1
-2530823.9123796267,1834722.1166270098,340382.2527103354,-162725.85243182429,-1571163.511709051,517721.352141289,-540627.1384885827,2579481.288115992,1762157.1413432905,711658.2475383932,-171389.62691446592,1115140.945356704,1
-173993.08780150625,126137.42650743847,23401.74283793484,-11184.508897912594,-108014.52686731736,35594.570702929646,-37165.261435223205,177340.3480892788,121148.58088534679,48926.79919106943,-11783.252615314344,76666.4334596192,0
-58524.52762570557,42428.14434869927,7871.678324640616,-3761.463359804528,-36331.514070838624,11973.069570168409,-12500.449098544266,59651.24843540625,40750.0719668063,16457.32173046539,-3963.5929517205627,25788.222564120017,1
-474528.94367806957,344010.54129582015,63821.995979532134,-30509.636446610937,-294591.636128456,97073.36700854558,-101366.12766814954,483653.2667155719,330404.60709399544,133436.06731062572,-32135.68569220481,209089.25230466577,1
-79087.6651992419,57335.27582278119,10637.220033499272,-5083.75452451201,-49097.38852763432,16179.445184749833,-16893.185413210766,80609.3420611168,55067.61516350387,22239.48913717223,-5356.2061909086215,34848.911797171546,1
-1322355.2861738363,958642.3690701922,177849.8437919589,-85023.78429425994,-820932.3994123791,270509.67199668114,-282477.1725610118,1347779.1987041042,920727.1670006925,371841.50681100786,-89551.1530906494,582661.3663576248,1
-63269.27799359785,45868.40865482998,8510.231326099929,-4064.7644222558897,-39275.685887240776,12944.499174969962,-13512.362823479052,64488.29626333551,44054.27821246523,17791.742719333368,-4285.117459547638,27879.484042233846,1
-79087.03159961959,57335.42956535364,10637.50133079498,-5081.962287892722,-49095.62607727938,16180.178866300068,-16891.442290726853,80609.97816125727,55067.76834485147,22239.55276172712,-5356.329216539026,34849.189865342334,1
-63270.012699976054,45868.27610824022,8509.83785835561,-4066.6288835894347,-39277.54747875551,12943.69292963426,-13514.183345495238,64487.57599795615,44054.14380802684,17791.691135607274,-4285.091682676962,27879.451902980494,1
-4508030.725995078,3268098.5233038273,606305.6173067734,-289857.19569212,-2798636.6876530168,922190.4129669014,-962993.7058492666,4594700.435783935,3138842.1659074835,1267641.0925717622,-305287.41765612026,1986343.851901144,0
-895278.3832192072,649033.1360357454,120410.49885753158,-57562.95000866287,-555797.6964487488,183144.52348326737,-191245.5156584199,912492.0253867084,623363.2700919204,251749.23541570117,-60629.24434367437,394481.5425382076,1
-474527.8138895364,344010.79129687714,63822.37969338426,-30506.427545239876,-294588.3296017544,97074.51696641247,-101362.93775326082,483654.32978946733,330404.8608712769,133436.2204883272,-32135.596587994896,209088.8293186627,1
-474528.04003336944,344010.77722065424,63822.36516043906,-30506.802781681792,-294588.7539962928,97074.31287229081,-101363.31497922062,483654.07425398147,330404.84872633807,133436.20968907388,-32135.68835428942,209089.0573076431,1
-63269.96920219278,45868.290599020336,8509.841322351533,-4066.7275092541763,-39277.602863021355,12943.718855169403,-13514.278152609066,64487.657350839065,44054.15743827943,17791.646607191018,-4285.052137563107,27879.420327706306,1
-124325.8367527953,90131.01081026746,16721.700216982917,-7991.92034965138,-77181.32556832966,25433.995896105407,-26556.33863234175,126717.88323358756,86566.25068697587,34960.40711856982,-8419.831042131453,54782.19250179405,1
-79087.04399625551,57335.41568821517,10637.504004588725,-5081.952882265248,-49095.61301902064,16180.188875963971,-16891.433917454713,80609.98954526709,55067.75394462692,22239.59592346591,-5356.33248091989,34849.20761046505,1
-253081.6109540208,183472.4345135017,34038.590072559324,-16270.692829262769,-157114.36887345667,51773.00751723271,-54060.83515940286,257948.94837072614,176215.9322499874,71166.02874545558,-17139.24573108881,111514.88325057407,0
-411257.25491768064,298142.7572922303,55312.8220230765,-26438.242416807378,-255309.21252619417,84131.49604082752,-87847.22883918489,419167.3195223033,286350.9511353341,115644.77449357226,-27850.99540450676,181210.70257189698,1
-120213.4323747966,87149.53934250206,16168.513056983757,-7727.953451540033,-74628.72925027204,24592.472759035,-25678.300636343305,122526.00626159871,83702.69416275411,33803.96640629272,-8141.379551429939,52970.21251447691,0
-949057.3593414659,688021.1583537546,127644.0225667581,-61017.54414584986,-589181.5002382019,194147.35922987325,-202730.5263448306,967307.0122763449,660809.2970457459,266872.1033096262,-64271.134740272486,418177.6792899035,1
-790881.6814017682,573350.8553270221,106369.79544828874,-50850.063286554054,-490986.72857594956,161788.7199260252,-168944.274128658,806088.6584606806,550674.2946297801,222393.37096889032,-53559.34478590344,348481.77806518093,1
-395440.4309374658,286675.55868595536,53185.04731080495,-25423.796096193357,-245492.08158029304,80894.83793348719,-84470.86508605613,403044.78798846516,275337.27743232454,111196.80322142637,-26779.865472350706,174241.3779475479,1
-42074.13684593987,30502.482204182044,5659.220346996665,-2703.49876957243,-26118.681553660805,8607.979884180148,-8986.12116393683,42884.656466910514,29296.08115794348,11831.52193164866,-2849.5291883277696,18539.717392974526,1
-376459.4326540909,272915.1521393905,50632.180428064254,-24203.888679353866,-233708.94349613457,77011.74636491659,-80416.72487209375,383698.42381868616,262121.1062408355,105859.35089423266,-25494.503655838947,165878.0171262933,0
-264153.8124242552,191499.40177531872,35527.81584314813,-16981.884525305963,-163987.49072927888,54038.26286392815,-56425.350697590926,269234.27589922317,183925.43038538113,74279.54615235653,-17889.075625151738,116393.52349931824,1
-94905.13938340933,68802.33935720552,12764.658746545198,-6100.2822909063025,-58916.63516467537,19415.37760942721,-20271.603968821153,96731.30921570875,66081.14589311724,26687.371224911327,-6427.440296204358,41818.66852879173,0
-79087.34132757765,57335.295447729295,10637.347250837061,-5082.967159569646,-49096.543588632805,16179.7604814201,-16892.395669626414,80609.64776926494,55067.63401777969,22239.533489409132,-5356.0208174138015,34848.3796892149,1
-31634.135857915226,22934.348091974138,4255.309881474664,-2030.8864844320683,-19636.2843697996,6472.855871994618,-6754.709934180465,32244.61109481777,22027.281945281713,8896.045650183121,-2142.6592546102565,13939.931300470465,1
-221446.42023440517,160538.36138654142,29783.721582678572,-14236.929927899802,-137475.19554640775,45301.31114053774,-47303.316475045634,225705.24029434088,154188.9235607916,62270.259925432685,-14996.798193566585,97575.34435112645,1
-31634.065198109052,22934.36858511939,4255.345687505981,-2030.697254689169,-19636.08295685354,6472.950693262629,-6754.52535586638,32244.73407204247,22027.300740469753,8896.057918034441,-2142.7370783857486,13940.1644700427,1
-263521.7052030806,191040.53572904345,35442.45185189144,-16943.168118338886,-163596.69662264927,53908.07311163469,-56292.14078883633,268588.8125075411,183484.70369817692,74101.53670384725,-17846.05060178921,116114.36410189816,0
-474529.13795066974,344010.5919401678,63821.86617037921,-30510.244460334394,-294592.2848530455,97073.11461474549,-101366.74677022918,483653.03490533336,330404.6399675727,133436.05056208692,-32135.847474248792,209089.727209838,0
-474527.94132587785,344010.77464816556,63822.32647144157,-30506.525046761388,-294588.486648941,97074.53061907558,-101363.03836440755,483654.16485542525,330404.8477302798,133436.20604178548,-32135.7139859984,209089.0738844071,1
-44288.788475819616,32107.817944196588,5956.966631334541,-2846.123290333745,-27493.730810960864,9060.858408753767,-9459.417053828787,45141.612850445046,30837.929000437573,12454.200460367849,-2999.639580187496,19515.84712037877,0
-47451.66153178629,34401.407255528226,6382.725922305385,-3047.6982582453165,-29455.827254478634,9708.715893233943,-10133.409606291241,48366.51734202068,33040.80916259455,13343.851648021977,-3213.94175960524,20909.831727992172,0
-158175.62161304033,114670.42175004673,21274.29669677732,-10168.018898700011,-98195.31489349729,32358.621888730206,-33786.813388727736,161218.38611210522,110135.10604361838,44478.92159101295,-10712.206765645451,69697.2015804984,1
-110722.78417989702,80269.34886311779,14892.082454817795,-7117.520803603564,-68736.60642626342,22651.111987544813,-23650.721207742496,112853.01977459302,77094.62626179075,31135.2833813963,-7498.6155804329655,48788.29580414167,1
-180320.3025163324,130724.23442311422,24252.65806569501,-11592.153791493954,-111943.24349391575,36888.59187134694,-38517.63686371178,183788.91062940215,125553.97052268682,50705.86570805562,-12211.805491110841,79454.6096323469,1
-15816.475364256532,11467.322884208319,2127.8994806953565,-1013.8312352891644,-9816.47291921201,3237.1179532606025,-3375.7661747204193,16122.883484662894,11013.788735656271,4448.111789703699,-1071.3909100221517,6970.080071975698,0
-1977205.556164232,1433376.803743639,265923.91400444927,-127127.86701541506,-1227469.5851442625,404470.5580154631,-422363.137423125,2015220.3388771128,1376685.4179191233,555983.079566934,-133898.08969770803,871203.6202713975,1
-854152.786159362,619218.790424205,114879.174229404,-54919.440276879315,-530267.0733958397,174731.2268173122,-182461.0852500007,870575.1960817778,594728.1091441362,240184.72616405223,-57844.03999751109,376360.1953405445,0
-1107234.0062352607,802691.3145648629,148917.86554995872,-71188.2540471583,-687379.6172683312,226504.74802229516,-236520.06619748913,1128524.3662645372,770944.1325546957,311350.7293804103,-74983.09337780053,487874.2445921788,1
-790881.2773747329,573350.9581961771,106369.96678097369,-50848.84846579748,-490985.46643162175,161789.1417215456,-168942.98001528665,806089.0687348589,550674.4010892083,222393.40771789718,-53559.42995134203,348481.9284972682,1
-79086.402504415,57335.579921518955,10637.761571649831,-5079.798672520067,-49093.32781679686,16181.06003113982,-16889.22657930159,80610.49329172207,55067.91634602112,22239.688895439813,-5356.259725467258,34848.78226910637,1
-31633.957070906832,22934.42507366086,4255.404570378616,-2030.472625731311,-19635.83380950057,6473.062856091252,-6754.301495003669,32244.83639724549,22027.35737459488,8896.069816086243,-2142.7730058835627,13940.289234927097,1
-474527.93794857233,344010.7767819186,63822.326458985095,-30506.53225934903,-294588.486782916,97074.53027671174,-101363.04284188263,483654.15239672275,330404.8504155605,133436.19992858218,-32135.673987630867,209088.9666001683,1
-474528.0371192105,344010.72857237875,63822.26757121844,-30506.713848610172,-294588.67797220463,97074.44601084382,-101363.2217978217,483654.074942019,330404.8005797096,133436.17792695537,-32135.623120094908,209088.81567880782,1
-1429915.3224174676,1036618.1081321945,192316.12449577058,-91939.7042781677,-887706.9177098871,292512.9563773533,-305453.8960132736,1457407.124108896,995618.8911408101,402086.99145639763,-96835.40532302465,630055.4068449778,0
-474528.33720964956,344010.7343648962,63822.201589175085,-30508.0500360703,-294590.0863703165,97074.06836284406,-101364.59193025023,483653.8723918305,330404.7962706227,133436.14983972305,-32135.92209183725,209089.8723426334,1
-1328681.8671408063,963229.2801385563,178700.97585270746,-85429.48588837036,-824859.1557377634,271804.3920729919,-283827.6267483305,1354228.3370401224,925132.6652656563,373620.72441244696,-89979.68955435212,585449.3232812138,0
-790881.9747333959,573350.7831185826,106369.64754639233,-50850.70567554715,-490987.4377147673,161788.40787335273,-168944.85472878037,806088.311240258,550674.2249730479,222393.32385080095,-53559.31053423137,348481.62757444114,0
-376458.5230500577,272915.29750267713,50632.49321506372,-24200.933451119767,-233705.9295435328,77012.81394843878,-80413.76961295896,383699.21734170866,262121.2645813511,105859.44592202536,-25494.287665718148,165877.14655283216,1
-949058.6057611409,688020.9275170718,127643.54542127025,-61021.43804972549,-589185.4959634151,194145.85595383547,-202734.40310647467,967305.825843726,660809.0577212726,266871.94100519794,-64271.2597281267,418178.2898011716,0
-2654834.550210404,1924623.4344915196,357060.9544594458,-170700.1563283058,-1648151.2026703886,543089.3750601846,-567118.5323019471,2705875.617548141,1848502.7757696242,746529.4420141827,-179787.62584719536,1169782.640744845,1
-272063.1494605133,197232.7568407382,36591.297598841025,-17492.035963186554,-168899.0757144294,55655.50251851095,-58116.47320447503,277294.6692788784,189432.0217614364,76503.39889865209,-18424.57891824955,119878.20406178045,0
-79087.1392999841,57335.3836956487,10637.421410901188,-5082.29411765905,-49096.00438441069,16180.003178224168,-16891.77350128756,80609.77091062992,55067.72423975325,22239.626188666647,-5356.254579016359,34848.93235239743,1
-474527.822246959,344010.8004825027,63822.344960718554,-30506.31430563148,-294588.2540254383,97074.64075203169,-101362.82885434492,483654.28703295824,330404.8725273993,133436.25296763188,-32135.7064743645,209089.06996203656,1
-31317.683776239508,22705.029468308116,4212.774511820814,-2010.4082485826805,-19439.720640833802,6408.217812017133,-6686.987824145734,31922.25271667382,21807.03453840092,8807.036341377207,-2121.1406559953803,13800.289324896446,1
-284717.12958918436,206406.41101312244,38293.22886304272,-18305.2863639668,-176754.45834789422,58244.26592165514,-60819.17907562282,290192.2095392097,198242.84865044308,80061.6819726536,-19281.53311598479,125453.89069310769,1
-711793.6552773147,516015.75597162533,95732.77759092598,-45765.21013843071,-441888.2287351106,145609.78128768652,-152049.9506544877,725479.695052407,495606.8534295934,200154.04275225362,-48203.495224741375,313633.8343459474,1
-9531717.609634737,6910021.462874603,1281963.7734084553,-612870.8328759569,-5917399.058832159,1949865.8751781152,-2036141.2384463074,9714969.398795485,6636723.649494989,2680282.373123994,-645495.1288459281,4199896.59776863,0
-79086.7716770033,57335.44861356328,10637.560234682902,-5081.670361576619,-49095.32489323813,16180.318574936251,-16891.151653253004,80610.13944231128,55067.78682492008,22239.636098493935,-5356.234163076817,34848.90504815009,1
-537799.7699363247,389878.58940257796,72331.42891635263,-34578.62408308354,-333871.58369601256,110016.08872102742,-114882.6464288781,548140.082445257,374458.5241406777,151227.49527520873,-36420.526873012954,236968.1319694703,0
-316352.4712760481,229340.44095448754,42548.00483938973,-20339.323953867177,-196393.99583194294,64715.74117238318,-67576.99259412533,322435.6434058975,220269.81628837285,88957.41015750193,-21423.893226179778,139393.08592210937,0
-79087.22262408139,57335.35697345982,10637.40729003257,-5082.4324896653925,-49096.04525802148,16179.939374141904,-16891.874163431192,80609.74983186106,55067.69930209251,22239.566964347494,-5356.197036020195,34848.789697030865,1
-316352.3501091236,229340.49045447112,42548.08164682031,-20339.11130205528,-196393.7879597861,64715.877802398456,-67576.79988489802,322435.7829729223,220269.8600337633,88957.52205433474,-21424.058442087393,139393.57045909343,1
-790880.8089322868,573351.0569984165,106370.15809011162,-50847.07128610014,-490983.69224459276,161789.81023463665,-168941.2328819225,806089.4706643785,550674.5076350084,222393.4580664005,-53559.36718117739,348481.5870406613,1
-79087.18825841279,57335.39630900435,10637.449308758021,-5082.1950023789095,-49095.90601365051,16180.049541323993,-16891.683145636092,80609.86381575406,55067.734113927596,22239.575172010478,-5356.463576035655,34849.536445136575,1
-8351720.807739864,6054582.37337529,1123260.6051049677,-536999.909866915,-5184844.066725654,1708478.4325917307,-1784073.850844466,8512286.492546476,5815117.969572114,2348471.77143433,-565584.9867409327,3679963.0242376267,1
-1107235.2310726354,802691.0470317663,148917.36315640862,-71192.0315267176,-687383.4849649809,226503.52291497745,-236523.83084482414,1128523.3339910528,770943.8620188267,311350.61001824506,-74983.38189469799,487875.3324929792,0
-632705.3217889058,458680.7041888604,85095.85248633107,-40679.92184355186,-392789.247605964,129431.20278831651,-135155.23899466314,644870.9909823143,440539.4522720354,177914.73841511438,-42847.633721558384,278785.86469802255,0
-1107234.582116545,802691.1897391021,148917.65064824876,-71190.10179059023,-687381.4923072429,226504.1208197959,-236521.92110154117,1128523.9040730079,770944.0114329905,311350.6604710739,-74983.17115887796,487874.6522107513,1
-47451.680906821006,34401.393147213916,6382.697952653173,-3047.9547667761676,-29456.15485510807,9708.627465011248,-10133.664450151946,48366.39609140581,33040.79584776911,13343.877323354302,-3213.807926852749,20909.482063134306,1
-47451.84956870946,34401.35140373858,6382.653019272776,-3048.03279141569,-29456.17552041469,9708.558062718474,-10133.738318366852,48366.32245184547,33040.75648149737,13343.854998530143,-3213.8590536556694,20909.595264825253,0
-474528.6479770826,344010.6743463957,63822.08152702701,-30509.07816117219,-294591.08894371137,97073.65007926447,-101365.56779043,483653.544315989,330404.7344805611,133436.15513853892,-32135.86225608783,209089.77703195697,1
-28470.705511284366,20640.897817559162,3829.7251004524232,-1827.7905220985422,-17672.707927397987,5825.597550221569,-6079.235776555118,29020.17654096893,19824.54027063509,8006.386779110187,-1928.3244632024823,12545.764678802245,1
-6450438.555653045,4676247.657226014,867548.8313082706,-414750.3665787643,-4004505.736169263,1319541.0655227068,-1377926.0452989058,6574451.880867717,4491297.683271712,1813838.6736516934,-436828.8811325944,2842214.3520171707,1
-2420100.5141883004,1754453.0325524225,325490.5380335523,-155606.9680210126,-1502425.2996265818,495070.8495173679,-516974.9962202959,2466628.797324165,1685062.7757882762,680523.2062918482,-163891.25890811608,1066353.3324829405,0
-1107234.735168364,802691.1368598954,148917.5664940847,-71190.43466351407,-687381.820146305,226503.96802198107,-236522.2335364157,1128523.7910263618,770943.960186204,311350.6156314109,-74983.13707818267,487874.56021260837,1
-300534.1539848395,217873.6065402706,40420.920334871684,-19320.550386227,-186572.49561883844,61480.7715992758,-64196.38463030533,306314.5656978095,209256.5101865389,84509.67897667615,-20352.888375572955,132423.94506020166,1
-601069.9091234764,435746.7374111754,80841.15908132897,-38645.550461548286,-373149.40374961233,122959.66287765172,-128397.11927248444,612627.5918348355,418512.5498453114,169019.02275772305,-40705.30282493155,264846.7235179246,1
-474527.9562675763,344010.7748024565,63822.300101273126,-30506.55459605634,-294588.5133628895,97074.51868164336,-101363.06642709515,483654.14910948055,330404.8481332938,133436.19908036687,-32135.69464301868,209089.02257444224,1
-47451.62071996225,34401.386802334935,6382.728502966429,-3047.6730971453253,-29455.78868736353,9708.738804441598,-10133.380954395097,48366.526576946366,33040.79046295686,13343.919688467608,-3213.8353853962944,20909.5410387718,1
-105028.39325977575,76141.23009111146,14126.242786890085,-6751.237212362336,-65201.310974622545,21486.32517247138,-22434.15963734226,107049.2952049925,73129.77593553362,29534.029248233885,-7113.005630050264,46279.3049363401,1
-253081.66042793018,183472.41425787014,34038.560351191656,-16270.779372238549,-157114.46081730796,51772.94347396007,-54060.969187243994,257948.95086154068,176215.91383555744,71166.07232679136,-17139.280684457062,111515.00108909272,1
-177155.91331630378,128431.00741164443,23827.552375974396,-11385.61969656181,-109976.1241447224,36242.6666552467,-37838.71800392453,180565.3089759078,123351.4630851986,49816.416320941746,-11997.569909704678,78060.36921918383,0
-1107233.972687658,802691.2682582139,148917.87218690466,-71188.19160943807,-687379.5388091282,226504.7923885659,-236520.00187784265,1128524.4361145145,770944.0964969384,311350.74679855205,-74983.02061754631,487874.0507778974,1
-94905.22921621983,68802.30525180044,12764.636006760351,-6100.643022376819,-58916.99772588474,19415.28020275416,-20271.957406879017,96731.18664434525,66081.11281216166,26687.379466158895,-6427.38839252231,41818.54492345324,0
-79087.0569207065,57335.39715109058,10637.423739673075,-5082.0884797063645,-49095.76586948611,16180.117099144825,-16891.566876650882,80609.9259416867,55067.736393674015,22239.56494035306,-5356.256094789192,34848.96428036359,1
-189810.72079171464,137604.4911870452,25529.18121160473,-12201.521511436486,-117834.3398885256,38830.34343180849,-40544.17238646764,193462.09845889913,132162.1146508144,53374.57912190758,-12854.53310655871,83636.34300422613,1
-86996.37514777412,63068.82811977956,11700.896389035774,-5592.150954649014,-54007.153154340944,17797.363987271965,-18582.540976863253,88670.26062508396,60574.40105860741,24463.439603018767,-5891.710736297735,38333.49190910387,1
-474528.0760486478,344010.72971181694,63822.27357876798,-30506.834991020743,-294588.7638588555,97074.31957992817,-101363.34288443618,483654.1116907166,330404.8004675801,133436.20046106997,-32135.595948216927,209088.8194638406,1
-31634.064512711087,22934.36546136342,4255.312268743517,-2030.7977227613294,-19636.16514620648,6472.9088758103035,-6754.612899772097,32244.66553648442,22027.300376050254,8895.940520485148,-2142.5526641781657,13939.647158167543,0
-336597.98418583017,244018.46058691764,45271.51778234311,-21637.77772356642,-208959.88574183822,68858.8044274705,-71898.6816851477,343072.5234048902,234367.32026666208,94650.8886304949,-22795.095154884813,148314.22908324117,1
-474528.0050407294,344010.7465401657,63822.31839221518,-30506.615306929627,-294588.5708776176,97074.49535258279,-101363.12522643436,483654.113109818,330404.82062414376,133436.21971794125,-32135.6621437173,209088.9389617249,1
-474529.0115461613,344010.53277907416,63821.91209313163,-30509.95230900947,-294592.02129701007,97073.2603108619,-101366.52479006349,483653.2082334365,330404.60060473904,133436.07563723894,-32135.69640277884,209089.34163925852,1
-31634.120100117954,22934.342853905542,4255.299640937123,-2030.8492968053251,-19636.226787688076,6472.884757570269,-6754.668252100958,32244.6491694081,22027.273757035367,8895.994654389915,-2142.5986508138603,13939.776238440534,0
-474527.87943486485,344010.8541924547,63822.37483090683,-30506.464391692538,-294588.3968928562,97074.47773628798,-101362.98468612693,483654.27753112314,330404.9093122535,133436.24797331943,-32135.815500667777,209089.4336555081,1
-854152.6668657436,619218.8722387083,114879.18605359647,-54919.02882700692,-530266.6797561845,174731.47009745167,-182460.70312993875,870575.3449937544,594728.1868210437,240184.75535109267,-57844.2467286396,376360.7604196435,0
-2847176.904633651,2064062.3564505263,382930.0121333726,-183066.39199759494,-1767558.7037708517,582436.5314756648,-608205.271938186,2901916.4663871685,1982426.762754035,800615.5400708952,-192813.2194092778,1254533.2181873966,1
-474528.02970677597,344010.74374463526,63822.283173643715,-30506.808851619953,-294588.74633602187,97074.3243406315,-101363.31779621601,483654.11676125886,330404.81412009225,133436.20238055493,-32135.596727999913,209088.80660929056,0
-790881.5454442964,573350.8859450502,106369.84682798327,-50849.26769155422,-490985.9551373138,161788.9801843893,-168943.44049946676,806088.7374889329,550674.327559432,222393.39937934087,-53559.326904215544,348481.59147193073,0
-949058.6223626226,688020.8795181036,127643.4967756985,-61021.52880288803,-589185.5935684466,194145.80776853976,-202734.48870616304,967305.7635212505,660809.011817263,266871.95329439966,-64271.116979520884,418177.8647667666,1
-4428942.156390885,3210763.547786957,595668.8221263316,-284770.88280312537,-2749536.668164761,906012.0394803807,-946097.9911301965,4514091.942993849,3083774.846362739,1245401.880166058,-299931.47315986216,1951495.5885395128,1
-6325.8096705762155,4587.160997520493,851.4854435379565,-403.6170129013922,-3924.7207651926065,1295.669030756862,-1348.4397697318873,6449.866015847847,4405.742626075318,1779.4518694824121,-428.85426818175,2788.7947806422903,1
-49983.19671876081,36235.91022447916,6722.773858704184,-3212.4850603613345,-31029.105993977846,10225.610318652272,-10676.053398936321,50945.306881582284,34802.75184912977,14055.43451615323,-3385.1745318128083,22024.619363170812,0
-248336.22177858852,180032.39386278915,33400.39684263528,-15965.006945849413,-154167.90213687188,50802.4147158906,-53046.59034093308,253112.39818031326,172911.95339976126,69831.69318492067,-16817.889188867644,109423.86641882067,0
-79087.25055039568,57335.378165640745,10637.391276651566,-5082.309498410335,-49096.00703362266,16180.00783908281,-16891.791869382807,80609.78645851914,55067.71720326863,22239.62838245268,-5356.361425325329,34849.2679911026,0
-316352.31114115723,229340.48318483387,42548.10302002323,-20338.902272642015,-196393.5701180113,64715.92232470892,-67576.58407626713,322435.79461529467,220269.85825604707,88957.50701222611,-21423.96079347822,139393.2652618899,1
-632705.3542867246,458680.7241654924,85095.87080005888,-40679.941577509635,-392789.2989736967,129431.01555415498,-135155.27376988772,644870.9262599042,440539.47594153846,177914.7338377182,-42847.643484558306,278785.87158942886,1
-474527.9158371345,344010.78103499167,63822.339414004455,-30506.472227637205,-294588.427705899,97074.55804107616,-101362.98561929418,483654.19557779015,330404.8539048523,133436.20484978793,-32135.716280363,209089.0854257989,1
-103763.10665170851,75223.7907984747,13955.98594026436,-6670.101175547371,-64415.97804281938,21227.3301533015,-22164.06757203585,105759.38817985711,72248.62271931958,29178.230259834512,-7027.162604886669,45721.28046254112,1
-632705.119921949,458680.7308460826,85095.93331721344,-40679.01126212111,-392788.36101490696,129431.36208372356,-135154.35205198257,644871.1516124705,440539.49236855423,177914.7730381437,-42847.533705591806,278785.4724040632,1
-1328682.1286241112,963229.2271801559,178700.8886272214,-85430.07542880558,-824859.7441740183,271804.1855786603,-283828.22358654113,1354228.12658148,925132.6126862124,373620.67079819686,-89979.62730898432,585449.219172066,1
-76872.52316948165,55730.062457565175,10339.72335237699,-4939.426145721786,-47720.70721508945,15727.245436418742,-16418.25097808711,78353.01293858919,53525.89337062013,21616.957252561602,-5206.482643351935,33873.789096258355,1
-158175.83405599944,114670.28566549122,21274.202284367482,-10168.814775966406,-98196.09358578453,32358.31938424205,-33787.654646245996,161218.2491896667,110134.9819956885,44478.82696205897,-10712.012360176617,69696.75078356227,0
-1793721.065311857,1300359.4291156086,241246.1155825363,-115330.92194524319,-1113561.04047056,366935.49889139744,-383168.417742819,1828207.731490512,1248929.0004675281,504387.870098288,-121472.56971348784,790356.5774084906,1
-1591255.0645665298,1153581.673629908,214015.5736278143,-102312.87055201904,-987867.9507724387,325517.7741278224,-339918.3049254573,1621849.3049636448,1107956.43983446,447455.2117280493,-107761.32706613756,701145.1505604644,1
-316352.0594007568,229340.53592291844,42548.21432721018,-20338.391852098724,-196392.9945962871,64716.19170004878,-67576.07251992059,322436.10187470634,220269.90869082647,88957.48179350156,-21423.947055896133,139393.27864189938,1
-458710.7947004069,332543.71309870656,61694.729037334895,-29491.34026699966,-284770.5521202736,93838.18704513696,-97985.96275180286,467532.0349436447,319391.30534346594,128988.27368930134,-31064.700508593953,202120.17090692412,1
-714640.7639243954,518079.8127502056,96115.71310888222,-45948.063038621985,-443655.54918934166,146192.27957225652,-152657.91870411104,728381.6808120947,497589.27270835935,200954.6201417063,-48396.24730740906,314888.16232821817,1
-47451.84829258115,34401.377441557925,6382.664037099355,-3048.041934017735,-29456.189550811974,9708.547922629761,-10133.748206243861,48366.28565281058,33040.78136324112,13343.886539464258,-3213.8800114543847,20909.65252746277,1
-158175.57287137862,114670.42585102007,21274.387722518542,-10168.075985251438,-98195.33642023696,32358.590590460688,-33786.93114912132,161218.52944203638,110135.10651762826,44478.87128420668,-10712.232214810594,69697.36786200617,1
-158175.8730652589,114670.3044523258,21274.17790746782,-10168.853259297088,-98196.1536353096,32358.245620279442,-33787.69641778546,161218.15642724658,110135.00125242719,44478.779081701585,-10711.995287880336,69696.67074918422,1
-295155.7064450439,213974.86580829072,39697.76316776722,-18973.17630410526,-183232.1125114265,60381.10273267641,-63045.940513903515,300833.489405639,205511.98146078075,82997.44255834626,-19988.44674106846,130053.3827994096,1
-94904.83831137426,68802.38973284392,12764.811974415812,-6099.510906786676,-58915.81245939533,19415.7855352731,-20270.77140080448,96731.56553432807,66081.19691884221,26687.479406280123,-6427.385056349864,41818.492092017295,1
-31633.720974382708,22934.443346457905,4255.452384303898,-2030.192940641709,-19635.545176359414,6473.195544784954,-6754.023025373272,32245.00992808292,22027.374899310493,8896.080415314476,-2142.7078998682878,13940.088010043226,1
-392909.7218014112,284840.8317387381,52844.69887225831,-25261.404514637477,-243921.30332219158,80376.96122731944,-83930.6104209674,400465.143826091,273575.1133390256,110485.12867654522,-26608.47931166194,173126.27099593074,1
-158174.85396850877,114670.52373711855,21274.540586300096,-10165.44382632073,-98192.6632229956,32359.64236246656,-33784.27393565455,161219.0767094952,110135.22025578037,44478.97261452,-10711.96824938587,69696.30787018547,1
-158175.35549538408,114670.45369079289,21274.377288125474,-10167.357528620041,-98194.7115097863,32358.8704243489,-33786.247909902704,161218.65800311978,110135.13793149867,44478.9175730229,-10712.17294225107,69697.09963066006,1
-79086.9724166701,57335.45009872718,10637.569188743548,-5081.769918159125,-49095.42482668807,16180.273764023223,-16891.256378554306,80610.08934613309,55067.78679594466,22239.605363305698,-5356.435274538368,34849.50462903991,1
-411257.9170463373,298142.6107668726,55312.54311167597,-26440.7219573451,-255311.72150373927,84130.70332209133,-87849.67507291408,419166.6032382251,286350.7982550069,115644.69048810497,-27850.964386012638,181210.78875063133,1
-253081.3493745676,183472.49488485442,34038.780747145116,-16270.259607631855,-157113.93095871655,51773.15499961878,-54060.40537415434,257949.093667583,176215.99040831995,71166.0333140316,-17139.207786160205,111514.74845302652,1
-158175.7590910294,114670.31934668215,21274.27906721187,-10168.297832261756,-98195.59475363286,32358.49862660436,-33787.081647253275,161218.2605185374,110135.0083207658,44478.83604802065,-10712.026769413886,69696.68800156219,0
-158175.68723655737,114670.36165174132,21274.273831935643,-10168.439788758482,-98195.69531925641,32358.475529445746,-33787.28284443658,161218.39434735474,110135.04245476409,44478.846405292556,-10712.070846559798,69696.92286919814,0
-2359992.8602267094,1710878.4646800903,317406.64963710937,-151740.50531784564,-1465108.4910290292,482775.647202107,-504133.3895308659,2405366.7632726203,1643211.6287082026,663621.373661692,-159820.7412687096,1039868.6405495518,1
-94905.17085971645,68802.28211382742,12764.650342330979,-6100.5184812186735,-58916.859787634494,19415.322475599838,-20271.828012865088,96731.22684080646,66081.0888864316,26687.357589417075,-6427.266653836738,41818.18911314154,0
-237263.89665332096,172005.4974294224,31911.20216336887,-15253.454046556692,-147294.38922287707,48537.29200900229,-50681.71594002848,241827.21892966158,165202.52388699248,66718.12898127708,-16068.08454839045,104545.31514956195,0
-31634.15107717503,22934.343065327008,4255.287643372304,-2030.9106486230714,-19636.296030503712,6472.852022828684,-6754.73018176924,32244.598160315632,22027.279139542487,8896.03033570208,-2142.6056104898194,13939.792398825106,1
-158175.96488976065,114670.33005876077,21274.179433102367,-10169.190484567445,-98196.492502971,32358.136218348405,-33788.03634023737,161218.11851104637,110135.00978669834,44478.79654479409,-10712.158099667882,69697.18939452786,1
-79086.96356058458,57335.412689098084,10637.479002578637,-5081.99910904851,-49095.685867530396,16180.150189916762,-16891.479672333426,80609.95844609084,55067.752002123336,22239.591717748754,-5356.255649377909,34848.94388868792,1
-47452.18042356378,34401.317612484825,6382.546770038726,-3049.2113967652704,-29457.364779032556,9708.117983775634,-10134.893653048675,48366.00740383999,33040.71714990359,13343.789577343308,-3213.9017211999303,20909.83591719285,1
-242009.46614699028,175445.4709998388,32549.308920303436,-15559.213102090913,-150241.01927660283,49507.747474996686,-51696.033903137104,246663.4628298808,168506.4384821274,68052.48352204147,-16389.359682288377,106635.94188626137,1
-37961.53976589954,27521.071141194057,5106.094426211913,-2438.948786472006,-23565.417258738984,7766.71658520312,-8107.483617806734,38693.011947242296,26432.59286026316,10675.130223506028,-2571.0379283880397,16727.656074630475,0
-1077498.2550896194,781132.9603616378,144917.74752674822,-69280.5211369362,-668922.8049670156,220419.88228175032,-230171.94287253442,1098214.1463139856,750238.4222165879,302988.538083575,-72969.1100942586,474771.1844648007,0
-866807.1512664274,628392.3598350952,116580.96199849404,-55733.52240045097,-538123.389538612,177319.60827809264,-185164.69387035433,883472.4004053887,603538.8503472708,243743.0579733026,-58701.04059808683,381936.0604457407,0
-320464.99223688955,232321.84420652993,43101.15602276109,-20603.87413499881,-198947.2366386793,65557.02996896519,-68455.62851723605,326627.3260603864,223133.3011944477,90113.88930487199,-21702.289813678224,141204.91256763155,0
-284717.098283665,206406.4111539756,38293.27829212591,-18305.197878735304,-176754.37583183075,58244.3090710316,-60819.098582414124,290192.19802683935,198242.845308169,80061.76027369381,-19281.499847837287,125453.79008649968,0
-31634.206587292512,22934.319158436116,4255.252921370196,-2031.0426253784074,-19636.44168760523,6472.78423717998,-6754.860443892246,32244.53762762422,22027.251019275438,8895.984451541894,-2142.57684377216,13939.694653763003,1
-395440.4741043078,286675.5566326103,53185.06202654106,-25424.05959925609,-245492.3495639753,80894.81859549195,-84471.14542741682,403044.7742217936,275337.2721003407,111196.78084259573,-26779.929685152205,174241.6149989539,0
-316352.349142384,229340.49709916784,42548.108887599905,-20339.164051535867,-196393.83217478305,64715.853080856024,-67576.84559848298,322435.7190040106,220269.87010386254,88957.48637365771,-21423.96404197948,139393.30692481718,0
-2299886.5457288935,1667303.6189838485,309322.22099345713,-147877.87046915782,-1427795.6244737322,470478.9597519107,-491295.6510395898,2344103.3181397426,1601360.1963886165,646719.3838308372,-155750.25308430268,1013384.1322216601,0
-15816.344367624948,11467.351722311869,2127.9588901606985,-1013.6841045309833,-9816.332557975702,3237.1793139581387,-3375.6226333746467,16122.938275810051,11013.818954474,4448.186521628723,-1071.3966217745458,6970.080101407283,0
-79087.24382464825,57335.383171403424,10637.401390525623,-5082.398840461151,-49096.10148669195,16179.95730043262,-16891.874855341477,80609.71086415747,55067.72411725623,22239.555521961443,-5356.270510344785,34848.994363046346,1
-2654201.662865515,1924164.766346481,356975.84459845664,-170658.9023989165,-1647757.83313075,542960.1963533614,-566982.835156193,2705230.929767291,1848062.2503074605,746351.62527409,-179744.79716787126,1169503.8399300983,0
-47451.68578675059,34401.40102024682,6382.713485268764,-3047.747197899572,-29455.883477392646,9708.690261568676,-10133.459246017019,48366.48655026013,33040.80300555739,13343.87291352101,-3213.9454348352306,20909.837176282126,1
-79086.4482710044,57335.48607608627,10637.62743939542,-5079.889944563366,-49093.43252899362,16181.023924447547,-16889.32025286939,80610.55529447159,55067.83572843767,22239.636605258806,-5356.232510937355,34848.68486997199,1
-94905.09798038992,68802.2936070762,12764.678794245452,-6100.194399609081,-58916.5471378319,19415.406162436415,-20271.515373168717,96731.29310485482,66081.10456301433,26687.373912087758,-6427.261843481179,41818.13755139353,0
-79087.57189427454,57335.277067206225,10637.258250929239,-5083.57591307635,-49097.19324789273,16179.540222866695,-16893.008637490817,80609.45832418543,55067.60997344645,22239.53597819253,-5356.199428732001,34848.9058378974,0
-1423588.0660756805,1032031.2967122633,191465.22208010685,-91532.28684011001,-883778.3836926259,291218.6786468275,-304101.7247792292,1450958.576978264,991213.4977432063,400307.89112632116,-96406.67937233007,627266.8006359098,0
-47452.15636037309,34401.28385934426,6382.514351434273,-3049.1606813661465,-29457.282133981706,9708.120980838314,-10134.824752268167,48366.02460662645,33040.68659163639,13343.75406713106,-3213.717452221956,20909.319636438726,1
-699139.711031856,506842.0995556685,94030.78108380767,-44951.997116738276,-434032.8579193664,143020.9708824516,-149347.2175365706,712582.0507392304,486796.0207086383,196595.7793337259,-47346.49601165733,308057.95223188534,0
-79087.32932734504,57335.35609649182,10637.374240539642,-5083.077199680481,-49096.6641105097,16179.755138033182,-16892.512598431564,80609.67209316274,55067.69105656608,22239.541444926548,-5356.230941954215,34848.99814941774,1
-1293883.4430148564,938001.7911282311,174020.58040304045,-83193.01316589855,-803256.6944844681,264685.34693124954,-276395.0163803581,1318760.0917709542,900902.9435769025,363835.38042187924,-87623.08735802786,570116.2275379755,0
-196137.64030238148,142191.27891211235,26380.109127639284,-12608.300525002785,-121762.24450935889,40124.647106342534,-41895.70772683571,199910.84773351336,136567.48978065583,55153.743316749074,-13282.943673055168,86423.95836636396,0
-158175.44855375396,114670.39340195157,21274.36132303599,-10167.533103468222,-98194.87971418482,32358.797402075696,-33786.415298472304,161218.5701459195,110135.08121144887,44478.88079444093,-10712.04116898298,69696.73484950112,0
-31634.31459780273,22934.279250073483,4255.224290579045,-2031.1942091683961,-19636.59413880608,6472.71898447225,-6755.009854949817,32244.452604220973,22027.2151840222,8896.024326504528,-2142.5416535035715,13939.605404943166,1
-189811.19622655035,137604.38254201406,25528.95958055199,-12202.908560520153,-117835.69526336373,38829.773522558404,-40545.521406397354,193461.66652891377,132162.00160104787,53374.560864280116,-12854.552924248654,83636.45338215705,0
-4745295.716013412,3440103.769218235,638216.3906001315,-305112.93314098363,-2945933.4959189966,970726.6064572193,-1013677.6869523845,4836526.543587722,3304044.432895016,1334359.0794782934,-321355.3445221196,2090888.6968640636,0
-632705.1086284757,458680.7242093033,85095.9117219689,-40679.084674525606,-392788.42889689864,129431.22709652084,-135154.41439538027,644871.167839487,440539.48526955035,177914.75968320318,-42847.51442379835,278785.41312193905,1
-4982560.249122193,3612108.989306213,670127.3215382941,-320368.0837226715,-3093229.625963799,1019263.2141990642,-1064361.0802408,5078353.248382522,3469246.696391631,1401076.992904349,-337423.2062873294,2195433.4530527345,1
-139194.4576991186,100909.93945359428,18721.438456917418,-8947.91001361825,-86411.88936301619,28475.59887263424,-29732.504519907165,141872.30930450503,96918.8613425747,39141.430807299264,-9426.600246589212,61333.22689861681,1
-31634.60961108558,22934.2358472159,4255.107592460507,-2032.3462478936792,-19637.746742340896,6472.300288410599,-6756.127985782926,32244.20878391783,22027.166308263317,8895.886282171741,-2142.6020082076066,13939.88817496741,1
-79087.63087642554,57335.23867575009,10637.230839895708,-5083.779331778884,-49097.38317843698,16179.442463500025,-16893.208391016302,80609.41379318289,55067.57546057644,22239.52032527595,-5356.097038925908,34848.65099067939,0
-53779.33410674382,38988.040442261416,7233.4210037722405,-3456.275167734786,-33385.521714001836,11002.319193190704,-11486.694257443747,54814.62984191675,37446.02742165426,15122.93395577821,-3642.2550640493537,23697.336459221442,1
-1763984.2707104469,1278801.295614372,237246.43595849324,-113419.91920466679,-1095100.9357574563,360851.8149428282,-376817.0757142219,1797898.452338991,1228223.5058312304,496025.8537819743,-119458.53183646375,777253.1285726656,0
-474527.9267719883,344010.78634488385,63822.31934325179,-30506.48102754444,-294588.42913355783,97074.55996874717,-101362.99378424234,483654.1743279846,330404.85929303593,133436.27450915345,-32135.695416910406,209089.0401997086,1
-183484.08318352595,133017.5299524521,24678.016811656853,-11796.02013280254,-113907.68275704332,37535.52812477231,-39193.873974430426,187013.02643636204,127756.56536609832,51595.45930813965,-12425.926130110962,80848.19345585414,0
-91740.7124358231,66509.09865216681,12339.569974241924,-5893.931488691645,-56949.690672199235,18769.319765450364,-19592.89005318423,93507.7603107813,63878.62286365783,25797.892655478994,-6213.106283719139,40424.220604726994,1
-2492861.5057864035,1807201.4002036606,335276.62540581,-160284.73894946883,-1547595.7571385943,509955.5684004987,-532517.4579187855,2540789.068437442,1735724.9082802709,700983.433191137,-168818.90661979106,1098414.1839363093,1
-31634.236715177147,22934.33044145542,4255.232905971412,-2031.0819344476668,-19636.495210860434,6472.756879530857,-6754.903130744133,32244.5111842888,22027.26723870666,8895.98563274514,-2142.645413514569,13939.878468324452,1
-869969.7911929243,630686.0157820195,117006.85324884053,-55934.46680193744,-540084.8021113544,177967.7343344299,-185838.0340769092,886697.6041030606,605741.8030250666,244632.71074968693,-58915.411034260396,383330.2614262718,0
-790881.8719668515,573350.8574456262,106369.74271420245,-50850.57851227119,-490987.2891376522,161788.53189385368,-168944.73613705512,806088.4654959578,550674.2941529887,222393.35718784374,-53559.47667088106,348482.1700917587,1
-379622.72307794483,275208.5599216741,51057.717405185875,-24406.558362070682,-235672.1367552795,77659.19177403007,-81091.76376541586,386923.0090776043,264323.81105017464,106748.98116259278,-25708.659339576185,167271.65003046632,1
-15816.921145630018,11467.218630250654,2127.7374313541472,-1015.3219858913606,-9817.959932839442,3236.550576564143,-3377.2224052743936,16122.508762641,11013.679894220171,4448.041311646618,-1071.3545840898728,6970.130505613234,0
-79087.20788076815,57335.361311185436,10637.412122755426,-5082.250940964249,-49095.87229861913,16180.003197899312,-16891.718460017546,80609.74746221492,55067.7053847197,22239.57408941245,-5356.180659761598,34848.711776553144,0
-2632056.5843239673,1908111.0742499724,353997.67483295716,-169234.11769019187,-1634009.1972782798,538430.4660935665,-562251.4226494373,2682660.8125870484,1832643.4998764182,740124.6320849378,-178245.24598224228,1159746.6236089559,1
-158175.9320259848,114670.33490515345,21274.152007893525,-10168.973593490557,-98196.28817198609,32358.220292104797,-33787.819172606214,161218.12546934342,110135.01841675465,44478.826291916106,-10712.154308059697,69697.12765201397,0
-379622.77744780906,275208.5458812956,51057.662027903825,-24406.715211653467,-235672.28549654564,77659.17077675113,-81091.85597278755,386922.96384910017,264323.7974639956,106748.90956552472,-25708.6386209611,167271.5910341355,1
-1138870.4758745455,825625.0622863364,153172.15337010476,-73225.82363368807,-707022.739762574,232974.94604611566,-243281.390464105,1160766.831223469,792970.8220747274,320246.3234097244,-77125.47595587469,501813.78130597307,0
-237263.52708903328,172005.51012540035,31911.345615634702,-15252.524353824598,-147293.46465693795,48537.66417165568,-50680.79353814413,241827.52584527963,165202.54009627138,66718.19684677763,-16068.034651635116,104545.06707902315,1
-1107234.694272365,802691.127763231,148917.6066417813,-71190.58516188925,-687381.9581769258,226503.985640812,-236522.3210074227,1128523.7804591954,770943.948004496,311350.65656194184,-74983.10409544721,487874.48480560374,1
-15816.321012736513,11467.376452898765,2128.004295822711,-1013.5043407027189,-9816.130060610336,3237.275822143479,-3375.4467436837103,16123.049404775917,11013.839873321926,4448.1991578686375,-1071.4974521198392,6970.398038185397,0
-474528.65847564786,344010.6457055264,63822.043549624526,-30509.087370787835,-294591.08178391104,97073.60033205371,-101365.59208437408,483653.49160988245,330404.70704246755,133436.09794937915,-32135.75822386426,209089.43049403728,1
-565322.1428415447,409831.2197201316,76033.18768240552,-36347.40292143033,-350957.05966660933,115646.7261736279,-120761.0958827783,576192.2942170304,393622.010675717,158966.8233729795,-38284.27214233707,249094.94730920787,1
-79087.17241426896,57335.39988316151,10637.457050134184,-5082.158845955638,-49095.86970802324,16180.067750400107,-16891.648971038856,80609.87900258541,55067.73724527005,22239.625009095613,-5356.479721351945,34849.58490106343,1
-47451.75829316404,34401.38688102949,6382.669263193237,-3047.8712725213604,-29455.98265271896,9708.646865295881,-10133.572963792989,48366.40328345076,33040.7906995162,13343.841758683586,-3213.8097459980586,20909.481882282107,0
-1682997.8814521278,1220090.2851731423,226354.29351489793,-108212.7262276782,-1044823.7056163058,344284.71041561116,-359517.03812456527,1715355.0948490687,1171834.5719204708,473252.77859268064,-113974.25575689535,741569.2191709968,0
-63270.090995285325,45868.201546255725,8509.787086734936,-4066.8741309061743,-39277.779621220056,12943.616717130564,-13514.418922084387,64487.520998110595,44054.07810806071,17791.614228529023,-4284.937835928691,27879.03838286435,0
-398603.20297692425,288969.11906792177,53610.865983906915,-25624.712258225805,-247453.54070216452,81542.90890258872,-85144.18828310439,406269.7272283185,277540.1416147077,112086.48739447193,-26994.002525711647,175634.78550930883,1
-1107234.63756134,802691.1284623358,148917.61317858784,-71190.26748623094,-687381.6188143095,226504.01113482946,-236522.06468365484,1128523.8945300425,770943.9523379975,311350.6421513402,-74983.01763266399,487874.25284371735,1
-1898117.8759940367,1376041.6089421553,255286.7440555337,-122044.31124675996,-1178372.4781095667,388291.0966747553,-405470.2200262926,1934611.046128859,1321617.8740182633,533743.7197383157,-128542.2322242444,836355.7717363109,1
-316352.47168160026,229340.40871703372,42548.00609298465,-20339.494029502326,-196394.162236887,64715.7109246819,-67577.15539872157,322435.59194763505,220269.7824000452,88957.42637549754,-21423.795702772906,139392.81555318774,0
-474527.84102929186,344010.7888775895,63822.353471871895,-30506.29126769793,-294588.20697622123,97074.66638305044,-101362.80160832717,483654.3079496653,330404.8614787206,133436.2323498236,-32135.661428856565,209088.9700998819,1
-2433703.383544755,1764314.7171489215,327320.1930196927,-156480.8885748852,-1510869.6712241159,497853.96559376636,-519880.1873621463,2480493.854346221,1694534.420212186,684348.4601830038,-164812.64153013795,1072347.668384079,1
-1107234.8633873651,802691.0857493704,148917.52170768523,-71191.21580727433,-687382.610679693,226503.67500005697,-236523.00781434184,1128523.597800242,770943.9048558576,311350.60321936646,-74983.04424681193,487874.3593058776,1
-316352.207620915,229340.54182477944,42548.177818440214,-20338.771876581515,-196393.39787702457,64716.014678821775,-67576.44679389114,322435.9180594852,220269.91355113208,88957.48599925237,-21424.006560690475,139393.4494062153,1
-474529.0340457337,344010.5730206485,63821.9060595519,-30510.133041718145,-294592.12772634526,97073.21898390942,-101366.62489671979,483653.2008436138,330404.63393738784,133436.03025103745,-32135.79224290018,209089.62591314473,0
-79087.01371780667,57335.4341092319,10637.50936190197,-5081.957941564178,-49095.61420755126,16180.184747177891,-16891.43546234733,80609.95954194122,55067.77328734705,22239.593060832558,-5356.275947264426,34849.04651468264,0
-173359.86231996343,125678.86271059918,23316.85614502975,-11142.015939677854,-107619.9109140881,35465.744614343945,-37028.29101651727,176695.9275897134,120708.16669945659,48748.96331744478,-11740.425360967058,76387.51280467772,1
-47451.73875486857,34401.362156632385,6382.704386457722,-3047.893935483718,-29456.022096697106,9708.628451866944,-10133.597180773664,48366.3933275677,33040.76539561938,13343.859683506096,-3213.7941117661408,20909.414778317678,1
-474528.9554375899,344010.5392590389,63821.90341223998,-30509.825627271355,-294591.829621717,97073.34485910746,-101366.32307924848,483653.324028274,330404.6053679882,133436.0829352522,-32135.803397652388,209089.6158432684,1
-158175.27129271164,114670.50172090181,21274.50862564706,-10167.110075210461,-98194.43519134446,32358.995125552305,-33786.001616028734,161218.76816017827,110135.18507225416,44478.91555031264,-10712.24278452879,69697.32964837957,1
-63269.18241664229,45868.442024959964,8510.209982823055,-4064.626768914905,-39275.54050130242,12944.565361891775,-13512.226836519627,64488.37972963519,44054.31069275344,17791.747673423608,-4285.127940674406,27879.514249266005,1
-790881.5991686394,573350.9982154932,106369.8801442583,-50849.288890385935,-490986.0092426508,161788.96163630314,-168943.4667280407,806088.7129236099,550674.4498897641,222393.42699659333,-53559.673946267474,348482.5938111344,1
-490345.15535358095,355477.87215881416,65949.98294858872,-31522.795243292487,-304407.42755782447,100310.67227820685,-104741.19472251774,499776.337128954,341418.41028671473,137884.13002362923,-33206.90749119949,216058.76869294795,1
-474527.8255022541,344010.8680227028,63822.43755022345,-30506.315953160032,-294588.2297533945,97074.55344175475,-101362.83650043453,483654.34860785207,330404.95389815856,133436.2386596725,-32135.84862056961,209089.54695788003,1
-474527.8944278754,344010.83354945976,63822.40267993852,-30506.495459122678,-294588.41376581736,97074.47052213305,-101363.00990365796,483654.24851452146,330404.90354619594,133436.2250052245,-32135.73363892412,209089.21516161246,1
-79087.07599209387,57335.39837080648,10637.48146454606,-5082.147847920401,-49095.84707376626,16180.074196457528,-16891.628354312856,80609.86524070546,55067.73799978181,22239.57036605243,-5356.294170946532,34849.05027507802,0
-474527.8828258232,344010.82616361714,63822.387457054625,-30506.493068319305,-294588.4080246402,97074.47324839313,-101363.00571760825,483654.2652907787,330404.89929330704,133436.17986307523,-32135.70557938657,209089.1337703545,0
-474528.06588187703,344010.74085667846,63822.273206095386,-30506.87183307967,-294588.8217508483,97074.28713290203,-101363.38224563694,483654.0727380853,330404.82647228625,133436.20138113401,-32135.631276488584,209088.89489903976,1
-82250.67187690253,59628.79858578057,11062.961237390322,-5286.069542484935,-51060.19781029927,16827.054128486503,-17567.889854969162,83834.20787155867,57270.4279437967,23129.136474357274,-5570.518044527837,36243.05245254019,1
-1043964.1340295264,756823.066697867,140408.0058234543,-67122.29650768708,-648102.7872556959,213560.9108564077,-223006.58313390872,1064036.694215981,726890.0158205032,293559.17091026047,-70698.36399678137,459995.8981442032,1
-189810.6277799612,137604.5078313968,25529.201217491107,-12201.36743699562,-117834.17478006076,38830.4200830264,-40544.019560524066,193462.1967024995,132162.1303039529,53374.57494405037,-12854.537924402082,83636.36050383025,0
-974366.645490193,706368.1760420277,131047.43412087962,-62648.08543176468,-604896.4588534114,199323.33981949688,-208140.033889038,993100.9002075641,678430.6563029288,273988.5526170379,-65985.17565909245,429329.7362684101,1
-15816.477657737276,11467.321788487936,2127.897916255466,-1013.8316150720227,-9816.478662600606,3237.1170163647275,-3375.7690950111623,16122.875574659103,11013.78724998264,4448.17844795976,-1071.4100710961081,6970.133352197284,0
-47451.74922125627,34401.362224945435,6382.713277634781,-3047.8976136693154,-29456.027071859855,9708.627286480943,-10133.602132637898,48366.380116565764,33040.7653133515,13343.908993165624,-3213.8069362881906,20909.454690571667,0
-4508030.628004816,3268098.612016927,606305.7010152292,-289856.7374017367,-2798636.078390318,922190.5753604993,-962993.2521222346,4594700.604780855,3138842.254060974,1267641.1297715125,-305287.51213251805,1986344.134782022,1
-9291289.301736413,6735722.9792587375,1249627.5255419153,-597412.0853899196,-5768138.717610413,1900682.494553942,-1984781.8270241513,9469918.767660433,6469318.845919633,2612674.863177927,-629213.5002744688,4093959.406103178,0
-1491604.243788524,1081339.4414151902,200612.87202782455,-95906.34708925388,-926004.2268634003,305132.1025999313,-318631.864969007,1520281.8864074114,1038571.4548468173,419433.65284767904,-101012.92865420214,657236.6815520364,0
-474527.9993999451,344010.7897632834,63822.333193225626,-30506.687908666503,-294588.6376882654,97074.36931769353,-101363.20568567158,483654.17210947763,330404.8594319888,133436.2175311391,-32135.769314780773,209089.28844357844,1
-2647874.6092553125,1919577.9601311018,356124.9014565903,-170252.17031289922,-1643829.996738517,541665.862062982,-565631.3059801771,2698782.1875395933,1843656.8575446522,744572.4435326592,-179316.24857453446,1166715.7889398795,0
-79087.23135247549,57335.321000831056,10637.38076308441,-5082.3625228392675,-49096.060187622934,16179.987926229549,-16891.840203379717,80609.78842308065,55067.66273139973,22239.602022964336,-5356.230217760665,34848.88393872208,0
-158175.83739783085,114670.3197860775,21274.19211284664,-10168.802640326963,-98196.08893531091,32358.289877358464,-33787.63939794492,161218.18085994624,110135.00317419304,44478.781947119656,-10711.976579663513,69696.62374622247,1
-763992.121005254,553856.9722886947,102753.11189787502,-49122.03754930299,-474294.0870751351,156287.50932493864,-163200.95252076603,778681.2416206235,531951.4226262545,214831.9355019011,-51738.65833903184,336634.33940121176,0
-474527.8849538959,344010.819933879,63822.36627312355,-30506.456685823203,-294588.37831271446,97074.49151949867,-101362.97512169958,483654.3053345349,330404.8885338104,133436.2456460551,-32135.771723793867,209089.32035840955,1
-47451.71869117829,34401.38663258951,6382.73182223338,-3047.946289291478,-29456.168533472974,9708.621653119018,-10133.66491951311,48366.41150438663,33040.7875021548,13343.916463999476,-3213.9537134821235,20909.881913597386,1
-474528.1221486659,344010.7347594161,63822.25447388467,-30506.97933135139,-294588.9395460925,97074.23243954839,-101363.48905845065,483654.0104007433,330404.8027243807,133436.1963259485,-32135.623549300162,209088.86527507892,1
-387215.5860807484,280712.6297003697,52078.67144141038,-24895.85316279213,-240386.77320053338,79211.89565030613,-82714.75036566835,394661.06202773907,269610.1877745302,108883.87131763516,-26222.751942744148,170616.90434699968,0
-154696.2437656517,112147.48485661436,20806.021295094546,-9945.536176521988,-96036.27138343315,31646.183704864936,-33044.76157417522,157671.14202903627,107711.96078353091,43500.32131500156,-10476.343554361027,68163.35537413319,0
-79087.15157572515,57335.34657117477,10637.411399262335,-5082.387499478569,-49095.98187449013,16179.971051637589,-16891.822809638343,80609.77514047784,55067.68460180364,22239.567687299288,-5356.0565360781075,34848.39916258191,1
-987020.7317609842,715541.792493035,132749.33531528772,-63461.53576581348,-612752.0081833436,201912.05713002366,-210842.87541829547,1005998.2701242921,687241.4512331834,277546.8512980831,-66842.05994790047,434905.17730333767,0
-474528.01370801585,344010.7388889915,63822.27411905006,-30506.84595266019,-294588.79866633896,97074.29659327642,-101363.3554042674,483654.09273297543,330404.8247680061,133436.1834887509,-32135.590640776598,209088.7672899205,1
-250234.74864165607,181408.32211656144,33655.50552943385,-16088.42317458308,-155347.72821441834,51190.157211431244,-53453.487611933226,255046.62394390075,174233.4528425601,70365.4220979712,-16946.393599813284,110260.23112085082,1
-221446.37817062397,160538.40603413846,29783.760229363936,-14236.741138407455,-137474.9573383772,45301.380077156275,-47303.11200351728,225705.27465495194,154188.96744090677,62270.26896074157,-14996.726429167511,97575.17786400036,0
-173993.2671995453,126137.392324108,23401.69741519846,-11185.11609035821,-108015.10762803922,35594.29357911845,-37165.830427171786,177340.22844730743,121148.54623055678,48926.72013040243,-11783.29859752041,76666.61516212068,0
-253081.31954830233,183472.54434233255,34038.72178929783,-16269.65524826706,-157113.41730452367,51773.383910573364,-54059.83982507148,257949.15518353248,176216.0423368086,71166.06115988657,-17139.319248676533,111514.99563654393,0
-103762.99154699015,75223.83264172002,13956.033839045433,-6669.852206856446,-64415.7134560108,21227.452146933247,-22163.823367724617,105759.53454387745,72248.6597548458,29178.245305978107,-7027.241244239222,45721.51617564901,0
-474527.8569366398,344010.8075692885,63822.35350897232,-30506.389039028887,-294588.3408769702,97074.59616250802,-101362.90346895553,483654.22588993236,330404.8819571968,133436.23305400697,-32135.725016548713,209089.11138478798,1
-1107234.7191445883,802691.1305245563,148917.55906444983,-71190.38446060322,-687381.8006115092,226503.98184922631,-236522.20190166062,1128523.7646438824,770943.9546798517,311350.66079785035,-74983.11734847823,487874.47820731543,1
-31634.051438433686,22934.38275887067,4255.338258301478,-2030.674670882744,-19636.032455157805,6472.973956020661,-6754.495412165648,32244.73255708971,22027.316022578572,8896.02319734703,-2142.645935814157,13939.932647663527,0
-474528.02448640135,344010.73754471785,63822.26750030844,-30506.678134675156,-294588.64758349565,97074.46021477506,-101363.19005205038,483654.0821939278,330404.8239870756,133436.24610570233,-32135.673990623458,209088.9593780922,0
-2404282.268826705,1742986.115929056,323363.37041466223,-154588.14341361602,-1492603.8077207587,491835.8492228131,-513594.30281615816,2450507.688296768,1674049.3922202503,676075.3846080035,-162820.17090048967,1059383.8895254892,0
-104395.71506213503,75682.56480858385,14041.15671759355,-6710.572934104627,-64808.54530137495,21356.88040055415,-22299.02257325128,106404.4020859034,72689.25338520191,29356.117491782432,-7070.223063001513,46000.70059756614,1
-79087.25939545177,57335.35337917315,10637.359872845487,-5082.428928375259,-49096.13150986551,16179.950058800161,-16891.905583880154,80609.71326833169,55067.69463481976,22239.616983564887,-5356.238314184433,34848.90615765039,1
-158175.74207268638,114670.35463428074,21274.243520697994,-10168.528803223897,-98195.7886747629,32358.43251790692,-33787.37086773276,161218.34269298494,110135.03581618225,44478.84074677971,-10712.066465741618,69696.91013348663,0
-4286583.177627593,3107560.4744377853,576522.3737038481,-275616.9736251184,-2661158.190027301,876890.4137626995,-915687.1572903648,4368996.205677974,2984653.555805004,1205371.0815168926,-290290.8929271509,1888769.0458907476,1
-474528.5500518672,344010.66468496626,63822.117530147465,-30508.805139623564,-294590.7667535576,97073.75059097681,-101365.31250501402,483653.663136361,330404.7270422682,133436.13307192412,-32135.800726021804,209089.58488834952,1
-101232.36233935767,73389.06853331058,13615.57258767805,-6507.508091021451,-62844.96370413122,20709.53612432762,-21623.573340182364,103179.8324615287,70486.46281726782,28466.513696113125,-6855.809421531394,44606.22905819255,1
-31634.209806655006,22934.365733607858,4255.276447233857,-2031.1059976952756,-19636.587595337776,6472.774484313454,-6754.935995574397,32244.53438792688,22027.299069875637,8895.99122640104,-2142.735340560976,13940.172766095504,0
-316351.9938740791,229340.56609128913,42548.20822505596,-20338.150683094387,-196392.7520606972,64716.3420277898,-67575.76812455214,322436.1488297773,220269.93848633463,88957.51453453889,-21424.015707125665,139393.42811269403,0
-316351.9445373258,229340.53879373113,42548.26262166718,-20337.949255721942,-196392.54387574215,64716.30280568939,-67575.62345030862,322436.1766919278,220269.91764947004,88957.46836176809,-21423.836083532733,139392.90764833952,0
-474527.8804057607,344010.77730389615,63822.35776849814,-30506.487222154734,-294588.39467817,97074.48948281028,-101362.99965693883,483654.3061630454,330404.8484824359,133436.23787390167,-32135.643315207304,209088.96529730203,1
-14441517.387385767,10469381.937512841,1942304.7447727658,-928562.4412092809,-8965459.654235415,2954243.8630274376,-3084961.1558733988,14719161.828538412,10055308.080626825,4060899.0570487487,-977990.4879702776,6363268.702749201,1
-158175.84420039217,114670.39233661721,21274.199643398028,-10168.719484472116,-98196.04226638206,32358.256039540196,-33787.56736038897,161218.13284691956,110135.06339030265,44478.81506636536,-10712.12980398952,69697.0195503168,0
-1028146.3641337963,745356.0773095959,138280.65820692328,-66105.05151318408,-638282.7868676466,210325.25909445528,-219627.45605675888,1047915.0517984749,715876.556786401,289111.3332084351,-69627.1658724516,453026.24423091754,1
-63269.71830564663,45868.28242151659,8509.963279662687,-4066.076013881413,-39276.922281948115,12943.98737152372,-13513.634397754935,64487.90509480204,44054.153001093066,17791.67500890915,-4284.916235091182,27879.01473826729,1
-474527.93991363025,344010.78851871483,63822.33029153703,-30506.658843597022,-294588.58439097594,97074.39508926886,-101363.16824899506,483654.1756914884,330404.85892418586,133436.2105420493,-32135.614376991478,209088.86454276924,1
-1284392.679228491,931121.5700177371,172744.1938348451,-82582.12425112519,-797364.159802524,262744.0987337127,-274367.00389121607,1309087.188810312,894294.842417672,361166.70118591626,-86980.2301968678,565933.9631508132,0
-1550129.1739763166,1123767.4121935524,208484.3582067754,-99668.55091339399,-962336.5085002838,317104.8040286144,-331133.0487372881,1579932.7407350102,1079321.357587594,435890.78223629657,-104976.15390156236,683023.855790037,1
-94904.92469579403,68802.36383458342,12764.753400236212,-6099.781286022064,-58916.13419200172,19415.631367867456,-20271.04372548604,96731.40686379977,66081.17144231919,26687.468435589857,-6427.387292057381,41818.44293701842,1
-1107233.889873022,802691.3050103529,148917.92445711422,-71188.03884305131,-687379.3950435297,226504.85477131323,-236519.85609598897,1128524.51359317,770944.1325078869,311350.7715418666,-74983.12778397602,487874.3426376087,1
-949058.702162839,688020.8738139039,127643.47917128236,-61021.616273868945,-589185.6925278303,194145.81037017214,-202734.57629792695,967305.7185014288,660809.0058290937,266871.93292458955,-64271.173499056305,418178.0311728953,0
-632705.4058012422,458680.7508807934,85095.82096120424,-40679.99358898372,-392789.34019299626,129430.95134826578,-135155.31116722306,644870.8317974794,440539.5034791648,177914.70511930878,-42847.58255717704,278785.6953665583,0
-1107234.6746174737,802691.1098950228,148917.56780430253,-71190.64871084472,-687382.0503155913,226503.89183393223,-236522.44235806557,1128523.717413116,770943.9340205987,311350.6289686001,-74982.99089159294,487874.12805460417,1
-63269.06500143618,45868.449849828416,8510.199707691936,-4064.512203735706,-39275.42074463028,12944.622210199672,-13512.11223294524,64488.44717335718,44054.31851326627,17791.797235457027,-4285.063371824888,27879.32490444906,1
-31633.815519715343,22934.436419179958,4255.423219295913,-2030.2985983602239,-19635.654331014437,6473.144606323869,-6754.128127131549,32244.958775563646,22027.36812056486,8896.028435523323,-2142.746056925505,13940.20025126371,1
-316351.842461477,229340.5834881183,42548.311509505475,-20337.655716913927,-196392.27183430272,64716.486128002434,-67575.35297407198,322436.29433879885,220269.95880561043,88957.49090658133,-21423.9865380407,139393.31456207932,1
-47451.81995883318,34401.40869209927,6382.669016385785,-3047.9446767001077,-29456.08809186261,9708.592978416573,-10133.653858983293,48366.355204218526,33040.79810981286,13343.84015071288,-3213.9564576237335,20909.87256605241,1
-15816.340918606793,11467.37108903749,2127.9185293511446,-1013.6116659620001,-9816.260029434416,3237.213688608444,-3375.5552333811584,16123.008870606984,11013.83535317968,4448.162684986513,-1071.498223539221,6970.371218101649,1
-474527.90491433314,344010.75432583113,63822.31958400152,-30506.472093892742,-294588.4084892182,97074.57233583706,-101362.98008887643,483654.2106191385,330404.8281438402,133436.20504878825,-32135.607246993477,209088.79242631648,1
-1107234.8121192239,802691.1023800991,148917.5353084144,-71190.66577208324,-687382.0623509355,226503.8002333501,-236522.46038634825,1128523.636522402,770943.9278502066,311350.6359720097,-74982.9829966297,487874.11489974306,0
-960130.6109374138,696047.921500595,129132.8467924848,-61732.044100372616,-596058.0203401974,196411.37554513998,-205098.33920375028,978591.3680869433,668518.58132448,269985.57785995386,-65021.14894179577,423057.0648577547,1
-112304.65463860237,81416.02308103867,15104.778065408898,-7219.360816437174,-69718.72284150348,22974.627403306404,-23988.748592554628,114465.12820424572,78195.94584375997,31580.08072012048,-7605.732951252534,49485.2632444089,0
-79087.1739979987,57335.38527403293,10637.405304606227,-5082.229627241481,-49095.91843909071,16180.047932238334,-16891.709794306353,80609.8324819499,55067.72458031306,22239.61117108559,-5356.306764153218,34849.111859332865,1
-316352.42962637346,229340.4898675742,42548.02344666805,-20339.258431821207,-196393.9256393373,64715.76859322485,-67576.9274925016,322435.6412994596,220269.86426391598,88957.43716316891,-21423.918585106043,139393.1636065406,1
-58524.60791145154,42428.15303941795,7871.652360800051,-3761.3232897460553,-36331.38063166328,11973.080109687124,-12500.306823502837,59651.200002918085,40750.0804071732,16457.26252262409,-3963.6224164207038,25788.267751516018,0
-474527.98622381815,344010.7977036274,63822.31505241101,-30506.585318183632,-294588.5534808591,97074.49599015398,-101363.0992198798,483654.10692248534,330404.8696268701,133436.2078665592,-32135.755599807042,209089.1914727166,0
-79086.83777305996,57335.453604313414,10637.596534932043,-5081.678214189843,-49095.32601055807,16180.317066416022,-16891.159906644887,80610.13342410176,55067.79135840824,22239.589711296005,-5356.304973778438,34849.12218059817,1
-284716.9459541832,206406.4492159895,38293.360876035724,-18304.883314259463,-176754.022945162,58244.47234200098,-60818.7834174483,290192.38332719746,198242.88229088244,80061.72418722614,-19281.50669931742,125453.83952564746,1
-136030.91824162588,98616.57724827492,18295.930286291456,-8744.964528339373,-84448.41144697127,27828.265769773257,-29057.177779069076,138647.9164066215,94716.19891238955,38251.82629092509,-9212.475767204622,59939.65331241454,1
-411258.3548662381,298142.5239315018,55312.36572082619,-26441.722666496735,-255312.75457255234,84130.2973926845,-87850.68868431357,419166.24489458883,286350.710606152,115644.62122997621,-27850.967792595256,181210.86774082866,0
-1373920.0827486718,996025.050543412,184785.46443560722,-88337.17484956761,-852942.6596238695,281059.0262946905,-293490.3144020059,1400336.714954517,956631.3494182935,386341.6371394168,-93043.23116441428,605382.24633782,1
-474527.9378774441,344010.75547632034,63822.30618795597,-30506.464634047523,-294588.419361287,97074.56746957393,-101362.98044110586,483654.2389129308,330404.82930108934,133436.20533491694,-32135.743687670016,209089.16671403224,1
-333119.0448143167,241495.53191578403,44803.108053784534,-21417.093710127254,-206802.65975426187,68145.84981364875,-71158.36032896039,339524.8053571681,231944.16287005402,93672.16693741479,-22559.43679174315,146781.1261854462,0
-77506.02260999214,56188.509398163915,10424.426208020004,-4982.272417043956,-48115.634798899744,15855.772901309043,-16555.50935909146,78997.0588273103,53966.200436367464,21794.706835908382,-5248.979962272358,34151.64727169531,1
-341977.17144046613,247916.95507687918,45994.323270853776,-21987.21913290843,-212302.33924620747,69957.54022902792,-73051.12469883487,348552.77986700827,238111.61177590588,96162.97375740856,-23159.120945352573,150683.65441850474,0
-63269.94717775222,45868.259434364096,8509.882567152203,-4066.631069351193,-39277.48394006004,12943.739414166132,-13514.176952007292,64487.706078662246,44054.12899980432,17791.610954819247,-4284.949005385072,27879.141182426578,1
-94905.35831667739,68802.27522733682,12764.606210018073,-6100.880845334144,-58917.26528151509,19415.155551365453,-20272.196079159366,96731.04051861839,66081.08363005622,26687.40029558311,-6427.403797079273,41818.567340359026,1
-645359.2759723424,467854.3611048372,86797.83119275751,-41493.275428341476,-400644.7944239539,132019.76658054785,-137858.1098352971,657768.5291824345,449350.28658395226,181473.01430084204,-43704.5853656709,284361.5595287383,1
-316352.3372579475,229340.50431448972,42548.100675470516,-20339.063335867286,-196393.72643181295,64715.86116507279,-67576.73788771972,322435.75630731677,220269.87721533325,88957.47151223541,-21423.99001362243,139393.36769742682,0
-79087.11824594236,57335.36648307235,10637.468782980568,-5082.130745991754,-49095.809760237295,16180.100035034975,-16891.610123679413,80609.90480711196,55067.70667411945,22239.58622286264,-5356.279911172244,34849.03867609319,1
-69596.84561788234,50455.09988874315,9360.895034717902,-4472.948325869873,-43204.90099249203,14238.212129146274,-14865.251437279341,70936.53425560148,48459.55837638107,19570.768940662507,-4713.428856667162,30666.949205173583,1
-79086.77518359202,57335.45943376042,10637.574304498352,-5081.604902187656,-49095.25062966083,16180.35419958388,-16891.08825043105,80610.18098167138,55067.79681870685,22239.641380752753,-5356.289622655184,34849.07691157994,1
-667504.2962150247,483908.11115180305,89776.03848485458,-42917.66874595602,-414393.03386171354,136549.58258688144,-142589.12524726734,680338.6941385057,464769.0958063538,187699.99655863325,-45204.169294797015,294118.832277223,1
-415370.86380374,301123.9622526205,55865.54457374616,-26705.976994400567,-257865.71297751807,84971.67946693972,-88729.0366913345,423358.01151953114,289214.2274418451,116801.0778158497,-28129.53604719909,183023.1465671732,1
-47452.135456465156,34401.333803467154,6382.531663408918,-3049.0868819838283,-29457.215869764168,9708.14723360254,-10134.756937805121,48366.036934697506,33040.734356985326,13343.806349963403,-3213.832877465839,20909.645890783773,0
-5535229.244512453,4012766.262514971,744458.1060716389,-355904.2554827617,-3436333.384211718,1132320.1966273189,-1182421.4070216953,5641647.00877741,3854057.6013027844,1556485.3243788427,-374849.98533339624,2438951.1094654123,1
-31633.994686255508,22934.410505653737,4255.372804312452,-2030.569460091832,-19635.947537384913,6473.00974673496,-6754.3992480548795,32244.788221333787,22027.3430132275,8896.065524108559,-2142.77609374532,13940.28051316075,1
-398604.1667808541,288968.90208141727,53610.44132166646,-25627.76834264472,-247456.63852436363,81541.77115626642,-85147.22636323785,406268.89459015545,277539.9156512779,112086.35299553031,-26994.01727767226,175635.07904599042,0
-1392901.7998541822,1009785.3194130951,187338.08876455168,-89559.3055931141,-864728.0870005247,284941.27789996186,-297546.69266932725,1419682.440060889,969847.3679331603,391678.9979980752,-94328.67824969463,613746.0289697762,1
-6121431.5178113915,4437733.779798124,823299.0993642788,-393595.8441356309,-3800254.3741780254,1252237.2911898624,-1307644.3724692008,6239119.22611115,4262217.254691281,1721323.164877675,-414548.31021598494,2697246.1740869028,1
-1550129.522679069,1123767.3298931946,208484.20299879313,-99669.39350492817,-962337.3742631853,317104.4486115603,-331133.8886796608,1579932.4721216818,1079321.2787472403,435890.7446499185,-104976.1810577885,683023.984460213,0
-474527.99694337056,344010.7361032862,63822.311882270944,-30506.761098879728,-294588.6859192716,97074.35384901772,-101363.26755894569,483654.13614519924,330404.8144405107,133436.22102036394,-32135.544758171836,209088.67014898706,1
-471365.10932170454,341717.2641488473,63396.56463687649,-30305.321397187727,-292626.7807268122,96426.5665463583,-100689.44753850871,480429.1578385002,328202.0355874348,132546.56200937077,-31921.572467661128,207695.58651803315,1
-158175.91033975856,114670.31759934261,21274.135784305945,-10169.045597448987,-98196.37873723143,32358.176042775296,-33787.89004228779,161218.08962009902,110135.00190859637,44478.80372712485,-10712.097443541908,69696.93634132315,0
-47451.73399718856,34401.38503794131,6382.696582625057,-3047.875276185621,-29456.004452399935,9708.633608231245,-10133.579591344116,48366.39555263991,33040.79189857961,13343.844647510883,-3213.8327772006446,20909.52412330878,0
-474527.9683790178,344010.7744895586,63822.297743900344,-30506.560169578363,-294588.5211010379,97074.51594163699,-101363.07334905301,483654.1440964839,330404.8475692307,133436.22367933282,-32135.714004100726,209089.07866847023,1
-31634.515912232455,22934.273872060945,4255.121325361973,-2032.0900346035655,-19637.48210372763,6472.377445741292,-6755.876422281624,32244.291585442148,22027.206567821973,8895.93435130942,-2142.6060313526045,13939.898170905633,0
-31633.881745788123,22934.403248632996,4255.37089229861,-2030.5276722172553,-19635.916804155037,6473.022028868074,-6754.356374125072,32244.817995802365,22027.336287385606,8896.06400121921,-2142.6864632269007,13939.995678416983,1
-564689.2974467173,409372.6181166137,75948.15483001893,-36306.28254220524,-350563.8447027459,115517.40255775361,-120625.49875904512,575547.4968443298,393181.5561947402,158788.93743955964,-38241.537876350514,248816.40939767766,1
-474528.0082520122,344010.76844256936,63822.308940262985,-30506.753071619303,-294588.68939470773,97074.3476501777,-101363.26357943822,483654.13350110815,330404.8404452776,133436.20173493092,-32135.64072310951,209088.9334448313,0
-158175.91691588378,114670.29154812542,21274.157109200034,-10168.914629581654,-98196.21563893543,32358.234662344043,-33787.75398761727,161218.12868639728,110134.97769438202,44478.82066576538,-10712.007754861992,69696.70577179635,1
-474528.02637113974,344010.7783339594,63822.30268388315,-30506.758813600238,-294588.70131163637,97074.34112649376,-101363.27190799355,483654.1281680613,330404.85030585097,133436.20893458472,-32135.694343097122,209089.08313635888,1
-338495.9725264256,245394.46971207968,45526.84563207921,-21759.640148147668,-210138.01981861878,69247.2140430209,-72303.9578012003,345007.26356576517,235688.90680153892,95184.58993982611,-22923.403703791137,149149.96300625295,1
-474527.9351907529,344010.7875872955,63822.33928660485,-30506.45115224272,-294588.40213069564,97074.57227396544,-101362.96670842395,483654.20028037037,330404.8598506181,133436.26107999904,-32135.755455915223,209089.20996724704,1
-983857.3076318656,713248.3861034152,132323.808872202,-63258.39639421397,-610788.4829309649,201264.6998661899,-210167.50777911645,1002773.7921761195,685038.7490550458,276657.280312599,-66627.87124454249,433511.41400569,1
-474528.69155449036,344010.64386157045,63822.07814701671,-30509.16175947809,-294591.1216570542,97073.59762099662,-101365.66107014604,483653.5601865737,330404.70320195757,133436.09771499617,-32135.822006732353,209089.6793243853,1
-31634.227058821773,22934.32682188161,4255.280094982601,-2031.378296332562,-19636.758828891536,6472.733725747662,-6755.110738075322,32244.51861464978,22027.258454856514,8896.027377325121,-2142.6569188216517,13939.979152356873,1
-158175.74016931077,114670.39595821242,21274.26039788237,-10168.505783163044,-98195.78800300446,32358.426025665896,-33787.35504205579,161218.33586196706,110135.07575624944,44478.850152428255,-10712.206167695122,69697.28713943057,1
-31634.09502291905,22934.34291837063,4255.303783101695,-2030.8045922204583,-19636.17629056713,6472.909502899378,-6754.62365626936,32244.67536627783,22027.27717405846,8896.0147624792,-2142.589375423882,13939.755264835212,1
-69597.11759655511,50455.03799526244,9360.765490728001,-4473.640516853675,-43205.63902596499,14237.939402393717,-14865.938859471451,70936.23346754866,48459.491513379886,19570.75961443895,-4713.431209465514,30666.94500135009,1
-474528.7028961096,344010.6525211463,63822.04595620697,-30509.108674422823,-294591.2243282135,97073.55880063778,-101365.74871880654,483653.4989875278,330404.71587631595,133436.1392661673,-32135.871889851765,209089.79996351566,1
-1107234.749715858,802691.1241392158,148917.54730592459,-71190.53290403409,-687381.9288855335,226503.8605392663,-236522.3318401933,1128523.730949447,770943.9487066081,311350.6064324606,-74983.05843529629,487874.3249025593,1
-79087.08257117128,57335.390303268316,10637.484456191834,-5081.9689426891855,-49095.5671752475,16180.146636789606,-16891.44068564877,80609.91572439927,55067.730479277765,22239.60877273852,-5356.2401310100995,34848.901497881976,0
-3016425.9511682554,2186759.341313381,405693.01967492554,-193949.2874805049,-1872630.7908857097,617058.9681026562,-644360.3057629773,3074419.0850178148,2100270.965258063,848207.6304853465,-204274.80633842584,1329108.0447747642,1
-31634.18579620565,22934.36749466991,4255.330107810272,-2030.9599251013162,-19636.368562484637,6472.810227759418,-6754.7832004445745,32244.54577448817,22027.30261198821,8895.993295884267,-2142.707375145522,13940.059665564366,1
-79087.38765563446,57335.37133663665,10637.322317411223,-5083.038068709112,-49096.63169972914,16179.724503856609,-16892.47721214585,80609.64806237082,55067.708302960506,22239.521413338283,-5356.269595727714,34849.10037928459,0
-79087.4443794835,57335.295279318394,10637.324083509711,-5083.231506572773,-49096.82310616822,16179.663274271086,-16892.67157309828,80609.66584715778,55067.63237796792,22239.515988223142,-5356.244292136717,34849.05264013492,1
-79086.93876807847,57335.429309767125,10637.497709883464,-5081.946126222991,-49095.60385570316,16180.188437552531,-16891.42038314013,80609.96481965779,55067.76955485969,22239.589506441607,-5356.175649511668,34848.74681564556,1
-79087.24422790835,57335.32077063181,10637.356394970819,-5082.384149280886,-49096.084022634735,16179.97645343359,-16891.861766280294,80609.78712916936,55067.66239274613,22239.570761398172,-5356.238169777325,34848.90324256789,0
-474527.9945141285,344010.7559374711,63822.29163261669,-30506.711458649956,-294588.649056164,97074.37025308721,-101363.22505226155,483654.1814903624,330404.8279091625,133436.22830434886,-32135.665822547267,209089.00389479985,1
-474527.88694884203,344010.79891456827,63822.38619826731,-30506.530399936953,-294588.4503631776,97074.45649184119,-101363.0425133319,483654.2558027384,330404.8684338219,133436.1962253976,-32135.66501884963,209089.01135438215,1
-237264.13550999088,172005.41318067422,31911.126619746585,-15253.976944233735,-147294.95826415563,48537.072331035044,-50682.24424010944,241826.95188147904,165202.4404910327,66718.14805427905,-16068.025128167641,104545.1298088687,0
-158175.65012791683,114670.38941594539,21274.28850514404,-10168.47115397389,-98195.73577658113,32358.476726064884,-33787.31752246018,161218.40847513094,110135.07125198295,44478.84969229036,-10712.13793106079,69697.11500506305,0
-2435601.622132176,1765690.690289532,327575.3775799082,-156603.11087801307,-1512048.158876085,498242.1529421048,-520285.7238368471,2482428.3501193505,1695855.9767648743,684882.113719865,-164940.97251196284,1073183.4014114924,0
-142358.1796362664,103203.35327610775,19146.80381657396,-9151.927143211826,-88376.50704486061,29122.486383554315,-30408.895826917964,145096.45475363472,99121.56428023298,40030.95064176971,-9641.030110941676,62727.68467532914,1
-79087.01332900277,57335.4204428051,10637.552788149895,-5081.870733529165,-49095.53299525417,16180.226783812906,-16891.355941915317,80610.02922685412,55067.7578345075,22239.652641632732,-5356.384936752945,34849.35715726709,0
-15023607.152047262,10891367.939323297,2020592.5257875167,-965989.8032115265,-9326827.715007557,3073319.4959514844,-3209305.7565584197,15312442.21030414,10460604.14465067,4224580.365955001,-1017409.9436680248,6619750.600133648,0
-4745295.306182787,3440103.7689874987,638216.5144092343,-305112.0936006414,-2945932.6336970837,970726.9572662886,-1013676.8503168593,4836526.855025136,3304044.4504818534,1334359.0715073224,-321355.1256859718,2090888.0067483115,1
-79087.29038042283,57335.32207433703,10637.347786414502,-5082.500599409732,-49096.20409057056,16179.916406538572,-16891.97377503795,80609.69259892446,55067.677614635555,22239.53941973079,-5356.19329029886,34848.772669214784,0
-253081.77676982316,183472.42544076435,34038.53600947157,-16271.04813717471,-157114.75627600853,51772.82155658102,-54061.18874512723,257948.70756319055,176215.9237429722,71165.9930688539,-17139.198321048003,111514.73047535907,0
-4713660.318081579,3417169.65805833,633961.5958318264,-303078.73470953066,-2926293.8029978024,964255.1926781258,-1006919.721424405,4804283.212480706,3282017.39798169,1325463.381472434,-319212.85901313426,2076949.1366170784,1
-154695.89873079682,112147.58096798627,20806.1902884377,-9944.96520993137,-96035.62917456418,31646.504522660216,-33044.19090264213,157671.50347962446,107712.03838483145,43500.32001507144,-10476.357532487938,68163.46192196367,1
-158174.902000159,114670.51654358386,21274.555998908083,-10166.03543507928,-98193.28807671786,32359.18607126537,-33784.893657593566,161218.98946452912,110135.21024837413,44478.917061200125,-10711.902802774759,69696.19511739736,1
-474527.87407505716,344010.7969767244,63822.38048291655,-30506.4657335705,-294588.3658251194,97074.4991631927,-101362.97590518775,483654.3099686415,330404.86292018584,133436.17751854024,-32135.643782502266,209088.97172208913,1
-37961.574720051016,27521.08892702103,5106.093654804062,-2439.055827644092,-23565.56679199778,7766.639026014108,-8107.596845130661,38692.935989142075,26432.605782857037,10675.114109784132,-2571.144113397033,16727.9131706814,1
-474527.81567055226,344010.79056672694,63822.37004175536,-30506.325859575336,-294588.27594799973,97074.62925084813,-101362.84140743969,483654.2847312243,330404.8606040944,133436.23601032654,-32135.71328878135,209089.07489715292,1
-88578.0121880583,64215.55886500828,11913.78151882098,-5693.436059272274,-54988.66989773166,18121.17097209418,-18920.005383659853,90282.71105377986,61675.77323036715,24908.264910023074,-5999.058131966086,39031.12724184721,1
-474527.99051875615,344010.7314319922,63822.27669326244,-30506.661620807576,-294588.61962893547,97074.47442798007,-101363.16912787111,483654.093412834,330404.8061318563,133436.23137940964,-32135.58639634133,209088.71594921954,1
-379622.9185161617,275208.5026263688,51057.631165758845,-24407.09329878494,-235672.68908155392,77658.94510659079,-81092.30000738995,386922.8438105226,264323.75160094985,106748.88065093709,-25708.613439475685,167271.54504510047,1
-379621.9392017497,275208.7308747835,51058.020394226725,-24404.15668474369,-235669.6506906165,77659.98845351968,-81089.37609658313,386923.8116168916,264323.98728443234,106749.04501608858,-25708.585604650325,167271.33192851263,1
-487183.1448857007,353184.1440387758,65523.81332859247,-31323.628638802766,-302447.8257815825,99661.8443942697,-104069.62806625309,496550.58742950414,339215.38277322956,136994.3654764178,-32992.64994964417,214665.02849702194,0
-790881.9985880706,573350.7979311295,106369.68504530544,-50850.686600705485,-490987.3737583676,161788.47086872338,-168944.82465808108,806088.3852937999,550674.2395906437,222393.34604163,-53559.39111467669,348481.92079619144,0
-288513.12518207444,209158.52930640982,38803.93426172091,-18548.724110760977,-179110.5489653182,59021.04493589771,-61629.469492486925,294061.60618076846,200886.12027361387,81129.21675803719,-19538.571992313187,127126.40657400915,1
-632705.5775372725,458680.6457093962,85095.74326127232,-40680.63224482927,-392789.991413674,129430.74559415263,-135155.94317780563,644870.6764640599,440539.39601746754,177914.6749719231,-42847.48783710892,278785.4594065912,0
-79086.78981462786,57335.443943685736,10637.55092886685,-5081.706897782749,-49095.366942254,16180.299428964263,-16891.188748140987,80610.11634547614,55067.78220790399,22239.65291966486,-5356.237178834483,34848.90987244483,1
-237263.92637379715,172005.42284777862,31911.217899005776,-15253.64466127644,-147294.57370703493,48537.259280096434,-50681.89919178809,241827.17910773965,165202.44848466042,66718.16158047954,-16067.965966319842,104544.99030348321,1
-395440.2993203225,286675.616686302,53185.19470740184,-25423.78924339984,-245492.0915149777,80894.92437688375,-84470.89032720792,403044.86430814053,275337.33078952384,111196.79886746977,-26779.97036215186,174241.71398751417,1
-79087.18725497296,57335.37397385966,10637.438954099858,-5082.426372138989,-49096.007654126865,16180.041354101637,-16891.810473300397,80609.8627746728,55067.71087078837,22239.57609384402,-5356.308644251742,34849.15356800419,1
-316351.37975611625,229340.70025383387,42548.5043430209,-20336.083452551295,-196390.65211300465,64716.90625096448,-67573.77231970998,322436.68600439664,220270.07954405327,88957.59113478917,-21423.87135663339,139392.871131339,1
-3060715.2043534066,2218867.0124411983,411649.7926977036,-196796.65945683513,-1900125.8604821463,626119.3393785332,-653820.7714599669,3119560.1624703235,2131108.7453442235,860661.6943287238,-207274.21546098441,1348623.2578883795,1
-4365672.189976064,3164895.3618709575,587158.9981485667,-280704.27572343126,-2710259.2153663277,893068.3124971464,-932583.8388456751,4449604.245390727,3039720.786071723,1227610.323736142,-295646.71036735544,1923616.9993967183,0
-79087.14690355261,57335.40234445937,10637.445196158185,-5082.187119418951,-49095.8793741836,16180.062049681173,-16891.668371701406,80609.84420246839,55067.74174350679,22239.59150006517,-5356.337477938281,34849.19273702222,1
-8693382.080393633,6302269.867421626,1169212.25898792,-558967.9846142873,-5396951.226283002,1778370.759616789,-1857058.5838676158,8860516.345085526,6053009.190125891,2444545.61687644,-588722.5404636328,3830506.9022246753,1
-395439.7492654664,286675.76628780965,53185.42808206536,-25421.519540391568,-245489.78864009507,80895.56749352432,-84468.61936679966,403045.3378793906,275337.427378688,111196.85490454586,-26779.788453828274,174240.97894027102,1
-4270766.018716961,3096093.381361164,574394.8212198593,-274601.4278909774,-2651339.7928661075,873654.0595347584,-912309.7071577869,4352874.073588657,2973639.9885203536,1200923.1740617135,-289219.7775728061,1881799.7453789243,1
-79087.53884282814,57335.279233249305,10637.271611967193,-5083.425872854903,-49097.026207460134,16179.594260303558,-16892.855968609387,80609.5022913725,55067.616103053966,22239.515082849433,-5356.15428100111,34848.77893063697,1
-79087.46355063551,57335.30422916065,10637.284542187828,-5083.259211530393,-49096.85985441762,16179.670668483612,-16892.695725002006,80609.61733539992,55067.64143080825,22239.512524965474,-5356.25458797785,34849.05998342416,1
-63269.94335621017,45868.28209398162,8509.864431215712,-4066.5410876765222,-39277.430541889546,12943.775481453002,-13514.094454223687,64487.68483367972,44054.15095421526,17791.69485559065,-4285.083703641333,27879.470570137793,1
-47451.815593936095,34401.34458793824,6382.651770375393,-3048.0080124586925,-29456.14322355117,9708.575669517246,-10133.711772964925,48366.33124288947,33040.74951303485,13343.901789705194,-3213.797438483757,20909.426038659676,1
-63269.88492751265,45868.26574480675,8509.894278783899,-4066.4457320839106,-39277.302374583,12943.838239922707,-13513.99176927938,64487.75537462904,44054.135632317884,17791.638081757632,-4284.965435303624,27879.15954155332,0
-94905.25719510314,68802.2682974446,12764.6025154249,-6100.646582427038,-58917.04072002832,19415.25120464133,-20272.00103513231,96731.21483947984,66081.07560937997,26687.356809204717,-6427.3865756194455,41818.54125967546,1
-474527.9140362944,344010.76084676024,63822.317830723514,-30506.410163791687,-294588.36473763816,97074.59489192473,-101362.92899060322,483654.26168896304,330404.833999168,133436.2813097156,-32135.768268209813,209089.24042979666,1
-269215.4087243286,195168.82104440467,36208.57643302841,-17307.505471015378,-167129.89965820918,55073.77205767919,-57506.66393696539,274393.3289421841,187449.71750528488,75702.85556883775,-18231.794693765325,118623.69342114516,1
-63269.51879733451,45868.34893855932,8509.998819259528,-4065.1295994270868,-39275.9974128483,12944.297605678641,-13512.713718385212,64488.045314470415,44054.223362875884,17791.758820859184,-4284.958526883591,27878.995542699413,1
-202465.3129747354,146777.96214061262,27230.833239017975,-13016.529442696574,-125691.49162319028,41418.34805860818,-43248.64081577038,206359.0334591624,140972.76178805076,56932.81527078447,-13711.299368747088,89211.58228832638,0
-126540.46378644006,91736.36495700353,17019.480802533046,-8134.504726405945,-78556.31318161653,25886.87472117701,-27029.58322496468,128974.76332722008,88108.10837270269,35583.073252890215,-8569.762920848598,55757.81853522623,0
-126540.51737790524,91736.32032204284,17019.453548307167,-8134.706813611014,-78556.53482669994,25886.7751796532,-27029.781373817947,128974.65177192877,88108.03365447462,35583.10214276549,-8569.639964179441,55757.44593280019,1
-474527.7339342365,344010.8547252403,63822.430131496934,-30506.250821194015,-294588.1609946173,97074.5882940604,-101362.76945539999,483654.40894541907,330404.92296119523,133436.2423651734,-32135.75317863071,209089.26564100958,1
-158175.50582655423,114670.3588664224,21274.28450088733,-10168.334724422444,-98195.60057204381,32358.51503459912,-33787.17573066687,161218.46679178037,110135.0446572605,44478.803490396,-10711.952187150571,69696.54521091656,1
-101232.26792253024,73389.07580686317,13615.603858798922,-6507.253188721032,-62844.7155985455,20709.608311083313,-21623.32719517376,103179.93885398337,70486.47228637741,28466.579859136258,-6855.845491701961,44606.313039662986,1
-37961.686633830504,27521.030181983082,5106.046653528289,-2439.248333203532,-23565.75155368579,7766.559700093907,-8107.781774231615,38692.84439818954,26432.548996644597,10675.087167084297,-2571.02408768737,16727.585184337528,0
-63270.02067989146,45868.23211815409,8509.815344112027,-4066.7819848499394,-39277.680148048225,12943.659848432702,-13514.326165136945,64487.55446217576,44054.101729957736,17791.621057711673,-4284.9244901982975,27879.00267415454,1
-142358.05239354447,103203.34542989604,19146.87545207049,-9151.441296611374,-88375.96347831227,29122.698252733735,-30408.40054729539,145096.60744513274,99121.5577431697,40030.98538907681,-9640.864655683332,62727.23079422462,0
-1107234.0585678364,802691.2891068619,148917.8743838586,-71188.23009909061,-687379.6019248043,226504.75967704735,-236520.049618729,1128524.4153746618,770944.1164051135,311350.7435880954,-74983.22235384947,487874.61193368083,0
-47451.70512138266,34401.36405324878,6382.718384640165,-3047.851167812077,-29455.981439038052,9708.648198117819,-10133.556271769789,48366.41136099494,33040.76696404153,13343.910814511873,-3213.7969230396725,20909.420142142797,1
-474528.4958604997,344010.7095346753,63822.148770443135,-30508.634927647938,-294590.5330362453,97073.91149284925,-101365.03192560466,483653.7149101597,330404.77054425183,133436.14764032952,-32135.87149901128,209089.7729139104,1
-474528.9569499419,344010.5393968459,63821.91801422333,-30509.886037203574,-294591.8727057695,97073.29630331977,-101366.38611647129,483653.2642172291,330404.59920760215,133436.1068616615,-32135.666036703526,209089.24727306122,0
-2671601.25462445,1936778.483940987,359315.93197654927,-171778.23398936406,-1658560.1726738336,546519.3319181412,-570700.1898840999,2722964.705237824,1860177.0810810227,751244.1807035422,-180923.16251285488,1177170.6718429313,0
-885788.0038273444,642152.888535457,119133.96517327295,-56953.14199898291,-549906.2620033481,181202.87742954906,-189218.61032976172,902818.7420367583,616755.1447409738,249080.46942712757,-59986.44713836481,390299.526674773,0
-47452.22618305206,34401.28881379243,6382.5312692534935,-3049.2678051884686,-29457.421409234754,9708.052725223042,-10134.93805196609,48365.93916201851,33040.69019168231,13343.80505494704,-3213.823178215024,20909.59631061612,1
-254346.744471434,184389.8808128261,34208.91271605978,-16351.133581185397,-157898.950991006,52032.15724970943,-54330.16718491562,259238.92590093653,177097.0982713244,71521.85151649079,-17224.906704325418,112072.27441537104,1
-164502.7972430007,119257.14979544516,22125.20282661522,-10575.409074835148,-102123.77282102322,33652.698096330685,-35139.001803931395,167667.00054004387,114540.42385278884,46257.96214245868,-11140.48977456817,72484.60182132477,1
-173677.0185811896,125908.03239983157,23359.095387599213,-11165.185607950889,-107819.11897510957,35529.49697608027,-37098.67189695744,177017.69202175055,120928.2530466787,48837.72885261624,-11761.823472047956,76527.14091832441,1
-474527.96806295,344010.7889576,63822.32209485221,-30506.67410194717,-294588.60468269384,97074.38633247442,-101363.186002748,483654.16822869866,330404.86094438063,133436.23026834146,-32135.661025161447,209088.99720812077,0
-1202140.8418711883,871493.1208681638,161681.7876294845,-77293.42437378137,-746301.2215273073,245918.23459574924,-256796.51472599842,1225254.1304870318,837024.7563568844,338037.7999304589,-81410.1095323314,529692.0146916707,1
-474527.8217701265,344010.8015720549,63822.39033617499,-30506.4424378468,-294588.37047563033,97074.49472490032,-101362.95931188247,483654.3168475681,330404.8700209896,133436.24446584948,-32135.697879288567,209089.0921941858,1
-79087.45214051685,57335.355665662755,10637.313352077284,-5083.185817508491,-49096.797056221694,16179.642801501639,-16892.65079623811,80609.63504981,55067.690994784876,22239.519611928627,-5356.367337011473,34849.38136362004,0
-79087.14308237964,57335.387705791014,10637.436418612984,-5082.387069543794,-49095.943870087736,16180.072186894486,-16891.764999312112,80609.8563750216,55067.72566998394,22239.6194718537,-5356.19681862731,34848.85977011102,0
-519450.91152644414,376576.9171404214,69863.77554345872,-33397.791317852265,-322479.49977944925,106263.07266607742,-110962.00237623649,529439.2771270495,361682.9484517409,146068.0316276863,-35177.95755555516,228883.33728589653,1
-1913935.392729696,1387508.6319733008,257414.17649939194,-123060.89564200146,-1188191.8593729336,391526.9900746101,-408848.7479395034,1950732.895556346,1332631.3673739932,538191.6175206071,-129613.38396246305,843325.255971648,0
-330903.6237669347,239890.2970413924,44505.64031774308,-21271.68294345475,-205424.79326459768,67693.92343100868,-70682.30236493186,337268.6899141725,230402.43171863488,93049.61334874363,-22409.33701102246,145804.79402818772,1
-79087.2072943354,57335.3784232842,10637.375865581875,-5082.315893676385,-49096.005153964914,16180.006759003842,-16891.79239644715,80609.78221753123,55067.71865577239,22239.57367956005,-5356.258453722169,34848.97279822892,1
-79087.19957643494,57335.37704203984,10637.425264339927,-5082.278122446125,-49095.972514732646,16180.020501857758,-16891.75705237136,80609.80536000253,55067.71685956051,22239.559997234188,-5356.305903838706,34849.10190184834,0
-189811.33985241826,137604.27338769223,25529.036754629,-12203.48591215512,-117836.26598227218,38829.572142015066,-40546.09347181058,193461.54696285765,132161.89475728813,53374.56605741521,-12854.443801848325,83636.2162982036,0
-316352.26812407543,229340.52666412544,42548.13230374494,-20338.862524237986,-196393.51287033307,64715.96205483606,-67576.54254630611,322435.8897901456,220269.89759750865,88957.48511916475,-21424.083739495607,139393.6476658757,1
-63269.1274277232,45868.43485591057,8510.168506843116,-4064.6470095696736,-39275.56455895004,12944.553144028823,-13512.243687148304,64488.37833357759,44054.30454832559,17791.71732127551,-4285.033646491158,27879.229029094367,1
-401767.7680615813,291262.295586397,54035.895805329674,-25831.408747327903,-249420.8312853272,82188.85474091025,-85823.23819020353,409493.15509181446,279742.6044907547,112975.88754286764,-27208.25392535758,177029.008560557,0
-79087.62526921218,57335.24017849528,10637.23376209807,-5083.768532361877,-49097.37012922082,16179.4482089495,-16893.197130152454,80609.42151680107,55067.576993347226,22239.50758122607,-5356.093911225793,34848.64334201874,1
-360640.727277279,261448.30771982382,48505.18861226142,-23183.61092350953,-223885.85823945832,73777.19465547772,-77034.56957351026,367577.63449631946,251107.8020233535,101411.5963070579,-24423.162744674337,158907.6921596803,1
-284716.8595463981,206406.46218781365,38293.37272604538,-18304.58693026562,-176753.73225090402,58244.564715121414,-60818.4985126113,290192.54066742107,198242.89643099593,80061.74406687007,-19281.610747333452,125454.11855485859,1
-474527.89076552045,344010.8531486974,63822.39663236623,-30506.48870890292,-294588.4068956369,97074.4707907105,-101363.00357619226,483654.2288340948,330404.94079208776,133436.2441310643,-32135.75483250761,209089.2780720009,1
-474528.85076200595,344010.56466454646,63821.92639620496,-30509.451074633263,-294591.4456144909,97073.46347966055,-101365.94777687248,483653.33678519924,330404.63030034956,133436.09513608186,-32135.656504542207,209089.15278693088,0
-474527.8483839541,344010.81802848075,63822.40737487909,-30506.387452090712,-294588.2980995523,97074.52894031258,-101362.90439522562,483654.34511879616,330404.88803003554,133436.23029100083,-32135.749125449936,209089.26398618755,1
-142357.33222188684,103203.45287997682,19147.107669456967,-9148.846318280619,-88373.37244396076,29123.562609907032,-30405.81813462442,145097.1679773818,99121.67803540066,40031.07981725046,-9640.660707387155,62726.34901073393,1
-664340.2392376944,481614.7950799708,89350.79512979065,-42712.740974549604,-412427.50950707693,135903.06367993364,-141911.84347063204,677114.8742682453,462566.486759295,186810.46371707664,-44989.856224816336,292724.63914029975,1
-94905.10183252276,68802.30403441093,12764.710819595737,-6100.413680612831,-58916.72957340042,19415.408414009686,-20271.7237003385,96731.32890977376,66081.10910546305,26687.366097892787,-6427.30042622378,41818.32467043649,1
-553617.3943481507,401345.5655019206,74458.79225210383,-35595.490445271455,-343691.17733559123,113251.91228634644,-118261.42078774769,564261.8660439062,385471.9784065836,155675.3722636526,-37491.60248057357,243937.42863948812,0
-964875.8513265572,699488.0254947288,129771.1418239043,-62036.999934660664,-599003.8043107019,197382.17382923307,-206111.874136787,983427.9261080304,671822.628720987,271319.8954010357,-65342.46120908067,425147.82359936903,1
-28471.157833508914,20640.816546505248,3829.5743417154313,-1829.18126685533,-17674.059197614373,5825.049597893939,-6080.588592524951,29019.763283699627,19824.453140076297,8006.347016893103,-1928.3938191678167,12546.03779474155,0
-126540.642162645,91736.28969137529,17019.37696325924,-8134.933690195688,-78556.77227999386,25886.692455992903,-27030.01035316011,128974.58887026361,88108.03083400898,35583.094613900095,-8569.712169623977,55757.66600303003,0
-474527.9525840273,344010.7766871109,63822.30613525945,-30506.57384942126,-294588.52270772605,97074.51381874719,-101363.08129597739,483654.1205092725,330404.850999344,133436.19856802106,-32135.627178197956,209088.8400081425,1
-158175.85125085275,114670.32142573432,21274.185458972213,-10168.783940667136,-98196.07383780995,32358.297815959642,-33787.623986114646,161218.20384181038,110135.00396634896,44478.78535196072,-10712.037016267763,69696.79524188871,0
-79087.01181251339,57335.44137853806,10637.520802026273,-5081.875283238647,-49095.53061592916,16180.224700846029,-16891.357728700772,80610.02744580807,55067.77929297596,22239.584544351164,-5356.373401044637,34849.32806244941,1
-442892.6338180512,321076.771894858,59567.52503128627,-28472.41756855398,-274948.89126137807,90603.03750847328,-94605.16257929517,451410.651916981,308377.9061643574,124540.47997216755,-29993.313106342917,195149.74532520623,1
-316352.3451108327,229340.46073416146,42548.07264189237,-20338.967369995433,-196393.62213227618,64715.85949452465,-67576.6413603206,322435.8033837647,220269.8339705736,88957.47465746317,-21423.91651431404,139393.1553729785,0
-1203089.548589386,872181.2958467992,161809.62971478808,-77353.20540155386,-746889.1806045837,246112.81100565367,-256998.02362954323,1226221.713722194,837685.7386635384,338304.78603142285,-81474.59447441278,530110.6792482813,1
-254030.28066018855,184160.58643614894,34166.461295153626,-16330.470814661812,-157702.3776062034,51967.634033977556,-54262.36968453806,258916.56439986778,176876.87183929863,71432.96283673757,-17203.60999192722,111933.24656674555,0
-23725.27903230804,17200.85677061565,3191.605965648916,-1522.2845544225638,-14726.303338697573,4855.021667448332,-5065.167309612526,24183.784489899706,16520.55764235843,6672.117075754917,-1607.0818263201409,10455.170742658986,1
-237263.71819198527,172005.4698902764,31911.29313783674,-15253.24897874526,-147294.22347928927,48537.379169128326,-50681.611524883876,241827.29907509885,165202.49839615947,66718.17802953708,-16067.951891436507,104544.91646483324,1
-221446.10371425675,160538.4827687472,29783.928888973307,-14236.243723543312,-137474.46118165858,45301.60393498579,-47302.62949434875,225705.54755401087,154189.03944505908,62270.341405098065,-14996.925978970337,97575.72963816789,1
-1107234.8376066636,802691.0989616915,148917.5215308094,-71190.68826620976,-687382.0919993066,226503.78710093323,-236522.4852188454,1128523.6319533917,770943.9239745702,311350.6409869269,-74983.02330472192,487874.22520168184,0
-79087.1962323893,57335.40547490469,10637.463960899655,-5082.44641221604,-49096.017750940904,16180.031740206428,-16891.826334279773,80609.80466159941,55067.7444414463,22239.573761558866,-5356.279493966261,34849.08388646186,0
-31634.020155855163,22934.34309646514,4255.341953876437,-2030.6379636558547,-19635.98305820385,6473.000647107996,-6754.4548671219245,32244.795515936283,22027.28389275079,8895.948306043845,-2142.569260542143,13939.717684117559,1
-9489.919425295082,6880.364837328124,1276.7414437446605,-608.5808833308001,-5890.16216937577,1942.1983760209046,-2025.7257588906996,9673.712275978824,6608.254393605862,2668.909404457577,-642.8707375605403,4182.187668176806,0
-31633.981245737745,22934.378816891167,4255.320752677274,-2030.7380609787383,-19636.146476778657,6472.913512176371,-6754.564027688672,32244.703007260403,22027.31307706513,8896.004739246198,-2142.658906314171,13939.898457145782,1
-395440.8967167564,286675.4675149706,53184.91160564136,-25425.145602555993,-245493.5098498192,80894.34968612157,-84472.2469305937,403044.29814834544,275337.1791726522,111196.70397172276,-26779.85293158309,174241.41849099466,0
-199301.5819531403,144484.58506872476,26805.430440308028,-12812.836468102234,-123727.211881256,40771.395974901265,-42572.57151184858,203134.91216918238,138770.09023421994,56043.282531153935,-13497.084657504576,87817.7571259536,1
-94904.53500715995,68802.45547660097,12764.914107038077,-6098.873170262381,-58915.252845924166,19416.004406632863,-20270.23032759982,96731.78754002058,66081.26413842598,26687.457622088565,-6427.366397712051,41818.40505661868,1
-3954412.909906539,2866753.1524848463,531847.0746245297,-254260.42112184069,-2454944.055543744,808939.0280657233,-844731.0466421987,4030439.039744011,2753370.3827962535,1111965.8699478235,-267796.04939549195,1742407.075779654,0
-31634.03430010581,22934.391031722196,4255.339523566405,-2030.716621820754,-19636.108796911376,6472.932507284236,-6754.542625316853,32244.705457244814,22027.324903387747,8896.013031618493,-2142.7105923526174,13940.074407657314,1
-332170.04909728863,240807.44988429922,44675.43148320745,-21356.298903919105,-206213.665305005,67951.5974781546,-70955.84366475511,338557.4930681196,231283.29382042895,93405.29725227132,-22495.020742511424,146362.60048684233,0
-173992.9695030059,126137.47251626606,23401.814076539595,-11184.395859807475,-108014.50108936246,35594.61418413686,-37165.16941874183,177340.4095690815,121148.62601713465,48926.72173632306,-11783.369712422107,76666.73690519974,0
-237263.05411238203,172005.6338799425,31911.57289653529,-15250.682281128134,-147291.55960348932,48538.227435177774,-50678.96277874313,241828.0532488839,165202.66894248428,66718.28516000063,-16068.000652459108,104544.88690733832,1
-1728868.8738179698,1253344.6308513277,232523.72683861872,-111161.88084919608,-1073300.7731425846,353668.4936208915,-369315.63041270204,1762108.2834220594,1203773.6792575552,486151.58323147235,-117080.54405021806,761780.6817444742,1
-158175.63144233904,114670.38934636759,21274.294623389564,-10168.045280925136,-98195.33689087635,32358.614425906297,-33786.83685757812,161218.39854657065,110135.07334848252,44478.86988766597,-10712.153511621873,69697.05009694319,0
-15816.856919987496,11467.225095251855,2127.7251938216436,-1015.2443980166317,-9817.909265891203,3236.5722732668655,-3377.1419465072718,16122.471576247499,11013.68717525698,4448.083366088926,-1071.322967976848,6969.980016681544,0
-442893.0855172119,321076.638650088,59567.37994910496,-28474.06199536992,-274950.6233883156,90602.52323349149,-94606.83508670171,451410.35224611266,308377.7647468242,124540.41335305806,-29993.454021773632,195150.33666475437,0
-79087.06974361293,57335.399952318374,10637.484649500177,-5082.135032114506,-49095.83261073946,16180.080872449658,-16891.615479396278,80609.87292825464,55067.739541666764,22239.568055382904,-5356.2941459961285,34849.05145695511,1
-158175.23042205832,114670.49804223423,21274.43888975787,-10167.124312425549,-98194.45220384076,32358.987637446266,-33786.01403140679,161218.7809279536,110135.18185028638,44478.889949646786,-10712.179615938096,69697.13712752714,0
-31633.897967023913,22934.426969857795,4255.412745577977,-2030.4250376549085,-19635.782904167278,6473.084570344749,-6754.251762197693,32244.87147892374,22027.35961581129,8896.021867073738,-2142.7274197999664,13940.152286642779,0
-158175.64334489536,114670.36496357723,21274.274084956764,-10168.414898481993,-98195.66229316575,32358.48973044217,-33787.254319739404,161218.40577567884,110135.04644230177,44478.82010101084,-10712.00347285692,69696.73216473524,1
-118631.56075729874,86002.83043949072,15955.789087809822,-7625.8221762330195,-73646.24647631776,24269.08862872917,-25339.961876108904,120914.02291161612,82601.33825613216,33359.19062271896,-8034.153438579422,52272.96845354548,1
-794045.7580888048,575644.1584928117,106795.0438460407,-51054.77307329379,-492952.0429383912,162435.34452297082,-169621.29036800493,809312.5076607245,552876.8926535073,223282.87255617368,-53773.65455340362,349875.9430218326,0
-140458.98480190564,101827.48902049445,18891.91100377826,-9026.378653904525,-87194.57838991795,28735.460526469546,-29999.93790286672,143162.8068481236,97800.13722587415,39497.34900658347,-9512.317294740025,61890.542590935474,1
-66432.95833745139,48161.787478889564,8935.56888138042,-4268.520708693073,-41240.03397161226,13591.465602510723,-14188.495734639539,67712.45461906977,46256.95191994361,18681.292831135863,-4499.350721068981,29273.35748767937,1
-316352.25175308954,229340.5253991929,42548.14383134277,-20338.883289406822,-196393.52898818837,64715.95415584578,-67576.55975474046,322435.8560050248,220269.89732059132,88957.51102107648,-21424.010371789773,139393.44192503503,1
-28470.58295601932,20640.96081272558,3829.8428160428894,-1827.596129028231,-17672.542493306613,5825.66278599987,-6079.052860728997,29020.25364927376,19824.59981135087,8006.409065541229,-1928.5078057247583,12546.248374561828,1
-474527.76244190586,344010.84242196014,63822.40626203307,-30506.316780824018,-294588.2393693447,97074.55076155337,-101362.83585299854,483654.38925727335,330404.91094909894,133436.1912519013,-32135.765360303692,209089.2846400038,0
-221445.47013401717,160538.62593970232,29784.16385638034,-14233.803871152691,-137471.972998712,45302.378167754636,-47300.20269018301,225706.17590778897,154189.19062288073,62270.434655948346,-14996.835095537364,97575.28752250253,1
-63269.894271047764,45868.26294386836,8509.849886973392,-4066.427765075574,-39277.30388105695,12943.8135350519,-13513.977012926945,64487.71584984914,44054.135144942586,17791.7031050031,-4284.969116248983,27879.138245216767,0
-31633.990388893624,22934.419347363983,4255.407119514236,-2030.5577429685502,-19636.013703720662,6473.044710681046,-6754.403184539307,32244.87909855826,22027.34772224878,8896.077403898284,-2142.964745943451,13940.849594431065,1
-189810.8793521817,137604.39493491605,25529.068360217592,-12202.123069786414,-117834.82952947415,38830.07646306617,-40544.718276211206,193461.9941573201,132162.018699687,53374.58125905882,-12854.336004502546,83635.84658014392,1
-158175.29848755972,114670.49823881767,21274.451441933597,-10167.178449156281,-98194.50270735084,32358.96363758376,-33786.06713960719,161218.74198878833,110135.18209232726,44478.86617452904,-10712.207882528677,69697.22918934375,1
-262887.7211014788,190582.18445418694,35357.89569016063,-16898.35535217106,-163199.71726549827,53780.18450251954,-56152.886660749566,267945.13043381233,183044.49909645188,73923.875772171,-17803.364429017718,115835.72741054771,1
-35747.320320628976,25915.629359581188,4808.2017776632265,-2297.1504848553222,-22191.286064696502,7313.435130859643,-7635.017091400337,36435.6559164677,24890.645861382553,10052.374143131103,-2421.0353926531816,15751.775522788528,0
-474527.8852239079,344010.7862710877,63822.36818711511,-30506.514470230977,-294588.41722317116,97074.47655781427,-101363.02353206348,483654.2724894972,330404.8562439616,133436.21670455634,-32135.60546111711,209088.8614721143,1
-47452.23088329556,34401.30294045126,6382.500721475313,-3049.3234079568006,-29457.491809048068,9708.060227140415,-10135.006563662899,48365.94498473925,33040.702890960114,13343.819535571063,-3213.8988463746746,20909.815893937433,1
-287879.5990740293,208700.1350558766,38719.20126020823,-18505.2989638262,-178714.98528359013,58892.65499537783,-61491.60156419322,293417.4306325457,200445.88267205382,80951.41849001478,-19495.866198467967,126847.821159835,1
-50615.61534774419,36694.67803847341,6808.026857927029,-3252.5644118227547,-31421.220970952778,10355.35469081143,-10810.608360908955,51590.50424387651,35243.37129054181,14233.377023953954,-3428.0423881496927,22303.528217348696,1
-47452.285218373414,34401.211182231455,6382.511344061783,-3049.558024178424,-29457.697663383235,9708.003625290085,-10135.219738235988,48365.90103496012,33040.613974604676,13343.813973852797,-3213.7139376970886,20909.32215549778,0
-158175.53562155375,114670.4100349247,21274.297910424862,-10167.833791461802,-98195.1431144374,32358.61766515227,-33786.684982451305,161218.41302571693,110135.09569425625,44478.85161859447,-10712.064899840952,69696.75565939202,1
-9284961.987253511,6731136.176177133,1248776.6689352337,-597004.3452499616,-5764209.873117523,1899388.4243445538,-1983429.35777618,9463470.308836764,6464913.4417662695,2610895.723469219,-628784.8663785305,4091171.0060376916,1
-2110074.491176009,1529699.5626382374,283793.7029630831,-135672.85989002718,-1309957.6971090508,431650.307760805,-450747.9940395749,2150642.5011383626,1469198.5115045235,593345.0835994495,-142896.21421593885,929749.097461342,0
-76556.63889883178,55500.582351256606,10296.902609762668,-4920.531625585784,-47525.69462539464,15661.950097960727,-16352.066950322813,78030.13675582834,53305.48452138671,21527.854459939914,-5184.865269716761,33733.91988839835,1
-31317.92946205405,22704.938398258648,4212.6678523043265,-2010.8453716010235,-19440.194035114288,6408.003049225161,-6687.422076874295,31922.033847965176,21806.952388133894,8807.000755009272,-2121.0978628752355,13800.142666799082,0
-63269.86359581248,45868.30018747863,8509.890930774927,-4066.4131147425614,-39277.33506246259,12943.783981889224,-13513.979466057674,64487.67720225886,44054.16944168959,17791.68080969312,-4285.0586573431465,27879.34859446177,1
-237263.6588638436,172005.47270419513,31911.32240438841,-15252.784596072199,-147293.7187260218,48537.48823727597,-50681.048129987816,241827.4126449284,165202.5042748436,66718.15216172948,-16067.940818218714,104544.8275977921,1
-316352.37369999,229340.50239553436,42548.10510024057,-20339.223931477223,-196393.87307548156,64715.84633149286,-67576.90099217494,322435.7515661988,220269.87397544424,88957.44340910521,-21424.015037964662,139393.4788432859,0
-632705.3881428379,458680.7352308585,85095.88674315183,-40680.33312040263,-392789.6812244581,129430.89566168748,-135155.6563533328,644870.8986918575,440539.48215753445,177914.68890166594,-42847.71691280651,278786.13497291866,0
-1505839.5628581797,1091659.7931516194,202527.70725041447,-96819.8378381944,-934840.1498362212,308045.03768662625,-321671.0954742475,1534792.0183285456,1048483.6360566028,423436.7625396665,-101976.81511312912,663508.6991040439,1
-632704.9569242882,458680.7685124774,85095.98353562457,-40678.72187869452,-392788.01651471196,129431.45442104878,-135154.05155074125,644871.3296444344,440539.6848381934,177914.78117685523,-42847.63033216798,278785.79716885544,1
-79087.53481879857,57335.28440118854,10637.315652478657,-5083.358557230832,-49096.98408454395,16179.564283622563,-16892.794229227242,80609.4711669058,55067.6244606267,22239.525983280197,-5356.180192341267,34848.81748748156,0
-404930.25959574326,293555.93359787104,54461.815279877555,-26031.464314347573,-251381.38323129623,82837.24568639396,-86495.69730540302,412718.472633009,281945.5425330484,113865.68056091685,-27422.538705847703,178422.8243290267,1
-126540.69463678099,91736.24493598656,17019.337091199737,-8135.0708251253345,-78556.90714749516,25886.63335225399,-27030.141217198445,128974.52589282775,88107.99119851511,35583.061869239944,-8569.597114214646,55757.33914937093,0
-79087.40700335681,57335.35312718698,10637.35698708953,-5083.139582414425,-49096.729277285114,16179.725409893359,-16892.576298170185,80609.64460828231,55067.68776011386,22239.517594426245,-5356.291233477721,34849.17528885071,0
-237263.60155514014,172005.53260702558,31911.32135969438,-15252.486143024074,-147293.49184930735,48537.70009492022,-50680.78679010933,241827.4986777264,165202.56116508684,66718.17387632445,-16068.101824048299,104545.28853802253,1
-8699076.593936794,6306397.959476,1169978.029343597,-559334.447975788,-5400486.7082549855,1779535.517685635,-1858275.3247851126,8866320.068967704,6056974.013594292,2446146.8356056777,-589108.2856739608,3833016.294880239,0
-347986.7121305181,252274.68657273657,46803.25128022803,-22370.282496157502,-216030.3423654394,71188.35741534276,-74331.73709887099,354680.1512670275,242297.00471201973,97853.32984445487,-23566.207984810357,153332.0130313005,0
-1073068.757729307,777922.3660789848,144322.35334077515,-68994.11502604668,-666171.5897065676,219514.48054735435,-229224.24361756802,1093700.640972338,747154.8138563718,301743.24682766723,-72669.31300778427,472820.0322665121,1
-79087.00733325203,57335.44143512203,10637.569986469252,-5081.886336259646,-49095.53660219849,16180.220387200628,-16891.365687266676,80609.99237006858,55067.78010865866,22239.60071067913,-5356.3258351858785,34849.19828092462,1
-1107234.5996225828,802691.190934476,148917.67305039274,-71190.09816939934,-687381.486029083,226504.0652939585,-236521.91379670243,1128523.987453383,770944.0095745656,311350.6847156659,-74983.33986363767,487875.13768584694,1
-158492.12617572647,114899.7076148357,21316.76385097191,-10189.04203343741,-98392.40322567038,32423.036914048604,-33855.125009879295,161540.65201349012,110355.31859408479,44567.7938766088,-10733.527931270282,69836.3576115093,1
-262572.42512680916,190352.59331753495,35314.92374978603,-16881.55939052869,-163006.89381943175,53714.19838309032,-56088.823751090735,267621.7389987405,182823.96905930853,73834.69283712258,-17781.85657304019,115696.40378794189,1
-474527.97101724544,344010.77119039313,63822.3307983673,-30506.73568639437,-294588.68469652877,97074.34743711943,-101363.2482425425,483654.1391302419,330404.8414790546,133436.20956696643,-32135.650997380115,209088.944107492,0
-1107233.8143513447,802691.2923183291,148917.93001710257,-71187.8969924944,-687379.1968222177,226504.95418737756,-236519.7033509795,1128524.6124657465,770944.1167284829,311350.73776844965,-74982.9482768276,487873.8835216914,1
-443526.4562039546,321535.1885133014,59652.171406025496,-28516.546878406396,-275345.22218210436,90731.16775602539,-94743.75144190776,452054.51818306424,308818.1711875664,124718.26829430726,-30036.258400431612,195429.02356922466,0
-316352.3160215,229340.5051454311,42548.020820657905,-20339.141843675567,-196393.79062121978,64715.83517162445,-67576.80768128029,322435.7157159215,220269.879597641,88957.43752331294,-21423.83585691908,139392.93733405427,1
-158175.72650540457,114670.41255242427,21274.315825139533,-10168.549803090073,-98195.8497615916,32358.449921424748,-33787.419167883585,161218.40847548956,110135.0903909853,44478.833868508504,-10712.3463275979,69697.72314935518,1
-79087.01828612198,57335.432115170915,10637.492500261602,-5081.91407155327,-49095.584930555415,16180.199991439442,-16891.399299559853,80610.01674623217,55067.76967269412,22239.60101237291,-5356.393777830195,34849.36895294423,1
-1505839.9219073346,1091659.7560029447,202527.6183007995,-96821.25318483755,-934841.6073900859,308044.52998012124,-321672.49596481805,1534791.6640125625,1048483.5902023709,423436.75486715586,-101976.95338014851,663509.2269483511,0
-15816.66582783748,11467.286882952574,2127.9098218799045,-1014.8128861740197,-9817.48570910529,3236.7142345464663,-3376.721765900027,16122.63572745562,11013.749275536442,4448.093788076063,-1071.4471653594248,6970.3052379234,1
-94904.0337714889,68802.50263128572,12765.115992070208,-6096.961053524049,-58913.20187074274,19416.686703223,-20268.290503788547,96732.35013524948,66081.3182420075,26687.505161384914,-6427.20111388991,41817.79741125082,1
-79087.15362894017,57335.405048118424,10637.47744719701,-5082.148428202614,-49095.84358148169,16180.077759905287,-16891.63261938555,80609.8744465664,55067.743534268375,22239.568296820293,-5356.405709511825,34849.385405075496,0
-1301792.2978492116,943735.310785147,175084.26380328112,-83701.55037580972,-808166.6310060783,266303.37674565235,-278084.5049697874,1326820.9956078357,906409.6929808267,366059.3505280934,-88158.95164093698,573601.7875987006,0
-79087.17561421794,57335.39960088719,10637.484792797519,-5082.237848954262,-49095.92547333871,16180.038365340522,-16891.715085037322,80609.79282117005,55067.73993692546,22239.566089574073,-5356.298321807675,34849.08740179912,1
-31633.745474462074,22934.437895081905,4255.440471547772,-2030.2494828226568,-19635.601252758614,6473.167166262105,-6754.076134383547,32244.9871891131,22027.37019186661,8895.993719774957,-2142.6801311215527,13940.005220526755,1
-3163530.0441357186,2293402.5601324686,425477.7748388479,-203407.64717438904,-1963954.6251419736,647151.5342429611,-675784.1528733105,3224351.467502196,2202696.3559028967,889572.7426631051,-214236.82469768915,1393925.5934112114,0
-1202141.0520169241,871493.1214981499,161681.72191915105,-77294.14109776712,-746301.9609298679,245917.98688602602,-256797.22715698747,1225253.919740675,837024.75412916,338037.7551483138,-81410.22586120322,529692.3975112077,0
-1730450.7642757369,1254491.3006898593,232736.46033448202,-111263.65273226715,-1074282.8354120108,353992.0789450009,-369653.60805670155,1763720.409028345,1204874.9971683403,486596.3565059444,-117187.71981757996,762477.8168319841,0
-47452.12835712321,34401.30859848484,6382.5607130431845,-3049.1888822038823,-29457.30026711249,9708.182035276051,-10134.856591216349,48366.10492486766,33040.708014377014,13343.782578951495,-3213.8652176897044,20909.776768880765,1
-474528.7941398528,344010.616948368,63822.02259447775,-30509.563718322057,-294591.5578964323,97073.49970191522,-101366.07420361345,483653.4442971585,330404.6766732926,133436.10382382452,-32135.848116136425,209089.77700225037,1
-1747850.0917531862,1267105.0042839523,235076.57611046324,-112382.51934117552,-1085084.7151852872,357551.39140776027,-373370.53994203213,1781454.3628554556,1216989.8153329012,491489.0338162057,-118365.95866605687,770144.2304681054,0
-632705.2161210367,458680.7729682055,85095.98697095421,-40679.57506373715,-392788.9066965973,129431.19831826781,-135154.91513064882,644871.133084515,440539.52070970286,177914.7888776749,-42847.78183267367,278786.29284939176,0
-47452.30506468382,34401.23719977488,6382.454635652145,-3049.4876671135307,-29457.65739474273,9707.989700676007,-10135.165259816538,48365.88471514906,33040.63773196769,13343.787008951922,-3213.7838461355973,20909.48643173949,1
-64851.49805943191,47015.0647703979,8722.641502946342,-4167.337953088361,-40258.48719113042,13267.645205049823,-13851.079912761279,66100.00329668872,45155.585114516274,18236.468455419898,-4392.114178878025,28576.093413467857,0
-79086.1798145515,57335.564001388986,10637.780072276317,-5079.547190439041,-49093.079113528634,16181.178509631516,-16888.9794955509,80610.67880947697,55067.91038183211,22239.72911766757,-5356.208836087545,34848.60987467858,1
-471365.48892180395,341717.11645838997,63396.390680971024,-30306.46134546818,-292627.9639879645,96426.1179803768,-100690.5621211331,480428.8581613009,328201.88708443416,132546.48851167213,-31921.50366540994,207695.46525229778,0
-474527.7407450246,344010.8530746604,63822.42671614416,-30506.265405107195,-294588.1766973697,97074.58080210502,-101362.78374562807,483654.4012894976,330404.92141131836,133436.23552714352,-32135.750482878575,209089.25671591482,1
-1043964.7650733368,756822.9083700381,140407.754800128,-67124.12927766275,-648104.5085203758,213560.16039344048,-223008.3827539183,1064036.1340315875,726889.8532746166,293559.11421947106,-70698.22139683201,459995.6219988189,0
-31634.522124604606,22934.243681784676,4255.131184938823,-2032.2575805376314,-19637.649754136157,6472.345453069017,-6756.037817094942,32244.24523180183,22027.174408290666,8895.930308069032,-2142.5373942635347,13939.705850438953,1
-104395.76486560388,75682.52887306892,14041.132018369311,-6710.722270097256,-64808.70355531205,21356.808333927165,-22299.167692134786,106404.31954744305,72689.21703958367,29356.10619665342,-7070.134361536273,46000.43742539081,0
-63269.93214194769,45868.25550894827,8509.859766191244,-4066.5129442601947,-39277.391466632114,12943.797622408742,-13514.064223169184,64487.73304558357,44054.124884683435,17791.655856450638,-4285.041137561081,27879.356606522706,0
-79087.06448833745,57335.41424556473,10637.463355677693,-5082.055380463864,-49095.70006175482,16180.147684666134,-16891.526773440255,80609.90960461699,55067.754629528354,22239.56581362418,-5356.186384758656,34848.805422179605,0
-158175.67061130903,114670.4186910971,21274.293982841904,-10168.329944737818,-98195.608286484,32358.460390232776,-33787.17960778059,161218.37378224477,110135.10122753528,44478.8115168753,-10712.161667999593,69697.14833024495,0
-1107235.2892955022,802690.9956872073,148917.3193679297,-71192.17822203402,-687383.604630541,226503.29689968372,-236523.96396551415,1128523.230896567,770943.8165377385,311350.55528122967,-74983.05132833245,487874.4194709363,1
-23725.258665757752,17200.88954364767,3191.6298333733416,-1522.2484889619147,-14726.256936780885,4855.0370921727945,-5065.127907803444,24183.78803423747,16520.58987400639,6672.036043615822,-1607.078100911902,10455.166282351483,1
-63269.75730598296,45868.33521700844,8509.95801145833,-4066.139021202431,-39277.030502739144,12943.927575687363,-13513.708429735321,64487.831430827726,44054.20279910228,17791.72567551228,-4285.114721824056,27879.540491610947,1
-158175.6071883154,114670.36216088338,21274.256986961453,-10168.101915555788,-98195.38864787252,32358.592824248677,-33786.88744842994,161218.375277393,110135.04772074644,44478.8597196986,-10712.013478369932,69696.64793720999,1
-790881.9813655121,573350.8266745317,106369.68094176678,-50850.46543952875,-490987.22366829694,161788.47376265717,-168944.7139768479,806088.3713590285,550674.2694362577,222393.3363884499,-53559.45819700444,348482.0546755267,0
-268899.4317508303,194939.44882937515,36165.910621398725,-17288.047528573326,-166934.52027780152,55008.579492226,-57440.08684174697,274070.4685166564,187229.41222127675,75613.9287594864,-18210.487916129336,118484.63567121953,1
-474528.82288329006,344010.6078542462,63822.002925005014,-30509.35035736196,-294591.3540731859,97073.47695607523,-101365.85123863685,483653.3227243256,330404.6734416164,133436.13388793156,-32135.714191701514,209089.31137039827,0
-53778.82859242798,38988.156808457024,7233.64057839365,-3454.782416430255,-33384.05962995561,11002.940913109032,-11485.24530275657,54815.132581149584,37446.16017984461,15123.004156619729,-3642.3178790730335,23697.4659776216,1
-2220797.921171384,1609968.652532888,298685.45874735725,-142791.7026828171,-1378695.6971659395,454300.53360771184,-474400.05354359944,2263494.8943251343,1546292.885692185,624480.1321665333,-150394.33404840218,978535.972254273,1
-126540.58500611193,91736.29181913781,17019.40013884402,-8134.810014575534,-78556.6267486963,25886.762010073457,-27029.884936643633,128974.67006939075,88108.03828706358,35583.07820483376,-8569.68636236126,55757.61139336495,0
-15816.268653791149,11467.37892585685,2128.0122075103363,-1013.4606625492124,-9816.082499867585,3237.2965516286163,-3375.401173155074,16123.077948713111,11013.842656576142,4448.169517882581,-1071.454789814407,6970.272200510051,1
-31634.515148312224,22934.268914617984,4255.120754416609,-2032.1400477383872,-19637.529182811715,6472.353533796945,-6755.921578423356,32244.255629721596,22027.202818797727,8895.889847593688,-2142.5324981588406,13939.686655997317,0
-427075.8042483933,309609.54599610745,57439.86511920036,-27458.182712783495,-265132.0334959528,87366.22709903831,-91229.12317573522,435288.1844005186,297364.20353477413,120092.46912978447,-28922.124362907987,188180.37881877436,0
-474527.88728226343,344010.7853850902,63822.35724622247,-30506.580114973192,-294588.5217802848,97074.42357202765,-101363.09568074741,483654.24014235265,330404.8545591136,133436.2183181316,-32135.683481179756,209089.0386877799,1
-63269.96441184332,45868.270384118885,8509.840361417022,-4066.7175421127877,-39277.63092896088,12943.67610753002,-13514.266227322662,64487.57157838629,44054.13850618675,17791.625695053943,-4284.996962699028,27879.188284825268,1
-474527.88701923675,344010.74897360353,63822.299846759495,-30506.5302632071,-294588.4893717976,97074.53392701855,-101363.0406390876,483654.16685473575,330404.8208892091,133436.26795454614,-32135.591913893368,209088.72213471602,1
-711793.5513435176,516015.7951677786,95732.790363814,-45765.177942984934,-441888.23804907914,145609.76626639697,-152049.9252282088,725479.6921603732,495606.8905122645,200154.04910769538,-48203.55879038993,313633.95667873113,0
-262572.46943424735,190352.5626480047,35314.89396053194,-16881.55954314111,-163006.91748259144,53714.12611693647,-56088.85999034474,267621.67902350036,182823.94773254482,73834.69171995975,-17781.819127914074,115696.25668173937,0
-442893.5125434214,321076.54579616606,59567.20650641602,-28475.395864178547,-274951.8982446792,90601.94092733435,-94608.1302960762,451409.9007376212,308377.6763949141,124540.34503953233,-29993.30992061912,195150.00551373904,0
-753551.7652764531,546288.8030949037,101349.29376846817,-48448.682178289426,-467810.8720921642,154152.7857730771,-160968.81641691944,768041.5909794548,524682.5790513998,211896.4686334997,-51031.445718734416,332033.6392598155,1
-1977205.9475810465,1433376.7500424078,265923.8001350532,-127128.98744675619,-1227470.7786186049,404470.0634035255,-422364.27730476734,2015219.9654187842,1376685.3606750926,555983.0595339235,-133898.15486356837,871203.8917421313,0
-2230288.5182425273,1616848.8902759077,299961.9221946474,-143401.90291103866,-1384587.5301322094,456242.0473141365,-476427.351253454,2273167.974248737,1552901.003202154,627148.8825862281,-151037.20826163856,982718.2113010663,1
-79087.30980284297,57335.358493038504,10637.404091242888,-5082.986377204666,-49096.601601316455,16179.735062426736,-16892.42883493962,80609.67348483256,55067.69541971691,22239.53125235435,-5356.273924304563,34849.07868853117,1
-3163529.9088431047,2293402.5992231276,425477.8255120797,-203407.14942651597,-1963954.1227817438,647151.6897421684,-675783.6953825693,3224351.6080365237,2202696.382132985,889572.845226991,-214236.85935776524,1393925.659039606,1
-79087.52216260743,57335.27120656668,10637.257272293386,-5083.439074127454,-49097.036294712445,16179.590312758,-16892.866695237677,80609.49477414633,55067.61138329639,22239.51703285063,-5356.096467875433,34848.61406842996,0
-1272371.479946344,922406.6159800753,171127.29213898708,-81809.766809196,-789901.7664415676,260284.6788110786,-271799.6163181637,1296834.4072461277,885924.5694440152,357786.2402817736,-86166.16795038975,560637.1479097861,0
-149950.59497399427,108707.48037477222,20167.990878728993,-9639.626625095756,-93089.49976776488,30675.776971051182,-32030.29487471745,152834.92486399732,104408.0044877071,42165.90448923395,-10154.944549630076,66072.33604611884,1
-48084.74996252372,34859.97041922156,6467.689229329251,-3089.6773243899206,-29849.902684231747,9837.675141989454,-10269.831159532188,49011.01981123202,33481.23177215699,13521.773261743534,-3256.6164263953865,21188.2737514032,1
-474528.929283564,344010.5590153395,63821.940928345066,-30509.719282538677,-294591.7094656463,97073.37729831209,-101366.2069320486,483653.2770765038,330404.6206657708,133436.04385786742,-32135.69211991194,209089.2853620147,1
-79087.14605519846,57335.42147778468,10637.461304809913,-5082.0787468933395,-49095.698041515076,16180.077415424605,-16891.552555365077,80609.81832936237,55067.78048817075,22239.584836098835,-5356.324201024405,34849.12440689404,1
-474527.89938053465,344010.77899038786,63822.331556016805,-30506.43594149661,-294588.37836197636,97074.58386494231,-101362.94769701047,483654.2182788571,330404.85141884757,133436.22789536483,-32135.68028688332,209088.99729853976,1
-1293883.1081223113,938001.8724634408,174020.71249056325,-83192.21664315778,-803255.8781553432,264685.67186320503,-276394.2273848408,1318760.4242351125,900903.0229104735,363835.3975997849,-87623.17525848656,570116.4362350629,1
-158175.74238807094,114670.35077494165,21274.250274674676,-10168.556440813565,-98195.81667533182,32358.41829424701,-33787.396362019404,161218.32156745534,110135.03257232811,44478.82160956375,-10712.032776198592,69696.8113064195,0
-1107234.7303638882,802691.0842699192,148917.55200789895,-71190.46464844882,-687381.8745019424,226503.95043258832,-236522.27543445595,1128523.730447553,770943.9209545398,311350.6279624954,-74982.98712754322,487874.10837784444,1
-477692.2635981922,346304.0463686102,64247.49662416752,-30712.717329255698,-296555.2748028334,97720.69920480241,-102041.60883315082,486877.8375638805,332607.3995362833,134325.68996960754,-32350.1580659417,210483.84484577784,1
-173993.2970169737,126137.42950173492,23401.67426372197,-11185.34037390642,-108015.36309105523,35594.227791654026,-37166.07630358769,177340.15959969972,121148.58017602173,48926.703654045436,-11783.379789817951,76666.86202194578,1
-3060715.495495016,2218866.9775745594,411649.68169941555,-196797.2900433631,-1900126.5260800265,626118.943208275,-653821.5552268095,3119559.8331636684,2131108.714589184,860661.6177563361,-207274.19692564235,1348623.1898345803,0
-39542.88321675092,28667.869284677297,5318.983215731795,-2539.491532215043,-24546.356254106482,8090.708216908214,-8444.267429209165,40305.50512383744,27534.036435284244,11119.977956165932,-2678.304529285397,17424.88848681965,1
-1874391.4835275975,1358841.0582041906,252095.6146090673,-120518.99837995377,-1163643.07565907,383437.35034884897,-400402.0855166039,1910428.3719935822,1305097.6206058178,527071.8981241515,-126935.49455404276,825901.4498455223,1
-9490591.504806599,6880207.291827639,1276432.6932754002,-610226.1755877753,-5891867.235238167,1941453.1218026443,-2027355.66504959,9673053.13323595,6608088.654791417,2668717.9692619434,-642710.1681573517,4181775.978108249,1
-31634.768064021006,22934.194330008333,4254.983691720707,-2032.7137407053428,-19638.15887864461,6472.109342635539,-6756.495403252724,32243.993746599088,22027.13050514655,8895.928377123728,-2142.5695493490566,13939.757805109068,0
-15816.30214477218,11467.404248114175,2128.0050486018204,-1013.438960660445,-9816.059421246284,3237.3070502032215,-3375.3831449689865,16123.079587907712,11013.86639727391,4448.203632722194,-1071.5450425231938,6970.540711595297,1
-110722.79085333871,80269.32208998459,14892.077452893614,-7117.424525069081,-68736.49260987135,22651.142992438294,-23650.62118485861,112853.04049230348,77094.63474635934,31135.253245195694,-7498.558718987473,48788.13898616897,1
-2396057.6274728333,1737023.0807633142,322256.8264304004,-154060.73848653544,-1487499.1045465786,490152.6398571813,-511838.77025189385,2442123.862899222,1668322.204390103,673762.4682842265,-162263.07465922847,1055759.4910006253,1
-237263.9198371896,172005.42098266532,31911.201077457325,-15253.472984090005,-147294.41611841138,48537.270318347,-50681.73381205051,241827.15138608846,165202.45226370345,66718.145510965,-16067.891024147522,104544.73775154531,1
-94905.12450962416,68802.29670143434,12764.696933166872,-6100.409952753085,-58916.74115497482,19415.377265140734,-20271.720714088744,96731.27685480929,66081.1073168378,26687.384866392233,-6427.288662828028,41818.26258510547,1
-1913935.2307508467,1387508.7086473997,257414.25092013564,-123060.3441721839,-1188191.2306531463,391527.1926752609,-408848.12191891944,1950733.0643608843,1332631.4452381954,538191.6915018549,-129613.43370667723,843325.3776696706,1
-149001.70626175991,108019.43491961139,20040.22655599071,-9579.096196676679,-92500.82445768712,30481.45829761803,-31828.04597072674,151867.45998202846,103747.1702628696,41899.106017183985,-10090.747913812726,65654.38841825584,0
-89210.76542694219,64674.18125881118,11998.837732140119,-5734.291597750083,-55381.62001302696,18250.532059155234,-19055.323567987605,90927.4896899406,62116.25749872794,25086.134266561392,-6041.6783996345,39309.27618470802,1
-1327100.2844349523,962082.5143993379,178488.16206567382,-85328.23225501154,-823877.6336949681,271480.6423132382,-283490.236466251,1352616.0535066265,924031.2560366764,373175.96362459107,-89872.54514767716,584752.3520452947,1
-474528.9330093597,344010.5923733385,63821.93992668725,-30509.86250345641,-294591.847746231,97073.35691925691,-101366.35707445613,483653.3020581256,330404.6509903372,133436.08680303325,-32135.80601972907,209089.6579933286,0
-1993023.5535650596,1444843.7740894568,268051.1753316046,-128145.88800766204,-1237290.4673977443,407705.89053668483,-425743.1048803259,2031341.8365957914,1387698.8518643188,560430.9560885266,-134969.5436580994,878174.078989877,1
-790881.995105336,573350.8781154,106369.71127984751,-50850.59044908658,-490987.30306755495,161788.41660990217,-168944.75741131694,806088.342687626,550674.3052040108,222393.35408145303,-53559.50960718371,348482.2292300851,1
-79087.1610297548,57335.39246018206,10637.459139551367,-5082.230670078046,-49095.93634798841,16180.033573516172,-16891.7128808638,80609.82361055973,55067.731803591996,22239.56236042098,-5356.353351447244,34849.221441652306,1
-790881.3931301447,573350.9293257431,106369.90810672988,-50849.089472531865,-490985.7340036346,161789.01679008544,-168943.22002638795,806088.9305436169,550674.3732886224,222393.3958997486,-53559.41451696023,348481.86201849725,1
-47451.8309574972,34401.38457078737,6382.699666445343,-3047.993443749987,-29456.227473357227,9708.596997985484,-10133.71971083635,48366.41007943523,33040.783616300585,13343.921269957526,-3214.1231185712463,20910.368083655932,1
-94905.22174115767,68802.33257575378,12764.665459356733,-6100.472231581524,-58916.846807201335,19415.274563256393,-20271.7918530142,96731.16524852985,66081.14059839807,26687.370122779765,-6427.4214983154425,41818.596664700104,0
-142358.12083290936,103203.3183048212,19146.820401146124,-9151.694466351704,-88376.24314119772,29122.59305067868,-30408.65469709986,145096.51793974327,99121.53022109794,40030.98792498059,-9640.86830318132,62727.22801270856,1
-63269.86819924193,45868.29744929929,8509.930108798319,-4066.4228590594125,-39277.28842568368,12943.839199794606,-13513.971288128258,64487.736742329165,44054.16700926829,17791.65476126978,-4285.0188702932055,27879.303159679625,0
-1265411.636110122,917361.1062680325,170191.34380333376,-81362.14615363725,-785580.8976071221,258860.99026199136,-270312.7568373406,1289740.967507616,881078.6189247845,355829.20702581113,-85694.79186479707,557570.4053205042,0
-398603.9269320543,288968.97236468946,53610.63212349585,-25627.164695295203,-247456.02196529167,81542.0278568159,-85146.64406597933,406269.1511662454,277539.9849998486,112086.35826886656,-26994.069441803626,175635.25153642212,1
-474527.962356476,344010.7594857716,63822.33179790766,-30506.66727037645,-294588.59110013244,97074.39687025454,-101363.17738876375,483654.1915369778,330404.8292290183,133436.22860310038,-32135.610586361763,209088.85853321233,1
-113886.27022062238,82562.77271308619,15317.59612089884,-7320.692828807047,-70700.30739926513,23298.357622917734,-24326.271589734868,116077.47178563106,79297.33910762297,32024.83725402673,-7712.898034797681,50182.35704374555,1
-15816.345307082467,11467.373734752644,2127.953534709985,-1013.5696449901002,-9816.19844125849,3237.244389807141,-3375.5107810741256,16123.01574835527,11013.83955149875,4448.193490559977,-1071.4746270437595,6970.330258557594,1
-47451.94250615878,34401.31802980566,6382.5810489311225,-3048.3575758408524,-29456.574352544412,9708.44072064999,-10134.06309233927,48366.18532896753,33040.72307575651,13343.884381486618,-3213.76217188766,20909.35586254757,1
-6453602.042488942,4678541.01046218,867974.2948923891,-414953.83065956744,-4006469.727222635,1320188.2047741336,-1378601.874041414,6577676.208880277,4493500.333702646,1814728.2212991416,-437042.8716419344,2843607.5842578113,1
-158175.7980929234,114670.3484895419,21274.187324983817,-10168.829982523259,-98196.12800498806,32358.293557225887,-33787.671937135994,161218.19674211243,110135.03250390812,44478.83390775965,-10712.055161982624,69696.8486168873,1
-474527.8572998185,344010.80752467935,63822.35336016418,-30506.390181000625,-294588.34167767473,97074.59563549986,-101362.9043830662,483654.2259103599,330404.88195203507,133436.2271451143,-32135.723259321967,209089.1063836572,1
-711792.8906022122,516015.94124191086,95733.08254319496,-45762.67547410428,-441885.6540638106,145610.5786659457,-152047.4248189136,725480.3839429585,495607.0462201153,200154.17581208027,-48203.46677650367,313633.5500750063,1
-474527.93524821685,344010.7289965045,63822.29707654413,-30506.539505423243,-294588.48927815876,97074.53729903999,-101363.04916830303,483654.1892755985,330404.80045531684,133436.21937671202,-32135.609559610104,209088.7859390418,1
-1471041.2081897408,1066432.3123696519,197847.33347500447,-94583.95018857688,-913238.2825577093,300925.7303243371,-314239.04020626406,1499323.6904128059,1024253.9154979291,413651.4942512761,-99620.3595843419,648176.0745557795,0
-2465654.996839157,1787478.0617987008,331617.4971690377,-158534.85179702236,-1530705.3090001894,504390.26939465344,-526705.1792585391,2513059.838972005,1716781.6370167765,693333.0867918788,-166976.34082192523,1086425.9966877515,1
-474527.8577121516,344010.8134789327,63822.41235510782,-30506.42245125759,-294588.3316702189,97074.51356242214,-101362.93733691226,483654.3132729728,330404.8820216742,133436.24561794443,-32135.710436821657,209089.15619012868,1
-347986.7487570761,252274.6623631467,46803.210195014435,-22370.199327718514,-216030.26297397097,71188.48826972916,-74331.64809448873,354680.10718797013,242296.98458776032,97853.29857990783,-23566.173954981605,153331.87837186607,0
-474527.93207319116,344010.8034142477,63822.349300350186,-30506.515469141395,-294588.4758602043,97074.53256648025,-101363.02869619727,483654.1297392471,330404.8756766775,133436.25749933967,-32135.720066239737,209089.09641286323,0
-427075.77431405534,309609.5799530301,57439.902954972225,-27458.120841007956,-265131.8384948307,87366.31202544874,-91228.9200128583,435288.24598567444,297364.23609288374,120092.50121767433,-28922.19094866109,188180.5703495768,1
-7425438.500778344,5383074.296015526,998681.0069925362,-477439.7825704195,-4609795.789903655,1518993.3671347836,-1586201.9315847547,7568197.006912207,5170168.675235816,2088005.0237955104,-502856.6198889808,3271821.8801973085,0
-474528.0309302021,344010.76176926226,63822.29386712663,-30506.65311564049,-294588.627257497,97074.46563853072,-101363.16720542997,483654.09508056083,330404.8350090119,133436.19774679822,-32135.746107312556,209089.15976179892,1
-474527.81311657286,344010.78331948037,63822.339122620026,-30506.36644154076,-294588.3291605043,97074.60359803679,-101362.88282471988,483654.27406073775,330404.8554474264,133436.21621621263,-32135.710735066357,209089.04990740257,1
-699772.1291278024,507300.87637545227,94116.03878467243,-44992.14056242755,-434425.0563785988,143150.69685524955,-149481.8422901748,713227.2725963474,487236.65458242013,196773.67306566378,-47389.482908284575,308337.19028478954,1
-79087.56322618116,57335.31358806295,10637.27735881116,-5083.4600115232,-49097.090876767405,16179.558494417251,-16892.89819826957,80609.45242016033,55067.649212836695,22239.5751854382,-5356.291804979164,34849.145593193716,1
-316352.5166063543,229340.4138439519,42547.998769998216,-20339.795926686762,-196394.44552298792,64715.61726960391,-67577.46542571079,322435.6555862695,220269.7851136223,88957.43492991591,-21423.91875624308,139393.26047921297,1
-94904.83295970736,68802.39787819194,12764.823690008561,-6099.463009873508,-58915.75450341921,19415.81183685594,-20270.722817177055,96731.60084560704,66081.20484462725,26687.433948493548,-6427.402211348428,41818.55063124827,1
-632704.9852985771,458680.8086588358,85096.00178952828,-40678.80777673871,-392788.1155602699,129431.41113065463,-135154.1373085649,644871.286552489,440539.5631050524,177914.80771892107,-42847.59461909476,278785.68207131134,1
-2167018.0743562626,1570980.7770789773,291452.273169413,-139334.28135197735,-1345308.9676077336,443298.7789790491,-462912.18599566387,2208680.7356300694,1508847.0188106855,609357.3485839039,-146752.2378285742,954839.0757947523,0
-474528.8169325166,344010.59402406646,63821.98385586755,-30509.531975421447,-294591.5006162839,97073.50049764094,-101366.02475593405,483653.4399305109,330404.6532999576,133436.07923272415,-32135.781993106,209089.57503358685,0
-316351.8441847257,229340.61107033966,42548.36310381841,-20337.651143063602,-196392.33633083996,64716.49608004911,-67575.36670322865,322436.26599694625,220269.9841887159,88957.54133159108,-21424.070888518556,139393.56712116743,0
-474528.7115253186,344010.6417403182,63822.039046827296,-30509.21660514162,-294591.1871273266,97073.61371017626,-101365.72502964358,483653.540858029,330404.70276130066,133436.09919195404,-32135.83806650528,209089.7251091929,1
-2435917.8586220145,1765920.1109109346,327618.0689705563,-156623.09780317408,-1512244.2665137262,498307.00550188223,-520353.0266062574,2482750.957704225,1696076.3194701169,684971.1244615472,-164962.69726150634,1073323.6570513994,0
-94905.2153021282,68802.27963175102,12764.642525975984,-6100.562191133562,-58916.90596414828,19415.301975087288,-20271.872600608593,96731.19755115834,66081.08631051172,26687.377754162848,-6427.291797049445,41818.26468993009,1
-2056294.240540006,1490711.7409460954,276560.6741655049,-132214.51641451978,-1276570.0181669984,420648.77537679655,-439259.24496465945,2095828.716401272,1431752.697773831,578222.3513870032,-139253.97785605685,906051.7852495625,1
-3264763.2762599215,2366791.423461277,439092.9466100644,-209917.39601467934,-2026801.8957148711,667860.1344475377,-697409.9147716655,3327530.490674921,2273182.606247258,918039.067514451,-221092.59412621433,1438531.7669827465,0
-158175.71862427774,114670.38302707564,21274.271644877776,-10168.556614897572,-98195.88401232185,32358.37262404239,-33787.41995388937,161218.2835289342,110135.06494571979,44478.84953633035,-10712.196230022913,69697.2122724939,1
-173993.30062278023,126137.37383363226,23401.666408868983,-11185.473673483753,-108015.46087084024,35594.23630628363,-37166.19651185439,177340.14706671055,121148.5242224973,48926.71248955045,-11783.191232851386,76666.36750234538,0
-79087.51457941154,57335.31682102151,10637.282825023973,-5083.5381601877225,-49097.12706013485,16179.594336991082,-16892.973530400523,80609.56789680215,55067.65041566202,22239.498141028722,-5356.267480176136,34849.15321883703,1
-645359.481565555,467854.32393797144,86797.77438821753,-41493.632522224754,-400645.18342740816,132019.59097812683,-137858.46891185106,657768.2943323925,449350.24945792794,181473.0257482249,-43704.54642106441,284361.43991804443,0
-31634.069165986064,22934.37433698835,4255.342880849222,-2030.9131796044458,-19636.39588039267,6472.8614869102275,-6754.746526420572,32244.65813790564,22027.30675362242,8895.979552482506,-2142.7484662074885,13940.193683716829,1
-31634.755482640492,22934.193741181407,4255.003272054428,-2032.6715786988607,-19638.11716720256,6472.128442522629,-6756.45468948405,32244.0323820569,22027.125118726995,8895.896551079855,-2142.600182477549,13939.842110625288,1
-474528.0470425686,344010.7454288827,63822.27519746294,-30506.691532040993,-294588.6541629617,97074.45638745316,-101363.20124471703,483654.07821171166,330404.8140299513,133436.19508734002,-32135.66885919565,209088.95213776312,0
-316352.2283587612,229340.45577799974,42548.08909155121,-20338.834832836426,-196393.534812622,64715.91571023217,-67576.54364868533,322435.7946225028,220269.8149475899,88957.46330549015,-21423.75331428719,139392.6517323648,1
-79087.19813769383,57335.39346750952,10637.444011413338,-5082.212403007725,-49095.92916847054,16180.039987853406,-16891.702306839143,80609.84829342051,55067.731067362074,22239.62238284037,-5356.476291489324,34849.57012800323,1
-794993.6907103176,576332.457279429,106923.16517274578,-51112.15597560985,-493537.52567875554,162630.69194353113,-169820.40859374747,810280.8251970531,553537.9890530973,223549.93126596726,-53837.89077381574,350293.7549360441,0
-75924.0858822006,55041.97548246988,10211.788628726894,-4880.147839302484,-47133.25929178633,15532.363852378392,-16217.218958264322,77385.06470249592,52865.02574347806,21349.98044879568,-5142.293082469743,33455.89157084337,1
-260674.28768112374,188976.54974454863,35059.655415464054,-16759.352876102876,-161828.37122908476,53325.93050681596,-55683.18775474574,265687.0831221651,181502.35661850596,73300.95348466423,-17653.251901670417,114859.81816542549,1
-15014116.406677643,10884487.802224578,2019316.2255012088,-965379.4342267759,-9320935.67448752,3071378.3452128484,-3207278.2600791375,15302769.38093616,10453996.116317531,4221911.699713926,-1016767.5268726446,6615569.717526593,1
-335332.50865657505,243101.0772621288,45101.351259988616,-21556.715337069083,-208174.57944941332,68599.75560378734,-71628.65978339707,341782.7680449817,233486.22175415422,94295.04572974586,-22709.186068349,147756.1125121362,1
-1116092.9079117333,809112.5893724514,150108.76172505083,-71761.51803336156,-692882.4735025419,228315.39280757596,-238415.96489397375,1137551.6020151568,777111.4285449353,313841.37242510665,-75582.9594044058,491777.5427424777,0
-79087.2490349053,57335.364608384094,10637.437843581496,-5082.353627894569,-49096.062100114505,16179.977952551266,-16891.83408682454,80609.76021454437,55067.70453583525,22239.555869200114,-5356.3384412234,34849.183343123346,1
-4663043.703857709,3380475.2614595257,627154.0713177318,-299823.9816606903,-2894870.2616636776,953900.8858870905,-996106.9383270395,4752693.675517984,3246774.301551,1311230.1799065107,-315785.0021118636,2054646.1611846283,1
-50615.47260927537,36694.73373262738,6808.073305126737,-3251.876909994382,-31420.58575160009,10355.51085280999,-10809.929226853152,51590.50361076471,35243.43016760012,14233.425011695956,-3428.0324376252884,22303.342729862776,1
-237264.0390354304,172005.42709648766,31911.158409089374,-15253.701437419872,-147294.6765663499,48537.1432139464,-50681.96318956542,241826.99693353867,165202.4589883471,66718.120827553,-16067.941523027948,104544.8553893448,0
-15816.191727116622,11467.349096724467,2128.0035094473224,-1013.3795220297466,-9815.994338455328,3237.3432736190994,-3375.319591747032,16123.15483900425,11013.814948033434,4448.199093190679,-1071.3816561322703,6970.062468001034,1
-1363481.0888541539,988456.6569627245,183381.12231935878,-87667.80448399695,-846463.4896885202,278922.7176444942,-291262.1138362336,1389695.812045246,949362.2738168869,383405.965414817,-92336.26520485386,600782.4592643183,0
-670667.8989722221,486201.5350242003,90201.52782065768,-43121.216879020234,-416357.14958890603,137196.65163022664,-143265.04979394266,683562.9267119953,466971.8114643185,188589.5434455456,-45418.448340203904,295512.8614072093,0
-253081.54707948622,183472.4299647794,34038.57690636082,-16270.581819938356,-157114.27709682728,51772.94266176894,-54060.72206231477,257948.89234824956,176215.92794050495,71166.01761727053,-17139.06515207596,111514.31478351224,1
-403666.08266394894,292638.2915154784,54291.15179602826,-25953.897200119598,-250599.72938924134,82576.90984046055,-86229.24500574601,411427.5319277503,281064.1751874141,113509.68579433727,-27336.82085417169,177865.4283631896,0
-3963903.5048830057,2873633.3654426606,533123.5125318026,-254870.72786454312,-2460836.0954809766,810880.5356046836,-846758.4434160508,4040112.090845798,2759978.475029351,1114634.6391764109,-268438.89097714674,1746589.2375510978,0
-63269.362450986926,45868.38793452114,8510.065225773487,-4065.0635820479206,-39276.02545229868,12944.338897265461,-13512.660321256275,64488.1434907828,44054.25894085737,17791.698872038374,-4285.0582089950685,27879.267854408692,1
-474528.08060606226,344010.7605879687,63822.279933121376,-30506.870690385345,-294588.83541942056,97074.27882560197,-101363.3862967841,483654.0681856164,330404.8325823435,133436.22481304928,-32135.721866503663,209089.14146312163,0
-63269.14813845411,45868.452934191286,8510.198436597966,-4064.4727332125635,-39275.29712916831,12944.614063412802,-13512.062291281532,64488.40683684682,44054.32384166644,17791.723846066907,-4285.0451793561715,27879.260135961154,0
-1484327.9683609235,1076064.5753564856,199634.32441186227,-95437.97207221208,-921486.5869211591,303643.88133095147,-317077.0369341686,1512866.0313261796,1033505.2226937654,417387.63503373746,-100520.01264785127,654030.1258351216,1
-47451.740015948126,34401.36200173436,6382.703869745394,-3047.8979007968924,-29456.02487701491,9708.626621915848,-10133.600354875936,48366.39339849891,33040.76537769601,13343.839165826783,-3213.7880100789216,20909.397412695507,1
-794045.5246741951,575644.1794282326,106795.1641489012,-51054.097527550424,-492951.3804632833,162435.55413563893,-169620.67114753026,809312.750018135,552876.9156453401,223282.91266680002,-53773.565037179775,349875.6893282299,1
-303698.11216318415,220166.85846566007,40846.21634973147,-19525.36598678272,-188537.78979158375,62127.36243446627,-64873.52240343136,309538.4732041747,211459.0549746765,85399.13297260788,-20566.872698034476,133817.22856309285,1
-63269.83375652885,45868.32540785197,8509.903468846647,-4066.330436061464,-39277.1940262341,12943.883132579223,-13513.883105982242,64487.799228087664,44054.190905064934,17791.671644240607,-4285.08931265507,27879.50644427285,1
-79087.17361418458,57335.40711791294,10637.44910511104,-5082.394504996223,-49095.97184304488,16180.052910743601,-16891.77794776057,80609.86372643009,55067.745055687454,22239.535308175426,-5356.335583535203,34849.232963275754,0
-474527.9031879396,344010.75781268004,63822.32911905024,-30506.537678099663,-294588.44878393295,97074.46683227678,-101363.04964285326,483654.29393972846,330404.82685917825,133436.2339768509,-32135.621966011473,209088.90064046142,1
-89210.71458945466,64674.1909068179,11998.864987660645,-5734.119234139514,-55381.44725759851,18250.58828885042,-19055.154204095903,90927.53825967615,62116.267290454394,25086.18139384518,-6041.695529763208,39309.311220403455,0
-63270.099946796254,45868.2184186902,8509.782795921115,-4066.908645642904,-39277.819972589445,12943.594920019785,-13514.453179316544,64487.48556998075,44054.08831005508,17791.60942320113,-4284.944042836529,27879.05016274117,0
-79087.56343238078,57335.250674147836,10637.2566113541,-5083.5146349869,-49097.124985626615,16179.54961163496,-16892.94332278763,80609.45820917371,55067.59122458046,22239.515097410524,-5356.107978526134,34848.63493212421,0
-1676670.5613815472,1215503.529430537,225503.40972161602,-107805.14989670242,-1040895.0313926254,342990.68844293756,-358164.73128698015,1708906.6216082927,1167429.2307258812,471473.6598532348,-113545.73640050978,738781.186612918,1
-553616.3935237429,401345.81236274133,74459.20914050622,-35592.30166521004,-343687.9325546809,113252.99181810117,-118258.22325384349,564262.7871018428,385472.22894610435,155675.49085648457,-37491.598072172856,243937.18411261594,1
-158175.37969117338,114670.50463545567,21274.42026278357,-10167.516841880826,-98194.75249317061,32358.881263042847,-33786.311218956194,161218.66646988216,110135.17368631247,44478.89713296893,-10712.233037191218,69697.32643807834,1
-169247.86990592687,122697.32688669322,22763.515972635098,-10879.607841411844,-105068.80727427884,34623.73546431276,-36151.77936286835,172503.73277088068,117844.54218518457,47592.415602375746,-11461.948100265994,74575.68422834692,1
-75924.08532328557,55041.8710404619,10211.751107460082,-4880.24506741424,-47133.29829411505,15532.36089991837,-16217.293921363726,77385.05240417697,52864.91719926581,21349.918218294624,-5141.876687111245,33454.75517374436,0
-474527.90996735956,344010.7751347029,63822.34482270716,-30506.620660036093,-294588.53957980196,97074.4169882257,-101363.12822291312,483654.216720185,330404.8423564965,133436.167637294,-32135.577352997876,209088.75945874513,1
-2350502.758527451,1703998.1287375735,316130.0192051149,-151131.68784843644,-1459218.0861190958,480833.6649455565,-502107.47013928375,2395693.233703966,1636603.4140501393,660952.5996328773,-159178.03462175684,1035686.9299402607,0
-474527.91218620277,344010.811367869,63822.33626543396,-30506.395620149728,-294588.3648159216,97074.58532923523,-101362.91793961124,483654.2482576591,330404.8810709082,133436.2223118145,-32135.87755639881,209089.53499221674,1
-632705.4008230586,458680.70899706194,85095.83470784922,-40680.14044363387,-392789.55780714285,129430.93833509332,-135155.51652015277,644870.8624637929,440539.46010587696,177914.71921941853,-42847.63424404989,278785.8609826925,0
-474528.9252044939,344010.58264494233,63821.932431152316,-30509.521703648836,-294591.5585435114,97073.38151397252,-101366.02692114703,483653.2605976984,330404.6477678635,133436.07902948224,-32135.794386412883,209089.5080365567,0
-400185.8978909131,290115.63965770765,53823.23261730483,-25729.45894200254,-248438.60785664403,81865.31815457132,-85485.10974593769,407881.04265853995,278641.29833269014,112531.13486106957,-27101.12678329815,176332.01825538388,1
-863643.352392735,626099.0673511302,116155.62872992865,-55529.4704729641,-536158.780952699,176672.7221257713,-184488.2705217715,880248.2650213703,601336.2634416473,242853.47788910582,-58486.895662219154,380542.36726841686,0
-14451008.452153204,10476262.042349307,1943580.9985151738,-929173.7867171544,-8971352.699656716,2956184.790188275,-3086989.586497437,14728834.417278878,10061916.0644824,4063567.6844686223,-978633.1772208796,6367450.430641201,0
-79087.11781319082,57335.384707258054,10637.41434375847,-5082.047402654313,-49095.652285329124,16180.109145141121,-16891.519414477578,80609.87876626817,55067.72487909978,22239.632333061338,-5356.230479208728,34848.87014776081,1
-120213.56568739336,87149.51024074694,16168.428630183875,-7728.043363792022,-74628.7894610652,24592.421441292285,-25678.371295367644,122525.92541468605,83702.66812615177,33803.95619772948,-8141.326449632671,52970.06588533152,1
-88578.02969892883,64215.5072683964,11913.771467506067,-5693.485818541834,-54988.707434244236,18121.132532918935,-18920.043991666967,90282.63307394226,61675.729763741394,24908.24604692051,-5998.835578056701,39030.48710178188,0
-790880.781227158,573351.0576763465,106370.10518655689,-50846.92311447023,-490983.55278535833,161789.9761279621,-168941.06345044967,806089.4670449808,550674.5070491139,222393.56490934463,-53559.456547024565,348481.7712398517,1
-316351.27586905705,229340.7196867258,42548.575711926525,-20335.7534320853,-196390.33266548032,64717.14299661098,-67573.44476856763,322436.76492544316,220270.10075260943,88957.59863741718,-21423.954122414987,139393.05407801908,1
-79086.98491520385,57335.44693551032,10637.562818191263,-5081.795554713431,-49095.45375620716,16180.26040975804,-16891.282132343782,80610.07397112314,55067.78371215243,22239.609959070738,-5356.4353168338,34849.502243640585,1
-4713660.365919535,3417169.702639303,633961.6055033028,-303078.81170603546,-2926293.9108952554,964255.1784995369,-1006919.8105432531,4804283.112072238,3282017.442381845,1325463.3154567878,-319212.9338521941,2076949.3315064767,0
-427076.0562657614,309609.4976705956,57439.75229570922,-27458.91409876123,-265132.70001373306,87365.97443174226,-91229.76030663347,435287.9255270151,297364.1545914563,120092.43806925598,-28922.102117078448,188180.33035563474,0
-1107235.004286759,802691.0274029156,148917.43710032004,-71191.3410607708,-687382.7261303659,226503.60319130335,-236523.11499654362,1128523.4938864796,770943.8480450995,311350.5903849609,-74982.95329929666,487874.0866750781,0
-287564.36176422425,208470.4517443815,38676.16651208153,-18488.448762863623,-178522.13859832278,58826.65078623753,-61427.487477097166,293094.00358547654,200225.2511800098,80862.38475831595,-19474.294648712777,126708.2553885701,0
-1429915.009219964,1036618.1040287967,192316.21916715795,-91938.82501679166,-887705.9240004239,292513.2053474009,-305452.8792260558,1457407.411956679,995618.8937116949,402087.0144633467,-96835.14775775983,630054.6021778408,0
-189811.05627115731,137604.37655083524,25529.014572004824,-12202.635822144364,-117835.36806502144,38829.933260125,-40545.24292889473,193461.8422389687,132161.99564487446,53374.57208450147,-12854.433924826055,83636.16285987392,0
-192341.67204532903,139439.17986067256,25869.499630956852,-12364.419155922196,-119405.73668347906,39347.95917174899,-41084.98664718382,196041.5197790455,133924.23577472937,54086.313570532264,-13026.138851550832,84752.04875449267,0
-31634.14267086384,22934.35018753675,4255.311231977135,-2030.8854739438566,-19636.27695993455,6472.85767517661,-6754.706624779043,32244.621233502392,22027.284319433176,8895.972966391832,-2142.652338637465,13939.91522424896,1
-474527.89397999836,344010.7967003619,63822.35624672403,-30506.488630541695,-294588.4078855409,97074.48048406713,-101363.00503020188,483654.2990114801,330404.8665421594,133436.24177192044,-32135.72323259049,209089.1834627285,1
-94905.08662789776,68802.34248580998,12764.743100571759,-6100.321831946251,-58916.642302559296,19415.445561823668,-20271.638091803812,96731.36433677516,66081.14862132272,26687.396895858816,-6427.427507239604,41818.687187045005,1
-63269.72260270879,45868.29165114282,8509.961314501414,-4065.9710491232668,-39276.82732903384,12943.990153041608,-13513.528056298184,64487.95061387693,44054.16106816596,17791.68405372535,-4285.031259896966,27879.31718527511,1
-347987.4280397683,252274.5445172031,46802.954656235794,-22372.678144532743,-216032.69789744486,71187.69995036785,-74333.98251984804,354679.51145174465,242296.85614919878,97853.24176770424,-23566.35025173234,153332.58748567448,1
-31634.084933319486,22934.350388751478,4255.317205454614,-2030.8473164186546,-19636.23997138533,6472.874520096659,-6754.6679738700595,32244.639719431998,22027.284708149917,8895.99267342541,-2142.6096522567236,13939.78571116761,1
-196137.04997131304,142191.3895813394,26380.352633294286,-12606.224873529649,-121760.03504708166,40125.39636561307,-41893.6109384081,199911.47172619315,136567.60776687213,55153.834315911525,-13282.892586071843,86423.66900068389,1
-1736777.7119858586,1259078.112109761,233587.43775624043,-111670.08539726141,-1078210.351387488,355286.52670048166,-371004.8341394507,1770169.241554171,1209280.3915438505,488375.52982102975,-117616.16661641307,765265.5676795376,0
-474528.57159497525,344010.6327395451,63822.07118305554,-30508.84625716984,-294590.80154215865,97073.73952328612,-101365.35109114212,483653.67238035746,330404.69582883373,133436.10980204522,-32135.744813769834,209089.4309332169,1
-158175.5525040887,114670.42888075502,21274.333877527333,-10168.186399338845,-98195.45261110144,32358.57637285324,-33787.04684121625,161218.4938562515,110135.11280084042,44478.862637566985,-10712.163997111546,69697.17900886702,1
-79087.20963715497,57335.37875009764,10637.359881490998,-5082.331773238309,-49096.020373392545,16180.001142213834,-16891.808089045713,80609.76386420518,55067.71909026218,22239.620309293197,-5356.239414339764,34848.92196793612,0
-63269.5024907982,45868.39134112156,8510.079189512102,-4065.3922873215247,-39276.228954329665,12944.279642430034,-13512.88764353192,64488.05435258923,44054.26191574687,17791.69185663821,-4285.043224967713,27879.298990869378,0
-716855.0626148217,519685.2480493312,96413.62357406228,-46089.760835238296,-445029.66923585156,146645.5379176615,-153130.3155036842,730638.8327938518,499131.21782974043,201577.390281314,-48546.2337831097,315863.88900678355,0
-79087.07431911846,57335.37614402981,10637.463258744776,-5082.060933471795,-49095.712054439835,16180.146285537821,-16891.53465128468,80609.93346946489,55067.730055653294,22239.57971818979,-5356.196992016147,34848.829106424375,1
-1091417.1594790337,791224.138934384,146790.21951578566,-70173.8536093373,-677562.5008007672,223268.06343066238,-233143.7767687224,1112402.0226446863,759930.486051247,306902.78757276037,-73912.1355509717,480905.54036581196,1
-6535853.961545848,4738169.4414538825,879036.6567700431,-420242.34027876466,-4057532.480930085,1337014.1328842314,-1396172.1808661036,6661509.276309988,4550770.402509946,1837857.1479219724,-442613.0707099232,2879849.721973946,1
-442893.6638542131,321076.5150820674,59567.14150005769,-28475.719787608505,-274952.2560164594,90601.80353835176,-94608.44722625078,451409.715290603,308377.6528103165,124540.31226508795,-29993.30933646694,195149.9775231188,0
-1265411.630423684,917361.1610709042,170191.29574136704,-81362.01113591086,-785580.7747796719,258861.0575933145,-270312.6253505164,1289740.9680237495,881078.6672159113,355829.1935175434,-85694.89404904547,557570.6660042155,0
-47452.35197796396,34401.23119561821,6382.47967667434,-3049.64028220207,-29457.79540244938,9707.95416123782,-10135.304813261668,48365.84816727039,33040.63309207131,13343.783855231002,-3213.801539040201,20909.561330009852,0
-1107234.9725136845,802691.0881924252,148917.440984628,-71191.4183817191,-687382.8004142258,226503.72831588157,-236523.17080960074,1128523.4802758114,770943.9076842435,311350.62510212336,-74983.16890312165,487874.6777335407,1
-474527.8088835399,344010.81916972634,63822.37757115197,-30506.28576437158,-294588.23012524116,97074.64915410633,-101362.80248699251,483654.2794601446,330404.8928117013,133436.28706346947,-32135.7457137362,209089.1790599388,1
-474528.1122367193,344010.7418742641,63822.271164056074,-30506.943486572494,-294588.89407950436,97074.25421800809,-101363.45212811453,483654.0275980177,330404.80092600896,133436.19755166426,-32135.613177283045,209088.84644105766,1
-854152.4755060481,619218.8551879501,114879.25602375768,-54918.23976200071,-530266.0400443184,174731.59369026194,-182460.02396998712,870575.5576072126,594728.1787281837,240184.8045467019,-57844.19775923502,376360.55965084187,1
-79086.40268426217,57335.52940265676,10637.779024117823,-5079.814930970892,-49093.34636281327,16181.055521163164,-16889.24199831791,80610.5139743878,55067.87718215877,22239.670649012405,-5356.215963123021,34848.650892663994,1
-158175.6348201138,114670.34910983776,21274.26119016251,-10168.127649844972,-98195.41017656084,32358.50805674884,-33786.95483778505,161218.43305651433,110135.03552178468,44478.855412227764,-10712.03918791331,69696.75956332783,1
-1821560.3000746653,1320541.347189414,244990.2485328358,-117121.3373855682,-1130844.2706857931,372630.2056513845,-389115.74098914606,1856581.867495317,1268312.7038597956,512216.08599363035,-123357.81981440689,802623.0607816426,0
-82251.02039216713,59628.73523779885,11062.803351578514,-5286.7330495059805,-51060.95469336908,16826.749795697742,-17568.60192179124,83833.82507341336,57270.367679823925,23129.05899721284,-5570.4531883731825,36242.860942861924,1
-316352.07783872745,229340.55006283283,42548.21207131075,-20338.61353368931,-196393.218807869,64716.1224112745,-67576.31101036306,322436.04969046405,220269.92389579563,88957.4483580727,-21423.976098781208,139393.37580269275,1
-15816.366729619715,11467.371860806794,2127.9237938676383,-1013.7259400031352,-9816.364376170215,3237.1643854170193,-3375.659965333198,16122.926659734714,11013.792994736737,4448.115239039301,-1071.3502652773961,6969.956156693364,1
-1581764.711996846,1146701.4090102394,212739.05920600225,-101703.26838064032,-981976.6917791879,323576.1084909099,-337891.48815763526,1612176.0601081338,1101348.2953059394,444786.46913108544,-107118.65167295684,696963.5030328456,0
-474527.8429653115,344010.8576965861,63822.405992743654,-30506.46078857913,-294588.38970214437,97074.47778846619,-101362.97712905324,483654.26116596564,330404.91616050684,133436.22203656306,-32135.749201159488,209089.24165713548,1
-553617.0397256908,401345.6460976736,74458.93098192058,-35594.84952379204,-343690.37591609586,113252.20120607672,-118260.7555383903,564262.2483671962,385472.053512378,155675.38482339634,-37491.62375461046,243937.49647950323,0
-31634.721120940256,22934.235285958184,4255.045968932944,-2032.6493297677846,-19638.083889419544,6472.164241140069,-6756.433451905017,32244.064170453894,22027.16780405816,8895.89538091859,-2142.6637024906386,13940.04942127994,0
-316352.10864368384,229340.52101835722,42548.17561815135,-20338.521693693157,-196393.1355004226,64716.21639923867,-67576.19743905928,322436.0798165281,220269.89247392665,88957.45696536827,-21424.028603245795,139393.49911678865,1
-79087.21014552435,57335.4154981873,10637.420698651247,-5082.308121030001,-49096.004236473396,16180.00228858773,-16891.786743004093,80609.74651044537,55067.74227422137,22239.608877789437,-5356.313617799194,34849.127425175575,1
-15816.335625053158,11467.3800193822,2128.019794965201,-1013.5069377161674,-9816.124465099718,3237.2783284378193,-3375.4475231198558,16123.036473323153,11013.843778554126,4448.198657372231,-1071.485838671501,6970.3765025084,1
-1066109.0485617667,772876.8378035715,143386.28082838116,-68546.97382314241,-661851.228129115,218090.7270379852,-227737.86690030768,1086607.0467477632,742308.8363204058,299786.155345382,-72197.98353879567,469753.42431333073,1
-63269.57873578795,45868.35338524763,8510.003247984961,-4065.5065604969977,-39276.352194897394,12944.228572546068,-13513.00298872147,64488.02572787485,44054.22271682298,17791.701422779144,-4285.042546004945,27879.29320078122,1
-136663.8261042372,99075.22457276391,18380.956769946366,-8785.574133755059,-84841.1478579969,27957.706729799982,-29192.26225016992,139292.6600277118,95156.70904982512,38429.78202415094,-9255.378220541183,60218.551792211525,1
-474528.6767547494,344010.6349138858,63822.06863977799,-30509.216700050827,-294591.1889669062,97073.61080519047,-101365.72256075121,483653.5358550436,330404.6946462485,133436.07222716746,-32135.78242995139,209089.55700089407,0
-3685512.457629373,2671814.009395703,495681.6006086586,-236969.69987801675,-2288006.7971100635,753931.6797146036,-787288.1832943193,3756369.5071183913,2566141.26982182,1036352.2892093611,-249585.93425888265,1623923.3539342484,0
-125907.26506617705,91277.8191981344,16934.58874595483,-8092.18667212195,-78161.87339913005,25758.041395888267,-26892.808917932987,128330.36108368731,87667.69768268873,35405.23390930308,-8527.004108401963,55479.1527995317,1
-47451.85741542959,34401.34899508443,6382.660260060324,-3048.0636330390385,-29456.2046036992,9708.544040604524,-10133.766980631359,48366.29284172795,33040.75470262122,13343.858355811632,-3213.8244981278012,20909.498941382873,1
-31634.427037630583,22934.313071918703,4255.20911207744,-2031.8834818824191,-19637.276899574623,6472.467966752161,-6755.6769045799865,32244.406528134277,22027.243026563083,8895.922316458651,-2142.737646666814,13940.267161576183,0
-79087.24563042735,57335.38334924869,10637.41941229649,-5082.404204329447,-49096.099335532446,16179.957254147925,-16891.877200768107,80609.70009906539,55067.72513215655,22239.528272268144,-5356.237121262911,34848.90594959879,1
-47451.766866245554,34401.34612748745,6382.681136856407,-3047.9246432325476,-29456.027076786886,9708.630043021398,-10133.6206414854,48366.37963565315,33040.752961335165,13343.834616281147,-3213.694040253454,20909.158779587007,0
-63269.792593917606,45868.33666941406,8509.948869413796,-4066.1930130965457,-39277.08068374513,12944.01706649831,-13513.585074622355,64487.83839207694,44054.203418115416,17791.684910516153,-4285.209626198785,27879.807172533372,0
-474528.6087164353,344010.62421635346,63822.05278143255,-30509.088069405097,-294591.0843526337,97073.60019250626,-101365.59030626617,483653.49209644273,330404.689015564,133436.11427342874,-32135.669230735733,209089.16672827295,1
-126540.55068505634,91736.2694812991,17019.393764425655,-8134.8590428089665,-78556.6818120532,25886.735863399732,-27029.930193555258,128974.64149031973,88108.02205689691,35583.06815173508,-8569.583778709608,55757.30316043875,0
-79086.92463852954,57335.42235395957,10637.49869870794,-5081.917714073003,-49095.5959340527,16180.192322637766,-16891.398820620372,80610.00449088775,55067.76127377382,22239.6011387606,-5356.262424336005,34848.9706877843,1
-79087.49034886295,57335.32039382003,10637.300464266995,-5083.407812277003,-49097.02777903856,16179.585967747837,-16892.840918776586,80609.48352217604,55067.63913127185,22239.521126794094,-5356.196313538702,34848.87223898678,1
-286615.0291480211,207782.5002762254,38548.639149277675,-18426.828316064682,-177932.29576881355,58632.8112590092,-61224.159111952424,292127.07395556045,199564.50814401946,80595.47564906944,-19410.12002875289,126290.3974975203,1
-711793.8509196608,516015.77385334764,95732.74535941813,-45765.738535473865,-441888.7758409718,145609.53558579076,-152050.47567830936,725479.4682663407,495606.86916966503,200153.98081436285,-48203.576578233246,313634.0837133866,0
-790881.8526192647,573350.8328389821,106369.76303997266,-50850.24324024203,-490986.926678501,161788.58266259698,-168944.3737209495,806088.5427116434,550674.275389603,222393.331420378,-53559.417300966285,348481.96582353604,1
-79087.49286752389,57335.28516294381,10637.26195687045,-5083.536473761669,-49097.176177627516,16179.543309862613,-16892.97276975597,80609.48559420322,55067.62312024178,22239.52074153358,-5356.218294279637,34848.9232493175,0
-4270766.006186114,3096093.3863762515,574394.8478482552,-274601.36554169876,-2651339.861449844,873654.1821436003,-912309.6488669771,4352874.056632467,2973639.993535435,1200923.1878933006,-289219.88604414905,1881800.0371553332,0
-47451.72064273068,34401.385581440445,6382.710663449407,-3047.77880289364,-29455.884120602896,9708.69368915654,-10133.482162119475,48366.46290182734,33040.790091829454,13343.84806077529,-3213.8317601762674,20909.549376162548,0
-1107234.5661712135,802691.1658587084,148917.65900169223,-71190.1508296171,-687381.5125905714,226504.05496578343,-236521.95356932032,1128523.94622618,770943.9884799035,311350.6532535771,-74983.10684954264,487874.4915254563,1
-2527660.2478080485,1832428.7142790577,339956.83247351384,-162522.14144400283,-1569199.1629328132,517074.31714624335,-539950.9746761003,2576257.0530371633,1759954.4597232838,710768.6831711165,-171175.28502693973,1113746.7014695366,1
-126540.10110625548,91736.4205838806,17019.59465223518,-8133.605346519067,-78555.394687013,25887.279448337158,-27028.631729456345,128975.07551778627,88108.1651970486,35583.15416820455,-8569.755757453691,55757.7260909159,0
-158175.60247118145,114670.39983900294,21274.262377171704,-10167.989603788523,-98195.26999312826,32358.646134763025,-33786.78018494566,161218.44716369582,110135.08351617598,44478.83555106552,-10712.144410595381,69697.03214411197,0
-31634.45514599401,22934.24943820092,4255.165993676854,-2032.0859339253266,-19637.457606716303,6472.43726059395,-6755.867328522511,32244.363086796144,22027.18211738509,8895.919290825645,-2142.5591842165218,13939.786192782074,0
-79087.21752629675,57335.38905949672,10637.44501888149,-5082.281027846226,-49095.99132600984,16180.008950238507,-16891.76492389318,80609.79765052535,55067.728095342776,22239.568421469532,-5356.3991244584895,34849.35413490761,1
-474528.811040306,344010.5763873459,63821.963807360466,-30509.272835551496,-294591.3563473778,97073.46565598149,-101365.85939474376,483653.3540207918,330404.6429282307,133436.06592239923,-32135.636833166544,209089.0937270647,1
-316352.0866202059,229340.5395116371,42548.12322326927,-20338.18867626165,-196392.91596792924,64716.231004607485,-67575.89825697245,322435.990246612,220269.9150814303,88957.50681490217,-21423.952764609847,139393.19511065725,0
-316352.20191525517,229340.54289419274,42548.16584257387,-20338.774160588775,-196393.40234740794,64716.05965351697,-67576.45414747487,322436.0085755216,220269.9116796959,88957.47004621498,-21424.153272413034,139393.8737859354,1
-474527.9029695709,344010.78424353636,63822.345935762336,-30506.445430712738,-294588.3979627751,97074.5719308402,-101362.9589366667,483654.2109320435,330404.85699388944,133436.2062581143,-32135.718023605175,209089.09289290273,1
-110722.59871318702,80269.41275335422,14892.22329289809,-7116.87964986255,-68735.93958855169,22651.350463660634,-23650.091739258056,112853.30507157781,77094.6854949721,31135.27153468622,-7498.766792721515,48788.72606780962,1
-3653877.5375888287,2648879.886929128,491426.7054843713,-234936.51028948484,-2268368.294592581,747459.6763944635,-780531.3670586903,3724125.648163145,2544114.2076179213,1027456.4981187872,-247443.4948102424,1609983.9754915896,0
-316352.11331353674,229340.49918846966,42548.19574501809,-20338.56950798829,-196393.18076107255,64716.10642768207,-67576.24451308232,322435.98355761124,220269.87626037095,88957.50459122691,-21423.826809401136,139392.92789897727,0
-64851.34934615933,47015.040483905206,8722.739841201774,-4167.096284507171,-40258.23691514332,13267.765483794303,-13850.841777821088,66100.17469613977,45155.560439183806,18236.48729764475,-4392.105840474337,28576.064834832785,1
-474527.909524792,344010.7354121565,63822.310115264976,-30506.485948371155,-294588.4298177114,97074.56506158669,-101362.99583250274,483654.21998476336,330404.8066332248,133436.22200296726,-32135.612989472724,209088.80071210198,1
-1459968.8345496256,1058405.4273817758,196358.12603077982,-93872.09525344787,-906364.5117455391,298660.88513251796,-311873.8639115738,1488038.4675060732,1016544.5013338304,410537.9297194758,-98870.629868206,643297.6160715582,1
-316351.3214838493,229340.6693283896,42548.4979823926,-20336.044230179945,-196390.6026916947,64716.93387618825,-67573.72959702315,322436.7340844589,220270.0463677864,88957.58758254004,-21423.76417189788,139392.5669628141,1
-1107234.7190852028,802691.1298376195,148917.58969506258,-71190.40092467115,-687381.8105416547,226503.97557856,-236522.21463164096,1128523.7383794012,770943.9549368514,311350.6420166039,-74983.06867207834,487874.3449856594,1
-126540.55072902264,91736.29783956458,17019.421201646157,-8134.709286526073,-78556.53087035344,25886.779736733457,-27029.784328731632,128974.67054415598,88108.04706978594,35583.08475140303,-8569.665463116466,55757.529388011724,0
-553617.4159413207,401345.57301476697,74458.76887842198,-35595.63978808366,-343691.3073095553,113251.88707456549,-118261.53648400909,564261.8615118859,385471.9805827758,155675.34855854238,-37491.586135048026,243937.42473343931,0
-316352.24293566344,229340.46869781121,42548.11468319492,-20338.935360199277,-196393.54929727656,64716.00019220697,-67576.60430959052,322435.93538341695,220269.84134372184,88957.4745178449,-21423.920820481555,139393.22348074027,0
-158175.79393812313,114670.33750766782,21274.227868165937,-10168.667943529146,-98195.94544805144,32358.35730010899,-33787.50855686284,161218.25651249173,110135.02399480288,44478.81733861984,-10712.042924691552,69696.82422434959,1
-3023069.592687345,2191575.416807177,406586.4175931875,-194377.07371109445,-1876755.7671301947,618417.7278999467,-645780.0335982138,3081189.961642307,2104896.554919878,850075.7219165482,-204724.67953152853,1332035.2033459835,0
-2402701.202946827,1741839.260139504,323150.337816128,-154488.509599548,-1491623.9583947263,491511.42654856446,-513258.47607723286,2448894.838560649,1672947.880549093,675630.5458851004,-162713.00446175158,1058686.9208287604,0
-79087.48107110766,57335.2864805483,10637.28682175564,-5083.288487740295,-49096.899191313954,16179.65557314038,-16892.72783926711,80609.601408379,55067.62112954682,22239.58112330624,-5356.2682290089815,34849.09289329391,1
-79086.97850591244,57335.448536774515,10637.56606903555,-5081.78223325837,-49095.43893863954,16180.267319102042,-16891.268852671743,80610.0816496273,55067.785256322924,22239.610264776507,-5356.436069958902,34849.50563994865,1
-63269.76505530061,45868.32010542177,8509.941411503578,-4066.30247495911,-39277.170110494306,12943.89126726695,-13513.85287487043,64487.809574414176,44054.186384973604,17791.64604853207,-4285.0235441343475,27879.302776041808,0
-23725.10294807721,17200.902118297807,3191.668309519244,-1522.032844589241,-14726.044748154203,4855.1352990288,-5064.917889728922,24183.931123290426,16520.60071536735,6672.061670236674,-1607.107829558319,10455.232805481131,1
-1107235.0261821852,802691.0011720442,148917.493355204,-71191.51559762364,-687382.9048267131,226503.56917114166,-236523.30372346987,1128523.5152204095,770943.8234864551,311350.6082416381,-74982.99390782342,487874.25006966793,1
-79087.18825841279,57335.39630900435,10637.449308758021,-5082.1950023789095,-49095.90601365051,16180.049541323993,-16891.683145636092,80609.86381575406,55067.734113927596,22239.575172010478,-5356.463576035655,34849.536445136575,1
-474528.8873503904,344010.5750510029,63821.95044666427,-30509.60395492293,-294591.60457351414,97073.42235220307,-101366.10687545172,483653.32186458225,330404.6366118032,133436.09302074136,-32135.7306660826,209089.39483462722,0
-79087.0339031357,57335.343380615785,10637.444527239159,-5082.11643867002,-49095.79209417911,16180.111416753902,-16891.591764539047,80609.91822683798,55067.68513371245,22239.627968061042,-5356.134199426838,34848.6153089729,1
-110722.68033295234,80269.36692818503,14892.149077246433,-7117.2571669439085,-68736.36001257601,22651.193617779212,-23650.47319060045,112853.11485134784,77094.64141215189,31135.25079456281,-7498.651478603651,48788.36465874937,0
-31634.07585491432,22934.35529978414,4255.335979018175,-2030.8100337264466,-19636.199795130742,6472.89454262295,-6754.632289042727,32244.649526117024,22027.28926289781,8896.048056447305,-2142.626269553353,13939.840176455506,1
-319515.61474379536,231633.9438926982,42973.67924303922,-20542.085044422936,-198357.25118752473,65363.2552770388,-68252.14449143034,325660.37600264826,222472.6069745342,89847.04204930055,-21638.197886673912,140787.2557803313,1
-94905.13031495697,68802.34665832961,12764.707075362543,-6100.306867828901,-58916.66402870999,19415.404341360663,-20271.638701701133,96731.30933693663,66081.15091627727,26687.404018677058,-6427.473797831894,41818.779740911574,0
-316352.35486893344,229340.43771732994,42548.065200426085,-20339.24969835671,-196393.89233393097,64715.83739032352,-67576.91272653887,322435.73007941025,220269.8102156576,88957.45539511305,-21423.8162526441,139392.8965908262,1
-180320.39156403122,130724.22842900277,24252.634903404625,-11592.23826754815,-111943.33510583731,36888.550424107874,-38517.723480998,183788.86770613067,125553.96415845792,50705.86478704002,-12211.871277136202,79454.7999035569,0
-4286583.80074226,3107560.389786173,576522.1253147351,-275618.77941200865,-2661159.904819724,876889.6553169509,-915688.9364756444,4368995.6187317185,2984653.4689843804,1205371.02470117,-290290.9047224572,1888769.1909719023,0
-126540.4936400209,91736.35602857659,17019.45299992525,-8134.513705084925,-78556.35722436418,25886.852925407245,-27029.61159444179,128974.7473340845,88108.09842213069,35583.16785430913,-8569.845623668338,55758.03487213812,1
-237263.94084203505,172005.4176058471,31911.193420168096,-15253.653156126944,-147294.59537910883,48537.22553074539,-50681.91847049005,241827.22783238,165202.4438996474,66718.19377566534,-16068.062137980869,104545.26765560798,1
-47451.81996067466,34401.34458190247,6382.677421152454,-3048.0448955625557,-29456.190588089932,9708.550939477516,-10133.74880608869,48366.29566636232,33040.74832410455,13343.901770963706,-3213.7975041659806,20909.41406465612,1
-31634.097656942,22934.402861549657,4255.327310469745,-2030.8348118638476,-19636.222164009312,6472.875567320071,-6754.655260878858,32244.594510209878,22027.355958424505,8895.999618943812,-2142.6660408928547,13939.958642285981,1
-4365671.562778186,3164895.5256898743,587159.272381175,-280702.72083159874,-2710257.498971429,893069.1056554444,-932582.1623230667,4449604.931521636,3039720.949855905,1227610.4199957808,-295646.8929912106,1923617.4883391475,1
-474527.9605849306,344010.7498367093,63822.295666691505,-30506.620935888433,-294588.57627947535,97074.49073253157,-101363.12740292214,483654.1154429429,330404.819055803,133436.17215493944,-32135.590660629696,209088.7249037586,1
-474527.84041651705,344010.82014446816,63822.36347639172,-30506.342771847194,-294588.25985799194,97074.54960331337,-101362.86514482053,483654.39988409396,330404.8865598676,133436.2524194338,-32135.820490651393,209089.4619178951,1
-790881.8033249617,573350.8948801741,106369.76052115756,-50850.17282404186,-490986.82702311705,161788.63211553227,-168944.32822572216,806088.6153721641,550674.3317834373,222393.37285447458,-53559.53012821608,348482.3154022445,1
-854152.647756679,619218.8808962348,114879.21541342183,-54918.94531321998,-530266.5947838883,174731.40233713214,-182460.62196403704,870575.3828191379,594728.1954469436,240184.7788531471,-57844.24973119566,376360.77491415077,0
-79087.31271999955,57335.36083663958,10637.364079831448,-5083.029511341423,-49096.64680642451,16179.757529785189,-16892.482387141823,80609.69555490947,55067.69657739461,22239.547006710105,-5356.304267428147,34849.18271531925,0
-316352.36329056305,229340.4790704082,42548.07902798113,-20339.226482051974,-196393.86800589514,64715.87111119578,-67576.89664293069,322435.78609008616,220269.8512124205,88957.46541671814,-21423.99038504246,139393.41570233126,1
-94904.75597166731,68802.40366965368,12764.85542875636,-6099.249390583419,-58915.689617692224,19415.7997350343,-20270.611990891593,96731.58816412094,66081.21250316646,26687.427678973603,-6427.473097799656,41818.65858454117,0
-2154363.42031907,1561807.320584342,289750.60808919714,-138519.00077017848,-1337451.444064969,440710.7883498489,-460207.41443175066,2195783.8785964726,1500036.386417817,605799.1725520771,-145895.39287355443,949263.5935103961,1
-1763984.0070517096,1278801.4201721998,237246.55957115698,-113419.42190212313,-1095100.398266151,360852.04188987025,-376816.57355548174,1797898.695260289,1228223.6285596916,496025.8554469298,-119458.68523447782,777253.569462403,1
-2153414.784092176,1561119.158352931,289622.7529700068,-138459.46665880678,-1336863.791414661,440516.109471835,-460006.15552446304,2194816.128942063,1499375.4358146747,605532.1950069296,-145831.0333810054,948845.2278579235,0
-474527.93537736416,344010.8687522053,63822.3641713379,-30506.505615510825,-294588.47141884227,97074.5240618137,-101363.0202346726,483654.08454292204,330404.95033710916,133436.23228541316,-32135.808368265512,209089.345260887,1
-316351.8914326816,229340.55988255603,42548.278864423766,-20337.820166677055,-196392.45385005436,64716.40058175965,-67575.51459914201,322436.19522158464,220269.93443899814,88957.4816017659,-21423.92198468891,139393.11069831508,0
-1107233.6631448523,802691.3480199004,148917.9800716845,-71187.65368431438,-687378.969481409,226505.0535794398,-236519.4710745457,1128524.745071847,770944.1742900814,311350.78097792045,-74983.09763867276,487874.2826423352,1
-474528.81779857527,344010.5762648945,63821.973273573516,-30509.35532928247,-294591.34911620215,97073.4834469545,-101365.85277201248,483653.3580590713,330404.6423442533,133436.07903335078,-32135.645799466278,209089.12096626844,1
-316352.2207979551,229340.47672911303,42548.12882947418,-20338.67079454974,-196393.31123641488,64716.083675028836,-67576.27913103033,322435.8368259502,220269.85406297343,88957.50325567952,-21423.848352727262,139392.91883075904,0
-4660513.079905707,3378640.567998204,626813.5853596111,-299661.6549635255,-2893299.5261836033,953382.9551376012,-995566.7003699682,4750113.9964235965,3245012.170037988,1310518.5114911287,-315613.8014261802,2053531.531040345,0
-790880.8701778501,573350.9933590555,106370.10363397145,-50847.257224753404,-490983.8821419874,161789.72792692392,-168941.41240739272,806089.3795552668,550674.4508884753,222393.46857865874,-53559.217468265895,348481.15580958774,1
-474527.8379303548,344010.81312307954,63822.36231170126,-30506.373126536517,-294588.3307508339,97074.5988829391,-101362.88856598058,483654.23821302847,330404.8844421504,133436.21110245193,-32135.74037731194,209089.14517239004,1
-1459968.782886283,1058405.3857642217,196358.13345017258,-93871.78188006359,-906364.1905496536,298660.81747756293,-311873.54910169006,1488038.5236528895,1016544.4650406748,410537.9770267294,-98870.44455257128,643297.0568182735,0
-1872809.5025524767,1357694.414958119,251882.9779694119,-120416.78285428818,-1162660.5908960453,383113.9023249077,-400063.68213069683,1908816.2789208433,1303996.3308471674,526627.2139512366,-126828.31197024637,825204.2433711302,0
-474527.7625930064,344010.8283238893,63822.395744667905,-30506.235884453057,-294588.1807322332,97074.66927048302,-101362.75227335244,483654.3130107368,330404.89905065316,133436.2408946239,-32135.74105727585,209089.15721948454,1
-79087.2026929422,57335.36725648326,10637.443068880122,-5082.357338920918,-49095.954339310956,16179.981706066043,-16891.797726559857,80609.78843009302,55067.70742137639,22239.553615063825,-5356.1971756381035,34848.807007264855,1
-2230288.4769684994,1616848.8639560204,299961.9335710312,-143401.89939108337,-1384587.4876084833,456242.0264006796,-476427.3421425384,2273168.0329936817,1552900.977415133,627148.8716367536,-151037.0383043528,982717.782182436,1
-31634.17609815487,22934.348217732226,4255.288624999119,-2030.9614677693528,-19636.349178634133,6472.823170578526,-6754.778515518164,32244.56839573295,22027.28541330453,8895.947046605717,-2142.602531584479,13939.778079692875,0
-983857.6775413606,713248.2746477252,132323.67186202403,-63259.26407144429,-610789.3823930644,201264.34275765572,-210168.36552167975,1002773.4287048816,685038.640829221,276657.2194049672,-66627.7758259255,433511.161262876,0
-79087.01289922939,57335.423577917834,10637.519869792155,-5081.889260361365,-49095.541024404694,16180.222044965883,-16891.369908785775,80610.02799119001,55067.76165198543,22239.582004818032,-5356.331652758774,34849.211517922755,1
-79086.99238533255,57335.41621187303,10637.470743144444,-5082.060064902893,-49095.72756171523,16180.12976298788,-16891.53251758824,80609.90352340549,55067.757168196375,22239.548941598885,-5356.158288364552,34848.68738209929,1
-1629217.5301421215,1181102.4203646015,219121.23367792967,-104754.08515958302,-1011435.7459353914,333283.4197518494,-348027.9864485436,1660541.4245421996,1134388.7157766693,458130.08263124165,-110332.05715933804,717871.9353015034,1
-110722.78584766091,80269.29502604005,14892.071953363202,-7117.486916925592,-68736.5370735466,22651.155328948735,-23650.680262633912,112853.08299307096,77094.56938246047,31135.26562214361,-7498.481957737281,48787.95146293053,0
-63269.32895821285,45868.43021152603,8510.137980961561,-4064.8482004930984,-39275.76043813179,12944.463753711814,-13512.442646926522,64488.24438867058,44054.30030497653,17791.70954548758,-4285.0898903682855,27879.419165746425,0
-496989.8195569718,360293.757956499,66842.92339964722,-31953.221324695718,-308535.2154701164,101668.3183514441,-106163.69555055986,506546.321622749,346043.80939736083,139752.1320040175,-33656.8329871187,218986.27775255596,1
-316352.2333180688,229340.49617904567,42548.158119062755,-20339.094147242526,-196393.7335013139,64715.96202799446,-67576.7777953239,322435.9040488244,220269.8649586172,88957.45262119481,-21423.96766368973,139393.38138759873,1
-158175.44442229124,114670.37883285101,21274.321650004873,-10167.606652790279,-98194.8853680716,32358.65016388931,-33786.46290353276,161218.57492589008,110135.07157564898,44478.922159185,-10711.98732147009,69696.56724760933,1
-1993023.8460637913,1444843.6612379446,268051.05247820297,-128146.79487522306,-1237291.3750839615,407705.5856254953,-425743.9976380415,2031341.533260806,1387698.7380652695,560430.9084532552,-134969.3517225796,878173.602411964,0
-1076865.0453061683,780674.4091259636,144832.90466927332,-69238.51989050454,-668528.6487360866,220291.02433920425,-230035.49701431382,1097569.8261449835,749798.0077089643,302810.71966160665,-72926.38991062167,474492.7549155593,1
-79087.44345614416,57335.290452438574,10637.376987564425,-5083.266129875146,-49096.85463073256,16179.64672857458,-16892.702180587214,80609.61358541806,55067.628863403115,22239.530586848385,-5356.177901880565,34848.8663715331,1
-284717.03891742276,206406.45312323803,38293.2959902894,-18305.150720595917,-176754.3457269835,58244.314100387455,-60819.054531823174,290192.2075938401,198242.88671376815,80061.71903649357,-19281.560672942644,125453.93653036212,1
-66433.54344013051,48161.6662490278,8935.309756804356,-4270.1213110670815,-41241.56568938356,13590.840155621754,-14190.045315039712,67711.93924762329,46256.83059507837,18681.174408654922,-4499.252342356996,29273.190667657793,0
-47451.79984103817,34401.3640682366,6382.645463386248,-3047.935349636819,-29456.06388826444,9708.611487736862,-10133.640707400045,48366.38704703216,33040.76655711888,13343.858419853606,-3213.851020948533,20909.58452417284,0
-79087.77610650197,57335.20042211421,10637.150197779793,-5084.08634174466,-49097.72690467029,16179.28161320076,-16893.514645495394,80609.2459052496,55067.53843917898,22239.487196831473,-5356.086092035328,34848.586325039585,0
-31634.407570147578,22934.309280771242,4255.176181904396,-2031.9045798869488,-19637.29451262327,6472.506124425806,-6755.707821949567,32244.43161007393,22027.237190220643,8896.003054434377,-2142.727191531706,13940.262144334312,1
-158175.75486634744,114670.39226973709,21274.241181033252,-10168.617978043976,-98195.89457185895,32358.36970254816,-33787.47137741495,161218.35370793217,110135.0716735224,44478.892414756054,-10712.22268726808,69697.3710524335,1
-474527.82777372334,344010.8474200587,63822.40014548241,-30506.378518698275,-294588.28595977265,97074.53070907501,-101362.89381670204,483654.32721324265,330404.9167102473,133436.22368788472,-32135.736700418376,209089.23021878986,1
-474527.875784216,344010.76275548205,63822.32769965542,-30506.49053992179,-294588.4360930104,97074.55669698473,-101362.99801847512,483654.18243477,330404.83149864874,133436.2211442238,-32135.577100113715,209088.69238280918,1
-64851.43910826126,47015.00054209452,8722.695975802393,-4167.865739843273,-40258.978956168634,13267.551371280015,-13851.600570224738,66100.09216761484,45155.51456023222,18236.43333000297,-4392.041125137869,28575.9987424405,1
-112304.56361066025,81416.04065144091,15104.80562923909,-7219.211361526231,-69718.57927439817,22974.664172646906,-23988.59850658238,114465.16276533985,78195.96188141036,31580.037834128845,-7605.694515611937,49485.12015732889,1
-158175.36878033978,114670.39206055892,21274.36117580215,-10167.668678023712,-98194.91879383042,32358.812791544995,-33786.45704309506,161218.64553803558,110135.0778021339,44478.86346909635,-10712.023432268432,69696.69725705152,0
-221446.54409573184,160538.3673346691,29783.70988030496,-14237.0627286647,-137475.32483550423,45301.2514749433,-47303.447385851316,225705.1379525179,154188.92283783713,62270.278475583924,-14996.82224015002,97575.43299233711,0
-347987.71820440015,252274.51261935773,46802.87575292352,-22373.280713409018,-216033.44132478905,71187.3392652169,-74334.73482914914,354679.2518828723,242296.82166462214,97853.15739870378,-23566.48598769241,153332.98197566744,0
-126540.17406089747,91736.40286827597,17019.60603424418,-8133.648150588158,-78555.43138616261,25887.26505665429,-27028.674066052143,128975.06084404247,88108.14805968522,35583.13412065171,-8569.782997960616,55757.81846284061,1
-158175.8289730244,114670.34224964069,21274.17596952001,-10168.685963882872,-98195.97866273097,32358.295265842156,-33787.527697054706,161218.1846704019,110135.02824531005,44478.82306804636,-10711.998714891468,69696.67598403813,0
-183483.79289626252,133017.63079752584,24678.11863787985,-11795.557141952422,-113907.23704014013,37535.71959900288,-39193.43413818551,187013.25151671623,127756.66197009746,51595.48895956841,-12426.067979572259,80848.56674685162,1
-1490022.5438138011,1080192.6750916536,200400.08801794198,-95804.66287532817,-925022.3074190061,304808.45726829284,-318294.00529900874,1518669.6107440542,1037470.0404923614,418988.9104790114,-100905.68288584333,656539.3080831873,0
-149000.54415506907,108019.67861880687,20040.699267544216,-9575.5989787601,-92497.27116582697,30482.764825439288,-31824.574995373994,151868.52761752412,103747.42003851886,41899.259764022645,-10090.759765885254,65654.16354522175,1
-790881.8650936154,573350.86606933,106369.77593597915,-50850.28300760624,-490986.9703357533,161788.58087760574,-168944.42811879047,806088.4822667816,550674.3070411052,222393.3666795973,-53559.44750669615,348482.05367718247,0
-949058.6014189029,688020.8788906313,127643.57410020477,-61021.479747720754,-589185.5399975912,194145.89903187632,-202734.46538735557,967305.8547133404,660809.0091467549,266872.00002137444,-64271.19170032805,418178.1330742972,0
-474528.808519768,344010.6142587088,63822.01722528007,-30509.618393152752,-294591.5995683701,97073.48433711287,-101366.11524829602,483653.43282145855,330404.67400935106,133436.08123064975,-32135.840411773414,209089.75815081358,1
-474527.88357732596,344010.89903855516,63822.46566968403,-30506.435446929445,-294588.36515721167,97074.48251155928,-101362.95510595715,483654.2267764202,330404.97768652765,133436.23638601264,-32135.87534723501,209089.61189330355,1
-79087.2153216899,57335.392275378326,10637.407751416107,-5082.340022878372,-49096.03008241083,16179.991519897529,-16891.814948050855,80609.73873785727,55067.73336943924,22239.57416803774,-5356.251259090296,34848.952768003706,1
-173993.30144775435,126137.40262033643,23401.67803493041,-11185.508015432788,-108015.50661089236,35594.23587745252,-37166.23696265643,177340.16845366167,121148.55332292226,48926.71290638466,-11783.325156049836,76666.7534618489,1
-126540.36939541381,91736.34483452883,17019.497758864072,-8134.445999844192,-78556.23255685304,25886.943400293632,-27029.52269556005,128974.86413299873,88108.08440490892,35583.115896858726,-8569.686794130499,55757.63071945144,0
-31634.174273263,22934.310604842012,4255.237077253524,-2030.9686834826314,-19636.36435475573,6472.824165558873,-6754.78941008334,32244.601967669594,22027.24708598295,8896.018316198632,-2142.5968631404594,13939.754819698479,1
-334700.55764330475,242642.31383426103,45015.991425749875,-21518.161567627365,-207784.04265046626,68469.68074282233,-71495.62190721817,341137.2242218424,233045.5796782786,94116.9860112718,-22666.61937310043,147478.2754900471,1
-1107234.5328443868,802691.1729142038,148917.69222277869,-71190.08314807704,-687381.4342142585,226504.09189334975,-236521.88517517722,1128523.975315003,770943.9934373896,311350.6736864172,-74983.09246791164,487874.46138667624,1
-158175.66864362537,114670.39248678768,21274.267154072968,-10168.459274360228,-98195.75816205745,32358.43468591882,-33787.31881890264,161218.3353311262,110135.07315435116,44478.87876383573,-10712.127011017436,69697.04443791966,0
-632705.0383246946,458680.7375699896,85095.95885127642,-40679.00588604119,-392788.32528556493,129431.27387736304,-135154.32889807713,644871.1840335022,440539.49986748106,177914.7582996159,-42847.40421636346,278785.11898278346,1
-632705.1597753527,458680.780350781,85095.93719880126,-40679.09033571649,-392788.42004692357,129431.26865915481,-135154.41784431093,644871.1295900501,440539.5359354283,177914.7475874503,-42847.608158105235,278785.7080763721,0
-31634.046739329915,22934.380246911973,4255.324744221901,-2030.7615345841289,-19636.15209597095,6472.913754526594,-6754.585381071221,32244.674091695084,22027.317627476303,8896.032888889655,-2142.6634378495046,13939.942774226807,0
-158175.88561521348,114670.31871180674,21274.182052378677,-10168.814232505201,-98196.10871720879,32358.282554833833,-33787.656025072625,161218.18393134885,110135.00099077124,44478.811002781,-10712.069670472336,69696.88913436576,0
-474527.91544439294,344010.75008931063,63822.27761839598,-30506.547093330493,-294588.49438333465,97074.53180847985,-101363.05452684397,483654.16489795514,330404.8260363651,133436.216578237,-32135.578292605638,209088.69702059196,1
-325843.10944665904,236220.675022938,43824.45132574345,-20950.06788316034,-202286.40379649965,66657.1346243664,-69604.84293298922,332108.52473148,226877.91693474588,91626.20986927478,-22066.681262337017,143575.10957556503,0
-37961.607592994274,27521.03144252155,5106.045276582618,-2439.1461653952233,-23565.668216327933,7766.598603199865,-8107.687376586682,38692.9258241872,26432.552942032667,10675.125518407252,-2571.0963269960384,16727.76404488097,1
-47452.34987247987,34401.26403141598,6382.483876145923,-3049.5502836893097,-29457.710789679295,9707.991939663922,-10135.222307126029,48365.90370412061,33040.66384381395,13343.799863695087,-3213.949860073167,20909.984042622855,0
-1813967.8258122092,1315037.117759246,243969.08798098765,-116632.93719973575,-1126130.6288675116,371077.03284794523,-387493.68283047463,1848843.405603851,1263026.1741183356,510081.1646090064,-122843.55430812652,799277.2931281547,1
-189811.13838217905,137604.33625112523,25528.97490239996,-12202.825708401038,-117835.58096448895,38829.836491716196,-40545.43257717833,193461.73556258224,132161.9591841292,53374.605127267365,-12854.400283229339,83636.04738668371,1
-158175.84100908125,114670.35113805799,21274.211761868664,-10168.70530815347,-98196.01373475464,32358.323257889482,-33787.555318814884,161218.24204721046,110135.0320687851,44478.841189986946,-10712.203077906532,69697.2548054194,1
-316351.7854613652,229340.58644969025,42548.28468654295,-20337.610223120708,-196392.22785824822,64716.50800662627,-67575.30855069397,322436.3248232142,220269.9614545831,88957.53483168145,-21423.959590911556,139393.23143733872,1
-1043963.275028208,756823.2278367168,140408.36000683534,-67119.77877742493,-648100.1433222305,213561.90725206275,-223004.05767800706,1064037.5672152962,726890.178989474,293559.3086875644,-70698.26334045872,459995.5217837216,1
-476111.1128132603,345157.16190611036,64034.50713219284,-30612.565149856022,-295574.8982899703,97396.49899509558,-101705.2388888204,485264.9940769271,331505.87244042655,133880.82578914586,-32242.82015750709,209786.2850727927,0
-79087.54650415618,57335.29220959454,10637.28939510991,-5083.48595618738,-49097.08446003502,16179.590764168192,-16892.917271852202,80609.50469665401,55067.624951325975,22239.521663518073,-5356.201517985666,34848.93199481105,0
-161339.1580908537,116963.80030230622,21699.788820786,-10371.708481076768,-100159.53302920626,33005.67310695105,-34462.94635105857,164442.79104427807,112337.77630046435,45368.46070524014,-10926.405888994843,71091.11419827516,0
-474527.8403672677,344010.79094979813,63822.37340654798,-30506.357278385927,-294588.30251953483,97074.61726575813,-101362.87104258528,483654.25274945714,330404.861440823,133436.25205047833,-32135.69413750254,209089.02953768225,1
-79087.47082332765,57335.316684180645,10637.296916187754,-5083.397871198948,-49097.02039559706,16179.58835107426,-16892.831169410612,80609.48723007445,55067.653279783925,22239.521265579966,-5356.1911377792885,34848.852123161014,1
-3653877.3622717573,2648879.9176725983,491426.76206761616,-234936.34273002547,-2268367.9710935005,747459.8145202805,-780531.1962778103,3724125.835406777,2544114.235916161,1027456.477260368,-247443.43540316244,1609983.83873021,1
-31634.645984052106,22934.220188790627,4255.0785046219125,-2032.4558358790405,-19637.87292390812,6472.241596474161,-6756.237714492356,32244.144012713412,22027.151143755545,8895.903539967603,-2142.5839807755083,13939.820264436446,1
-47451.61602694239,34401.395365530436,6382.71760937515,-3047.7453053434756,-29455.88456283682,9708.687899854414,-10133.45386758341,48366.47966145648,33040.798394380785,13343.869615347381,-3213.844717842942,20909.535130852244,1
-474527.85966064874,344010.82433166995,63822.36278486188,-30506.285114189508,-294588.24351679423,97074.64241963519,-101362.80855294189,483654.3096153156,330404.8934420555,133436.24511477095,-32135.889635395215,209089.57939257132,1
-474528.511675848,344010.62166453147,63822.16203666359,-30508.432481365635,-294590.4828712854,97073.8935509669,-101364.9647785192,483653.65668790275,330404.6884954639,133436.19616568665,-32135.71376786608,209089.27338112783,0
-79086.72362379056,57335.46102802782,10637.58492162226,-5081.57391835628,-49095.21345433726,16180.369175526917,-16891.053523342613,80610.201051521,55067.79913250323,22239.586136759557,-5356.224602813862,34848.88786239112,1
-142357.74664436816,103203.4461298863,19147.037771386855,-9150.82968691111,-88375.34700694472,29122.92844149975,-30407.801994269354,145096.88711183082,99121.65760097158,40030.98187036775,-9641.005671078687,62727.607505464395,1
-6564325.309749858,4758810.1629237095,882866.1372974399,-422071.8771251382,-4075206.8935918864,1342839.0124589105,-1402253.046716407,6690528.834023864,4570594.769807836,1845863.356851656,-444541.23198103136,2892395.081300685,0
-229355.4009736571,166271.8532956204,30847.375803071078,-14745.687707789815,-142385.30936405627,46919.092051775384,-48993.00075730959,233765.97279228846,159695.64642522234,64494.25161580696,-15532.37679105267,101060.14214969493,0
-949058.2372830887,688021.0614719697,127643.70618779134,-61020.23723733359,-589184.2678179757,194146.3099501585,-202733.25194765243,967306.2324664664,660809.1770420081,266872.0063582048,-64271.42165610066,418178.6943665319,1
-284716.94889144535,206406.5089135023,38293.407050993854,-18304.882523112767,-176754.06999121179,58244.49854879978,-60818.81554947676,290192.480574553,198242.9372504688,80061.74562369003,-19281.875227019693,125454.90228217412,0
-1107234.5958376003,802691.1701181817,148917.62806144665,-71190.25048384289,-687381.6306430718,226503.9980443147,-236522.0544066528,1128523.8689738382,770943.9949303933,311350.69610307016,-74983.11067006836,487874.4859538839,1
-869969.8047612093,630685.9828719582,117006.80390588858,-55934.53840179478,-540084.8748907468,177967.70488291694,-185838.10311430498,886697.5833183182,605741.7717914834,244632.71933601293,-58915.33303371058,383330.03577618673,1
-31634.03337654213,22934.383516284903,4255.33146889198,-2030.7331804868381,-19636.12126102023,6472.928362909811,-6754.557451978315,32244.689418093833,22027.32072355194,8896.042354479432,-2142.6675772155377,13939.957060785675,1
-63269.8790081246,45868.22287938129,8509.896339096042,-4066.468960803702,-39277.328445359984,12943.830167101461,-13514.014147623726,64487.76097672347,44054.10533460982,17791.65263673806,-4284.911311091798,27878.99923741869,0
-31634.33371792177,22934.352594802134,4255.285078129304,-2031.6526539453307,-19637.03871575214,6472.57722836533,-6755.4532034019285,32244.529223207737,22027.28054609822,8895.973547540587,-2142.8548550862315,13940.608963855555,1
-756082.0984446629,548123.6383062993,101689.90126877131,-48609.693754034044,-469380.33478141756,154671.07375741663,-161507.72435894376,770621.5309609654,526444.8545053735,212608.20890648584,-51202.96491352907,333148.9610596312,1
-790881.7387345082,573350.885485814,106369.82567101954,-50849.948369662925,-490986.6553413609,161788.7387403367,-168944.2007107852,806088.667475451,550674.3257395575,222393.36689243367,-53559.51806737772,348482.2684276765,1
-64851.322011331096,47015.08399015154,8722.783403163538,-4167.013630889089,-40258.15978718161,13267.797043008408,-13850.764403382882,66100.18735248677,45155.602344840445,18236.545801155364,-4392.20569402443,28576.348444103645,1
-31634.628406556647,22934.22513990243,4255.085273709437,-2032.3807860850743,-19637.80379945371,6472.271344364453,-6756.175609913091,32244.161797839875,22027.158603701206,8895.956697146967,-2142.5875086435503,13939.83700482688,0
-63269.31098507426,45868.366055115745,8510.10123794957,-4064.6839259666335,-39275.51240218214,12944.525755233795,-13512.271981882866,64488.35543448919,44054.243285587036,17791.69119011639,-4285.018177827004,27879.18969958348,0
-316351.4805022922,229340.660988231,42548.45866041973,-20336.372444056076,-196390.95549258115,64716.80016118124,-67574.06076722372,322436.6019836324,220270.04205570332,88957.6094135322,-21423.883643343448,139392.91584259373,1
-474527.9435090967,344010.77654110367,63822.34031418435,-30506.5128146737,-294588.4668503948,97074.53958348867,-101363.02446586684,483654.1707888483,330404.84776426665,133436.183267605,-32135.70289466203,209089.05010988007,0
-31634.11034871953,22934.305922031832,4255.276209980322,-2030.8862670916396,-19636.266022294578,6472.869051871702,-6754.702632430654,32244.660767427384,22027.240693785527,8895.94649609382,-2142.528342916692,13939.565196700449,0
-939567.4931652754,681140.8333648825,126367.28376768749,-60409.757710922684,-583292.1546054207,192204.89859084095,-200705.60112695934,957633.1815842546,654201.0856898349,264203.3101501823,-63628.47037694577,413996.1677661269,1
-110722.79474278822,80269.36394996382,14892.142458646293,-7117.331873702394,-68736.4237450181,22651.123075205665,-23650.53525655486,112853.01618244729,77094.64019090596,31135.244909929763,-7498.634263841448,48788.322683894294,1
-253080.97160390727,183472.55617711038,34038.81829471131,-16268.519753077584,-157112.18575207706,51773.61737082473,-54058.66915419513,257949.41089224603,176216.05899766312,71166.0599698084,-17138.983694977265,111513.90535966423,1
-474527.91296350665,344010.78938751534,63822.351248680854,-30506.417966133107,-294588.3669552263,97074.58720674588,-101362.93301248159,483654.22854885773,330404.86162475025,133436.21559421465,-32135.75539453873,209089.2068934797,1
-79087.08260532537,57335.396744492384,10637.478130139752,-5082.16181064055,-49095.86234096311,16180.066991176307,-16891.64214729642,80609.8575736722,55067.73645271277,22239.566742255283,-5356.292431064818,34849.04407042501,1
-79087.60057127147,57335.254049994015,10637.23995545982,-5083.614123730359,-49097.23693649196,16179.495613232884,-16893.042360160336,80609.38003117681,55067.59224150727,22239.540154491886,-5356.097658951976,34848.59559578787,1
-158175.74331231663,114670.35448201731,21274.24301277427,-10168.532701092248,-98195.7914077911,32358.430719080916,-33787.37398784768,161218.3427627097,110135.03579856374,44478.820578079445,-10712.060467836167,69696.89306323112,1
-15816.363588546596,11467.40036556019,2127.969568466539,-1013.5784272102908,-9816.206870155233,3237.2354070713745,-3375.5189397882896,16122.992709506509,11013.865286491231,4448.146985854169,-1071.5115280046994,6970.436952775721,1
-869970.1167437965,630685.9235597533,117006.69117343513,-55935.70672449579,-540086.1095734595,177967.28347603712,-185839.29844065473,886697.259349991,605741.7055197101,244632.673490208,-58915.377511180486,383330.25168606546,0
-474528.0554875284,344010.7839092069,63822.28997518762,-30506.799087781837,-294588.76289896254,97074.31040819675,-101363.31726477246,483654.1109934467,330404.85241907235,133436.2079643826,-32135.780606706605,209089.30873162992,1
-94905.01829122599,68802.29199006376,12764.705944417085,-6100.210178899044,-58916.55168266344,19415.419288674097,-20271.52505100137,96731.37297521364,66081.10152287551,26687.33727669504,-6427.253874890581,41818.128494101235,1
-316352.14159290574,229340.58006301546,42548.206783113776,-20338.629564108764,-196393.23969032403,64716.08572265037,-67576.30461502298,322435.9983816494,220269.9377874627,88957.45014107642,-21424.033020267616,139393.5366924108,1
-126540.43120019183,91736.33985601619,17019.447018925825,-8134.256483217002,-78556.0952150875,25886.920015143394,-27029.350697223785,128974.82445882242,88108.08624635138,35583.125194177475,-8569.783522720189,55757.82214542111,1
-284717.16757607006,206406.43466197164,38293.28841959431,-18305.506371198328,-176754.68217897415,58244.2015773484,-60819.41305657122,290192.19256636,198242.867349359,80061.70744944648,-19281.648561944057,125454.27300084197,0
-158175.78109206195,114670.34026459053,21274.219482606288,-10168.603277052058,-98195.89161214557,32358.384744278013,-33787.45138083392,161218.31137155846,110135.02500627509,44478.87208119341,-10712.142541086416,69697.10020633604,0
-327425.14607098926,237367.22841550686,44037.05019887192,-21052.31892042627,-203268.91119585998,66980.38470767176,-69943.29765560408,333720.56945271406,227979.1322212482,92070.85084680359,-22173.5832249021,144271.51339871675,0
-316352.3587860891,229340.44887809377,42548.08952038458,-20339.19963069198,-196393.83317899064,64715.86429255569,-67576.86315929236,322435.75478332036,220269.82533993392,88957.4428363321,-21423.854321026825,139393.01771740775,0
-474527.94267045974,344010.8068341139,63822.31904081508,-30506.680520718484,-294588.6262119246,97074.37032542903,-101363.19367737416,483654.164755203,330404.8777191378,133436.17015431938,-32135.689614224328,209089.05469795255,0
-79087.6794099755,57335.24016135986,10637.201962253072,-5084.03667367697,-49097.62768385456,16179.37242841813,-16893.459930119134,80609.35298044478,55067.57892335287,22239.471532193078,-5356.060896662277,34848.58766640264,0
-47451.93735888418,34401.28509476156,6382.595761700661,-3048.3332079033667,-29456.549470241363,9708.45513957138,-10134.038946606235,48366.24182673483,33040.68807357736,13343.820574864085,-3213.759742739605,20909.343742039477,1
-474527.9217182002,344010.76800044306,63822.37444954923,-30506.481156569575,-294588.4226022317,97074.5618803161,-101362.98994150473,483654.17735035135,330404.84153147496,133436.20865389105,-32135.64548013547,209088.89948276486,1
-79087.5424595805,57335.268519185636,10637.271336329064,-5083.4479750827995,-49097.06514372634,16179.550553591207,-16892.887493655573,80609.53894090078,55067.60657351816,22239.52272245095,-5356.226067489686,34848.978734602155,1
-316352.28118832863,229340.50643692867,42548.19461972635,-20338.901695151515,-196393.53949931494,64715.95009308042,-67576.57539386155,322435.8422173105,220269.8790258397,88957.48632656861,-21423.985494080975,139393.38147838946,1
-474528.0500248975,344010.765594616,63822.30989841342,-30506.81169689157,-294588.76765064173,97074.31001596077,-101363.32633474877,483654.0996890842,330404.8355360606,133436.2144713178,-32135.709955044367,209089.11424015532,0
-64851.361433849655,47015.04507320186,8722.731632923176,-4167.142638058572,-40258.290346313006,13267.738586455165,-13850.887744691187,66100.13747274473,45155.565864019896,18236.485451627497,-4392.10155055466,28576.045072397952,1
-47451.6370996504,34401.43289152181,6382.774706484298,-3047.635383973313,-29455.713905249075,9708.767657308703,-10133.334353165945,48366.50581293416,33040.83686006011,13343.826816044995,-3213.794036995008,20909.464962217902,1
-79087.01062627675,57335.41453979876,10637.514494545803,-5082.010630878957,-49095.69609170482,16180.145137005742,-16891.49235373071,80609.94195415088,55067.75345957824,22239.594133157465,-5356.307861092481,34849.10176659607,1
-79087.22562866868,57335.32493840927,10637.375299825151,-5082.318317380208,-49095.92986392246,16179.980775302362,-16891.780025457923,80609.73152166035,55067.67026907494,22239.540599185617,-5356.069593363042,34848.402004773816,0
-2420100.3106886167,1754453.005280319,325490.57032277284,-155606.2892632523,-1502424.7289706504,495071.14233978034,-516974.3342291025,2466629.0645288727,1685062.7550724756,680523.217770651,-163891.24415809498,1066353.2592172413,1
-158174.8708690637,114670.535533364,21274.542094111363,-10166.01550650878,-98193.29011908775,32359.181404464376,-33784.87941060408,161219.00407988974,110135.22719359175,44478.92258967709,-10711.978769875284,69696.38437509252,0
-189811.0305846761,137604.416716966,25529.02906934337,-12202.344993870418,-117835.16358851986,38829.933759799234,-40545.00362679722,193461.8075985003,132162.03785527896,53374.58137939089,-12854.517461619564,83636.31664918635,1
-79087.09045229392,57335.340999218555,10637.428637561421,-5082.195531601979,-49095.778714649685,16179.972563325999,-16891.640353457045,80609.90661906391,55067.68823442656,22239.616162465787,-5356.082272864589,34848.487290498415,1
-237263.63806724016,172005.5425017534,31911.359874368143,-15252.743282830948,-147293.65440977705,48537.65617348476,-50680.949527491866,241827.4516669004,165202.56970249958,66718.2114303533,-16068.128615557149,104545.39429288397,1
-79087.18871999542,57335.377335998084,10637.483326619584,-5082.285746104456,-49095.969807031666,16180.019643966201,-16891.759566054432,80609.76892041677,55067.718510337065,22239.558107516554,-5356.232011194919,34848.900904357026,1
-79087.21523755965,57335.38797682138,10637.395227017028,-5082.3442799236545,-49096.04599812172,16179.985554490922,-16891.82303534116,80609.74046700241,55067.72841870753,22239.6238902281,-5356.287004705358,34849.04449983521,0
-31634.137614813644,22934.378021447967,4255.285399094256,-2030.8860244914908,-19636.286177012214,6472.851310362623,-6754.71028840756,32244.600252501787,22027.312644389356,8896.027969320345,-2142.6975354718193,13940.038563178934,0
-47451.72926795362,34401.41222811977,6382.749433662766,-3047.7662189879425,-29455.875883034394,9708.694081563184,-10133.471892430314,48366.43593922273,33040.81544299647,13343.888517526078,-3213.8889435704964,20909.713694391678,1
-756083.452676975,548123.3310497713,101689.3066227733,-48613.97646894998,-469384.6970248752,154669.43957780566,-161511.97796070558,770620.2479821522,526444.5383768814,212608.0347289551,-51202.8838748821,333149.03502239997,0
-398603.2242028179,288969.1180054217,53610.83686373582,-25624.733948987126,-247453.56093910642,81542.90071149882,-85144.20984300322,406269.7240604129,277540.13835162076,112086.47941612889,-26994.00689960789,175634.80138465675,0
-790880.777392979,573351.0789774421,106370.16539516299,-50846.88645738554,-490983.50805536896,161789.99169071973,-168941.02476441624,806089.4687265913,550674.5289602821,222393.50059331823,-53559.47521400859,348481.831505328,1
-31633.98136119805,22934.3927923008,4255.391466872668,-2030.5671401015904,-19635.917453583355,6473.025469542186,-6754.387641788475,32244.78847846211,22027.328039564127,8896.010366599829,-2142.6374928400837,13939.909692070998,0
-667504.1895891367,483908.17832396354,89776.10157066098,-42917.07448117123,-414392.4710264292,136549.6687635485,-142588.5397632759,680338.718083721,464769.16624953697,187700.0232507551,-45204.18777975413,294118.7826305493,0
-110722.63490653891,80269.34612363021,14892.209625734431,-7117.189889287832,-68736.28501560935,22651.187596016563,-23650.393197742254,112853.10369898171,77094.62257290537,31135.272812053965,-7498.542436177146,48788.038180365635,1
-49034.045295067444,35547.94841599566,6595.24849027154,-3151.108464584235,-30439.502706536703,10031.583248551433,-10472.91733207702,49978.08860142822,34141.99835950083,13788.596495219386,-3320.8959158676967,21606.434114625787,0
-474527.900917009,344010.7761863759,63822.34297459144,-30506.48618364713,-294588.4421966108,97074.5509226407,-101362.99777357467,483654.18380412855,330404.8475025532,133436.20266757,-32135.673491766775,209088.95950319126,1
-1100907.9262776668,798104.2947010114,148066.5389434363,-70784.56317455116,-683454.8608766292,225209.32609621962,-235171.60126986375,1122074.8170179047,766538.524716704,309571.4753273829,-74554.66708918882,485086.80748355,1
-474527.83437335957,344010.8186889791,63822.380779402534,-30506.480309809587,-294588.40590869193,97074.47507526721,-101362.99449122559,483654.2762336236,330404.88720641047,133436.222181175,-32135.677308105824,209089.03626705165,1
-474528.48729951883,344010.6868446441,63822.143000316835,-30508.368472085735,-294590.32933023106,97073.85655639457,-101364.87537787302,483653.7292864097,330404.7516195851,133436.179876274,-32135.805867252053,209089.54963474517,1
-2110074.061659499,1529699.6964398222,283793.9297109717,-135671.6235675826,-1309956.4166767194,431650.6090456255,-450746.7723072901,2150642.892214942,1469198.6475918486,593345.1360155809,-142896.16887330374,929748.9347070641,1
-161339.28051679366,116963.73029395795,21699.704918116608,-10372.052753228152,-100159.85679168848,33005.55869724443,-34463.26889005944,164442.69338718985,112337.70548319152,45368.38992920282,-10926.259490036136,71090.72424082788,1
-63269.35554650806,45868.422970207466,8510.125133050207,-4064.8662597256744,-39275.792876995925,12944.450021210325,-13512.465684607167,64488.24741968736,44054.2923325841,17791.73553856858,-4285.1615496403265,27879.612349229265,0
-474527.9965811893,344010.7334789569,63822.30419048556,-30506.740362711957,-294588.6700107181,97074.36225170869,-101363.24950145298,483654.16945813654,330404.8039177692,133436.20537309253,-32135.58598921541,209088.7816835197,1
-506163.7012885046,366944.7272196632,68076.93187697719,-32542.40232938262,-314229.83344584843,103545.38728381351,-108122.67134760451,515897.26500757097,352431.7278387658,142331.85870239462,-34278.108392108275,223028.60386137365,1
-79087.12074755417,57335.39688420353,10637.467810981147,-5082.130795581396,-49095.80306314993,16180.099752851056,-16891.608343473614,80609.8767698305,55067.73650518098,22239.585525178227,-5356.278870189501,34849.045135205095,0
-186647.50258646958,135310.94168853905,25103.53855327277,-11999.261557437749,-115871.43466041409,38182.73217294413,-39869.49124621135,190237.52623744556,129959.27076414746,52484.985688644105,-12640.093367626949,82241.96473610152,1
-63269.915825353564,45868.289526424334,8509.872533966818,-4066.581929822329,-39277.48186920208,12943.746071200994,-13514.132903078438,64487.645474086145,44054.16120871607,17791.654188632165,-4285.039933812519,27879.3261075988,0
-79086.96639018429,57335.42152605349,10637.531341327813,-5081.94599945028,-49095.62331279457,16180.17825368252,-16891.426585646328,80609.97987827731,55067.760468868335,22239.57658001979,-5356.2878244653275,34849.04831529717,1
-300534.5102346395,217873.49399319,40420.85580754366,-19321.61869588278,-186573.54454023903,61480.27629625154,-64197.42019094205,306314.16565245285,209256.39824288385,84509.61325523617,-20352.80414148599,132423.7081832255,1
-442892.471107907,321076.8281867436,59567.63725681225,-28472.06127529166,-274948.50267662446,90603.21529638213,-94604.80934939333,451410.8461726612,308377.9609198419,124540.47504511892,-29993.384997100107,195149.97657204527,1
-474527.91436935327,344010.75313200406,63822.30814157415,-30506.570875499918,-294588.52528368135,97074.51505316468,-101363.07802217556,483654.1363710227,330404.8222317868,133436.2172048409,-32135.57195531978,209088.67022321888,1
-474527.91566332127,344010.73137068236,63822.37334399889,-30506.563072449062,-294588.47238733707,97074.45714922101,-101363.07287909833,483654.27654416044,330404.8043910316,133436.23287699258,-32135.580785887494,209088.78514262766,1
-474527.9218509339,344010.77948230563,63822.3363252083,-30506.484305515194,-294588.4416515205,97074.55170563015,-101362.99790352384,483654.18787704094,330404.8523663028,133436.21097871024,-32135.717440811426,209089.0874755902,1
-434668.55731805536,315113.6504475459,58460.83310548408,-27947.045099363102,-269846.1679579542,88919.13479627516,-92851.58564567486,443026.29371998884,302650.61476467166,122227.43457166493,-29436.235010927434,191525.59156530187,0
-869969.888375923,630685.9299395581,117006.75147772243,-55934.613360142976,-540085.0011748509,177967.71051814858,-185838.19762923292,886697.5320352433,605741.7207137136,244632.72151335957,-58915.3955745312,383330.1680352228,1
-632705.3941262994,458680.7391451787,85095.83251743091,-40680.20437414614,-392789.5557579899,129430.93992550492,-135155.52460783263,644870.868514499,440539.48850378295,177914.69972394063,-42847.65911430551,278785.94329260086,1
-126540.41301474518,91736.3782177655,17019.504527940604,-8134.465757465465,-78556.2645652109,25886.923282332544,-27029.54691769333,128974.82825459543,88108.12435216765,35583.120551458975,-8569.805484615214,55757.96410977861,1
-139511.23169600446,101139.18863956681,18763.74255510397,-8969.134935086375,-86609.23884310719,28539.872699635594,-29800.94884583846,142194.26025853964,97139.04317828022,39230.30355123394,-9447.952044302388,61472.350524206195,0
-442892.7134651177,321076.7367046181,59567.5627583828,-28472.727547448172,-274949.1992394227,90602.83883641745,-94605.47842833516,451410.6742792659,308377.8682332571,124540.49190692147,-29993.392261709687,195150.03383670544,1
-664339.6018302831,481614.9342836906,89351.01079664344,-42710.70819904283,-412425.4269182811,135903.79079682234,-141909.80630761257,677115.4623388272,462566.63388406846,186810.54806020792,-44989.82898443648,292724.39965528704,0
-632705.3394002111,458680.74171329074,85095.84105987281,-40680.03862761283,-392789.3925511981,129431.13305075729,-135155.3581271179,644870.9041545575,440539.49122077343,177914.71388583785,-42847.69852060196,278786.0216746507,1
-172095.28282709353,124761.3208424822,23146.32807518827,-11063.416847784329,-106837.15366379912,35205.77116465463,-36760.73667613746,175405.3781921212,119826.89885066378,48392.94523759856,-11654.692090783787,75830.01909331414,0
-474527.8953982179,344010.76410044037,63822.33759438582,-30506.531097842675,-294588.43117487995,97074.47274774803,-101363.03894224393,483654.29484211735,330404.8356667268,133436.17051727083,-32135.582506487226,209088.79568601106,1
-94905.23782543374,68802.2476159709,12764.60205445392,-6100.698871932807,-58917.0658324584,19415.25455498357,-20272.014140240914,96731.20232834625,66081.06015851715,26687.37501881408,-6427.347792931965,41818.411448854684,1
-1162597.0701473854,842825.5543855787,156363.17844806565,-74751.72841618126,-721752.7486853178,237828.449222729,-248350.1030514946,1184949.3304419874,809491.0179424455,326918.0855424564,-78732.21467620034,512268.1240106022,0
-632704.363892099,458680.8886720708,85096.24444482145,-40676.71695387971,-392785.9827818575,129432.22915893869,-135152.05325327814,644871.8831324909,440539.65516363253,177914.8946592341,-42847.49806168494,278785.24136443296,1
-47451.7820036888,34401.417322830785,6382.691485564658,-3047.8596856399326,-29456.000160194322,9708.635860983735,-10133.572149263915,48366.39501588373,33040.805925526656,13343.917896500256,-3213.9854103994376,20909.96105894547,1
-221446.60479654145,160538.37072321217,29783.682647766866,-14237.347223761653,-137475.6254491045,45301.16734478541,-47303.73437468473,225705.07564120647,154188.9298874778,62270.24893882476,-14996.869080763074,97575.5963062225,0
-5188189.789745082,3761180.057927973,697783.2976598004,-333589.67415040894,-3220886.7901613377,1061327.9731716109,-1108287.141328361,5287935.8699966045,3612421.8697830434,1458899.274599615,-351348.24278241774,2286037.541199742,1
-159757.77795958644,115816.96484941209,21486.83137282158,-10270.822019225936,-99178.43154085815,32681.694505059808,-34125.85883464502,162830.17476552757,111236.2959572457,44923.57496578034,-10819.077428093411,70393.50412310634,0
-3248945.248784406,2355324.4922350957,436965.7151769775,-208899.16140880392,-2016980.9084552068,664624.8151138145,-694029.8352710905,3311409.0533079803,2262169.208564674,913591.2489394621,-220021.2929738995,1431561.7460954355,1
-458710.526849552,332543.7102826899,61694.83746995338,-29490.802524243893,-284770.0275764798,93838.40283686102,-97985.44577510994,467532.2494224672,319391.30467079184,128988.30967034068,-31064.62606328339,202119.90960871946,1
-711793.5760060635,516015.8061907505,95732.82039686273,-45765.23260295775,-441888.28275952314,145609.74781835693,-152050.00002320515,725479.7231267669,495606.8986808634,200154.0444261105,-48203.54511986244,313633.9957469523,0
-474528.00301094464,344010.7320423517,63822.2959723596,-30506.743208095893,-294588.6761619175,97074.35910931659,-101363.25329072439,483654.1787897323,330404.8022257824,133436.1821010244,-32135.60733648401,209088.838176717,1
-885787.7836562097,642152.9563206721,119134.08002759551,-56952.6602055609,-549905.8135372677,181203.11714060075,-189218.15739810816,902819.0421484378,616755.2080492547,249080.5252029304,-59986.64804541168,390300.1346906696,1
-79087.60033662009,57335.26197871102,10637.22671731351,-5083.575974223447,-49097.19764395254,16179.512765902413,-16893.005846682958,80609.42368113111,55067.60233794293,22239.47927836703,-5356.151222054483,34848.747428835384,1
-158175.82552627107,114670.31448960437,21274.19555021824,-10168.781759202355,-98196.06330482368,32358.33110338607,-33787.62417095622,161218.26093200667,110135.00284502961,44478.830908222626,-10712.068269784895,69696.90858344059,1
-474528.12540349807,344010.74180488486,63822.23640492034,-30507.861583654918,-294589.8960777057,97074.15498793317,-101364.40243422717,483653.98010623635,330404.8038952862,133436.1781360842,-32135.80603459866,209089.5189777273,1
-15816.381418610299,11467.393934710353,2127.960988332476,-1013.5501901205558,-9816.203840681772,3237.2384137853287,-3375.501210905136,16123.041647125801,11013.856657476184,4448.174606019615,-1071.6677245041415,6970.859640244356,0
-474527.81303750176,344010.8536336986,63822.42945509138,-30506.290587255,-294588.20169485826,97074.57106195128,-101362.81189351936,483654.3867703395,330404.9214543732,133436.25720458574,-32135.832445147676,209089.50270209168,1
-949057.3730243252,688021.2079418575,127644.09553608563,-61017.49857045227,-589181.4714164076,194147.364484656,-202730.48801922245,967306.9971587419,660809.3461194814,266872.12269712344,-64271.3028793311,418178.1483537,1
-79087.56276505566,57335.30036824806,10637.266045608192,-5083.533852427514,-49097.149814261655,16179.557452515,-16892.968041931905,80609.47339585052,55067.63826889985,22239.52160700949,-5356.248826026651,34849.048790289606,0
-790882.0332846455,573350.8280926491,106369.69938523002,-50850.690705742905,-490987.40548245976,161788.3727231349,-168944.85407466613,806088.2994982289,550674.2696166484,222393.34643052227,-53559.42815669426,348481.9941136795,0
-47451.41396476926,34401.43773988125,6382.811385616533,-3047.474341398058,-29455.64475918289,9708.86423729008,-10133.190035512805,48366.69372186114,33040.83778621605,13343.884915531426,-3213.8654377651865,20909.657488242294,1
-360641.8295756729,261448.0917260114,48504.75761401543,-23186.865937854483,-223889.18727890344,73775.93315008804,-77037.79561671901,367576.60110079846,251107.57868746016,101411.47627131343,-24423.237669624294,158908.10469594217,0
-316352.52192961593,229340.42667371916,42548.01328255096,-20339.578772597655,-196394.2924971726,64715.65816424564,-67577.29865412443,322435.6084915305,220269.7946625037,88957.44454707732,-21423.9166809915,139393.2078396122,1
-158175.93370071147,114670.34872311146,21274.1709826245,-10169.003434171747,-98196.32118255917,32358.200908267892,-33787.8474273809,161218.08216663802,110135.03474764574,44478.819488617155,-10712.142117407768,69697.08901104746,0
-31634.550150326868,22934.26664601489,4255.141112335567,-2032.1119093975594,-19637.525189518597,6472.344570093401,-6755.889432499911,32244.22750529603,22027.19840544627,8895.94289150938,-2142.661889006836,13940.006294503717,1
-474528.93590320647,344010.551633648,63821.90915005598,-30509.625016296908,-294591.65295644314,97073.340054699,-101366.12183305956,483653.19715684827,330404.6168827139,133436.0691211289,-32135.632307871547,209089.0512007448,1
-344823.1299003844,249981.25986527078,46377.74524846179,-22166.689444746225,-214066.19884523755,70541.38972960523,-73655.76162684504,351455.8149954796,240094.2858298011,96963.77546761079,-23351.884920751665,151937.80468251143,1
-474527.93827645294,344010.7834707188,63822.3111400171,-30506.49284299755,-294588.4398746836,97074.55392574993,-101363.0044240402,483654.18447798927,330404.85443246295,133436.20528830713,-32135.69813427385,209089.04581316563,1
-79087.57937297782,57335.2621491952,10637.254237242749,-5083.702018178036,-49097.30426120377,16179.475659800777,-16893.131988673762,80609.44870246883,55067.60064407614,22239.506179935794,-5356.118039435746,34848.70778748259,1
-15816.490244879851,11467.312178397091,2127.9326590003784,-1014.0257171350445,-9816.757309321209,3237.047754601763,-3375.9672064535202,16122.802585317717,11013.778864862557,4448.1544899184355,-1071.393227227595,6970.101004482739,1
-205628.51607689328,149071.42254355195,27656.477243484485,-13218.892373442775,-127654.36650653975,42065.94488070804,-43923.38631118551,209583.740823413,143175.5181819969,57822.4433127971,-13925.565088028316,90605.54183347063,1
-6567172.8592904275,4760874.185091977,883248.9158982022,-422256.0776764344,-4076975.6559569295,1343420.9278416056,-1402862.3843549397,6693430.355998688,4572577.153471122,1846663.9318442857,-444734.1463404696,2893649.939362093,1
-79087.4948992566,57335.32024369045,10637.29783848927,-5083.475495395597,-49097.0909543713,16179.579775137867,-16892.908200270067,80609.4913459807,55067.66039547733,22239.489661475407,-5356.222961110318,34848.96613326484,0
-94904.357433573,68802.47029671771,12765.030162652261,-6097.7559454409975,-58914.057742905505,19416.223600837497,-20269.092197055932,96732.05628255346,66081.285444983,26687.48130015491,-6427.349759705836,41818.23251363408,1
-2056293.2125843635,1490712.0172091755,276561.1020560812,-132210.88763376893,-1276566.3529874277,420650.07287742017,-439255.6537784741,2095829.7542122134,1431752.980432546,578222.5187695923,-139254.2269599789,906052.1956794289,0
-126540.55373220287,91736.32658951437,17019.43580905341,-8134.726450319251,-78556.55936299419,25886.789362381678,-27029.80945338831,128974.70088159367,88108.07136632573,35583.1284208446,-8569.818494599678,55757.973590883994,0
-47452.48280717844,34401.195857808794,6382.386669133035,-3050.132334491013,-29458.299492528207,9707.807391201846,-10135.798265974809,48365.74846550939,33040.59238373096,13343.782767210982,-3213.8374825433916,20909.702578997894,1
-31317.726737362078,22705.005572816113,4212.753159215366,-2010.559647630366,-19439.900853545525,6408.132568216533,-6687.140132272082,31922.16113113465,21807.01343743314,8807.05269081695,-2121.12469467149,13800.212874727898,1
-158175.45116601346,114670.4467815428,21274.342963622155,-10167.538779412276,-98194.92336249055,32358.76910326284,-33786.43181216938,161218.54382446056,110135.13130325146,44478.9237893446,-10712.225225453507,69697.22323112273,0
-79087.18346647982,57335.37379818545,10637.386199096507,-5082.277660008335,-49095.95597842522,16180.030181503462,-16891.751670421945,80609.8127268737,55067.714819375266,22239.539839895042,-5356.221624240633,34848.87515672805,1
-47451.49991192819,34401.42785176075,6382.783555115116,-3047.5792931849874,-29455.761183356914,9708.811317749085,-10133.297052942942,48366.635391157964,33040.827718296605,13343.900544703387,-3213.9153656199665,20909.79732065827,1
-237264.0086584756,172005.4161359592,31911.182661345072,-15253.719155659366,-147294.67266489426,48537.164700428846,-50681.9753933371,241827.08205223657,165202.44585061708,66718.11279174252,-16067.959909177047,104544.94212644307,0
-53779.43295981481,38988.01070079235,7233.387962490959,-3456.5077578625387,-33385.758533403605,11002.235845280276,-11486.92444915639,54814.54552548521,37446.00516072973,15122.923918858633,-3642.242673133936,23697.31762174721,0
-79087.10642918249,57335.40539105622,10637.402581289738,-5082.1234548828115,-49095.78510449058,16180.110705844305,-16891.599210745964,80609.88541548277,55067.745006312776,22239.610912068492,-5356.2355785130885,34848.933145084455,0
-474528.00377721945,344010.7255160377,63822.25802960302,-30506.58400324566,-294588.5421774128,97074.51057800453,-101363.09750723178,483654.16372287023,330404.851024179,133436.20380141816,-32135.71895213665,209089.09778678973,1
-129703.95885993473,94029.76280308959,17444.943350345777,-8337.880755467902,-80520.2268731301,26534.074951242706,-27705.339537320906,132199.21032236386,90310.80033321571,36472.672380460914,-8784.053091340833,57151.91981761561,0
-47451.77395833547,34401.34254045078,6382.670748102018,-3047.9434546222687,-29456.059711694514,9708.615155006337,-10133.64293511518,48366.3751135915,33040.74654866331,13343.858707477479,-3213.733367697977,20909.257273510793,0
-1067690.6072052314,774023.5669860682,143599.08801407117,-68648.14696481566,-662832.5897447703,218414.59534026944,-228075.1002774025,1088219.4494067677,743410.2151962444,300230.97115885274,-72305.15276713108,470450.47911221837,1
-332169.02587931976,240807.68051159754,44675.88315673859,-21353.20473444963,-206210.5154227356,67952.62219901696,-70952.77193189065,338558.41146505607,231283.530564699,93405.40374330706,-22494.961648920224,146362.21526164503,1
-94905.00627251208,68802.32172897352,12764.750974588269,-6100.023900735928,-58916.33955674404,19415.520616822127,-20271.343087175894,96731.48340274044,66081.1293541242,26687.36187970158,-6427.371732063858,41818.50157395787,1
-79086.82130494282,57335.43681968834,10637.53552723148,-5081.778588127954,-49095.43911703569,16180.263298089976,-16891.256599043696,80610.08596067819,55067.77594803281,22239.5564664969,-5356.205846085504,34848.815686762435,1
-395440.1638387442,286675.59569067473,53185.20049654848,-25423.035736229343,-245491.3243841723,80895.19520181516,-84470.13896704226,403044.9857947333,275337.31755381566,111196.83563602567,-26779.766378237644,174241.06006642862,1
-31634.033688095617,22934.332647432537,4255.293128576971,-2030.8149521544087,-19636.20068464222,6472.897372290312,-6754.633950903079,32244.668903401915,22027.267344076925,8896.041762722012,-2142.5272306804827,13939.553458804618,1
-79087.1858542965,57335.36116952035,10637.408622999948,-5082.394171868928,-49096.00113717043,16179.959227977864,-16891.834264607787,80609.77457456538,55067.70367382213,22239.546213816513,-5356.166445166306,34848.70332885499,1
-1107234.6941394422,802691.1525374219,148917.59801608016,-71190.36010456034,-687381.7228741124,226503.9572319157,-236522.157377316,1128523.817534361,770943.9766348639,311350.61404965667,-74983.06157420705,487874.3704612509,1
-139194.6935192944,100909.87754853052,18721.31006171241,-8948.277064631398,-86412.2831720883,28475.420406587906,-29732.870504768194,141872.13009044804,96918.81195499764,39141.39384511241,-9426.614007348038,61333.254482417324,0
