BorrName,BorrCity,BorrState,BorrZip,BusinessType,BankName,BankCity,BankState,BankZip,BankFDICNumber,InitialInterestRate,FixedOrVariableInterestInd,NaicsCode,TermInMonths,RevolverStatus,CollateralInd,SoldSecMrktInd,GrossChargeOffAmount,GrossApproval,ProjectCounty,ProjectState,LoanStatus,LoanID,NumPmtsMade
Broadreach Retail Builders LLC,XXXX,CT,64XXX,CORPORATION,Liberty Bank,MIDDLETOWN,CT,645XX,17943,9.75,F,23XXXX,36,0,N,UNKNOWN,51962.34,59000,MIDDLESEX,CT,1,Loan-30,65
Buffburger #1 Lp,Houston,TX,77XXX,PARTNERSHIP,b1BANK,BATON ROUGE,LA,708XX,58228,8.0,V,72XXXX,96,0,Y,UNKNOWN,149889.68,150000,HARRIS,TX,1,Loan-32,65
Franklin Environmental Group ,BRANDON,MS,39XXX,CORPORATION,Trustmark National Bank,JACKSON,MS,392XX,4988,6.73,V,54XXXX,3,1,N,UNKNOWN,64531.09,40700,RANKIN,MS,1,Loan-52,65
HOT YOGA LLC,XXXX,NY,14XXX,CORPORATION,Manufacturers and Traders Trust Company,BUFFALO,NY,142XX,588,7.75,V,61XXXX,69,1,N,UNKNOWN,31624.24,91700,MONROE,NY,1,Loan-67,65
MID-KAM CRUSHING LLC,Cleveland,OH,44XXX,CORPORATION,The Huntington National Bank,COLUMBUS,OH,432XX,6560,6.05,F,23XXXX,60,0,N,UNKNOWN,0.0,82900,CUYAHOGA,OH,0,Loan-110,60
Mottram Beerworks LLC,Mount Pleasant,SC,29XXX,CORPORATION,Business Development Corporation of South Carolina,Columbia,SC,292XX,Business D-29210,8.0,V,31XXXX,120,0,Y,UNKNOWN,0.0,235000,CHARLESTON,SC,0,Loan-119,33
Pat's Wings on Wheels LLC,HOUSTON,TX,77XXX,CORPORATION,"PNC Bank, National Association",WILMINGTON,DE,198XX,6384,11.5,V,72XXXX,67,0,N,UNKNOWN,23763.56,25000,HARRIS,TX,1,Loan-127,65
PINE GROVE US LLC,Miami,FL,33XXX,CORPORATION,"TD Bank, National Association",WILMINGTON,DE,198XX,18409,10.49,F,44XXXX,29,0,N,UNKNOWN,14775.27,25000,MIAMI-DADE,FL,1,Loan-133,65
Sanjay Popatlal Chauhan,Santa Clarita,CA,91XXX,INDIVIDUAL,Bank of Hope,LOS ANGELES,CA,900XX,26610,7.0,V,81XXXX,60,0,Y,UNKNOWN,0.0,120000,LOS ANGELES,CA,0,Loan-150,58
SKY BROTHERS INC,CHICAGO,IL,60XXX,CORPORATION,"U.S. Bank, National Association",CINCINNATI,OH,452XX,6548,7.99,F,81XXXX,60,0,Y,UNKNOWN,0.0,20000,COOK,IL,0,Loan-157,15
Sky Lake Vacations LLC,Laconia,NH,32XXX,CORPORATION,"TD Bank, National Association",WILMINGTON,DE,198XX,18409,11.04,V,53XXXX,92,0,N,UNKNOWN,23612.94,25000,BELKNAP,NH,1,Loan-158,65
Tian Shan International LLC,HOUSTON,TX,77XXX,CORPORATION,"Golden Bank, National Association",HOUSTON,TX,770XX,26223,6.0,V,72XXXX,90,0,Y,UNKNOWN,0.0,250000,HARRIS,TX,0,Loan-178,49
TKA Enterprises Inc. dba 360,ANKENY,IA,50XXX,CORPORATION,"United Midwest Savings Bank, National Association",DE GRAFF,OH,433XX,32441,7.75,V,23XXXX,82,0,Y,Y,116158.32,150000,POLK,IA,1,Loan-181,64
Town Cleaners,ARLINGTON,VA,22XXX,INDIVIDUAL,Hanmi Bank,LOS ANGELES,CA,900XX,24170,9.0,V,81XXXX,51,0,Y,Y,15570.04,22000,ARLINGTON,VA,1,Loan-183,65
American Rom Productions Inc.,Chicago,IL,60XXX,CORPORATION,The Huntington National Bank,COLUMBUS,OH,432XX,6560,7.1,V,61XXXX,31,0,Y,UNKNOWN,21199.09,32200,COOK,IL,1,Loan-200,64
Cell accessories city inc,XXXX,NY,11XXX,CORPORATION,"TD Bank, National Association",WILMINGTON,DE,198XX,18409,10.74,V,44XXXX,66,1,N,UNKNOWN,24647.08,25000,NASSAU,NY,1,Loan-228,64
Coding Temple Inc.,CHICAGO,IL,60XXX,CORPORATION,"Village Bank and Trust, National Association",ARLINGTON HEIGHTS,IL,600XX,34011,5.5,V,61XXXX,90,1,Y,UNKNOWN,0.0,200000,COOK,IL,0,Loan-235,35
Floss Family Dentistry,LEHI,UT,84XXX,CORPORATION,Live Oak Banking Company,WILMINGTON,NC,284XX,58665,6.0,V,62XXXX,84,0,Y,UNKNOWN,747658.11,1155000,UTAH,UT,1,Loan-263,62
FRONTIER VIEW TRUCKING,MISSION,TX,78XXX,INDIVIDUAL,"Wells Fargo Bank, National Association",SIOUX FALLS,SD,571XX,3511,11.0,V,48XXXX,120,1,N,UNKNOWN,0.0,5000,HIDALGO,TX,0,Loan-268,60
K & R RENOVATIONS LLC,OKLAHOMA CITY,OK,73XXX,CORPORATION,MidFirst Bank,OKLAHOMA CITY,OK,731XX,4063,9.5,F,23XXXX,52,0,Y,UNKNOWN,34220.26,100000,OKLAHOMA,OK,1,Loan-286,64
MASSAWA BAR LLC,XXXX,IA,51XXX,CORPORATION,"Wells Fargo Bank, National Association",SIOUX FALLS,SD,571XX,3511,9.5,V,72XXXX,94,1,N,UNKNOWN,8685.89,10000,WOODBURY,IA,1,Loan-303,65
PARADISE ISLANDS LLC,BRANDON,FL,33XXX,CORPORATION,"JPMorgan Chase Bank, National Association",COLUMBUS,OH,432XX,628,11.4,V,56XXXX,120,1,Y,UNKNOWN,0.0,40000,HILLSBOROUGH,FL,0,Loan-323,36
SPECIALTY SCREENING LLC,TUSCALOOSA,AL,35XXX,CORPORATION,"Wells Fargo Bank, National Association",SIOUX FALLS,SD,571XX,3511,10.5,V,62XXXX,83,1,N,UNKNOWN,24683.35,5000,TUSCALOOSA,AL,1,Loan-362,65
T&K Native Holdings Inc.,Cypress,TX,77XXX,CORPORATION,"United Midwest Savings Bank, National Association",DE GRAFF,OH,433XX,32441,7.75,V,54XXXX,104,0,Y,Y,65654.27,70000,HARRIS,TX,1,Loan-369,65
BIO Luxe Aesthetics and Wellne,MIRAMAR,FL,33XXX,CORPORATION,"Wells Fargo Bank, National Association",SIOUX FALLS,SD,571XX,3511,11.5,V,81XXXX,74,1,N,UNKNOWN,9725.39,10000,BROWARD,FL,1,Loan-410,65
Chavero's Auto Mart LLC,XXXX,TX,78XXX,CORPORATION,"Newtek Small Business Finance, Inc.",LAKE SUCCESS,NY,110XX,Newtek Sma-11042,11.5,V,44XXXX,93,0,Y,UNKNOWN,25000.0,25000,HIDALGO,TX,1,Loan-421,65
Corrado-investments LLC dba JD,XXXX,CO,80XXX,CORPORATION,"United Midwest Savings Bank, National Association",DE GRAFF,OH,433XX,32441,7.75,V,56XXXX,120,0,Y,Y,0.0,150000,DOUGLAS,CO,0,Loan-427,49
ETI Trucking Inc.,Warren,IN,46XXX,CORPORATION,1st Source Bank,SOUTH BEND,IN,466XX,9087,7.0,F,48XXXX,59,0,Y,UNKNOWN,0.0,70800,HUNTINGTON,IN,0,Loan-439,30
JXE4 LLC dba Bio-One Gwinnett,WOODSTOCK,GA,30XXX,CORPORATION,"United Midwest Savings Bank, National Association",DE GRAFF,OH,433XX,32441,7.75,V,56XXXX,84,0,Y,Y,118247.41,150000,CHEROKEE,GA,1,Loan-470,65
PAYSON FEED AND PET LLC,PAYSON,AZ,85XXX,CORPORATION,"Wells Fargo Bank, National Association",SIOUX FALLS,SD,571XX,3511,9.5,V,45XXXX,120,1,N,UNKNOWN,0.0,15000,GILA,AZ,0,Loan-509,33
Powell Willard W.,XXXX,NY,12XXX,INDIVIDUAL,Manufacturers and Traders Trust Company,BUFFALO,NY,142XX,588,8.49,F,11XXXX,16,0,N,UNKNOWN,36877.06,50200,COLUMBIA,NY,1,Loan-516,65
RWT Enterprises LLC,YAKIMA,WA,98XXX,CORPORATION,"United Midwest Savings Bank, National Association",DE GRAFF,OH,433XX,32441,7.75,V,23XXXX,86,0,Y,Y,127210.96,150000,YAKIMA,WA,1,Loan-535,64
SARITA'S HEATING SERVICES,SAUGUS,MA,19XXX,CORPORATION,Eastern Bank,Boston,MA,211XX,32773,11.49,V,23XXXX,74,1,Y,UNKNOWN,45366.8,48500,ESSEX,MA,1,Loan-541,62
Tad Entertainment LLC,Centerville,OH,45XXX,CORPORATION,The Huntington National Bank,COLUMBUS,OH,432XX,6560,5.85,V,72XXXX,60,0,N,UNKNOWN,0.0,30300,MONTGOMERY,OH,0,Loan-562,57
TE Andrews Holdings LLC,AUSTIN,TX,78XXX,CORPORATION,Regions Bank,BIRMINGHAM,AL,352XX,12368,6.5,F,33XXXX,96,0,Y,UNKNOWN,0.0,148600,TRAVIS,TX,0,Loan-564,57
THE COLLISION COMPANY LLC,XXXX,MO,63XXX,CORPORATION,"U.S. Bank, National Association",CINCINNATI,OH,452XX,6548,8.75,V,81XXXX,41,1,Y,UNKNOWN,53296.64,55000,ADAIR,MO,1,Loan-566,65
Trowbridge Fitness LLC,SPRING,TX,77XXX,CORPORATION,"JPMorgan Chase Bank, National Association",COLUMBUS,OH,432XX,628,11.5,V,71XXXX,75,1,Y,UNKNOWN,0.0,50000,HARRIS,TX,0,Loan-580,54
ABK2 INVESTMENTS LLC,KENNESAW,GA,30XXX,CORPORATION,Stearns Bank National Association,SAINT CLOUD,MN,563XX,10988,7.75,V,61XXXX,123,0,Y,Y,0.0,150000,COBB,GA,0,Loan-590,55
BLUE FLAME GRILL,XXXX,AL,36XXX,INDIVIDUAL,"Wells Fargo Bank, National Association",SIOUX FALLS,SD,571XX,3511,10.5,V,72XXXX,111,1,N,UNKNOWN,4343.87,5000,COVINGTON,AL,1,Loan-603,65
Connections Clothing LLC,XXXX,PA,16XXX,PARTNERSHIP,Northwest Bank,WARREN,PA,163XX,28178,8.0,V,44XXXX,120,1,Y,UNKNOWN,0.0,20000,CENTRE,PA,0,Loan-612,59
Diane Hansen LLC,FULTON,MO,65XXX,CORPORATION,The Callaway Bank,FULTON,MO,652XX,12223,6.25,V,52XXXX,36,1,Y,UNKNOWN,0.0,50000,CALLAWAY,MO,0,Loan-626,35
PARK'S SNACK CORPORATION,Flushing,NY,11XXX,CORPORATION,"TD Bank, National Association",WILMINGTON,DE,198XX,18409,10.79,V,72XXXX,94,1,N,UNKNOWN,29500.0,30000,QUEENS,NY,1,Loan-691,63
Shades of Blue LLC,SMITHFIELD,UT,84XXX,CORPORATION,"JPMorgan Chase Bank, National Association",COLUMBUS,OH,432XX,628,11.5,V,45XXXX,65,1,Y,UNKNOWN,32833.91,38000,CACHE,UT,1,Loan-710,65
The Joyful Gym LLC,Pasadena,TX,77XXX,CORPORATION,PeopleFund,Austin,TX,787XX,PeopleFund-78702,10.5,F,62XXXX,65,0,Y,UNKNOWN,99555.19,119300,HARRIS,TX,1,Loan-725,64
OGUIS AUTO REPAIR LLC,MILWAUKEE,WI,53XXX,CORPORATION,"U.S. Bank, National Association",CINCINNATI,OH,452XX,6548,6.0,F,81XXXX,300,0,Y,UNKNOWN,0.0,201500,MILWAUKEE,WI,0,Loan-743,53
Genesis Diesel,XXXX,NJ,80XXX,CORPORATION,"PNC Bank, National Association",WILMINGTON,DE,198XX,6384,9.5,V,81XXXX,120,1,N,UNKNOWN,0.0,100000,GLOUCESTER,NJ,0,Loan-790,54
Kazoo Coffee &amp; Cocoa Roast,XXXX,IL,62XXX,CORPORATION,"First Mid Bank & Trust, National Association",Mattoon,IL,619XX,3705,7.99,F,31XXXX,65,0,Y,UNKNOWN,0.0,20000,MACOUPIN,IL,0,Loan-821,64
La Cocina de Rosita Inc,SAN DIEGO,CA,92XXX,CORPORATION,"U.S. Bank, National Association",CINCINNATI,OH,452XX,6548,7.99,F,72XXXX,29,0,Y,UNKNOWN,0.0,30000,SAN DIEGO,CA,0,Loan-827,25
THE WRAPSHACK INC,SANTEE,CA,92XXX,CORPORATION,"U.S. Bank, National Association",CINCINNATI,OH,452XX,6548,6.99,F,72XXXX,22,0,Y,UNKNOWN,15339.01,50000,SAN DIEGO,CA,1,Loan-878,65
The Z Firm LLC,HOUSTON,TX,77XXX,CORPORATION,Five Star Bank,Rancho Cordova,CA,956XX,35361,7.75,V,56XXXX,120,0,Y,Y,0.0,200000,HARRIS,TX,0,Loan-879,61
B&N Enterprises LLC,XXXX,IA,50XXX,CORPORATION,Northwest Bank,SPENCER,IA,513XX,32647,7.25,F,72XXXX,63,0,Y,UNKNOWN,0.0,120000,POLK,IA,0,Loan-906,23
DIAMOND WHEELS BILLIARDS CORP,CAPE CORAL,FL,33XXX,CORPORATION,"Wells Fargo Bank, National Association",SIOUX FALLS,SD,571XX,3511,10.0,V,72XXXX,120,1,N,UNKNOWN,0.0,10000,LEE,FL,0,Loan-941,60
Electric Cell Nutrition LLC,WOODLAND HILLS,CA,91XXX,CORPORATION,"U.S. Bank, National Association",CINCINNATI,OH,452XX,6548,8.49,F,44XXXX,16,0,Y,UNKNOWN,20574.63,38000,LOS ANGELES,CA,1,Loan-944,64
Estrella Solutions LLC,XXXX,GA,30XXX,CORPORATION,Celtic Bank Corporation,SALT LAKE CITY,UT,841XX,57056,7.75,V,54XXXX,68,0,Y,Y,70018.39,100000,FULTON,GA,1,Loan-949,65
GORILLA GRAPHIX ENTERPRISE LLC,AMARILLO,TX,79XXX,CORPORATION,"Wells Fargo Bank, National Association",SIOUX FALLS,SD,571XX,3511,10.0,V,81XXXX,95,1,N,UNKNOWN,8721.91,10000,RANDALL,TX,1,Loan-959,65
MATRIXX CONSTRUCTION INC.,XXXX,NY,11XXX,CORPORATION,"JPMorgan Chase Bank, National Association",COLUMBUS,OH,432XX,628,9.5,V,23XXXX,120,1,Y,UNKNOWN,0.0,100000,QUEENS,NY,0,Loan-988,48
OWL INC.,JACKSONVILLE,FL,32XXX,CORPORATION,"Newtek Small Business Finance, Inc.",LAKE SUCCESS,NY,110XX,Newtek Sma-11042,7.75,V,48XXXX,120,0,Y,Y,0.0,500000,DUVAL,FL,0,Loan-1009,63
QUALITY DOGGIES INC,MIAMI,FL,33XXX,CORPORATION,"TD Bank, National Association",WILMINGTON,DE,198XX,18409,11.13,V,45XXXX,66,1,N,UNKNOWN,24936.1,25000,MIAMI-DADE,FL,1,Loan-1021,65
Re-Vi Design LLC,WAUSAU,WI,54XXX,CORPORATION,IncredibleBank,WAUSAU,WI,544XX,19772,6.0,V,56XXXX,120,1,Y,UNKNOWN,0.0,650000,MARATHON,WI,0,Loan-1027,61
Baisla Supplies LLC,Milwaukee,WI,53XXX,CORPORATION,"CenTrust Bank, A Division of SmartBiz Bank National Associat",Northbrook,IL,600XX,58158,8.0,V,42XXXX,120,0,Y,Y,0.0,556000,MILWAUKEE,WI,0,Loan-1085,60
Cooling Mode Inc.,Miami,FL,33XXX,CORPORATION,"TD Bank, National Association",WILMINGTON,DE,198XX,18409,11.13,V,23XXXX,120,1,N,UNKNOWN,0.0,25000,MIAMI-DADE,FL,0,Loan-1098,56
Kimsa LLC,PORTLAND,OR,97XXX,CORPORATION,Cadence Bank,TUPELO,MS,388XX,11813,7.75,V,52XXXX,61,0,Y,Y,164471.41,210000,WASHINGTON,OR,1,Loan-1133,65
PERKINS CONSTRUCTION LLC,XXXX,MO,64XXX,CORPORATION,"U.S. Bank, National Association",CINCINNATI,OH,452XX,6548,7.24,F,23XXXX,0,0,Y,UNKNOWN,0.0,15000,RAY,MO,0,Loan-1166,45
Physical Medicine of Alpharett,ALPHARETTA,GA,30XXX,CORPORATION,"JPMorgan Chase Bank, National Association",COLUMBUS,OH,432XX,628,11.498,F,62XXXX,59,0,Y,UNKNOWN,8136.09,10100,FULTON,GA,1,Loan-1168,65
WESTBORN MICHIGAN AVENUE CAR W,Dearborn,MI,48XXX,CORPORATION,The Huntington National Bank,COLUMBUS,OH,432XX,6560,6.0,V,81XXXX,120,1,N,UNKNOWN,0.0,16000,WAYNE,MI,0,Loan-1218,57
E & S Cleaner Inc,BROOKLYN,NY,11XXX,CORPORATION,New Millennium Bank,FORT LEE,NJ,702XX,35151,6.5,V,81XXXX,100,0,Y,Y,169885.05,200000,KINGS,NY,1,Loan-1264,64
HAUS OF B INTERIORS LLC,MINNEAPOLIS,MN,55XXX,CORPORATION,"U.S. Bank, National Association",CINCINNATI,OH,452XX,6548,6.99,F,54XXXX,60,0,Y,UNKNOWN,0.0,20000,HENNEPIN,MN,0,Loan-1285,44
Impact365 Events Inc.,Chicago,IL,60XXX,CORPORATION,"Capital Bank, National Association",ROCKVILLE,MD,208XX,35278,8.0,V,56XXXX,94,0,Y,Y,1457233.9,1644000,COOK,IL,1,Loan-1293,64
KITTY PAW LLC,XXXX,TX,76XXX,CORPORATION,"PNC Bank, National Association",WILMINGTON,DE,198XX,6384,5.5,V,81XXXX,90,0,Y,UNKNOWN,0.0,215000,WICHITA,TX,0,Loan-1308,18
MERIT CONSTRUCTION GROUP INC,SACRAMENTO,CA,95XXX,CORPORATION,"U.S. Bank, National Association",CINCINNATI,OH,452XX,6548,11.5,V,23XXXX,37,1,Y,UNKNOWN,18978.33,20000,SACRAMENTO,CA,1,Loan-1324,65
Palmieri Law P.A.,Palm Beach Gardens,FL,33XXX,CORPORATION,"Capital Bank, National Association",ROCKVILLE,MD,208XX,35278,7.75,V,54XXXX,77,0,Y,Y,184127.64,250000,PALM BEACH,FL,1,Loan-1337,65
Praline LLC,BELMONT,MA,24XXX,CORPORATION,Cambridge Savings Bank,CAMBRIDGE,MA,213XX,17870,6.0,F,44XXXX,60,0,Y,UNKNOWN,0.0,500000,MIDDLESEX,MA,0,Loan-1345,60
Roberts Consulting PLLC,WESLEY CHAPEL,FL,33XXX,CORPORATION,BayFirst National Bank,Saint Petersburg,FL,337XX,34997,7.75,V,52XXXX,98,0,N,Y,179860.91,200000,PASCO,FL,1,Loan-1358,65
Sol Academy Inc.,ORLAND PARK,IL,60XXX,CORPORATION,Banc of California,Los Angeles,CA,900XX,24045,6.5,V,62XXXX,266,0,N,UNKNOWN,249614.33,451800,COOK,IL,1,Loan-1375,64
ST. PETER'S PHARMACY & DRUGS L,XXXX,NJ,70XXX,CORPORATION,"TD Bank, National Association",WILMINGTON,DE,198XX,18409,8.79,V,44XXXX,102,0,N,UNKNOWN,0.0,100000,HUDSON,NJ,0,Loan-1376,47
ADDIOZ CORPORATION,ISSAQUAH,WA,98XXX,CORPORATION,BayFirst National Bank,Saint Petersburg,FL,337XX,34997,7.75,V,56XXXX,80,0,N,Y,171134.04,225000,KING,WA,1,Loan-1408,65
Ana's hair salon inc,Bronx,NY,10XXX,CORPORATION,Manufacturers and Traders Trust Company,BUFFALO,NY,142XX,588,9.99,F,81XXXX,27,0,N,UNKNOWN,15085.64,30200,BRONX,NY,1,Loan-1410,65
Biomedical Research Laboratori,LA JOLLA,CA,92XXX,CORPORATION,"JPMorgan Chase Bank, National Association",COLUMBUS,OH,432XX,628,6.5,V,42XXXX,120,1,Y,UNKNOWN,0.0,350000,SAN DIEGO,CA,0,Loan-1423,48
THAI BAY FOOD SERVICE INC.,West Palm Beach,FL,33XXX,CORPORATION,"TD Bank, National Association",WILMINGTON,DE,198XX,18409,11.04,F,72XXXX,94,1,N,UNKNOWN,0.0,50000,PALM BEACH,FL,0,Loan-1539,60
CAMPBELLS CATCH LLC,Mentor,OH,44XXX,CORPORATION,The Huntington National Bank,COLUMBUS,OH,432XX,6560,7.0,V,45XXXX,71,1,N,UNKNOWN,47265.46,50000,LAKE,OH,1,Loan-1568,65
Pardon Ventures LLC,Maumee,OH,43XXX,CORPORATION,The Huntington National Bank,COLUMBUS,OH,432XX,6560,7.75,V,45XXXX,82,0,Y,Y,178136.34,243700,LUCAS,OH,1,Loan-1600,65
William Blaho,XXXX,PA,15XXX,INDIVIDUAL,The Huntington National Bank,COLUMBUS,OH,432XX,6560,7.0,V,81XXXX,14,1,N,UNKNOWN,14494.0,15000,ALLEGHENY,PA,1,Loan-1614,65
ALI'S WORLD INC.,GONZALES,LA,70XXX,CORPORATION,Essential Credit Union,BATON ROUGE,LA,708XX,Essential -70806,7.0,F,45XXXX,120,0,Y,UNKNOWN,0.0,55000,ASCENSION,LA,0,Loan-1621,17
Arabica Coffee And Bakery  LL,Tulsa,OK,74XXX,CORPORATION,The First National Bank and Trust Company of Broken Arrow,Broken Arrow,OK,740XX,4050,7.0,F,72XXXX,63,0,Y,UNKNOWN,0.0,50000,TULSA,OK,0,Loan-1627,44
Dry Tavern Auto Sales LLC,XXXX,PA,15XXX,CORPORATION,Five Star Bank,Rancho Cordova,CA,956XX,35361,7.75,V,44XXXX,91,0,Y,Y,122404.18,150000,FAYETTE,PA,1,Loan-1665,65
ROCKIN' S TRANSPORT LLC,OZARK,MO,65XXX,CORPORATION,The Bank of Missouri,PERRYVILLE,MO,637XX,1617,7.75,V,48XXXX,88,0,Y,UNKNOWN,0.0,82600,CHRISTIAN,MO,0,Loan-1735,34
Urbana Cafe LLC,CINCINNATI,OH,45XXX,PARTNERSHIP,"U.S. Bank, National Association",CINCINNATI,OH,452XX,6548,6.99,F,72XXXX,60,0,Y,UNKNOWN,0.0,65000,HAMILTON,OH,0,Loan-1777,61
Virtuosity Fitness LLC,Gaithersburg,MD,20XXX,CORPORATION,"TD Bank, National Association",WILMINGTON,DE,198XX,18409,10.21,V,71XXXX,68,1,N,UNKNOWN,24566.48,25000,MONTGOMERY,MD,1,Loan-1781,64
Wingman Brewers Inc.,Tacoma,WA,98XXX,CORPORATION,"Grow America Fund, Incorporated",NEW YORK,NY,100XX,Grow Ameri-10017,6.75,V,31XXXX,87,0,Y,Y,0.0,238000,PIERCE,WA,0,Loan-1784,36
ABC SANDBLASTING LLC,WILLISTON,ND,58XXX,CORPORATION,"Newtek Small Business Finance, Inc.",LAKE SUCCESS,NY,110XX,Newtek Sma-11042,7.75,V,23XXXX,92,0,Y,Y,649265.72,980000,WILLIAMS,ND,1,Loan-1788,65
Asbury's Topsoil Inc.,XXXX,WA,98XXX,CORPORATION,Umpqua Bank,Lake Oswego,OR,970XX,17266,7.5,V,42XXXX,120,1,N,UNKNOWN,0.0,25000,KITSAP,WA,0,Loan-1798,59
Chill-House Enterprises LLC,XXXX,LA,70XXX,CORPORATION,Gulf Coast Bank,ABBEVILLE,LA,705XX,20353,7.25,F,72XXXX,84,0,Y,UNKNOWN,0.0,83100,VERMILION,LA,0,Loan-1824,44
Citrine Salon HS LLC,BURLINGTON,NC,27XXX,CORPORATION,Pinnacle Bank,NASHVILLE,TN,372XX,35583,7.5,V,81XXXX,120,0,Y,Y,0.0,717800,ALAMANCE,NC,0,Loan-1827,55
DELMAY CORPORATION,Hollywood,FL,33XXX,CORPORATION,Dime Community Bank,BRIDGEHAMPTON,NY,119XX,6976,7.75,V,56XXXX,93,0,Y,Y,0.0,450000,BROWARD,FL,0,Loan-1837,33
Joro LLC DBA Mandrill Toys & ,XXXX,VA,22XXX,CORPORATION,Manufacturers and Traders Trust Company,BUFFALO,NY,142XX,588,10.0,V,45XXXX,8,0,N,UNKNOWN,12804.75,25000,PRINCE WILLIAM,VA,1,Loan-1864,65
LARK & RUE LLC,COLORADO SPRINGS,CO,80XXX,CORPORATION,"U.S. Bank, National Association",CINCINNATI,OH,452XX,6548,7.99,F,44XXXX,60,0,Y,UNKNOWN,0.0,20000,EL PASO,CO,0,Loan-1872,55
Lromo Enterprises Inc.,XXXX,IL,60XXX,CORPORATION,First Internet Bank of Indiana,FISHERS,IN,460XX,34607,7.0,V,72XXXX,300,0,Y,Y,0.0,1843300,COOK,IL,0,Loan-1878,48
Prosperity Kickboxing LLC,Evansville,IN,47XXX,CORPORATION,The Huntington National Bank,COLUMBUS,OH,432XX,6560,7.75,V,71XXXX,89,0,N,Y,0.0,270000,VANDERBURGH,IN,0,Loan-1908,57
RIVAS SURGERY INC,Clermont,FL,34XXX,CORPORATION,"TD Bank, National Association",WILMINGTON,DE,198XX,18409,8.49,F,62XXXX,60,0,N,UNKNOWN,0.0,100000,LAKE,FL,0,Loan-1912,41
TOTAL CONSTRUCTION INC.,LAYTON,UT,84XXX,CORPORATION,Cache Valley Bank,LOGAN,UT,843XX,22134,7.0,V,23XXXX,120,1,Y,UNKNOWN,0.0,200000,DAVIS,UT,0,Loan-1941,61
A1A Moving & Relocation Inc,XXXX,TX,75XXX,CORPORATION,Seacoast National Bank,STUART,FL,349XX,131,7.75,V,48XXXX,65,0,Y,Y,67123.1,100000,ELLIS,TX,1,Loan-1958,65
Oghenejiro Akpobome DDS P.A.,HOUSTON,TX,77XXX,CORPORATION,"PNC Bank, National Association",WILMINGTON,DE,198XX,6384,9.5,V,62XXXX,99,1,N,UNKNOWN,0.0,50000,HARRIS,TX,0,Loan-2071,48
SKHouse Enterprises LLC,SOUTH SAN FRANCISCO,CA,94XXX,CORPORATION,"United Midwest Savings Bank, National Association",DE GRAFF,OH,433XX,32441,7.75,V,44XXXX,70,0,Y,Y,104745.51,150000,SAN MATEO,CA,1,Loan-2092,65
Core Fitness LLC,SAINT GEORGE,UT,84XXX,CORPORATION,"U.S. Bank, National Association",CINCINNATI,OH,452XX,6548,7.22,F,71XXXX,73,0,Y,UNKNOWN,131242.48,178700,WASHINGTON,UT,1,Loan-2164,64
Humble Fitness Beaumont Inc.,XXXX,CA,92XXX,CORPORATION,Live Oak Banking Company,WILMINGTON,NC,284XX,58665,6.75,V,71XXXX,71,0,Y,Y,1112647.4,1425000,RIVERSIDE,CA,1,Loan-2194,64
INNOVATIVE DESIGN,LINWOOD,KS,66XXX,CORPORATION,"U.S. Bank, National Association",CINCINNATI,OH,452XX,6548,9.25,V,23XXXX,84,1,Y,UNKNOWN,0.0,20000,LEAVENWORTH,KS,0,Loan-2196,37
MCSS Corporation,CARMEL,IN,46XXX,CORPORATION,Byline Bank,CHICAGO,IL,606XX,20624,2.75,V,54XXXX,93,0,Y,Y,947903.51,1553000,HAMILTON,IN,1,Loan-2232,65
THE COASTAL COMPANY OF FLORIDA,Miami,FL,33XXX,CORPORATION,"TD Bank, National Association",WILMINGTON,DE,198XX,18409,11.13,V,48XXXX,90,1,N,UNKNOWN,19547.97,20000,MIAMI-DADE,FL,1,Loan-2290,65
The June Cork Pub LLC,XXXX,MA,19XXX,CORPORATION,Strafford Economic Development Corporation,XXXX,NH,382XX,Strafford -3820,7.25,F,72XXXX,84,0,Y,UNKNOWN,0.0,250000,ESSEX,MA,0,Loan-2292,61
ZION 7 INC.,XXXX,NY,11XXX,CORPORATION,"TD Bank, National Association",WILMINGTON,DE,198XX,18409,10.79,F,48XXXX,40,0,N,UNKNOWN,8047.18,10000,QUEENS,NY,1,Loan-2327,64
BELLEZZA NAIL &amp; SPA INC.,XXXX,NY,11XXX,CORPORATION,"TD Bank, National Association",WILMINGTON,DE,198XX,18409,10.79,V,81XXXX,88,1,N,UNKNOWN,44367.08,50000,SUFFOLK,NY,1,Loan-2329,64
St. Croix Aseptic Bottle Filli,SOMERSET,WI,54XXX,CORPORATION,Hiawatha National Bank,HAGER CITY,WI,540XX,13058,6.5,V,31XXXX,70,0,Y,UNKNOWN,1171515.3,1283000,SAINT CROIX,WI,1,Loan-2334,64
RAMIREZ GUERRERO IRON CORPORAT,Miami,FL,33XXX,CORPORATION,"TD Bank, National Association",WILMINGTON,DE,198XX,18409,10.79,V,81XXXX,82,1,N,UNKNOWN,14312.54,15000,MIAMI-DADE,FL,1,Loan-2482,63
SHRUNKEN HEAD SKATEBOARDS LLC,PORTLAND,OR,97XXX,CORPORATION,"U.S. Bank, National Association",CINCINNATI,OH,452XX,6548,7.99,F,45XXXX,60,0,Y,UNKNOWN,0.0,49000,MULTNOMAH,OR,0,Loan-2505,53
Tactical Transport LLC,BAKERSFIELD,CA,93XXX,CORPORATION,"Wells Fargo Bank, National Association",SIOUX FALLS,SD,571XX,3511,11.5,V,48XXXX,74,1,N,UNKNOWN,16260.58,20000,KERN,CA,1,Loan-2516,64
yang and Yang inc,Cleveland,OH,44XXX,CORPORATION,The Huntington National Bank,COLUMBUS,OH,432XX,6560,6.25,V,44XXXX,120,1,N,UNKNOWN,0.0,35000,CUYAHOGA,OH,0,Loan-2548,58
Buckshot Tannery,XXXX,NY,14XXX,INDIVIDUAL,Tompkins Community Bank,ITHACA,NY,148XX,609,5.5,F,31XXXX,60,0,Y,UNKNOWN,0.0,31000,GENESEE,NY,0,Loan-2580,60
Camerons Home Furnishings LLC,LEES SUMMIT,MO,64XXX,CORPORATION,"Wells Fargo Bank, National Association",SIOUX FALLS,SD,571XX,3511,6.25,F,44XXXX,68,0,Y,UNKNOWN,310691.84,347800,JACKSON,MO,1,Loan-2584,65
ROBERT J. MAURO CPA P.C.,XXXX,NY,11XXX,CORPORATION,"TD Bank, National Association",WILMINGTON,DE,198XX,18409,9.13,V,54XXXX,120,1,N,UNKNOWN,0.0,60000,NASSAU,NY,0,Loan-2700,59
Caffey Transportation LLC,BAYTOWN,TX,77XXX,CORPORATION,"Wells Fargo Bank, National Association",SIOUX FALLS,SD,571XX,3511,11.5,V,48XXXX,68,1,N,UNKNOWN,4852.2,5000,HARRIS,TX,1,Loan-2780,64
CM SOFTWARE LLC,ARLINGTON,VA,22XXX,CORPORATION,"PNC Bank, National Association",WILMINGTON,DE,198XX,6384,7.9,V,54XXXX,120,1,N,UNKNOWN,0.0,40000,ARLINGTON,VA,0,Loan-2794,49
D & Y ELECTRICAL TRUCK REPAIR ,XXXX,FL,33XXX,CORPORATION,"TD Bank, National Association",WILMINGTON,DE,198XX,18409,9.13,V,81XXXX,17,0,N,UNKNOWN,99745.6,100000,MIAMI-DADE,FL,1,Loan-2801,64
Expert Medical Services LLC,HENDERSON,NV,89XXX,CORPORATION,Seacoast National Bank,STUART,FL,349XX,131,7.75,V,51XXXX,70,0,Y,Y,250961.7,350000,CLARK,NV,1,Loan-2824,65
FORTUNE IMPORT & EXPORT INC,Brooklyn,NY,11XXX,CORPORATION,"TD Bank, National Association",WILMINGTON,DE,198XX,18409,10.0,V,42XXXX,49,0,N,UNKNOWN,22111.14,25000,KINGS,NY,1,Loan-2834,64
Henry Accounting Solutions In,OAK PARK,IL,60XXX,CORPORATION,"PNC Bank, National Association",WILMINGTON,DE,198XX,6384,11.5,V,54XXXX,120,1,N,UNKNOWN,0.0,20000,COOK,IL,0,Loan-2845,42
Padrino Enterprise LLC,XXXX,NJ,88XXX,CORPORATION,"Santander Bank, National Association",WILMINGTON,DE,198XX,29950,11.0,V,48XXXX,66,1,N,UNKNOWN,18999.46,25000,MIDDLESEX,NJ,1,Loan-2899,64
SHAWN HELO,ALBANY,NY,12XXX,INDIVIDUAL,"TD Bank, National Association",WILMINGTON,DE,198XX,18409,10.79,V,23XXXX,120,1,N,UNKNOWN,0.0,25000,KINGS,NY,0,Loan-2929,56
Tavern 158 LTD Co,XXXX,VT,57XXX,CORPORATION,Heritage Family FCU,Rutland,VT,570XX,Heritage F-5701,5.25,F,72XXXX,36,0,Y,UNKNOWN,25788.04,30000,RUTLAND,VT,1,Loan-2941,65
AROUND-THE-WORLD FASHIONS CORP,APOLLO BEACH,FL,33XXX,CORPORATION,"Wells Fargo Bank, National Association",SIOUX FALLS,SD,571XX,3511,7.1,V,44XXXX,120,0,N,UNKNOWN,0.0,235000,HILLSBOROUGH,FL,0,Loan-2981,60
Load Em Up Transportation LLC,Malvern,PA,19XXX,CORPORATION,"TD Bank, National Association",WILMINGTON,DE,198XX,18409,10.49,V,48XXXX,39,0,N,UNKNOWN,0.0,25000,CHESTER,PA,0,Loan-3063,45
LYLASUE INC.,GARNER,NC,27XXX,CORPORATION,Celtic Bank Corporation,SALT LAKE CITY,UT,841XX,57056,7.75,V,72XXXX,67,0,Y,Y,69051.83,100000,JOHNSTON,NC,1,Loan-3066,63
Salon Haven LLC,XXXX,MS,38XXX,CORPORATION,Community Bank of Mississippi,Flowood,MS,392XX,8879,5.75,F,81XXXX,90,0,N,UNKNOWN,0.0,57000,DESOTO,MS,0,Loan-3113,48
SMURFINAROUND LLP,XXXX,NJ,80XXX,PARTNERSHIP,"TD Bank, National Association",WILMINGTON,DE,198XX,18409,9.13,V,48XXXX,92,1,N,UNKNOWN,48494.45,56600,CAMDEN,NJ,1,Loan-3127,63
Tri State Express Inc.,FREDERICK,MD,21XXX,CORPORATION,"PNC Bank, National Association",WILMINGTON,DE,198XX,6384,9.4,V,48XXXX,120,1,N,UNKNOWN,0.0,20000,FREDERICK,MD,0,Loan-3146,49
Borgata Concepts LLC. DBA Fer,XXXX,OR,97XXX,CORPORATION,BayFirst National Bank,Saint Petersburg,FL,337XX,34997,7.75,V,72XXXX,98,0,Y,Y,153821.17,175000,CLARK,NV,1,Loan-3177,64
country brothers LLC,DOUGLASVILLE,GA,30XXX,CORPORATION,Stearns Bank National Association,SAINT CLOUD,MN,563XX,10988,7.75,V,81XXXX,97,0,Y,Y,80814.16,101000,DOUGLAS,GA,1,Loan-3186,65
EFFICIENT CLIMATE SOLUTION IN,BROOKLYN,NY,11XXX,CORPORATION,"JPMorgan Chase Bank, National Association",COLUMBUS,OH,432XX,628,7.25,V,23XXXX,120,1,Y,UNKNOWN,0.0,125000,KINGS,NY,0,Loan-3197,35
Ghost Social LLC,XXXX,NY,12XXX,CORPORATION,"Capital Bank, National Association",ROCKVILLE,MD,208XX,35278,7.75,V,54XXXX,86,0,Y,Y,115809.63,145000,ULSTER,NY,1,Loan-3210,65
Globaltek Latin America LLC,DORAL,FL,33XXX,CORPORATION,Five Star Bank,Rancho Cordova,CA,956XX,35361,8.0,V,56XXXX,84,0,Y,Y,302850.82,350000,MIAMI-DADE,FL,1,Loan-3212,65
HEALTH & WELLNESS CLINIC PA,KATY,TX,77XXX,CORPORATION,"JPMorgan Chase Bank, National Association",COLUMBUS,OH,432XX,628,7.9,V,62XXXX,118,0,Y,UNKNOWN,0.0,150000,HARRIS,TX,0,Loan-3217,60
Kalethy Living LLC,Wilmington,NC,28XXX,CORPORATION,"TD Bank, National Association",WILMINGTON,DE,198XX,18409,10.74,F,72XXXX,13,0,N,UNKNOWN,10335.22,25000,NEW HANOVER,NC,1,Loan-3243,64
La Luna Healing Center,BROOKLINE,MA,24XXX,INDIVIDUAL,Manufacturers and Traders Trust Company,BUFFALO,NY,142XX,588,6.0,V,62XXXX,67,0,Y,UNKNOWN,0.0,35000,NORFOLK,MA,0,Loan-3251,41
MS WATER LLC,LA HABRA,CA,90XXX,CORPORATION,Bank of Hope,LOS ANGELES,CA,900XX,26610,7.25,V,42XXXX,36,0,Y,UNKNOWN,0.0,50000,ORANGE,CA,0,Loan-3269,24
TWELVE OH FIVE LLC,XXXX,CA,92XXX,CORPORATION,"JPMorgan Chase Bank, National Association",COLUMBUS,OH,432XX,628,7.9,V,54XXXX,24,1,Y,UNKNOWN,149900.0,150000,RIVERSIDE,CA,1,Loan-3331,64
Codi Inc.,DIAMOND BAR,CA,91XXX,CORPORATION,Hanmi Bank,LOS ANGELES,CA,900XX,24170,8.25,V,42XXXX,73,0,Y,Y,73328.7,100000,LOS ANGELES,CA,1,Loan-3397,63
Deer Valley Sports Shop LLC,BOONE,NC,28XXX,CORPORATION,"Newtek Small Business Finance, Inc.",LAKE SUCCESS,NY,110XX,Newtek Sma-11042,11.75,V,71XXXX,120,0,Y,UNKNOWN,24097.57,25000,WATAUGA,NC,1,Loan-3403,64
GOB Franchise Group LLC,XXXX,OK,73XXX,CORPORATION,Armstrong Bank,XXXX,OK,744XX,2315,6.0,V,72XXXX,108,0,Y,UNKNOWN,0.0,250000,GRADY,OK,0,Loan-3425,26
Icobotics LLC,Dayton,OH,45XXX,CORPORATION,Fifth Third Bank,CINCINNATI,OH,452XX,6672,8.82,V,54XXXX,87,1,Y,UNKNOWN,148575.71,150000,MONTGOMERY,OH,1,Loan-3436,64
Michael Pauley,Maumee,OH,43XXX,INDIVIDUAL,Optus Bank,Columbia,SC,292XX,35241,7.75,V,52XXXX,98,0,Y,UNKNOWN,104658.38,125500,LUCAS,OH,1,Loan-3456,63
One Allegiance Brewing LLC,XXXX,IL,60XXX,CORPORATION,"CenTrust Bank, A Division of SmartBiz Bank National Associat",Northbrook,IL,600XX,58158,7.75,V,72XXXX,306,0,N,Y,0.0,719000,COOK,IL,0,Loan-3477,50
salt and water apothecary lc,Oklahoma City,OK,73XXX,CORPORATION,The Citizens Bank of Edmond,EDMOND,OK,730XX,4084,7.0,F,44XXXX,31,1,Y,UNKNOWN,20635.53,30000,OKLAHOMA,OK,1,Loan-3494,64
Brixton International Corporat,DANA POINT,CA,92XXX,CORPORATION,FFB Bank,FRESNO,CA,937XX,58090,7.75,V,81XXXX,81,0,Y,UNKNOWN,160059.1,169000,ORANGE,CA,1,Loan-3551,64
COOPER RESTORATION LLC,UNION,KY,41XXX,CORPORATION,"United Midwest Savings Bank, National Association",DE GRAFF,OH,433XX,32441,7.75,V,56XXXX,120,0,Y,Y,0.0,150000,BOONE,KY,0,Loan-3566,43
DEA BEAUTY INC,NEW YORK,NY,10XXX,CORPORATION,"JPMorgan Chase Bank, National Association",COLUMBUS,OH,432XX,628,8.05,V,81XXXX,120,1,Y,UNKNOWN,0.0,330000,NEW YORK,NY,0,Loan-3572,56
DOMINICK FIORILLO CRITICAL CAR,DOWNEY,CA,90XXX,CORPORATION,"U.S. Bank, National Association",CINCINNATI,OH,452XX,6548,6.24,F,48XXXX,60,0,Y,UNKNOWN,0.0,25400,LOS ANGELES,CA,0,Loan-3578,56
E&E FOOD INC.,ANAHEIM,CA,92XXX,CORPORATION,Bank of Hope,LOS ANGELES,CA,900XX,26610,7.25,V,72XXXX,44,0,Y,UNKNOWN,0.0,150000,ORANGE,CA,0,Loan-3579,24
KrollMotion Technologies Inc.,MURRIETA,CA,92XXX,CORPORATION,Live Oak Banking Company,WILMINGTON,NC,284XX,58665,7.65,F,71XXXX,64,0,Y,Y,538653.32,675000,RIVERSIDE,CA,1,Loan-3625,60
Meridian Venture Group INC,MIAMI BEACH,FL,33XXX,CORPORATION,"JPMorgan Chase Bank, National Association",COLUMBUS,OH,432XX,628,7.5,F,23XXXX,60,0,Y,UNKNOWN,52022.04,60600,MIAMI-DADE,FL,1,Loan-3635,65
MR. CHIMNEY L.L.C.,CORNELIUS,OR,97XXX,CORPORATION,BayFirst National Bank,Saint Petersburg,FL,337XX,34997,7.75,V,23XXXX,62,0,N,UNKNOWN,45979.47,70000,WASHINGTON,OR,1,Loan-3639,65
NOVA DIAGNOSTICS CORP,Tampa,FL,33XXX,CORPORATION,"TD Bank, National Association",WILMINGTON,DE,198XX,18409,9.13,V,62XXXX,72,1,N,UNKNOWN,96165.52,100000,HILLSBOROUGH,FL,1,Loan-3646,64
PAK BioSolutions Inc.,FAIRFAX,VA,22XXX,CORPORATION,Manufacturers and Traders Trust Company,BUFFALO,NY,142XX,588,7.25,V,42XXXX,72,0,Y,UNKNOWN,0.0,200000,FAIRFAX,VA,0,Loan-3654,27
RICK LYFORD TRUCKING INC.,XXXX,ME,44XXX,CORPORATION,"TD Bank, National Association",WILMINGTON,DE,198XX,18409,10.49,V,48XXXX,92,1,N,UNKNOWN,20349.09,25000,PENOBSCOT,ME,1,Loan-3676,64
Drinkslinger LLC,Westfield,IN,46XXX,CORPORATION,Lake City Bank,WARSAW,IN,465XX,13102,5.25,V,44XXXX,120,0,Y,UNKNOWN,0.0,515000,HAMILTON,IN,0,Loan-3774,61
GC&Y Construction LLC,Georgetown,DE,19XXX,CORPORATION,Manufacturers and Traders Trust Company,BUFFALO,NY,142XX,588,9.24,F,23XXXX,60,0,N,UNKNOWN,0.0,32200,SUSSEX,DE,0,Loan-3788,61
Goal Diggers,GEORGETOWN,TX,78XXX,CORPORATION,"Wells Fargo Bank, National Association",SIOUX FALLS,SD,571XX,3511,6.3,V,71XXXX,76,0,N,UNKNOWN,248659.16,279900,WILLIAMSON,TX,1,Loan-3790,64
GONCAR TRANSPORTATION INC.,XXXX,NY,11XXX,CORPORATION,"TD Bank, National Association",WILMINGTON,DE,198XX,18409,10.79,V,48XXXX,96,1,N,UNKNOWN,24907.51,25000,QUEENS,NY,1,Loan-3791,64
Healthier You Inc.,LITTLETON,CO,80XXX,CORPORATION,Stearns Bank National Association,SAINT CLOUD,MN,563XX,10988,7.75,V,71XXXX,99,0,Y,Y,117632.78,131300,ARAPAHOE,CO,1,Loan-3796,65
Just Us 3 LLC,UPLAND,CA,91XXX,CORPORATION,"U.S. Bank, National Association",CINCINNATI,OH,452XX,6548,7.2,F,56XXXX,57,0,Y,UNKNOWN,78075.68,116900,SAN BERNARDINO,CA,1,Loan-3815,63
KO FLOORS INC,XXXX,NY,11XXX,CORPORATION,"JPMorgan Chase Bank, National Association",COLUMBUS,OH,432XX,628,11.5,V,23XXXX,120,1,Y,UNKNOWN,0.0,22000,SUFFOLK,NY,0,Loan-3829,36
Lighthouse Construction & Deve,VIRGINIA BEACH,VA,23XXX,CORPORATION,Five Star Bank,Rancho Cordova,CA,956XX,35361,7.75,V,23XXXX,82,0,Y,Y,209726.1,275000,VIRGINIA BEACH CITY,VA,1,Loan-3833,64
Nomad Supply Company,XXXX,PA,18XXX,CORPORATION,"TD Bank, National Association",WILMINGTON,DE,198XX,18409,11.13,F,44XXXX,60,0,N,UNKNOWN,0.0,25000,BUCKS,PA,0,Loan-3860,63
Nut Free Chocolate Factory Inc,XXXX,MA,23XXX,CORPORATION,Rockland Trust Company,ROCKLAND,MA,237XX,9712,5.74,F,31XXXX,60,0,Y,UNKNOWN,0.0,30000,BRISTOL,MA,0,Loan-3864,60
S&W Metals,NEW YORK,NY,10XXX,CORPORATION,"Santander Bank, National Association",WILMINGTON,DE,198XX,29950,9.25,F,42XXXX,4,0,N,UNKNOWN,99949.71,150000,NEW YORK,NY,1,Loan-3889,64
AKEMI HAIR LLC,HOLLYWOOD,FL,33XXX,CORPORATION,"Wells Fargo Bank, National Association",SIOUX FALLS,SD,571XX,3511,11.5,V,81XXXX,63,1,N,UNKNOWN,7570.94,10000,BROWARD,FL,1,Loan-3939,63
BODY ELITE FITNESS INC.,XXXX,NJ,76XXX,CORPORATION,"TD Bank, National Association",WILMINGTON,DE,198XX,18409,10.74,F,71XXXX,8,0,N,UNKNOWN,11007.8,30000,BERGEN,NJ,1,Loan-3951,64
CALIFORNIA SALONS LLC,XXXX,CA,92XXX,CORPORATION,Cathay Bank,LOS ANGELES,CA,900XX,18503,7.0,V,81XXXX,79,0,Y,UNKNOWN,260392.38,294000,ORANGE,CA,1,Loan-3957,64
Ready-Set-Grow LLC,TYLER,TX,75XXX,CORPORATION,Texas First Bank,XXXX,TX,775XX,23799,7.25,V,62XXXX,96,0,Y,UNKNOWN,0.0,100800,SMITH,TX,0,Loan-4036,57
Village Liquor Pack LLC,INDIANAPOLIS,IN,46XXX,CORPORATION,State Bank,BROWNSBURG,IN,461XX,1833,6.25,V,44XXXX,120,0,Y,UNKNOWN,0.0,507000,MARION,IN,0,Loan-4068,42
EVANS LISA,MEMPHIS,TN,38XXX,INDIVIDUAL,Celtic Bank Corporation,SALT LAKE CITY,UT,841XX,57056,7.5,V,54XXXX,79,0,Y,Y,115028.7,150000,SHELBY,TN,1,Loan-4116,64
Bryan K. Lee MD Inc.,XXXX,CA,95XXX,CORPORATION,"United Midwest Savings Bank, National Association",DE GRAFF,OH,433XX,32441,7.5,V,62XXXX,66,0,Y,Y,93641.81,140000,SACRAMENTO,CA,1,Loan-4274,64
Built Gymnasium LLC,STUDIO CITY,CA,91XXX,CORPORATION,Live Oak Banking Company,WILMINGTON,NC,284XX,58665,6.65,V,71XXXX,300,0,Y,UNKNOWN,0.0,3255000,LOS ANGELES,CA,0,Loan-4276,22
Creative Culture Insignia LLC,XXXX,UT,84XXX,CORPORATION,Celtic Bank Corporation,SALT LAKE CITY,UT,841XX,57056,7.5,V,45XXXX,71,0,Y,Y,109437.53,150000,WEBER,UT,1,Loan-4288,64
HORNET LLC,XXXX,CA,91XXX,CORPORATION,"Capital Bank, National Association",ROCKVILLE,MD,208XX,35278,7.5,V,54XXXX,96,0,Y,Y,155784.93,180000,LOS ANGELES,CA,1,Loan-4313,64
NIELSEN GOOD COVERING,MODESTO,CA,95XXX,INDIVIDUAL,"U.S. Bank, National Association",CINCINNATI,OH,452XX,6548,10.5,V,23XXXX,29,1,N,UNKNOWN,19142.23,25000,STANISLAUS,CA,1,Loan-4362,64
P&P CLEANUPS INC.,XXXX,NY,11XXX,CORPORATION,"TD Bank, National Association",WILMINGTON,DE,198XX,18409,11.13,V,23XXXX,76,0,N,UNKNOWN,16652.73,25000,NASSAU,NY,1,Loan-4369,64
TIENDA LA FAMILIA LLC,BREMERTON,WA,98XXX,CORPORATION,"Wells Fargo Bank, National Association",SIOUX FALLS,SD,571XX,3511,10.25,V,44XXXX,101,1,N,UNKNOWN,14564.33,15000,KITSAP,WA,1,Loan-4418,63
Tomadaci Inc.,PASADENA,CA,91XXX,CORPORATION,BayFirst National Bank,Saint Petersburg,FL,337XX,34997,7.5,V,72XXXX,120,0,N,Y,0.0,100000,LOS ANGELES,CA,0,Loan-4420,61
Trinity Drywall and Painting L,North Ridgeville,OH,44XXX,CORPORATION,Growth Capital Corp.,Cleveland,OH,441XX,Growth Cap-44114,9.25,V,23XXXX,82,0,Y,Y,157663.13,200000,LORAIN,OH,1,Loan-4421,64
Big Ron's Tree Service LLC,MIAMI,FL,33XXX,CORPORATION,"JPMorgan Chase Bank, National Association",COLUMBUS,OH,432XX,628,7.65,V,56XXXX,120,1,Y,UNKNOWN,0.0,150000,MIAMI-DADE,FL,0,Loan-4460,61
CARLOS A PRIETO ORTIZ,EL PASO,TX,79XXX,INDIVIDUAL,"JPMorgan Chase Bank, National Association",COLUMBUS,OH,432XX,628,11.75,F,48XXXX,24,0,Y,UNKNOWN,9016.67,30300,EL PASO,TX,1,Loan-4466,64
Floors by Farmer Inc,PRIOR LAKE,MN,55XXX,CORPORATION,The State Bank of Faribault,FARIBAULT,MN,550XX,1610,7.75,V,44XXXX,66,0,Y,UNKNOWN,0.0,131000,SCOTT,MN,0,Loan-4495,57
INTERNATIONAL BUSINESS DEALS I,STAFFORD,VA,22XXX,CORPORATION,Seacoast National Bank,STUART,FL,349XX,131,7.5,V,81XXXX,65,0,Y,Y,196079.72,275000,STAFFORD,VA,1,Loan-4510,64
QA CONSULTING LLC,Streetsboro,OH,44XXX,CORPORATION,The Huntington National Bank,COLUMBUS,OH,432XX,6560,6.75,V,54XXXX,120,1,N,UNKNOWN,0.0,30000,PORTAGE,OH,0,Loan-4559,57
STRAL HOLMES,COLORADO SPRINGS,CO,80XXX,INDIVIDUAL,"Wells Fargo Bank, National Association",SIOUX FALLS,SD,571XX,3511,11.25,V,71XXXX,93,1,N,UNKNOWN,9833.15,10000,EL PASO,CO,1,Loan-4588,64
Amber McMahen,XXXX,OR,97XXX,INDIVIDUAL,BayFirst National Bank,Saint Petersburg,FL,337XX,34997,7.5,V,44XXXX,86,0,N,Y,24108.39,30000,MARION,OR,1,Loan-4630,64
Auburn Blinds Inc. ,Grass Valley,CA,95XXX,CORPORATION,"United Midwest Savings Bank, National Association",DE GRAFF,OH,433XX,32441,7.5,V,44XXXX,120,0,Y,Y,0.0,150000,NEVADA,CA,0,Loan-4641,45
CITC USA Inc.,COLORADO SPRINGS,CO,80XXX,CORPORATION,"World Trade Finance,  Inc.",Los Angeles,CA,900XX,World Trad-90017,7.75,V,42XXXX,16,1,Y,UNKNOWN,314655.0,250000,EL PASO,CO,1,Loan-4665,64
ENJ GROUP LLC,XXXX,CA,94XXX,CORPORATION,"Wells Fargo Bank, National Association",SIOUX FALLS,SD,571XX,3511,10.25,V,72XXXX,120,1,N,UNKNOWN,0.0,25000,CONTRA COSTA,CA,0,Loan-4682,26
Galexa inc,NAPLES,FL,34XXX,CORPORATION,"Wells Fargo Bank, National Association",SIOUX FALLS,SD,571XX,3511,10.75,V,23XXXX,84,1,N,UNKNOWN,9198.03,10000,COLLIER,FL,1,Loan-4689,63
Home Services Holdings LLC dba,HOUSTON,TX,77XXX,CORPORATION,"United Midwest Savings Bank, National Association",DE GRAFF,OH,433XX,32441,7.5,V,23XXXX,120,0,Y,Y,0.0,150000,HARRIS,TX,0,Loan-4700,48
MICHIGAN LOGIC L.L.C.,Troy,MI,48XXX,CORPORATION,"United Midwest Savings Bank, National Association",DE GRAFF,OH,433XX,32441,7.5,V,54XXXX,102,0,Y,Y,135761.13,150000,OAKLAND,MI,1,Loan-4736,64
Premier Shelving Solutions LL,ATLANTA,GA,30XXX,CORPORATION,"United Midwest Savings Bank, National Association",DE GRAFF,OH,433XX,32441,7.5,V,23XXXX,92,0,Y,Y,33708.26,75000,COBB,GA,1,Loan-4752,64
Saigon Star Restaurant Inc,SAN DIEGO,CA,92XXX,CORPORATION,Bank of Hope,LOS ANGELES,CA,900XX,26610,7.5,V,72XXXX,51,0,Y,UNKNOWN,0.0,70000,SAN DIEGO,CA,0,Loan-4774,29
Sam Transport LLC,Dayton,OH,45XXX,CORPORATION,The Huntington National Bank,COLUMBUS,OH,432XX,6560,6.5,F,48XXXX,70,0,Y,UNKNOWN,0.0,61800,MONTGOMERY,OH,0,Loan-4775,52
suwai business group (DBA) Bey,San Francisco,CA,94XXX,CORPORATION,Celtic Bank Corporation,SALT LAKE CITY,UT,841XX,57056,7.5,V,72XXXX,55,0,Y,Y,149633.04,201000,SAN FRANCISCO,CA,1,Loan-4793,63
Agave Builders LLC,TUCSON,AZ,85XXX,CORPORATION,"PNC Bank, National Association",WILMINGTON,DE,198XX,6384,12.75,F,23XXXX,60,0,N,UNKNOWN,0.0,10000,PIMA,AZ,0,Loan-4827,60
DREAMWORKS ASSIST LLC,PARKVILLE,MD,21XXX,CORPORATION,"Wells Fargo Bank, National Association",SIOUX FALLS,SD,571XX,3511,9.75,V,62XXXX,97,1,N,UNKNOWN,9285.2,10000,BALTIMORE CITY,MD,1,Loan-4880,64
EMBELLIR NW LLC,BELLEVUE,WA,98XXX,CORPORATION,"United Midwest Savings Bank, National Association",DE GRAFF,OH,433XX,32441,7.5,V,23XXXX,87,0,Y,Y,123529.31,150000,KING,WA,1,Loan-4883,63
F & D EXPRESS CORP,Miami,FL,33XXX,CORPORATION,"TD Bank, National Association",WILMINGTON,DE,198XX,18409,10.54,V,48XXXX,78,1,N,UNKNOWN,0.0,25000,MIAMI-DADE,FL,0,Loan-4889,53
GOLCA GROUP CORP,Hollywood,FL,33XXX,CORPORATION,"TD Bank, National Association",WILMINGTON,DE,198XX,18409,10.29,V,42XXXX,46,0,N,UNKNOWN,8782.62,10000,BROWARD,FL,1,Loan-4900,63
Heritage BBQ May Avenue LLC,OKLAHOMA CITY,OK,73XXX,CORPORATION,Citizens Bank,ELIZABETHTON,TN,376XX,14851,7.5,V,72XXXX,113,0,Y,Y,226565.45,241700,OKLAHOMA,OK,1,Loan-4908,64
Launch Trampoline Park-Dawsonv,DAWSONVILLE,GA,30XXX,CORPORATION,Uwharrie Bank,ALBEMARLE,NC,280XX,24919,8.0,V,71XXXX,86,0,Y,Y,1084930.09,1533200,DAWSON,GA,1,Loan-4928,63
Printing Concepts Inc.,Indianapolis,IN,46XXX,CORPORATION,The Huntington National Bank,COLUMBUS,OH,432XX,6560,7.5,F,56XXXX,53,0,Y,UNKNOWN,22714.77,23400,MARION,IN,1,Loan-4963,64
SPEAKS LAW FIRM PC,Wilmington,NC,28XXX,CORPORATION,"Readycap Lending, LLC",BERKELEY HEIGHTS,NJ,792XX,Readycap L-7922,6.75,V,54XXXX,120,0,Y,Y,0.0,780000,NEW HANOVER,NC,0,Loan-4994,43
SRH RE LLC,Flower Mound,TX,75XXX,CORPORATION,"UMB Bank, National Association",KANSAS CITY,MO,641XX,8273,4.9,V,62XXXX,300,0,Y,UNKNOWN,0.0,1180000,DENTON,TX,0,Loan-4995,54
Tricia Mosier DBA Becca's Cons,JOHNSON CITY,TN,37XXX,INDIVIDUAL,Mountain Commerce Bank,KNOXVILLE,TN,379XX,4931,6.5,F,45XXXX,96,0,Y,UNKNOWN,0.0,50000,WASHINGTON,TN,0,Loan-5019,19
USA EXPRESS INC,XXXX,CA,95XXX,CORPORATION,"JPMorgan Chase Bank, National Association",COLUMBUS,OH,432XX,628,11.15,F,48XXXX,60,0,Y,UNKNOWN,0.0,50500,SUTTER,CA,0,Loan-5027,57
Advanced Portal Technologies L,Woodbridge,VA,22XXX,CORPORATION,Manufacturers and Traders Trust Company,BUFFALO,NY,142XX,588,11.25,V,54XXXX,31,1,N,UNKNOWN,8415.52,10000,PRINCE WILLIAM,VA,1,Loan-5044,64
ATX CLINICAL TRIALS INC.,AUSTIN,TX,78XXX,CORPORATION,Byline Bank,CHICAGO,IL,606XX,20624,7.5,V,62XXXX,87,0,Y,Y,2102918.37,2805000,TRAVIS,TX,1,Loan-5055,64
ENTHUSIAST INC,GLENDORA,CA,91XXX,CORPORATION,"U.S. Bank, National Association",CINCINNATI,OH,452XX,6548,11.25,V,54XXXX,84,1,N,UNKNOWN,0.0,25000,LOS ANGELES,CA,0,Loan-5084,18
NORTHEAST OHIO APPLIED HEALTH ,AKRON,OH,44XXX,CORPORATION,"U.S. Bank, National Association",CINCINNATI,OH,452XX,6548,9.5,V,62XXXX,30,1,N,UNKNOWN,46129.12,52000,SUMMIT,OH,1,Loan-5130,64
QC Infusion Inc.,CINCINNATI,OH,45XXX,CORPORATION,"Community Trust Bank, Inc.",PIKEVILLE,KY,415XX,2720,5.25,F,31XXXX,41,0,Y,UNKNOWN,72925.1,150000,KENTON,KY,1,Loan-5140,64
SIP & PAINT WITH CLAUDINE & FR,XXXX,NY,11XXX,CORPORATION,"TD Bank, National Association",WILMINGTON,DE,198XX,18409,10.54,V,61XXXX,54,0,N,UNKNOWN,28744.64,25000,NASSAU,NY,1,Loan-5202,64
CloudE Inc.,BURLINGTON,MA,18XXX,CORPORATION,Cambridge Savings Bank,CAMBRIDGE,MA,213XX,17870,7.0,V,61XXXX,101,1,Y,UNKNOWN,30000.0,30000,MIDDLESEX,MA,1,Loan-5238,64
Divine Investment Partners,INDIANAPOLIS,IN,46XXX,CORPORATION,"JPMorgan Chase Bank, National Association",COLUMBUS,OH,432XX,628,11.25,V,53XXXX,78,1,Y,UNKNOWN,15383.7,20000,MARION,IN,1,Loan-5247,64
Fayetteville Wax LLC,Fayetteville,AR,72XXX,CORPORATION,Simmons Bank,PINE BLUFF,AR,716XX,3890,7.25,V,81XXXX,120,0,Y,Y,0.0,350000,WASHINGTON,AR,0,Loan-5256,48
GARCIA AMERICAN TRUCKING CORP,XXXX,FL,33XXX,CORPORATION,"TD Bank, National Association",WILMINGTON,DE,198XX,18409,10.54,V,48XXXX,101,0,N,UNKNOWN,24629.58,25000,MIAMI-DADE,FL,1,Loan-5264,64
Intoto Studio LLC,DETROIT,MI,48XXX,CORPORATION,The Huntington National Bank,COLUMBUS,OH,432XX,6560,6.25,V,54XXXX,120,1,Y,UNKNOWN,0.0,100000,WAYNE,MI,0,Loan-5277,60
RDM METAL WORKS,SAN ANTONIO,TX,78XXX,INDIVIDUAL,"Wells Fargo Bank, National Association",SIOUX FALLS,SD,571XX,3511,10.75,V,23XXXX,93,1,N,UNKNOWN,4329.56,5000,BEXAR,TX,1,Loan-5339,59
SAYRE LAWN & SNOW LLC,Alexandria,IN,46XXX,CORPORATION,The Huntington National Bank,COLUMBUS,OH,432XX,6560,7.2,F,56XXXX,59,0,Y,UNKNOWN,0.0,6500,MADISON,IN,0,Loan-5346,63
Doctor Piper Inc.,VAN NUYS,CA,91XXX,CORPORATION,"JPMorgan Chase Bank, National Association",COLUMBUS,OH,432XX,628,7.6,V,23XXXX,79,1,Y,UNKNOWN,193400.05,190000,LOS ANGELES,CA,1,Loan-5427,64
Exceed Technologies of Jackson,XXXX,MS,39XXX,CORPORATION,Cadence Bank,TUPELO,MS,388XX,11813,6.0,V,54XXXX,84,0,Y,UNKNOWN,0.0,187400,RANKIN,MS,0,Loan-5435,52
Game Night Social LLC,Annapolis,MD,21XXX,CORPORATION,Manufacturers and Traders Trust Company,BUFFALO,NY,142XX,588,8.5,V,71XXXX,95,1,Y,UNKNOWN,7546.85,25000,ANNE ARUNDEL,MD,1,Loan-5443,54
Gangnam Ramen LLC,GLENVIEW,IL,60XXX,CORPORATION,Bank of Hope,LOS ANGELES,CA,900XX,26610,7.25,V,72XXXX,27,0,Y,UNKNOWN,18299.45,33000,COOK,IL,1,Loan-5448,64
Gregory International Inc,York,PA,17XXX,CORPORATION,"Fulton Bank, National Association",LANCASTER,PA,176XX,7551,11.25,V,42XXXX,120,1,N,UNKNOWN,0.0,10000,YORK,PA,0,Loan-5455,55
Lot 10 Construction LLC,Brooklyn,NY,11XXX,CORPORATION,"TD Bank, National Association",WILMINGTON,DE,198XX,18409,10.75,V,23XXXX,102,1,N,UNKNOWN,19949.89,20000,KINGS,NY,1,Loan-5481,63
P&Y GROUP INC,Marietta,GA,30XXX,CORPORATION,Celtic Bank Corporation,SALT LAKE CITY,UT,841XX,57056,7.5,V,72XXXX,90,0,Y,Y,448877.62,489700,COBB,GA,1,Loan-5514,64
RAINBOW TRUCKING SOLUTIONS LLC,XXXX,FL,33XXX,CORPORATION,Fifth Third Bank,CINCINNATI,OH,452XX,6672,8.11,V,48XXXX,80,0,N,UNKNOWN,68932.84,23000,HILLSBOROUGH,FL,1,Loan-5523,64
24 Seven store inc,XXXX,NY,11XXX,CORPORATION,"TD Bank, National Association",WILMINGTON,DE,198XX,18409,10.54,V,44XXXX,106,0,N,UNKNOWN,0.0,25000,QUEENS,NY,0,Loan-5592,62
ARUMBU LLC DBA COOKIE CUTTERS,Huntingdon Valley,PA,19XXX,CORPORATION,Manufacturers and Traders Trust Company,BUFFALO,NY,142XX,588,7.25,V,81XXXX,120,0,N,UNKNOWN,0.0,159500,MONTGOMERY,PA,0,Loan-5609,25
Bad Fish LLC,FINDLAY,OH,45XXX,PARTNERSHIP,Fifth Third Bank,CINCINNATI,OH,452XX,6672,8.57,F,56XXXX,78,0,Y,UNKNOWN,163606.38,315000,HANCOCK,OH,1,Loan-5614,64
Car Wash LLC,Meridian,ID,83XXX,CORPORATION,"Zions Bank, A Division of",SALT LAKE CITY,UT,841XX,2270,7.5,V,81XXXX,84,0,N,UNKNOWN,0.0,25000,ADA,ID,0,Loan-5637,13
DB MANUFACTURING INC,BRAINERD,MN,56XXX,CORPORATION,BankVista,SARTELL,MN,563XX,35406,7.5,V,33XXXX,70,0,Y,Y,346657.96,498400,CROW WING,MN,1,Loan-5657,64
Donut Lab LLC,CEDAR FALLS,IA,50XXX,CORPORATION,Farmers State Bank,WATERLOO,IA,507XX,12855,4.75,F,72XXXX,62,0,Y,UNKNOWN,0.0,100000,BLACK HAWK,IA,0,Loan-5664,60
Ion Business Network Inc,LOS ANGELES,CA,90XXX,CORPORATION,Bank of Hope,LOS ANGELES,CA,900XX,26610,7.25,V,42XXXX,60,0,Y,UNKNOWN,0.0,100000,LOS ANGELES,CA,0,Loan-5692,60
TAMAYO GENERAL CONSTRUCTION,NAPA,CA,94XXX,INDIVIDUAL,"U.S. Bank, National Association",CINCINNATI,OH,452XX,6548,11.5,V,23XXXX,84,1,Y,UNKNOWN,0.0,25000,NAPA,CA,0,Loan-5788,57
Timbrel Building Company LLC,Tulsa,OK,74XXX,CORPORATION,Legacy Bank,HINTON,OK,730XX,4042,7.89,F,23XXXX,22,1,Y,UNKNOWN,1053746.77,3000000,CREEK,OK,1,Loan-5796,64
Truck Kings Inc,DENVER,CO,80XXX,CORPORATION,"Zions Bank, A Division of",SALT LAKE CITY,UT,841XX,2270,9.25,V,44XXXX,120,0,N,UNKNOWN,0.0,125000,DENVER,CO,0,Loan-5803,58
Wellness Care Center,XXXX,VA,22XXX,CORPORATION,"PNC Bank, National Association",WILMINGTON,DE,198XX,6384,8.25,V,42XXXX,72,1,N,UNKNOWN,40477.41,50000,FAIRFAX,VA,1,Loan-5823,64
Group Plus 58 Corp,Miami,FL,33XXX,CORPORATION,"TD Bank, National Association",WILMINGTON,DE,198XX,18409,8.88,V,42XXXX,84,1,N,UNKNOWN,85563.54,90000,MIAMI-DADE,FL,1,Loan-5929,63
Hooper Market,LOS ANGELES,CA,90XXX,INDIVIDUAL,Bank of Hope,LOS ANGELES,CA,900XX,26610,7.5,V,44XXXX,60,0,Y,UNKNOWN,0.0,60000,LOS ANGELES,CA,0,Loan-5937,59
Junk-A-Haulics LLC,XXXX,NJ,79XXX,CORPORATION,Manufacturers and Traders Trust Company,BUFFALO,NY,142XX,588,8.0,V,56XXXX,60,0,N,UNKNOWN,0.0,40000,MORRIS,NJ,0,Loan-5949,59
KYOUNGTAEK LIM,CHICAGO,IL,60XXX,CORPORATION,Bank of Hope,LOS ANGELES,CA,900XX,26610,7.25,V,44XXXX,45,0,Y,UNKNOWN,0.0,50000,COOK,IL,0,Loan-5963,34
Meredith Immigration Law Offic,XXXX,CA,90XXX,CORPORATION,"Lendistry SBLC, LLC",Los Angeles,CA,900XX,Lendistry -90021,10.75,F,54XXXX,71,0,Y,Y,209838.57,250000,LOS ANGELES,CA,1,Loan-5972,64
RIGHTEOUS R TRANSPORTATION LLC,XXXX,SC,29XXX,CORPORATION,"Wells Fargo Bank, National Association",SIOUX FALLS,SD,571XX,3511,11.25,V,48XXXX,68,1,N,UNKNOWN,4267.28,5000,GREENVILLE,SC,1,Loan-6008,56
All American Carrier & Supply,XXXX,OH,45XXX,CORPORATION,Fifth Third Bank,CINCINNATI,OH,452XX,6672,8.08,V,42XXXX,97,1,N,UNKNOWN,0.0,90000,ADAMS,OH,0,Loan-6091,31
ARKANSAS RIVER CARPENTRY LLC,PUEBLO,CO,81XXX,CORPORATION,"Wells Fargo Bank, National Association",SIOUX FALLS,SD,571XX,3511,10.75,V,33XXXX,76,1,N,UNKNOWN,9997.74,5000,PUEBLO,CO,1,Loan-6097,56
BITE HOLDINGS LLC,XXXX,AR,72XXX,CORPORATION,"United Midwest Savings Bank, National Association",DE GRAFF,OH,433XX,32441,7.5,V,56XXXX,98,0,Y,Y,138594.57,150000,YELL,AR,1,Loan-6114,60
Citizen Supply LLC,ATLANTA,GA,30XXX,CORPORATION,Five Star Bank,Rancho Cordova,CA,956XX,35361,7.5,V,44XXXX,90,0,Y,Y,145294.38,320000,FULTON,GA,1,Loan-6130,64
COSMOPOLITAN INTERIOR DESIGN L,ROUND ROCK,TX,78XXX,CORPORATION,"United Midwest Savings Bank, National Association",DE GRAFF,OH,433XX,32441,7.5,V,54XXXX,120,0,Y,Y,0.0,130000,WILLIAMSON,TX,0,Loan-6138,60
Front Range Life Hacks LLC,BRECKENRIDGE,CO,80XXX,CORPORATION,"United Midwest Savings Bank, National Association",DE GRAFF,OH,433XX,32441,7.5,V,23XXXX,93,0,Y,Y,128628.21,150000,SUMMIT,CO,1,Loan-6168,63
KODIAK AERIAL TELECOM LLC,SAINT PETERSBURG,FL,33XXX,CORPORATION,"Wells Fargo Bank, National Association",SIOUX FALLS,SD,571XX,3511,10.25,V,23XXXX,69,1,N,UNKNOWN,0.0,10000,PINELLAS,FL,0,Loan-6201,61
N and M Enterprises LLC,SAINT PETERS,MO,63XXX,CORPORATION,Core Bank,OMAHA,NE,681XX,34363,7.5,V,42XXXX,119,0,Y,UNKNOWN,0.0,320000,SAINT CHARLES,MO,0,Loan-6235,58
Orion Management LLC,Springfield,VA,22XXX,CORPORATION,"Fulton Bank, National Association",LANCASTER,PA,176XX,7551,7.5,V,56XXXX,92,0,Y,Y,0.0,2725000,FAIRFAX,VA,0,Loan-6244,33
Planted L.L.C.,CONROE,TX,77XXX,CORPORATION,"United Midwest Savings Bank, National Association",DE GRAFF,OH,433XX,32441,7.5,V,56XXXX,109,0,Y,Y,142723.41,150000,MONTGOMERY,TX,1,Loan-6256,63
The Frazier Group LLP dba N-H,DAYTON,TN,37XXX,PARTNERSHIP,"United Midwest Savings Bank, National Association",DE GRAFF,OH,433XX,32441,7.5,V,32XXXX,102,0,Y,Y,110869.79,125000,RHEA,TN,1,Loan-6305,62
x vision,NEW YORK,NY,10XXX,CORPORATION,"PNC Bank, National Association",WILMINGTON,DE,198XX,6384,8.25,V,42XXXX,67,1,N,UNKNOWN,70438.99,75000,NEW YORK,NY,1,Loan-6320,64
Back To Cali LLC,CARLSBAD,CA,92XXX,CORPORATION,Banner Bank,WALLA WALLA,WA,993XX,28489,6.49,F,44XXXX,62,0,Y,UNKNOWN,0.0,86300,SAN DIEGO,CA,0,Loan-6345,62
BergmanContractors Inc.,XXXX,MD,21XXX,CORPORATION,BayFirst National Bank,Saint Petersburg,FL,337XX,34997,7.5,V,23XXXX,120,0,N,Y,0.0,125000,BALTIMORE,MD,0,Loan-6347,54
BIENAVENTURADOS PAINT AND BODY,DORAL,FL,33XXX,CORPORATION,"TD Bank, National Association",WILMINGTON,DE,198XX,18409,10.24,V,81XXXX,72,0,N,UNKNOWN,0.0,30000,MIAMI-DADE,FL,0,Loan-6348,32
Brathai 7276 Foods,GLENDALE,CA,91XXX,CORPORATION,BayFirst National Bank,Saint Petersburg,FL,337XX,34997,7.5,V,31XXXX,120,0,Y,Y,0.0,275000,LOS ANGELES,CA,0,Loan-6353,33
FLASIA INDUSTRIAL ENGINEERING ,NAPLES,FL,34XXX,CORPORATION,"Wells Fargo Bank, National Association",SIOUX FALLS,SD,571XX,3511,10.25,V,42XXXX,120,1,N,UNKNOWN,0.0,10000,COLLIER,FL,0,Loan-6395,61
High Country Express Lube LLC,PAYSON,AZ,85XXX,CORPORATION,America First FCU,RIVERDALE,UT,844XX,America Fi-84405,7.5,V,81XXXX,71,0,Y,UNKNOWN,12730.18,200000,GILA,AZ,1,Loan-6410,63
KAHUNA CARVINGS,KAHULUI,HI,96XXX,INDIVIDUAL,American Savings Bank FSB,Honolulu,HI,968XX,32526,11.25,V,32XXXX,71,1,N,UNKNOWN,25000.0,25000,MAUI,HI,1,Loan-6438,62
Markee Fashion & Design,GRAND BLANC,MI,48XXX,CORPORATION,BayFirst National Bank,Saint Petersburg,FL,337XX,34997,7.5,V,44XXXX,73,0,N,Y,149944.46,200000,GENESEE,MI,1,Loan-6458,64
MY WISH INC,BEDFORD,TX,76XXX,CORPORATION,"PNC Bank, National Association",WILMINGTON,DE,198XX,6384,11.75,F,45XXXX,60,0,N,UNKNOWN,0.0,29500,TARRANT,TX,0,Loan-6474,45
Pen's Electric Company Inc.,NASHVILLE,TN,37XXX,CORPORATION,"Newtek Small Business Finance, Inc.",LAKE SUCCESS,NY,110XX,Newtek Sma-11042,11.25,V,23XXXX,98,0,Y,UNKNOWN,24673.76,25000,DAVIDSON,TN,1,Loan-6491,64
SC LIFESYLES,HENDERSON,NV,89XXX,CORPORATION,"U.S. Bank, National Association",CINCINNATI,OH,452XX,6548,7.99,F,81XXXX,60,0,Y,UNKNOWN,0.0,35000,CLARK,NV,0,Loan-6518,49
SKYLINES ACADEMY LLC,NAPERVILLE,IL,60XXX,CORPORATION,"U.S. Bank, National Association",CINCINNATI,OH,452XX,6548,6.99,F,61XXXX,60,0,Y,UNKNOWN,0.0,45000,WILL,IL,0,Loan-6525,38
THERMAL TECH DOORS INC.,Garden City,NY,11XXX,CORPORATION,"TD Bank, National Association",WILMINGTON,DE,198XX,18409,6.75,V,33XXXX,79,1,N,UNKNOWN,127025.13,150000,NASSAU,NY,1,Loan-6541,64
EUROPEAN AUTO SPECIALISTS,LANCASTER,CA,93XXX,INDIVIDUAL,Cadence Bank,TUPELO,MS,388XX,11813,7.5,V,81XXXX,58,0,Y,Y,128515.71,185000,LOS ANGELES,CA,1,Loan-6651,63
Haynes Horticulture LLC,SIMPSONVILLE,SC,29XXX,CORPORATION,"United Midwest Savings Bank, National Association",DE GRAFF,OH,433XX,32441,7.5,V,56XXXX,120,0,Y,Y,0.0,150000,GREENVILLE,SC,0,Loan-6678,54
HMS PROPERTIES LLC,GLENDALE,AZ,85XXX,CORPORATION,BayFirst National Bank,Saint Petersburg,FL,337XX,34997,7.5,V,44XXXX,63,0,Y,Y,222479.84,350000,MARICOPA,AZ,1,Loan-6683,63
LOCKETT INFINITY LLC,PORTLAND,OR,97XXX,CORPORATION,"Wells Fargo Bank, National Association",SIOUX FALLS,SD,571XX,3511,9.25,V,45XXXX,120,1,N,UNKNOWN,0.0,10000,MULTNOMAH,OR,0,Loan-6719,43
PF WATERWORKS L.P.,Houston,TX,77XXX,PARTNERSHIP,Comerica Bank,DALLAS,TX,752XX,983,5.5,V,33XXXX,120,0,Y,UNKNOWN,0.0,725000,HARRIS,TX,0,Loan-6759,59
PRIDE PLUMBING & SEWER SERVICE,MARYVILLE,TN,37XXX,CORPORATION,"U.S. Bank, National Association",CINCINNATI,OH,452XX,6548,8.75,V,23XXXX,84,1,Y,UNKNOWN,0.0,15000,BLOUNT,TN,0,Loan-6768,62
RAYCE T ROUSE,CEDAR RAPIDS,IA,52XXX,INDIVIDUAL,"U.S. Bank, National Association",CINCINNATI,OH,452XX,6548,7.99,F,23XXXX,60,0,Y,UNKNOWN,0.0,15000,LINN,IA,0,Loan-6775,57
Silvia M.Garay,XXXX,CA,90XXX,INDIVIDUAL,Kinecta FCU,MANHATTAN BEACH,CA,902XX,Kinecta FC-90266,7.5,V,45XXXX,80,0,Y,UNKNOWN,121705.12,140000,LOS ANGELES,CA,1,Loan-6809,61
BEAUTY FINDS INC.,XXXX,NY,11XXX,CORPORATION,"TD Bank, National Association",WILMINGTON,DE,198XX,18409,10.88,V,42XXXX,81,0,N,UNKNOWN,24993.3,25000,NASSAU,NY,1,Loan-6900,63
CITY5 CONSULTING LLC,New York,NY,10XXX,CORPORATION,"TD Bank, National Association",WILMINGTON,DE,198XX,18409,6.25,V,53XXXX,120,1,N,UNKNOWN,0.0,150000,NEW YORK,NY,0,Loan-6924,56
D & L TRAVEL SERVICES INC.,Miami,FL,33XXX,CORPORATION,"TD Bank, National Association",WILMINGTON,DE,198XX,18409,10.88,V,56XXXX,120,1,N,UNKNOWN,0.0,40000,MIAMI-DADE,FL,0,Loan-6937,59
Eastham Ice Cream Inc.,XXXX,MA,26XXX,CORPORATION,The Cape Cod Five Cents Savings Bank,HYANNIS,MA,260XX,23287,5.88,F,45XXXX,93,0,Y,UNKNOWN,0.0,150000,BARNSTABLE,MA,0,Loan-6959,31
JKG HOTSHOT LOGISTICS LLC,CLEARWATER,FL,33XXX,CORPORATION,"Wells Fargo Bank, National Association",SIOUX FALLS,SD,571XX,3511,10.25,V,48XXXX,103,1,N,UNKNOWN,0.0,5000,PINELLAS,FL,0,Loan-7025,40
Miller Homes,XXXX,IA,51XXX,INDIVIDUAL,First Savings Bank,Jeffersonville,IN,471XX,29961,7.75,V,23XXXX,97,0,Y,Y,102512.9,150000,WOODBURY,IA,1,Loan-7065,64
MTN Transport LLC,COLUMBIA,SC,29XXX,CORPORATION,"Wells Fargo Bank, National Association",SIOUX FALLS,SD,571XX,3511,10.75,V,48XXXX,120,1,N,UNKNOWN,0.0,10000,RICHLAND,SC,0,Loan-7070,20
Phoenix Home Health Inc,Burbank,CA,91XXX,CORPORATION,Comerica Bank,DALLAS,TX,752XX,983,6.5,V,62XXXX,69,1,Y,UNKNOWN,351268.54,350000,LOS ANGELES,CA,1,Loan-7097,63
Roundtable Pizza Lynnwood,Lynnwood,WA,98XXX,CORPORATION,"Readycap Lending, LLC",BERKELEY HEIGHTS,NJ,792XX,Readycap L-7922,7.5,V,72XXXX,96,0,Y,Y,117586.58,430000,SNOHOMISH,WA,1,Loan-7123,60
Scoopy Shop LLC,XXXX,AL,35XXX,CORPORATION,BankFirst Financial Services,COLUMBUS,MS,397XX,8870,7.5,V,72XXXX,90,0,Y,Y,81329.89,95200,JEFFERSON,AL,1,Loan-7130,63
Stidd Enterprises LLC,XXXX,PA,17XXX,CORPORATION,"Fulton Bank, National Association",LANCASTER,PA,176XX,7551,11.25,V,45XXXX,72,1,N,UNKNOWN,49998.29,50000,LANCASTER,PA,1,Loan-7151,61
Tampopo Sushi,YORBA LINDA,CA,92XXX,INDIVIDUAL,Bank of Hope,LOS ANGELES,CA,900XX,26610,6.75,V,72XXXX,50,0,Y,UNKNOWN,0.0,50000,ORANGE,CA,0,Loan-7158,49
Zoom Mobile Ads LLC,Tampa,FL,33XXX,CORPORATION,Sunshine State Economic Development Corporation,Clearwater,FL,337XX,Sunshine S-33762,9.125,V,54XXXX,87,0,Y,Y,71998.4,205200,HILLSBOROUGH,FL,1,Loan-7199,61
Bettina Giselle Alvarez,XXXX,NV,89XXX,INDIVIDUAL,CDC Small Business Finance Corp.,San Diego,CA,921XX,CDC Small -92106,9.25,V,62XXXX,65,0,Y,Y,66774.47,95000,HUMBOLDT,NV,1,Loan-7227,60
J5 EXPRESS,MANSFIELD,TX,76XXX,CORPORATION,"JPMorgan Chase Bank, National Association",COLUMBUS,OH,432XX,628,11.25,V,48XXXX,76,1,Y,UNKNOWN,24999.21,25000,HARRIS,TX,1,Loan-7296,63
MAS RESTORATION LLC,DETROIT,MI,48XXX,CORPORATION,"United Midwest Savings Bank, National Association",DE GRAFF,OH,433XX,32441,7.5,V,56XXXX,108,0,Y,Y,137333.41,150000,WAYNE,MI,1,Loan-7311,62
METTA MILLWORKS LLC,XXXX,MI,48XXX,CORPORATION,The Huntington National Bank,COLUMBUS,OH,432XX,6560,6.75,V,33XXXX,120,1,N,UNKNOWN,0.0,70000,GENESEE,MI,0,Loan-7313,58
Precision Auto Body Inc.,XXXX,IA,51XXX,CORPORATION,"Midstates Bank, National Association",COUNCIL BLUFFS,IA,515XX,4465,5.7,F,81XXXX,120,0,Y,UNKNOWN,0.0,180000,WOODBURY,IA,0,Loan-7341,37
WINGS NAIL SPA CORP,XXXX,NY,11XXX,CORPORATION,"TD Bank, National Association",WILMINGTON,DE,198XX,18409,10.24,V,81XXXX,120,1,N,UNKNOWN,0.0,25000,QUEENS,NY,0,Loan-7403,59
CENTRO NATURISTA VISION DE SAL,XXXX,CA,92XXX,INDIVIDUAL,"U.S. Bank, National Association",CINCINNATI,OH,452XX,6548,6.99,F,44XXXX,2,0,Y,UNKNOWN,3331.17,15000,SAN DIEGO,CA,1,Loan-7436,63
East Coast of America Inc.,XXXX,NJ,70XXX,CORPORATION,Manufacturers and Traders Trust Company,BUFFALO,NY,142XX,588,9.25,V,42XXXX,67,1,N,UNKNOWN,49666.19,50000,BERGEN,NJ,1,Loan-7450,63
ECOGREEN DRYCLEANING INC,LAKE MARY,FL,32XXX,CORPORATION,"Wells Fargo Bank, National Association",SIOUX FALLS,SD,571XX,3511,10.25,V,81XXXX,89,1,N,UNKNOWN,14578.67,15000,SEMINOLE,FL,1,Loan-7452,63
maisoli inc,LOS ANGELES,CA,90XXX,CORPORATION,Bank of Hope,LOS ANGELES,CA,900XX,26610,7.0,V,42XXXX,27,0,Y,UNKNOWN,96640.83,150000,LOS ANGELES,CA,1,Loan-7505,63
Moore Renovations,XXXX,PA,17XXX,CORPORATION,Manufacturers and Traders Trust Company,BUFFALO,NY,142XX,588,9.5,F,23XXXX,60,0,N,UNKNOWN,0.0,25000,NORTHUMBERLAND,PA,0,Loan-7517,60
My3rdPlace LLC,LOS ANGELES,CA,90XXX,CORPORATION,"U.S. Bank, National Association",CINCINNATI,OH,452XX,6548,6.99,F,72XXXX,8,0,Y,UNKNOWN,22401.72,50000,LOS ANGELES,CA,1,Loan-7521,63
Svay Investments LLC,XXXX,NC,28XXX,CORPORATION,First Bank,SOUTHERN PINES,NC,283XX,15019,7.5,V,81XXXX,103,0,Y,Y,252161.44,273200,MECKLENBURG,NC,1,Loan-7569,63
TACC LLC,XXXX,NJ,80XXX,CORPORATION,"Fulton Bank, National Association",LANCASTER,PA,176XX,7551,7.0,V,23XXXX,108,1,Y,UNKNOWN,0.0,150000,GLOUCESTER,NJ,0,Loan-7572,58
TRU A BEAUTY HEALTH & WELLNESS,XXXX,CO,81XXX,INDIVIDUAL,"U.S. Bank, National Association",CINCINNATI,OH,452XX,6548,6.99,F,81XXXX,60,0,Y,UNKNOWN,0.0,20000,MESA,CO,0,Loan-7587,37
CNY Tree Service L.L.C.,XXXX,NY,13XXX,CORPORATION,Manufacturers and Traders Trust Company,BUFFALO,NY,142XX,588,7.5,F,56XXXX,60,0,N,UNKNOWN,0.0,45000,BROOME,NY,0,Loan-7647,25
Davis Services Inc.,INDIANAPOLIS,IN,46XXX,CORPORATION,Stearns Bank National Association,SAINT CLOUD,MN,563XX,10988,7.5,V,23XXXX,48,0,Y,Y,102169.02,150000,HAMILTON,IN,1,Loan-7656,64
DB CONSTRUCTION,KENT,WA,98XXX,INDIVIDUAL,"U.S. Bank, National Association",CINCINNATI,OH,452XX,6548,11.25,V,23XXXX,59,1,Y,UNKNOWN,9614.61,10000,KING,WA,1,Loan-7657,62
Elite Floor Services LLC,XXXX,AR,72XXX,CORPORATION,First State Bank,XXXX,AR,728XX,13632,6.25,V,56XXXX,120,1,Y,UNKNOWN,0.0,50000,CONWAY,AR,0,Loan-7664,61
Becker Mitchell Services LLC,Austin,TX,78XXX,CORPORATION,American Bank of Commerce,Wolfforth,TX,793XX,18609,6.75,V,81XXXX,87,0,Y,UNKNOWN,0.0,150000,TRAVIS,TX,0,Loan-7816,14
Indy Hunt Inc,Brooklyn,NY,11XXX,CORPORATION,Manufacturers and Traders Trust Company,BUFFALO,NY,142XX,588,9.25,V,42XXXX,95,1,N,UNKNOWN,25947.78,26000,KINGS,NY,1,Loan-7856,63
Midukkan LLC,NORTH RICHLAND HILLS,TX,76XXX,CORPORATION,Citizens Bank,ELIZABETHTON,TN,376XX,14851,7.25,V,81XXXX,86,0,N,Y,245726.42,346800,TARRANT,TX,1,Loan-7881,62
Sh & YM,LOS ANGELES,CA,90XXX,CORPORATION,BayFirst National Bank,Saint Petersburg,FL,337XX,34997,7.5,V,42XXXX,65,0,N,Y,94102.54,145000,LOS ANGELES,CA,1,Loan-7904,63
The Accountant LLC,LAS VEGAS,NV,89XXX,CORPORATION,"U.S. Bank, National Association",CINCINNATI,OH,452XX,6548,6.24,F,54XXXX,36,0,Y,UNKNOWN,0.0,50000,CLARK,NV,0,Loan-7917,35
Cookson Trading Post LLC,XXXX,OK,74XXX,CORPORATION,SpiritBank,TULSA,OK,741XX,4048,6.25,V,44XXXX,267,0,Y,Y,130953.68,532000,CHEROKEE,OK,1,Loan-7944,63
IKA IRON SUSHI INC,Brooklyn,NY,11XXX,CORPORATION,"TD Bank, National Association",WILMINGTON,DE,198XX,18409,10.54,V,72XXXX,78,1,N,UNKNOWN,24999.26,25000,KINGS,NY,1,Loan-7965,63
OM SHANTI INC,HYANNIS,MA,26XXX,CORPORATION,Eastern Bank,Boston,MA,211XX,32773,10.24,F,44XXXX,60,0,Y,UNKNOWN,0.0,100000,BARNSTABLE,MA,0,Loan-7984,49
South of the Well Services LL,SPRING,TX,77XXX,CORPORATION,"United Midwest Savings Bank, National Association",DE GRAFF,OH,433XX,32441,7.5,V,23XXXX,84,0,Y,Y,125484.38,150000,MONTGOMERY,TX,1,Loan-8000,61
susette coiffeur,Hialeah,FL,33XXX,CORPORATION,"TD Bank, National Association",WILMINGTON,DE,198XX,18409,10.24,V,81XXXX,120,1,N,UNKNOWN,0.0,25000,MIAMI-DADE,FL,0,Loan-8003,59
TALLEY FERMENTATION'S LLC,GRASS VALLEY,CA,95XXX,CORPORATION,"U.S. Bank, National Association",CINCINNATI,OH,452XX,6548,7.99,F,54XXXX,60,0,Y,UNKNOWN,0.0,50000,NEVADA,CA,0,Loan-8005,22
CHRIS BARNES INSTALLS LLC,SPARKS,NV,89XXX,CORPORATION,"Wells Fargo Bank, National Association",SIOUX FALLS,SD,571XX,3511,10.25,V,32XXXX,120,1,N,UNKNOWN,0.0,10000,WASHOE,NV,0,Loan-8035,61
ENRG Inc,Cedar Falls,IA,50XXX,CORPORATION,First Interstate Bank,BILLINGS,MT,591XX,1105,7.5,V,44XXXX,120,0,Y,UNKNOWN,0.0,312000,BLACK HAWK,IA,0,Loan-8049,59
J H TRANSPORT LLC,XXXX,OH,44XXX,CORPORATION,The Huntington National Bank,COLUMBUS,OH,432XX,6560,5.75,F,48XXXX,84,0,Y,UNKNOWN,0.0,174700,TUSCARAWAS,OH,0,Loan-8068,46
NATIONAL EXPRESS TRUCKING INC.,Monroe,NY,10XXX,CORPORATION,"TD Bank, National Association",WILMINGTON,DE,198XX,18409,9.5,V,48XXXX,84,1,N,UNKNOWN,19912.78,25000,ORANGE,NY,1,Loan-8096,63
Raytix Inc.,BROOKLYN,NY,11XXX,CORPORATION,"JPMorgan Chase Bank, National Association",COLUMBUS,OH,432XX,628,8.9,V,45XXXX,61,1,Y,UNKNOWN,80705.1,100000,KINGS,NY,1,Loan-8116,63
ADVENTIST HEALTH WHOLESALE AND,CANOGA PARK,CA,91XXX,INDIVIDUAL,"U.S. Bank, National Association",CINCINNATI,OH,452XX,6548,8.75,V,42XXXX,60,1,Y,UNKNOWN,24333.62,25000,LOS ANGELES,CA,1,Loan-8162,63
AVIVA CARE PHARMACY LLC,Fort Lauderdale,FL,33XXX,CORPORATION,"TD Bank, National Association",WILMINGTON,DE,198XX,18409,6.25,V,44XXXX,85,1,N,UNKNOWN,149938.4,150000,BROWARD,FL,1,Loan-8176,60
Meraki LLC,Norman,OK,73XXX,PARTNERSHIP,Valliance Bank,OKLAHOMA CITY,OK,731XX,57841,5.75,V,53XXXX,39,1,Y,UNKNOWN,0.0,60000,CLEVELAND,OK,0,Loan-8254,40
Prana Distribution,XXXX,MA,19XXX,CORPORATION,Cambridge Savings Bank,CAMBRIDGE,MA,213XX,17870,7.0,V,33XXXX,71,1,Y,UNKNOWN,99896.36,100000,ESSEX,MA,1,Loan-8274,63
CLARK'S RECYCLING INC,Huntington,IN,46XXX,CORPORATION,First Federal Savings Bank,Huntington,IN,467XX,29690,6.0,V,42XXXX,87,0,Y,Y,0.0,2875000,HUNTINGTON,IN,0,Loan-8350,52
DALA PROPERTIES LLC,OKLAHOMA CITY,OK,73XXX,CORPORATION,MidFirst Bank,OKLAHOMA CITY,OK,731XX,4063,9.25,F,53XXXX,60,0,Y,UNKNOWN,0.0,100000,CLEVELAND,OK,0,Loan-8353,60
GLO TCM INC,LAREDO,TX,78XXX,CORPORATION,"PNC Bank, National Association",WILMINGTON,DE,198XX,6384,6.5,F,72XXXX,60,0,N,UNKNOWN,0.0,50000,WEBB,TX,0,Loan-8373,60
Macj Management LLC,Riverview,FL,33XXX,CORPORATION,The Bank of Tampa,TAMPA,FL,336XX,21031,7.5,V,56XXXX,108,0,Y,Y,127160.98,135000,HILLSBOROUGH,FL,1,Loan-8411,62
MELISSA HOWARD,New York,NY,10XXX,INDIVIDUAL,"TD Bank, National Association",WILMINGTON,DE,198XX,18409,10.79,F,44XXXX,60,0,N,UNKNOWN,0.0,20000,NEW YORK,NY,0,Loan-8416,62
SORELLE RESTAURANT AND PIZZA C,XXXX,NY,10XXX,CORPORATION,"TD Bank, National Association",WILMINGTON,DE,198XX,18409,10.88,V,72XXXX,86,0,N,UNKNOWN,24877.86,25000,WESTCHESTER,NY,1,Loan-8452,63
SP Brothers Transport INC,XXXX,NJ,70XXX,CORPORATION,"TD Bank, National Association",WILMINGTON,DE,198XX,18409,10.54,V,48XXXX,120,1,N,UNKNOWN,0.0,25000,PASSAIC,NJ,0,Loan-8453,59
SUPREME BEHAVIORAL SERVICES C,HIALEAH,FL,33XXX,CORPORATION,"Wells Fargo Bank, National Association",SIOUX FALLS,SD,571XX,3511,11.25,V,62XXXX,120,1,N,UNKNOWN,0.0,9900,MIAMI-DADE,FL,0,Loan-8457,59
Thiede Legacy LLC,Medford,WI,54XXX,CORPORATION,Nicolet National Bank,GREEN BAY,WI,543XX,57038,5.5,F,32XXXX,82,0,Y,UNKNOWN,558266.15,625200,TAYLOR,WI,1,Loan-8474,63
Thiede Legacy LLC,Medford,WI,54XXX,CORPORATION,Nicolet National Bank,GREEN BAY,WI,543XX,57038,5.75,V,32XXXX,85,1,Y,UNKNOWN,55085.59,100000,TAYLOR,WI,1,Loan-8475,62
A & A Juice Inc,CINCINNATI,OH,45XXX,CORPORATION,Cadence Bank,TUPELO,MS,388XX,11813,7.5,V,72XXXX,126,0,Y,Y,0.0,465000,HAMILTON,OH,0,Loan-8488,60
Baker and Sons Construction Se,DANVILLE,IN,46XXX,CORPORATION,KeyBank National Association,CLEVELAND,OH,441XX,17534,6.55,V,23XXXX,63,1,Y,UNKNOWN,243375.75,250000,HENDRICKS,IN,1,Loan-8504,62
BRANDYS HAMMER LLC,WESTMINSTER,CA,92XXX,CORPORATION,"U.S. Bank, National Association",CINCINNATI,OH,452XX,6548,6.99,F,51XXXX,60,0,Y,UNKNOWN,0.0,35000,ORANGE,CA,0,Loan-8514,58
Capital Property Inspection Co,Spring Valley,NY,10XXX,CORPORATION,FinWise Bank,SANDY,UT,841XX,35323,7.5,V,53XXXX,73,0,Y,Y,106168.79,150000,ROCKLAND,NY,1,Loan-8519,63
CMB DISTRIBUTORS,HENDERSON,NV,89XXX,INDIVIDUAL,"U.S. Bank, National Association",CINCINNATI,OH,452XX,6548,7.99,F,42XXXX,21,0,Y,UNKNOWN,14268.68,20000,CLARK,NV,1,Loan-8525,63
COLORADO SNO-BALLS LLC,COLORADO SPRINGS,CO,80XXX,CORPORATION,"U.S. Bank, National Association",CINCINNATI,OH,452XX,6548,6.99,F,72XXXX,26,0,Y,UNKNOWN,15957.21,20500,EL PASO,CO,1,Loan-8528,63
FMZ TRUCKING,WAXAHACHIE,TX,75XXX,INDIVIDUAL,"PNC Bank, National Association",WILMINGTON,DE,198XX,6384,12.75,F,48XXXX,60,0,N,UNKNOWN,0.0,20000,ELLIS,TX,0,Loan-8557,58
Hagan Painting LLC dba  360 Pa,XXXX,AL,36XXX,CORPORATION,"United Midwest Savings Bank, National Association",DE GRAFF,OH,433XX,32441,7.5,V,23XXXX,89,0,Y,Y,129057.38,150000,BALDWIN,AL,1,Loan-8565,62
M&K PLUMBING SOLUTIONS LLC,XXXX,CT,60XXX,CORPORATION,Manufacturers and Traders Trust Company,BUFFALO,NY,142XX,588,7.25,V,23XXXX,108,1,Y,UNKNOWN,0.0,25000,TOLLAND,CT,0,Loan-8605,14
MARIO MELCHIORRE,XXXX,PA,18XXX,INDIVIDUAL,"TD Bank, National Association",WILMINGTON,DE,198XX,18409,10.24,V,23XXXX,85,0,N,UNKNOWN,2745.42,40000,WAYNE,PA,1,Loan-8607,61
Prehistoric Brewing Company L,SPRINGFIELD,MO,65XXX,CORPORATION,Guaranty Bank,SPRINGFIELD,MO,658XX,58892,7.5,V,31XXXX,92,0,N,Y,31071.34,126000,GREENE,MO,1,Loan-8640,63
RWBB LLC,RACINE,WI,53XXX,CORPORATION,"Newtek Small Business Finance, Inc.",LAKE SUCCESS,NY,110XX,Newtek Sma-11042,7.5,V,72XXXX,94,0,Y,Y,101200.65,111000,RACINE,WI,1,Loan-8651,63
Tracy Ferraro LLC,Austin,TX,78XXX,CORPORATION,Simmons Bank,PINE BLUFF,AR,716XX,3890,7.0,V,81XXXX,73,0,Y,Y,271761.08,339200,TRAVIS,TX,1,Loan-8671,49
VALO MARKET LLC,XXXX,PA,19XXX,CORPORATION,Meridian Bank,MALVERN,PA,193XX,57777,6.75,V,45XXXX,76,0,Y,Y,0.0,1104000,BUCKS,PA,0,Loan-8677,50
Best Rate Repair  Company,Spring Valley,CA,91XXX,CORPORATION,CDC Small Business Finance Corp.,San Diego,CA,921XX,CDC Small -92106,8.75,V,23XXXX,59,0,Y,Y,0.0,69000,SAN DIEGO,CA,0,Loan-8706,60
CHEZKELWEISS INC,Monsey,NY,10XXX,CORPORATION,"TD Bank, National Association",WILMINGTON,DE,198XX,18409,10.88,V,42XXXX,102,0,N,UNKNOWN,23220.19,25000,ROCKLAND,NY,1,Loan-8714,63
DANNOFIT LLC,Madison Heights,MI,48XXX,CORPORATION,The Huntington National Bank,COLUMBUS,OH,432XX,6560,6.75,V,71XXXX,85,1,N,UNKNOWN,0.0,32000,OAKLAND,MI,0,Loan-8725,58
Dawillia Wealth Creation LLC,WEST ORANGE,NJ,70XXX,PARTNERSHIP,"PNC Bank, National Association",WILMINGTON,DE,198XX,6384,7.65,V,81XXXX,120,1,N,UNKNOWN,0.0,30000,ESSEX,NJ,0,Loan-8726,45
HANMI MOTORS SALES INC.,LOS ANGELES,CA,90XXX,CORPORATION,Celtic Bank Corporation,SALT LAKE CITY,UT,841XX,57056,7.5,V,44XXXX,105,0,Y,Y,139070.99,150000,LOS ANGELES,CA,1,Loan-8752,63
HEATHERLY LAWN AND PROPERTY MG,TIPP CITY,OH,45XXX,CORPORATION,"PNC Bank, National Association",WILMINGTON,DE,198XX,6384,11.25,V,56XXXX,0,1,N,UNKNOWN,19841.56,20000,MIAMI,OH,1,Loan-8755,63
Jubal J Bewick EAMP MSAOM PL,WALLA WALLA,WA,99XXX,PARTNERSHIP,Banner Bank,WALLA WALLA,WA,993XX,28489,5.75,V,62XXXX,36,1,Y,UNKNOWN,100000.0,100000,WALLA WALLA,WA,1,Loan-8773,63
Optimus Translog Services LLC,LAREDO,TX,78XXX,CORPORATION,"PNC Bank, National Association",WILMINGTON,DE,198XX,6384,11.25,V,48XXXX,83,1,N,UNKNOWN,0.0,50000,WEBB,TX,0,Loan-8801,40
R & W Builders Inc,XXXX,IL,62XXX,CORPORATION,Bank of Springfield,SPRINGFIELD,IL,627XX,19506,5.65,F,23XXXX,3,0,Y,UNKNOWN,149946.1,250000,SAINT CLAIR,IL,1,Loan-8810,63
Tektra It Services Inc,KATY,TX,77XXX,CORPORATION,"JPMorgan Chase Bank, National Association",COLUMBUS,OH,432XX,628,6.1,F,54XXXX,180,0,N,UNKNOWN,0.0,251800,HARRIS,TX,0,Loan-8830,26
Wade Holdings LLC,Anderson,IN,46XXX,CORPORATION,Port 51 Lending LLC,New York,NY,100XX,Port 51 Le-10017,7.5,V,71XXXX,300,0,Y,Y,0.0,635000,MADISON,IN,0,Loan-8845,57
Angel Apparel,LAS VEGAS,NV,89XXX,INDIVIDUAL,"JPMorgan Chase Bank, National Association",COLUMBUS,OH,432XX,628,11.25,V,42XXXX,77,1,Y,UNKNOWN,49974.08,50000,CLARK,NV,1,Loan-8865,63
ATL Wings & Wings Inc.,ATLANTA,GA,30XXX,CORPORATION,Open Bank,LOS ANGELES,CA,900XX,57944,7.25,V,72XXXX,85,0,Y,Y,0.0,120000,FULTON,GA,0,Loan-8868,43
FINER & FINEST LLC,San Diego,CA,92XXX,CORPORATION,CDC Small Business Finance Corp.,San Diego,CA,921XX,CDC Small -92106,8.75,V,72XXXX,90,0,Y,Y,53867.85,75000,SAN DIEGO,CA,1,Loan-8902,62
Happy River LLC,XXXX,TX,78XXX,CORPORATION,"Wells Fargo Bank, National Association",SIOUX FALLS,SD,571XX,3511,6.1,F,45XXXX,120,0,Y,UNKNOWN,0.0,188600,TRAVIS,TX,0,Loan-8916,21
N.A.C. Trucking Inc.,MARION,NC,28XXX,CORPORATION,BayFirst National Bank,Saint Petersburg,FL,337XX,34997,7.5,V,48XXXX,120,0,N,Y,0.0,350000,MCDOWELL,NC,0,Loan-8974,44
Piedmont Power Sports LLC.,Orange,VA,22XXX,CORPORATION,"Readycap Lending, LLC",BERKELEY HEIGHTS,NJ,792XX,Readycap L-7922,7.5,V,44XXXX,120,0,Y,Y,0.0,350000,ORANGE,VA,0,Loan-8986,61
Sterling Wolf Inc.,COLORADO SPRINGS,CO,80XXX,CORPORATION,"U.S. Bank, National Association",CINCINNATI,OH,452XX,6548,6.99,F,45XXXX,60,0,Y,UNKNOWN,0.0,40000,EL PASO,CO,0,Loan-9021,44
Stonewall Group LLC,Troy,MI,48XXX,CORPORATION,The Huntington National Bank,COLUMBUS,OH,432XX,6560,7.5,V,81XXXX,20,0,N,UNKNOWN,21901.08,30000,OAKLAND,MI,1,Loan-9023,51
XXY MANAGEMENT LLC,New York,NY,10XXX,CORPORATION,"TD Bank, National Association",WILMINGTON,DE,198XX,18409,10.88,F,71XXXX,42,0,N,UNKNOWN,16396.0,20000,NEW YORK,NY,1,Loan-9048,63
6289 Mayfield Rd Management IN,XXXX,OH,44XXX,CORPORATION,The Huntington National Bank,COLUMBUS,OH,432XX,6560,7.0,V,72XXXX,120,1,N,UNKNOWN,0.0,10000,CUYAHOGA,OH,0,Loan-9054,60
99 Bargains Enterprise,LOS ANGELES,CA,90XXX,CORPORATION,"JPMorgan Chase Bank, National Association",COLUMBUS,OH,432XX,628,7.9,V,45XXXX,120,1,Y,UNKNOWN,0.0,51000,LOS ANGELES,CA,0,Loan-9055,57
American Automatics LLC,Racine,WI,53XXX,CORPORATION,Johnson Bank,XXXX,WI,534XX,20296,5.15,F,33XXXX,84,0,Y,UNKNOWN,0.0,211000,RACINE,WI,0,Loan-9071,61
E&L Furniture Service Corp,XXXX,NJ,70XXX,CORPORATION,"TD Bank, National Association",WILMINGTON,DE,198XX,18409,10.54,V,44XXXX,76,1,N,UNKNOWN,13306.14,25000,BERGEN,NJ,1,Loan-9106,62
Investment Property Services L,Wilmington,DE,19XXX,CORPORATION,Manufacturers and Traders Trust Company,BUFFALO,NY,142XX,588,9.25,V,53XXXX,120,1,N,UNKNOWN,0.0,50000,NEW CASTLE,DE,0,Loan-9142,52
Revolution Roll LLC,Detroit,MI,48XXX,CORPORATION,Fifth Third Bank,CINCINNATI,OH,452XX,6672,8.08,F,48XXXX,33,0,N,UNKNOWN,19967.02,28000,WAYNE,MI,1,Loan-9197,63
Vista Motel,PORT ORCHARD,WA,98XXX,INDIVIDUAL,Bank of Hope,LOS ANGELES,CA,900XX,26610,5.75,V,72XXXX,300,0,Y,Y,0.0,900000,KITSAP,WA,0,Loan-9236,41
Arm Trans Inc.,TROY,MI,48XXX,CORPORATION,"JPMorgan Chase Bank, National Association",COLUMBUS,OH,432XX,628,9.55,F,48XXXX,64,0,Y,UNKNOWN,12547.14,15200,OAKLAND,MI,1,Loan-9264,63
CJN Coiffure Inc.,AUSTIN,TX,78XXX,CORPORATION,"PNC Bank, National Association",WILMINGTON,DE,198XX,6384,6.62,F,81XXXX,51,0,N,UNKNOWN,0.0,95000,TRAVIS,TX,0,Loan-9289,52
Comfort Kitchen Inc,SARATOGA SPRINGS,NY,12XXX,CORPORATION,The Adirondack Trust Company,SARATOGA SPRINGS,NY,128XX,660,5.5,F,72XXXX,60,0,N,UNKNOWN,0.0,30000,SARATOGA,NY,0,Loan-9293,53
HairStyler NYC / Follicle INC.,Garden City,NY,11XXX,CORPORATION,"TD Bank, National Association",WILMINGTON,DE,198XX,18409,10.88,V,44XXXX,55,0,N,UNKNOWN,24500.0,25000,NASSAU,NY,1,Loan-9330,63
Sofa Creations LLC,SAN FRANCISCO,CA,94XXX,CORPORATION,Main Street Launch,Oakland,CA,946XX,Main Stree-94612,7.75,V,44XXXX,73,0,Y,Y,103244.43,135000,SAN FRANCISCO,CA,1,Loan-9416,63
SUPERLATIVE WAX,CYPRESS,CA,90XXX,INDIVIDUAL,"U.S. Bank, National Association",CINCINNATI,OH,452XX,6548,6.99,F,81XXXX,60,0,Y,UNKNOWN,0.0,17000,ORANGE,CA,0,Loan-9426,32
VILLACONN LLC,LINCOLN,NE,68XXX,CORPORATION,Cornhusker Bank,LINCOLN,NE,685XX,14264,5.75,V,62XXXX,47,1,Y,UNKNOWN,0.0,50000,LANCASTER,NE,0,Loan-9445,48
AMDF INC,XXXX,TX,77XXX,CORPORATION,"JPMorgan Chase Bank, National Association",COLUMBUS,OH,432XX,628,11.15,V,33XXXX,71,1,Y,UNKNOWN,39732.7,45000,WHARTON,TX,1,Loan-9465,63
APUS ENTERPRISES LTD.,New York,NY,10XXX,CORPORATION,"TD Bank, National Association",WILMINGTON,DE,198XX,18409,8.24,F,51XXXX,60,0,N,UNKNOWN,0.0,60000,NEW YORK,NY,0,Loan-9471,52
Clientbridge LLC,HOUSTON,TX,77XXX,CORPORATION,Cadence Bank,TUPELO,MS,388XX,11813,7.5,V,56XXXX,68,0,Y,Y,100808.02,125000,HARRIS,TX,1,Loan-9491,63
DJW LLC dba Greasebusters of M,LANCASTER,MA,15XXX,CORPORATION,"United Midwest Savings Bank, National Association",DE GRAFF,OH,433XX,32441,7.5,V,56XXXX,94,0,Y,Y,128742.02,150000,WORCESTER,MA,1,Loan-9508,61
Haru Corporation ,SEATTLE,WA,98XXX,CORPORATION,First IC Bank,DORAVILLE,GA,303XX,34998,6.75,V,72XXXX,100,0,Y,Y,0.0,209000,KING,WA,0,Loan-9545,50
KAZMAT INC,XXXX,NJ,79XXX,CORPORATION,"PNC Bank, National Association",WILMINGTON,DE,198XX,6384,6.86,F,81XXXX,60,0,N,UNKNOWN,0.0,20000,MORRIS,NJ,0,Loan-9572,60
NebulOS Inc,PARKER,CO,80XXX,CORPORATION,"Newtek Small Business Finance, Inc.",LAKE SUCCESS,NY,110XX,Newtek Sma-11042,7.5,V,54XXXX,77,0,Y,Y,208006.83,250000,DOUGLAS,CO,1,Loan-9598,63
ORGANIC DELIGHTS,XXXX,CA,95XXX,INDIVIDUAL,"U.S. Bank, National Association",CINCINNATI,OH,452XX,6548,6.99,F,72XXXX,60,0,Y,UNKNOWN,0.0,35000,SACRAMENTO,CA,0,Loan-9603,57
SINFULLY SWEETS LLC,XXXX,NJ,80XXX,CORPORATION,"TD Bank, National Association",WILMINGTON,DE,198XX,18409,10.88,F,44XXXX,41,0,N,UNKNOWN,21373.99,25000,CAMDEN,NJ,1,Loan-9638,62
Smith Teryn Nails LLC,West Haven,UT,84XXX,CORPORATION,America First FCU,RIVERDALE,UT,844XX,America Fi-84405,7.5,V,81XXXX,62,0,Y,UNKNOWN,0.0,105400,WEBER,UT,0,Loan-9639,59
AMERICAN AIR HVAC INC.,Dearborn,MI,48XXX,CORPORATION,The Huntington National Bank,COLUMBUS,OH,432XX,6560,6.25,V,23XXXX,120,1,N,UNKNOWN,0.0,90000,WAYNE,MI,0,Loan-9682,59
Bachmeier Enterprises LLC,PHOENIX,AZ,85XXX,CORPORATION,"United Midwest Savings Bank, National Association",DE GRAFF,OH,433XX,32441,7.5,V,62XXXX,97,0,Y,Y,137236.35,150000,MARICOPA,AZ,1,Loan-9690,63
Carlson Signs LLC,ADDISON,IL,60XXX,CORPORATION,Citizens Bank,ELIZABETHTON,TN,376XX,14851,7.0,V,32XXXX,112,0,N,Y,0.0,247500,DUPAGE,IL,0,Loan-9707,34
GoBro Web Services Inc.,CERRITOS,CA,90XXX,CORPORATION,BayFirst National Bank,Saint Petersburg,FL,337XX,34997,7.5,V,54XXXX,81,0,N,Y,75808.39,100000,LOS ANGELES,CA,1,Loan-9734,63
KBR CONTRACTING,Grafton,WV,26XXX,CORPORATION,The Huntington National Bank,COLUMBUS,OH,432XX,6560,6.25,V,23XXXX,120,1,N,UNKNOWN,0.0,50000,TAYLOR,WV,0,Loan-9757,59
PURE JOY BEAUTY BAR,AUSTIN,TX,78XXX,CORPORATION,"Wells Fargo Bank, National Association",SIOUX FALLS,SD,571XX,3511,10.25,V,44XXXX,98,1,N,UNKNOWN,14314.73,15000,TRAVIS,TX,1,Loan-9808,63
SpringDot Inc,CINCINNATI,OH,45XXX,CORPORATION,RiverHills Bank,MILFORD,OH,451XX,6662,5.5,F,32XXXX,66,0,Y,UNKNOWN,0.0,300000,HAMILTON,OH,0,Loan-9828,46
ADVANCEMENT DRILLING & UTILITI,ALBUQUERQUE,NM,87XXX,CORPORATION,"Wells Fargo Bank, National Association",SIOUX FALLS,SD,571XX,3511,11.25,V,23XXXX,79,1,N,UNKNOWN,4134.74,5000,BERNALILLO,NM,1,Loan-9862,62
Baumann Cafe 213 LLC,Waterford,WI,53XXX,CORPORATION,Educators CU,MOUNT PLEASANT,WI,531XX,Educators -53177,6.9,F,72XXXX,43,0,Y,UNKNOWN,28849.87,45000,RACINE,WI,1,Loan-9881,63
Baumann Cafe 213 LLC,Waterford,WI,53XXX,CORPORATION,Educators CU,MOUNT PLEASANT,WI,531XX,Educators -53177,8.9,F,72XXXX,80,1,N,UNKNOWN,49209.25,50000,RACINE,WI,1,Loan-9882,62
BLUE COAST TECHNOLOGIES LLC,MIAMI,FL,33XXX,CORPORATION,"Wells Fargo Bank, National Association",SIOUX FALLS,SD,571XX,3511,10.75,V,33XXXX,87,1,N,UNKNOWN,7996.1,10000,MIAMI-DADE,FL,1,Loan-9891,62
Creative Fitness LLC,Brentwood,TN,37XXX,CORPORATION,"U.S. Bank, National Association",CINCINNATI,OH,452XX,6548,5.75,F,71XXXX,76,0,Y,UNKNOWN,224148.53,348500,WILLIAMSON,TN,1,Loan-9909,62
DURANT HOSPITALITY LLC,Columbus,OH,43XXX,CORPORATION,The Huntington National Bank,COLUMBUS,OH,432XX,6560,7.25,V,72XXXX,95,0,Y,Y,292078.64,337000,FRANKLIN,OH,1,Loan-9915,63
Hall Cleaning Enterprises Inc,WINTER GARDEN,FL,34XXX,CORPORATION,Byline Bank,CHICAGO,IL,606XX,20624,7.5,V,56XXXX,83,0,Y,Y,31819.21,215000,ORANGE,FL,1,Loan-9933,63
Peter's Fresh Bagel Inc,XXXX,NY,11XXX,CORPORATION,Bank of Hope,LOS ANGELES,CA,900XX,26610,6.75,V,72XXXX,60,0,Y,UNKNOWN,0.0,90000,QUEENS,NY,0,Loan-10004,60
Premier Spas Inc.,VERO BEACH,FL,32XXX,CORPORATION,Regions Bank,BIRMINGHAM,AL,352XX,12368,7.0,V,62XXXX,120,0,Y,UNKNOWN,0.0,555000,INDIAN RIVER,FL,0,Loan-10011,47
Richardson Supply LTD.,Grove City,OH,43XXX,PARTNERSHIP,First Financial Bank,Cincinnati,OH,452XX,6600,5.75,V,33XXXX,58,1,Y,UNKNOWN,0.0,350000,FRANKLIN,OH,0,Loan-10019,58
SIMPLY SOUL FOOD,LOS ANGELES,CA,90XXX,INDIVIDUAL,"Wells Fargo Bank, National Association",SIOUX FALLS,SD,571XX,3511,10.25,V,72XXXX,120,1,N,UNKNOWN,0.0,5000,LOS ANGELES,CA,0,Loan-10032,60
A & A HAUL EXPRESS LLC,Dearborn,MI,48XXX,CORPORATION,The Huntington National Bank,COLUMBUS,OH,432XX,6560,6.0,F,48XXXX,60,0,N,UNKNOWN,0.0,55900,WAYNE,MI,0,Loan-10075,32
AE RUGS INC.,WESTLAKE VILLAGE,CA,91XXX,CORPORATION,Five Star Bank,Rancho Cordova,CA,956XX,35361,7.5,V,44XXXX,98,0,Y,Y,135606.83,150000,LOS ANGELES,CA,1,Loan-10083,63
American Apothecary LLC,Nashua,NH,30XXX,CORPORATION,"TD Bank, National Association",WILMINGTON,DE,198XX,18409,10.88,F,81XXXX,48,0,N,UNKNOWN,17932.4,20000,HILLSBOROUGH,NH,1,Loan-10088,63
American Apothecary LLC,Nashua,NH,30XXX,CORPORATION,"TD Bank, National Association",WILMINGTON,DE,198XX,18409,10.88,V,81XXXX,109,1,N,UNKNOWN,4206.86,10000,HILLSBOROUGH,NH,1,Loan-10089,62
AMERIXPRESS INC,WEST CHICAGO,IL,60XXX,CORPORATION,First Savings Bank,Jeffersonville,IN,471XX,29961,7.0,V,48XXXX,300,0,Y,Y,0.0,3053000,DUPAGE,IL,0,Loan-10090,47
J & A Logos Investments LLC,GILBERT,AZ,85XXX,CORPORATION,"U.S. Bank, National Association",CINCINNATI,OH,452XX,6548,11.25,V,23XXXX,84,1,N,UNKNOWN,0.0,25000,MARICOPA,AZ,0,Loan-10161,37
NEUE BIKES INC,HIGHLANDS RANCH,CO,80XXX,CORPORATION,"U.S. Bank, National Association",CINCINNATI,OH,452XX,6548,6.74,F,45XXXX,48,0,Y,UNKNOWN,0.0,15000,DOUGLAS,CO,0,Loan-10216,24
Pacific Crest Dental Lab,TACOMA,WA,98XXX,CORPORATION,Umpqua Bank,Lake Oswego,OR,970XX,17266,7.25,V,33XXXX,120,1,N,UNKNOWN,15670.4,20000,PIERCE,WA,1,Loan-10223,60
Padilla Investments Limited Li,XXXX,PA,18XXX,CORPORATION,"Wilmington Savings Fund Society, FSB",WILMINGTON,DE,198XX,17838,7.5,V,72XXXX,87,0,Y,Y,267090.3,337500,BUCKS,PA,1,Loan-10224,60
Ramsey Financial Group LLC,Crestwood,KY,40XXX,CORPORATION,Republic Bank & Trust Company,LOUISVILLE,KY,402XX,23627,5.35,F,52XXXX,96,0,Y,UNKNOWN,0.0,260000,OLDHAM,KY,0,Loan-10237,57
SUNSHINE COMMITTEE L.L.C.,NEW BRAUNFELS,TX,78XXX,CORPORATION,Citizens Bank,ELIZABETHTON,TN,376XX,14851,7.5,V,81XXXX,94,0,Y,Y,264621.32,415700,COMAL,TX,1,Loan-10263,63
Victoria Couture Inc,XXXX,IL,60XXX,CORPORATION,The Huntington National Bank,COLUMBUS,OH,432XX,6560,6.0,V,44XXXX,120,1,N,UNKNOWN,0.0,25000,COOK,IL,0,Loan-10281,57
WINDY CITY KICKBOXING COMPANY,CHICAGO,IL,60XXX,CORPORATION,"JPMorgan Chase Bank, National Association",COLUMBUS,OH,432XX,628,6.5,F,42XXXX,84,0,Y,UNKNOWN,0.0,203000,COOK,IL,0,Loan-10287,54
Alpha Health Resource LLC,XXXX,VA,22XXX,CORPORATION,Manufacturers and Traders Trust Company,BUFFALO,NY,142XX,588,9.25,V,62XXXX,78,1,N,UNKNOWN,99260.7,100000,FAIRFAX,VA,1,Loan-10313,62
CK Services LLC,XXXX,AL,35XXX,CORPORATION,Community Bank & Trust-West Georgia,LAGRANGE,GA,302XX,25796,7.5,V,23XXXX,80,0,Y,Y,874887.47,1233000,SHELBY,AL,1,Loan-10342,61
Eclipse Tanning & Boutique LLC,XXXX,MI,49XXX,CORPORATION,The Huntington National Bank,COLUMBUS,OH,432XX,6560,6.6,V,81XXXX,28,0,Y,UNKNOWN,19817.08,26000,WEXFORD,MI,1,Loan-10357,62
Eclipse Tanning & Boutique LLC,Cadillac,MI,49XXX,CORPORATION,The Huntington National Bank,COLUMBUS,OH,432XX,6560,7.25,V,81XXXX,3,1,Y,UNKNOWN,14974.23,15000,WEXFORD,MI,1,Loan-10358,62
Lou's Pet Shop Inc,XXXX,MI,48XXX,CORPORATION,Bank of Ann Arbor,ANN ARBOR,MI,481XX,34120,7.5,V,45XXXX,85,1,Y,UNKNOWN,0.0,50000,WAYNE,MI,0,Loan-10414,58
NATIONAL SOCIAL SCIENCE PRESS,LA MESA,CA,91XXX,CORPORATION,Five Star Bank,Rancho Cordova,CA,956XX,35361,7.5,V,51XXXX,82,0,Y,Y,39062.64,50000,SAN DIEGO,CA,1,Loan-10431,63
S.B.K. SALES INC.,Monroe,NY,10XXX,CORPORATION,"TD Bank, National Association",WILMINGTON,DE,198XX,18409,8.24,V,42XXXX,120,1,N,UNKNOWN,0.0,100000,ORANGE,NY,0,Loan-10464,60
SOUND SHORE ORTHODONTIC SERVIC,XXXX,NY,10XXX,CORPORATION,"TD Bank, National Association",WILMINGTON,DE,198XX,18409,10.29,F,62XXXX,28,0,N,UNKNOWN,40833.28,50000,WESTCHESTER,NY,1,Loan-10477,62
Stumps of Time,ALEXANDRIA,OH,43XXX,INDIVIDUAL,BayFirst National Bank,Saint Petersburg,FL,337XX,34997,7.5,V,56XXXX,109,0,N,Y,47633.29,50000,LICKING,OH,1,Loan-10482,63
CHICO'S GROOMING AND SPA,XXXX,CO,80XXX,INDIVIDUAL,"JPMorgan Chase Bank, National Association",COLUMBUS,OH,432XX,628,11.25,V,81XXXX,120,1,Y,UNKNOWN,0.0,20000,WELD,CO,0,Loan-10556,53
CHRISTIE BROTHERS HEAT & AIR ,SUMMERVILLE,SC,29XXX,CORPORATION,BayFirst National Bank,Saint Petersburg,FL,337XX,34997,7.5,V,23XXXX,82,0,N,Y,192245.41,250000,BERKELEY,SC,1,Loan-10557,63
Cousins Construction and Renov,Williamsville,NY,14XXX,CORPORATION,Manufacturers and Traders Trust Company,BUFFALO,NY,142XX,588,11.25,V,23XXXX,120,1,N,UNKNOWN,0.0,5000,ERIE,NY,0,Loan-10568,46
J & J Courier Services Inc.,Miami,FL,33XXX,CORPORATION,"TD Bank, National Association",WILMINGTON,DE,198XX,18409,8.54,V,48XXXX,70,1,N,UNKNOWN,93584.9,95000,MIAMI-DADE,FL,1,Loan-10626,62
MOCHIKO USA LLC,LAS VEGAS,NV,89XXX,CORPORATION,"U.S. Bank, National Association",CINCINNATI,OH,452XX,6548,6.99,F,72XXXX,21,0,Y,UNKNOWN,20880.12,39300,CLARK,NV,1,Loan-10672,63
MSM-JAM ENTERPRISES INC.,ARCATA,CA,95XXX,CORPORATION,Redwood Capital Bank,EUREKA,CA,955XX,57610,5.0,V,72XXXX,120,0,Y,UNKNOWN,0.0,147000,HUMBOLDT,CA,0,Loan-10675,57
RNG Transportation LLC,NEEDHAM,MA,24XXX,CORPORATION,Manufacturers and Traders Trust Company,BUFFALO,NY,142XX,588,6.25,V,22XXXX,64,0,Y,UNKNOWN,0.0,166000,NORFOLK,MA,0,Loan-10707,53
THE8020FIT LLC,Philadelphia,PA,19XXX,CORPORATION,"TD Bank, National Association",WILMINGTON,DE,198XX,18409,10.49,F,45XXXX,60,0,N,UNKNOWN,0.0,25000,PHILADELPHIA,PA,0,Loan-10730,30
TLA LLC,Springfield,MO,65XXX,CORPORATION,Guaranty Bank,SPRINGFIELD,MO,658XX,58892,7.0,V,56XXXX,84,0,Y,Y,284275.12,576000,GREENE,MO,1,Loan-10732,63
TOUCH UP PAINTING & CONSTRUCTI,XXXX,PA,19XXX,CORPORATION,"TD Bank, National Association",WILMINGTON,DE,198XX,18409,10.88,V,42XXXX,71,1,N,UNKNOWN,48886.12,50000,BUCKS,PA,1,Loan-10735,62
TPSF Inc.,TALLAHASSEE,FL,32XXX,CORPORATION,Colony Bank,FITZGERALD,GA,317XX,22257,7.5,V,23XXXX,120,0,Y,Y,0.0,1825600,LEON,FL,0,Loan-10736,37
40 Toes LLC,DALLAS,TX,75XXX,CORPORATION,"Wells Fargo Bank, National Association",SIOUX FALLS,SD,571XX,3511,5.8,F,81XXXX,78,0,Y,UNKNOWN,223969.54,238200,DALLAS,TX,1,Loan-10763,62
ALL IN ONE POOL SPECIALTIES,DIAMOND BAR,CA,91XXX,INDIVIDUAL,"Wells Fargo Bank, National Association",SIOUX FALLS,SD,571XX,3511,9.25,V,56XXXX,120,1,N,UNKNOWN,0.0,10000,LOS ANGELES,CA,0,Loan-10773,59
Cain's Truck Service Inc.,XXXX,NC,28XXX,CORPORATION,BayFirst National Bank,Saint Petersburg,FL,337XX,34997,7.5,V,81XXXX,120,0,Y,Y,0.0,350000,CUMBERLAND,NC,0,Loan-10795,40
Motorworx of South Florida LLC,DAVIE,FL,33XXX,CORPORATION,BayFirst National Bank,Saint Petersburg,FL,337XX,34997,7.5,V,81XXXX,120,0,Y,Y,0.0,75000,BROWARD,FL,0,Loan-10906,23
Mountaineer Upfit Solutions,CHARLESTON,WV,25XXX,CORPORATION,"MVB Bank, Inc.",FAIRMONT,WV,265XX,34603,5.0,F,44XXXX,60,0,Y,UNKNOWN,0.0,19400,KANAWHA,WV,0,Loan-10908,52
S & T Engineering INc,BREA,CA,92XXX,CORPORATION,CDC Small Business Finance Corp.,San Diego,CA,921XX,CDC Small -92106,9.75,V,54XXXX,68,0,Y,Y,167449.43,216000,SAN BERNARDINO,CA,1,Loan-10941,61
TOBY VELVEL CONTRACTING LLC,LIVINGSTON,NJ,70XXX,CORPORATION,"TD Bank, National Association",WILMINGTON,DE,198XX,18409,10.54,V,23XXXX,51,0,N,UNKNOWN,24490.52,25000,ESSEX,NJ,1,Loan-10975,63
Village Liquor and Market,NORTHRIDGE,CA,91XXX,INDIVIDUAL,Commonwealth Business Bank,LOS ANGELES,CA,900XX,57873,6.75,V,44XXXX,120,0,Y,Y,0.0,150000,LOS ANGELES,CA,0,Loan-10994,58
AS ENGINEERING AND CONSULTING ,MARIETTA,GA,30XXX,CORPORATION,"Wells Fargo Bank, National Association",SIOUX FALLS,SD,571XX,3511,9.75,V,54XXXX,120,1,N,UNKNOWN,0.0,5000,COBB,GA,0,Loan-11036,53
LANNY GROUP USA . CORPORATION,Newark,NJ,71XXX,CORPORATION,"TD Bank, National Association",WILMINGTON,DE,198XX,18409,7.25,V,56XXXX,120,1,N,UNKNOWN,0.0,150000,ESSEX,NJ,0,Loan-11100,52
Positive Travel Inc.,Brooklyn,NY,11XXX,CORPORATION,Manufacturers and Traders Trust Company,BUFFALO,NY,142XX,588,9.25,V,56XXXX,74,1,N,UNKNOWN,95422.08,100000,KINGS,NY,1,Loan-11130,63
SIERRA DESIGN HEATING & AIR CO,CARSON CITY,NV,89XXX,CORPORATION,"U.S. Bank, National Association",CINCINNATI,OH,452XX,6548,11.25,V,23XXXX,84,1,Y,UNKNOWN,0.0,20000,CARSON CITY,NV,0,Loan-11151,59
SUB ZERO PASEO VERDE LLC,HENDERSON,NV,89XXX,CORPORATION,"U.S. Bank, National Association",CINCINNATI,OH,452XX,6548,6.99,F,72XXXX,14,0,Y,UNKNOWN,24834.86,50000,CLARK,NV,1,Loan-11161,63
Alan Rhodes,XXXX,MI,48XXX,INDIVIDUAL,The Huntington National Bank,COLUMBUS,OH,432XX,6560,7.5,V,33XXXX,120,1,N,UNKNOWN,0.0,250000,OAKLAND,MI,0,Loan-11184,58
SUNNYSIDE CONSTRUCTION INC,WALNUT CREEK,CA,94XXX,CORPORATION,"U.S. Bank, National Association",CINCINNATI,OH,452XX,6548,8.75,V,23XXXX,84,1,Y,UNKNOWN,0.0,35000,CONTRA COSTA,CA,0,Loan-11262,45
The Law Office of R. Joseph Co,XXXX,NY,11XXX,CORPORATION,Manufacturers and Traders Trust Company,BUFFALO,NY,142XX,588,11.25,V,54XXXX,37,0,N,UNKNOWN,27811.6,35000,NASSAU,NY,1,Loan-11264,62
Becker Boiler Co. Inc.,SAINT FRANCIS,WI,53XXX,CORPORATION,Byline Bank,CHICAGO,IL,606XX,20624,7.5,V,23XXXX,168,0,Y,Y,0.0,998000,MILWAUKEE,WI,0,Loan-11294,60
HOME RULE BRANDS LLC,MISSION VIEJO,CA,92XXX,CORPORATION,"Wells Fargo Bank, National Association",SIOUX FALLS,SD,571XX,3511,9.25,V,45XXXX,94,1,N,UNKNOWN,14894.95,15000,ORANGE,CA,1,Loan-11333,53
Ken Roell Construction LLC,XXXX,OH,45XXX,CORPORATION,BayFirst National Bank,Saint Petersburg,FL,337XX,34997,7.5,V,23XXXX,103,0,N,Y,303386.43,330000,HAMILTON,OH,1,Loan-11346,62
LEONEL FLOOR INSTALLATION LLC,XXXX,NJ,76XXX,CORPORATION,Manufacturers and Traders Trust Company,BUFFALO,NY,142XX,588,11.25,V,23XXXX,100,1,N,UNKNOWN,39896.1,40000,BERGEN,NJ,1,Loan-11352,61
The Tackle Room LLC,XXXX,NC,28XXX,CORPORATION,BayFirst National Bank,Saint Petersburg,FL,337XX,34997,7.5,V,45XXXX,120,0,N,Y,0.0,65000,CARTERET,NC,0,Loan-11405,48
1PLUG LLC,New York,NY,10XXX,CORPORATION,"TD Bank, National Association",WILMINGTON,DE,198XX,18409,10.88,V,48XXXX,55,0,N,UNKNOWN,21585.2,25000,NEW YORK,NY,1,Loan-11415,62
JACKSON PTT&TS LLC,MARIETTA,GA,30XXX,CORPORATION,"Wells Fargo Bank, National Association",SIOUX FALLS,SD,571XX,3511,9.25,V,81XXXX,120,1,N,UNKNOWN,0.0,10000,COBB,GA,0,Loan-11467,47
Nail palace NY inc,XXXX,NY,11XXX,CORPORATION,Manufacturers and Traders Trust Company,BUFFALO,NY,142XX,588,11.25,V,81XXXX,89,1,N,UNKNOWN,9997.83,10000,NASSAU,NY,1,Loan-11491,61
The Power Print inc,BROOKLYN,NY,11XXX,CORPORATION,"Santander Bank, National Association",WILMINGTON,DE,198XX,29950,8.75,F,32XXXX,54,0,N,UNKNOWN,0.0,82500,KINGS,NY,0,Loan-11530,59
Veaux Professional Services LL,HOUSTON,TX,77XXX,CORPORATION,"Wells Fargo Bank, National Association",SIOUX FALLS,SD,571XX,3511,11.25,V,54XXXX,99,1,N,UNKNOWN,9334.2,10000,HARRIS,TX,1,Loan-11536,62
AMATZIA BGD,BEVERLY HILLS,CA,90XXX,CORPORATION,Celtic Bank Corporation,SALT LAKE CITY,UT,841XX,57056,7.5,V,42XXXX,96,0,Y,Y,138953.5,150000,LOS ANGELES,CA,1,Loan-11562,62
FREEDOMLINX LLC,XXXX,OH,43XXX,CORPORATION,The Huntington National Bank,COLUMBUS,OH,432XX,6560,6.6,F,54XXXX,60,0,Y,UNKNOWN,0.0,30400,PICKAWAY,OH,0,Loan-11592,62
Hemphill Foods LLC,JACKSON,MS,39XXX,CORPORATION,Regions Bank,BIRMINGHAM,AL,352XX,12368,6.14,V,42XXXX,144,0,Y,UNKNOWN,0.0,1358200,HINDS,MS,0,Loan-11603,28
HKW PROPERTIES LLC,XXXX,OH,44XXX,CORPORATION,"U.S. Bank, National Association",CINCINNATI,OH,452XX,6548,11.25,V,53XXXX,28,1,Y,UNKNOWN,6802.69,12000,CUYAHOGA,OH,1,Loan-11606,62
SKIPJACK LLC,XXXX,IL,60XXX,CORPORATION,The Huntington National Bank,COLUMBUS,OH,432XX,6560,6.5,V,72XXXX,27,1,N,UNKNOWN,50117.0,50000,COOK,IL,1,Loan-11663,62
American Logistical Services a,DUBLIN,OH,43XXX,CORPORATION,The Huntington National Bank,COLUMBUS,OH,432XX,6560,6.25,V,48XXXX,82,1,N,UNKNOWN,0.0,50000,DELAWARE,OH,0,Loan-11692,42
CADE ENGINEERS LLC,HONOLULU,HI,96XXX,CORPORATION,Central Pacific Bank,Honolulu,HI,968XX,17308,6.75,V,54XXXX,60,1,N,UNKNOWN,0.0,50000,HONOLULU,HI,0,Loan-11699,47
Golden Fog Coffee Llc,HENDERSON,NV,89XXX,CORPORATION,"JPMorgan Chase Bank, National Association",COLUMBUS,OH,432XX,628,8.83,F,72XXXX,84,0,Y,UNKNOWN,0.0,75800,CLARK,NV,0,Loan-11721,31
Skyway Trading Inc,MASPETH,NY,11XXX,CORPORATION,First Savings Bank,Jeffersonville,IN,471XX,29961,7.5,V,42XXXX,103,0,Y,Y,143788.93,150000,QUEENS,NY,1,Loan-11772,61
Barley Taps LLC,SAN FRANCISCO,CA,94XXX,CORPORATION,Main Street Launch,Oakland,CA,946XX,Main Stree-94612,7.75,V,72XXXX,75,0,Y,Y,198891.25,250000,SAN FRANCISCO,CA,1,Loan-11803,62
CND MAPPING INC,XXXX,NY,11XXX,CORPORATION,"JPMorgan Chase Bank, National Association",COLUMBUS,OH,432XX,628,9.25,V,54XXXX,79,1,Y,UNKNOWN,63017.72,65000,NASSAU,NY,1,Loan-11815,62
CR CONTRACTING LTD.,ERIE,CO,80XXX,CORPORATION,"Zions Bank, A Division of",SALT LAKE CITY,UT,841XX,2270,11.25,V,23XXXX,77,1,N,UNKNOWN,25000.0,25000,BROOMFIELD,CO,1,Loan-11819,62
Diamond Agency LLC,Tulsa,OK,74XXX,CORPORATION,SpiritBank,TULSA,OK,741XX,4048,6.25,V,52XXXX,120,0,Y,Y,0.0,135000,TULSA,OK,0,Loan-11825,58
HERO'S INK,XXXX,WI,53XXX,INDIVIDUAL,"U.S. Bank, National Association",CINCINNATI,OH,452XX,6548,7.99,F,45XXXX,60,0,Y,UNKNOWN,0.0,18000,WALWORTH,WI,0,Loan-11851,54
Kasey's Outdoor Services LLC,XXXX,OH,45XXX,CORPORATION,The Huntington National Bank,COLUMBUS,OH,432XX,6560,7.25,V,56XXXX,81,1,N,UNKNOWN,43608.83,50000,MIAMI,OH,1,Loan-11866,62
Michelange lubin all seasons t,Brooklyn,NY,11XXX,CORPORATION,"TD Bank, National Association",WILMINGTON,DE,198XX,18409,10.88,F,54XXXX,60,0,N,UNKNOWN,0.0,25000,KINGS,NY,0,Loan-11881,8
SCOTT KEIGLEY TRUCKING LLC,XXXX,FL,33XXX,CORPORATION,"Wells Fargo Bank, National Association",SIOUX FALLS,SD,571XX,3511,11.25,V,48XXXX,85,1,N,UNKNOWN,9453.71,10000,CHARLOTTE,FL,1,Loan-11902,62
SRJ Transport LLC,LAREDO,TX,78XXX,CORPORATION,"PNC Bank, National Association",WILMINGTON,DE,198XX,6384,11.5,F,48XXXX,9,0,N,UNKNOWN,19216.34,45000,WEBB,TX,1,Loan-11906,62
The Foundry Gym LLC,Southlake,TX,76XXX,CORPORATION,Midwest Regional Bank,FESTUS,MO,630XX,8889,7.5,V,71XXXX,105,0,Y,Y,186807.09,219000,TARRANT,TX,1,Loan-11913,57
A+ HOME SERVICES LLC,XXXX,TN,37XXX,CORPORATION,"U.S. Bank, National Association",CINCINNATI,OH,452XX,6548,7.99,F,23XXXX,26,0,Y,UNKNOWN,33122.54,39000,WILSON,TN,1,Loan-11930,62
CB MARKETING LLC,DENVER,CO,80XXX,CORPORATION,Cadence Bank,TUPELO,MS,388XX,11813,7.5,V,54XXXX,62,0,Y,Y,162437.53,225000,DENVER,CO,1,Loan-11942,62
Clever Humans LLC,Vista,CA,92XXX,CORPORATION,Celtic Bank Corporation,SALT LAKE CITY,UT,841XX,57056,7.5,V,56XXXX,92,0,Y,Y,231172.65,281500,SAN DIEGO,CA,1,Loan-11946,62
DS Boonsiknara Inc,PALISADES PARK,NJ,76XXX,INDIVIDUAL,New Millennium Bank,FORT LEE,NJ,702XX,35151,7.5,V,72XXXX,59,0,Y,UNKNOWN,0.0,60000,BERGEN,NJ,0,Loan-11953,60
ERIC BARNES CO LLC,XXXX,OH,43XXX,CORPORATION,"U.S. Bank, National Association",CINCINNATI,OH,452XX,6548,6.99,F,72XXXX,18,0,Y,UNKNOWN,14465.68,28200,JEFFERSON,OH,1,Loan-11958,62
Craft Beverage Concepts LLC,XXXX,GA,30XXX,CORPORATION,Colony Bank,FITZGERALD,GA,317XX,22257,7.5,V,31XXXX,120,0,Y,Y,0.0,1093000,TROUP,GA,0,Loan-12057,56
True North Family Chiropractic,Clinton Township,MI,48XXX,CORPORATION,The Huntington National Bank,COLUMBUS,OH,432XX,6560,6.25,V,62XXXX,120,1,N,UNKNOWN,0.0,50000,MACOMB,MI,0,Loan-12163,60
Woori Plumbing Service LLC,XXXX,NJ,76XXX,CORPORATION,Manufacturers and Traders Trust Company,BUFFALO,NY,142XX,588,8.49,F,23XXXX,60,0,N,UNKNOWN,0.0,100200,BERGEN,NJ,0,Loan-12172,61
Cafein Centreville Inc.,CENTREVILLE,VA,20XXX,CORPORATION,"PNC Bank, National Association",WILMINGTON,DE,198XX,6384,5.46,F,72XXXX,84,0,Y,UNKNOWN,0.0,182000,FAIRFAX,VA,0,Loan-12194,24
KRAZY TRAIN INC,WINTER HAVEN,FL,33XXX,CORPORATION,"Wells Fargo Bank, National Association",SIOUX FALLS,SD,571XX,3511,10.25,V,72XXXX,98,1,N,UNKNOWN,0.0,5000,POLK,FL,0,Loan-12246,43
Lashmelily llc,Sparta,NJ,78XXX,CORPORATION,"TD Bank, National Association",WILMINGTON,DE,198XX,18409,10.54,V,81XXXX,78,0,N,UNKNOWN,37576.96,40000,SUSSEX,NJ,1,Loan-12249,62
Northwest Therapy Inc,Schaumburg,IL,60XXX,CORPORATION,Community Bank & Trust-West Georgia,LAGRANGE,GA,302XX,25796,7.25,V,62XXXX,90,0,Y,Y,637270.03,705900,COOK,IL,1,Loan-12273,62
TAJ V TRANSPORTATION COMPANY,XXXX,PA,19XXX,CORPORATION,"Wells Fargo Bank, National Association",SIOUX FALLS,SD,571XX,3511,9.25,V,48XXXX,16,1,N,UNKNOWN,14998.92,15000,DELAWARE,PA,1,Loan-12298,62
Woodcutts Inc,ENGLEWOOD,CO,80XXX,CORPORATION,BayFirst National Bank,Saint Petersburg,FL,337XX,34997,7.5,V,32XXXX,71,0,Y,Y,220943.93,300000,ARAPAHOE,CO,1,Loan-12310,58
Connecticut Gaming Services L,XXXX,CT,60XXX,CORPORATION,Nutmeg State Financial Credit Union,XXXX,CT,606XX,Nutmeg Sta-6067,7.5,V,71XXXX,90,0,Y,UNKNOWN,206885.6,251300,HARTFORD,CT,1,Loan-12345,61
Five Star Market Inc,COLUMBUS,OH,43XXX,CORPORATION,The Huntington National Bank,COLUMBUS,OH,432XX,6560,6.25,V,44XXXX,41,1,N,UNKNOWN,50063.14,50000,FRANKLIN,OH,1,Loan-12371,62
GOLDEN MOUNTAIN LLC,Cambridge,MA,21XXX,CORPORATION,Webster Bank National Association,WATERBURY,CT,670XX,18221,8.14,V,72XXXX,92,0,N,UNKNOWN,33319.46,40000,MIDDLESEX,MA,1,Loan-12378,62
MOORES EXTERIORS LLC,CINCINNATI,OH,45XXX,CORPORATION,"U.S. Bank, National Association",CINCINNATI,OH,452XX,6548,7.99,F,23XXXX,18,0,Y,UNKNOWN,13657.07,30000,HAMILTON,OH,1,Loan-12423,62
Great Lakes Subs LLC,GRAND BLANC,MI,48XXX,CORPORATION,The Huntington National Bank,COLUMBUS,OH,432XX,6560,5.17,F,72XXXX,58,0,Y,UNKNOWN,0.0,250000,GENESEE,MI,0,Loan-12546,59
ROBERT & VANDY HALL CONSTRUCTI,Trenton,NJ,86XXX,CORPORATION,"TD Bank, National Association",WILMINGTON,DE,198XX,18409,10.54,V,23XXXX,53,0,N,UNKNOWN,9749.0,10000,MERCER,NJ,1,Loan-12598,62
TLC MANAGEMENT OF NEW YORK INC,XXXX,NY,11XXX,CORPORATION,"JPMorgan Chase Bank, National Association",COLUMBUS,OH,432XX,628,9.25,V,23XXXX,81,1,Y,UNKNOWN,187269.36,200000,SUFFOLK,NY,1,Loan-12614,62
JNYD LLC,COLUMBUS,OH,43XXX,CORPORATION,"JPMorgan Chase Bank, National Association",COLUMBUS,OH,432XX,628,6.6,V,72XXXX,120,1,Y,UNKNOWN,0.0,130000,FRANKLIN,OH,0,Loan-12693,42
Monitor Nursery,MOUNT ANGEL,OR,97XXX,INDIVIDUAL,Umpqua Bank,Lake Oswego,OR,970XX,17266,7.25,V,11XXXX,65,1,N,UNKNOWN,10375.0,25000,MARION,OR,1,Loan-12720,62
One Sweet Day LLC,TAMPA,FL,33XXX,CORPORATION,"LiftFund, Inc.",San Antonio,TX,782XX,"LiftFund, -78210",9.0,V,72XXXX,96,0,Y,Y,0.0,145000,HILLSBOROUGH,FL,0,Loan-12725,23
W J GLASS LTD,RAVENNA,OH,44XXX,CORPORATION,The Huntington National Bank,COLUMBUS,OH,432XX,6560,6.05,F,23XXXX,60,0,N,UNKNOWN,0.0,17200,PORTAGE,OH,0,Loan-12767,61
WILLIAM  THORNTON,XXXX,AL,36XXX,INDIVIDUAL,First Financial Bank,El Dorado,AR,717XX,28905,6.65,F,11XXXX,144,0,N,UNKNOWN,0.0,62000,COFFEE,AL,0,Loan-12771,35
Akihana LLC,HOUSTON,TX,77XXX,INDIVIDUAL,Bank of Hope,LOS ANGELES,CA,900XX,26610,7.25,V,72XXXX,51,0,Y,UNKNOWN,86348.73,100000,HARRIS,TX,1,Loan-12788,62
GO-INFORMIDAS INC.,XXXX,NY,11XXX,CORPORATION,"TD Bank, National Association",WILMINGTON,DE,198XX,18409,10.88,V,54XXXX,75,1,N,UNKNOWN,24499.1,25000,NASSAU,NY,1,Loan-12832,62
Ndura System LLC,XXXX,NY,11XXX,CORPORATION,"TD Bank, National Association",WILMINGTON,DE,198XX,18409,10.88,V,23XXXX,84,0,N,UNKNOWN,24918.94,25000,NASSAU,NY,1,Loan-12883,62
REALNVEST LLC,LIVONIA,MI,48XXX,CORPORATION,The Huntington National Bank,COLUMBUS,OH,432XX,6560,6.25,V,54XXXX,120,1,N,UNKNOWN,0.0,50000,WAYNE,MI,0,Loan-12899,47
TR BROKER'S & ASSOCIATES CORP,Miami,FL,33XXX,CORPORATION,"TD Bank, National Association",WILMINGTON,DE,198XX,18409,10.54,V,54XXXX,39,0,N,UNKNOWN,22481.76,25000,MIAMI-DADE,FL,1,Loan-12932,62
ARON AMBRUS dba ARON AMBRUS CO,BRENTWOOD,CA,94XXX,INDIVIDUAL,"U.S. Bank, National Association",CINCINNATI,OH,452XX,6548,10.25,V,42XXXX,24,1,N,UNKNOWN,20521.63,30000,CONTRA COSTA,CA,1,Loan-12959,62
DJJK Inc,GARDENA,CA,90XXX,CORPORATION,Bank of Hope,LOS ANGELES,CA,900XX,26610,7.25,V,72XXXX,84,0,Y,UNKNOWN,0.0,194000,LOS ANGELES,CA,0,Loan-12996,47
My La's Frozen Yogurt LLC,XXXX,OH,45XXX,CORPORATION,The Citizens National Bank of Bluffton,XXXX,OH,458XX,6531,6.25,F,72XXXX,63,0,Y,UNKNOWN,0.0,29300,AUGLAIZE,OH,0,Loan-13066,53
Unlimited Medical Billing & Co,BURBANK,CA,91XXX,INDIVIDUAL,BayFirst National Bank,Saint Petersburg,FL,337XX,34997,7.5,V,56XXXX,76,0,Y,UNKNOWN,36973.33,50000,LOS ANGELES,CA,1,Loan-13124,62
WEST HOUSTON PATCH BOYS,KATY,TX,77XXX,INDIVIDUAL,"United Midwest Savings Bank, National Association",DE GRAFF,OH,433XX,32441,7.5,V,23XXXX,100,0,Y,Y,137837.86,150000,HARRIS,TX,1,Loan-13134,62
Zika Construction Corp,XXXX,NY,11XXX,CORPORATION,"TD Bank, National Association",WILMINGTON,DE,198XX,18409,8.24,V,23XXXX,28,0,N,UNKNOWN,83848.1,90000,SUFFOLK,NY,1,Loan-13137,62
CERTIFIED LIFE SAFETY LLC,XXXX,KS,66XXX,CORPORATION,"U.S. Bank, National Association",CINCINNATI,OH,452XX,6548,9.25,V,23XXXX,84,1,Y,UNKNOWN,0.0,50000,MIAMI,KS,0,Loan-13154,20
Davis & Mayer llc,Spring,TX,77XXX,CORPORATION,Manufacturers and Traders Trust Company,BUFFALO,NY,142XX,588,9.25,V,54XXXX,100,1,N,UNKNOWN,0.0,50000,MONTGOMERY,TX,0,Loan-13158,21
GoodWorks Global Inc,XXXX,NJ,76XXX,CORPORATION,"JPMorgan Chase Bank, National Association",COLUMBUS,OH,432XX,628,8.7,V,42XXXX,72,1,Y,UNKNOWN,173221.26,180000,BERGEN,NJ,1,Loan-13176,62
OHALLORAN ENDEAVORS,ARVADA,CO,80XXX,CORPORATION,"Wells Fargo Bank, National Association",SIOUX FALLS,SD,571XX,3511,10.25,V,61XXXX,69,1,N,UNKNOWN,9795.27,10000,JEFFERSON,CO,1,Loan-13210,53
Fitzgerald Spine and Sports Ca,VIENNA,VA,22XXX,CORPORATION,Umpqua Bank,Lake Oswego,OR,970XX,17266,7.5,V,62XXXX,85,0,Y,Y,278577.36,310100,FAIRFAX,VA,1,Loan-13318,60
Indy Hunt Inc,JERSEY CITY,NJ,73XXX,CORPORATION,"TD Bank, National Association",WILMINGTON,DE,198XX,18409,8.24,V,45XXXX,88,0,N,UNKNOWN,63589.76,64000,HUDSON,NJ,1,Loan-13336,62
L3 Fitness Florida LLC,PALM HARBOR,FL,34XXX,CORPORATION,United Community Bank,Greenville,SC,296XX,16889,6.75,V,71XXXX,92,0,Y,UNKNOWN,318877.12,430000,PINELLAS,FL,1,Loan-13355,58
MJ Service Incorporated,DARIEN,IL,60XXX,CORPORATION,"JPMorgan Chase Bank, National Association",COLUMBUS,OH,432XX,628,6.95,V,48XXXX,93,1,Y,UNKNOWN,350000.0,350000,DUPAGE,IL,1,Loan-13367,62
NEW GENERATION FITNESS INC.,Miami,FL,33XXX,CORPORATION,"TD Bank, National Association",WILMINGTON,DE,198XX,18409,10.24,V,71XXXX,120,1,N,UNKNOWN,0.0,15500,MIAMI-DADE,FL,0,Loan-13369,60
T & S Holdings Inc,UNIVERSITY PLACE,WA,98XXX,CORPORATION,Umpqua Bank,Lake Oswego,OR,970XX,17266,7.5,V,81XXXX,67,0,Y,Y,612593.93,743500,PIERCE,WA,1,Loan-13407,62
IPC Newark LLC,NEWARK,NJ,71XXX,CORPORATION,BayFirst National Bank,Saint Petersburg,FL,337XX,34997,7.5,V,23XXXX,99,0,Y,Y,139359.29,155000,ESSEX,NJ,1,Loan-13488,62
MBPCOSMETICS CORP,Boynton Beach,FL,33XXX,CORPORATION,"TD Bank, National Association",WILMINGTON,DE,198XX,18409,10.24,F,42XXXX,60,0,N,UNKNOWN,0.0,25000,PALM BEACH,FL,0,Loan-13513,58
Vitality Assisted living LLC,PEORIA,AZ,85XXX,CORPORATION,Arizona Financial Credit Union,PHOENIX,AZ,850XX,Arizona Fi-85008,6.25,V,62XXXX,300,0,N,Y,0.0,825000,MARICOPA,AZ,0,Loan-13567,57
WOLF PACK LAUNDROMAT LLC,CARSON CITY,NV,89XXX,CORPORATION,"Wells Fargo Bank, National Association",SIOUX FALLS,SD,571XX,3511,9.75,V,81XXXX,84,1,N,UNKNOWN,17804.42,20000,CARSON CITY,NV,1,Loan-13569,60
4C SERVICES LLC,MACON,IL,62XXX,CORPORATION,"United Midwest Savings Bank, National Association",DE GRAFF,OH,433XX,32441,7.5,V,56XXXX,102,0,Y,Y,73622.25,150000,MACON,IL,1,Loan-13586,62
Ciprari Enterprises LLC,XXXX,MA,19XXX,CORPORATION,Eastern Bank,Boston,MA,211XX,32773,6.75,F,72XXXX,48,0,Y,UNKNOWN,244551.51,349900,ESSEX,MA,1,Loan-13615,60
HTA Truck Lines Inc.,Burbank,CA,91XXX,CORPORATION,BMO Bank National Association,Chicago,IL,606XX,16571,7.5,V,48XXXX,63,0,Y,Y,218640.27,255800,LOS ANGELES,CA,1,Loan-13647,62
Tenvoorde Group LLC,SAINT CLOUD,MN,56XXX,CORPORATION,Kensington Bank,KENSINGTON,MN,563XX,1409,5.5,F,54XXXX,50,1,Y,UNKNOWN,0.0,150000,STEARNS,MN,0,Loan-13721,50
BACH INSTALLATIONS LLC,PORTSMOUTH,OH,45XXX,CORPORATION,"U.S. Bank, National Association",CINCINNATI,OH,452XX,6548,9.25,V,23XXXX,84,1,Y,UNKNOWN,0.0,24000,SCIOTO,OH,0,Loan-13762,50
LEBLEAUXENTERPRISE LLC,XXXX,GA,30XXX,CORPORATION,"Wells Fargo Bank, National Association",SIOUX FALLS,SD,571XX,3511,11.25,V,56XXXX,90,1,N,UNKNOWN,9569.5,10000,FULTON,GA,1,Loan-13838,61
MOBIL AUTO LLC,Rockville,MD,20XXX,CORPORATION,"TD Bank, National Association",WILMINGTON,DE,198XX,18409,10.88,V,81XXXX,103,0,N,UNKNOWN,23942.36,25000,MONTGOMERY,MD,1,Loan-13850,62
Puppy Love Inc.,WATERFORD,MI,48XXX,CORPORATION,BayFirst National Bank,Saint Petersburg,FL,337XX,34997,7.5,V,81XXXX,73,0,Y,Y,79367.83,110000,OAKLAND,MI,1,Loan-13875,62
Shur Law Co. LPA,XXXX,OH,45XXX,CORPORATION,The Huntington National Bank,COLUMBUS,OH,432XX,6560,6.75,V,54XXXX,120,1,N,UNKNOWN,0.0,50000,HAMILTON,OH,0,Loan-13889,58
Vitality Care Center,PRESCOTT,AZ,86XXX,CORPORATION,CDC Small Business Finance Corp.,San Diego,CA,921XX,CDC Small -92106,10.75,V,62XXXX,26,0,Y,UNKNOWN,19691.79,30000,YAVAPAI,AZ,1,Loan-13911,61
2 'N 1 Home and Lawn LLC,KENNESAW,GA,30XXX,CORPORATION,"Newtek Small Business Finance, Inc.",LAKE SUCCESS,NY,110XX,Newtek Sma-11042,11.25,V,56XXXX,93,0,Y,UNKNOWN,22198.52,25000,COBB,GA,1,Loan-13920,61
Redline Powersports LLC,MYRTLE BEACH,SC,29XXX,CORPORATION,Live Oak Banking Company,WILMINGTON,NC,284XX,58665,6.25,F,44XXXX,120,0,Y,Y,0.0,900000,HORRY,SC,0,Loan-14035,57
Thisaflycloset L C.,BOWIE,MD,20XXX,INDIVIDUAL,"Newtek Small Business Finance, Inc.",LAKE SUCCESS,NY,110XX,Newtek Sma-11042,11.25,V,44XXXX,96,0,Y,UNKNOWN,22923.17,25000,PRINCE GEORGES,MD,1,Loan-14057,62
Advanaced Hair Care and Beauty,Cleveland,OH,44XXX,CORPORATION,The Huntington National Bank,COLUMBUS,OH,432XX,6560,6.25,V,44XXXX,120,1,N,UNKNOWN,0.0,25000,CUYAHOGA,OH,0,Loan-14077,56
David Rossiter,Pickerington,OH,43XXX,INDIVIDUAL,The Huntington National Bank,COLUMBUS,OH,432XX,6560,6.75,V,23XXXX,120,1,N,UNKNOWN,0.0,50000,FAIRFIELD,OH,0,Loan-14117,58
Performance Therapy and Fitnes,XXXX,NY,13XXX,CORPORATION,Manufacturers and Traders Trust Company,BUFFALO,NY,142XX,588,9.25,V,62XXXX,60,0,N,UNKNOWN,0.0,75000,FULTON,NY,0,Loan-14193,60
Bermani Transport LLC,SHELBY TOWNSHIP,MI,48XXX,CORPORATION,"JPMorgan Chase Bank, National Association",COLUMBUS,OH,432XX,628,7.9,F,48XXXX,62,0,Y,UNKNOWN,86782.43,101000,MACOMB,MI,1,Loan-14270,61
Bush83 LLC,Warren,OH,44XXX,CORPORATION,The Farmers National Bank of Canfield,XXXX,OH,444XX,6540,7.25,V,72XXXX,102,0,Y,UNKNOWN,125188.6,150000,TRUMBULL,OH,1,Loan-14276,61
Devil Dog Tools LLC,Waco,TX,76XXX,CORPORATION,The First National Bank of McGregor d/b/a TFNB Your Bank for,MCGREGOR,TX,766XX,3330,7.5,V,44XXXX,56,0,Y,UNKNOWN,116766.53,146400,MCLENNAN,TX,1,Loan-14303,62
Edge On Street Inc,DENVER,CO,80XXX,CORPORATION,Cadence Bank,TUPELO,MS,388XX,11813,7.5,V,44XXXX,76,0,Y,Y,222811.4,250000,DENVER,CO,1,Loan-14313,61
Make It Greener Full Service L,TULSA,OK,74XXX,CORPORATION,"JPMorgan Chase Bank, National Association",COLUMBUS,OH,432XX,628,11.25,V,56XXXX,77,1,Y,UNKNOWN,43906.4,44000,TULSA,OK,1,Loan-14358,62
P&R GRAPHICS INC.,XXXX,IL,60XXX,CORPORATION,"PNC Bank, National Association",WILMINGTON,DE,198XX,6384,6.75,V,32XXXX,120,1,N,UNKNOWN,0.0,45000,COOK,IL,0,Loan-14373,60
Six Ten Studio - Flower Mound,Flower Mound,TX,75XXX,CORPORATION,Celtic Bank Corporation,SALT LAKE CITY,UT,841XX,57056,7.0,V,71XXXX,110,0,Y,Y,526560.7,841500,DENTON,TX,1,Loan-14409,55
Six Ten Studio - Southlake LL,Southlake,TX,76XXX,CORPORATION,Celtic Bank Corporation,SALT LAKE CITY,UT,841XX,57056,7.0,V,71XXXX,101,0,Y,Y,454348.46,881400,TARRANT,TX,1,Loan-14410,61
Steve Lee & Associates LLC,OAK PARK,CA,91XXX,CORPORATION,Main Street Launch,Oakland,CA,946XX,Main Stree-94612,7.75,V,54XXXX,83,0,Y,Y,67702.11,190000,LOS ANGELES,CA,1,Loan-14415,61
A 2 z pool service INC,MIAMI,FL,33XXX,CORPORATION,"TD Bank, National Association",WILMINGTON,DE,198XX,18409,10.54,V,56XXXX,101,1,N,UNKNOWN,12130.97,15000,MIAMI-DADE,FL,1,Loan-14453,60
Austin Pool Pros LLC,KYLE,TX,78XXX,CORPORATION,"Wells Fargo Bank, National Association",SIOUX FALLS,SD,571XX,3511,6.5,V,81XXXX,79,1,N,UNKNOWN,51226.05,100000,HAYS,TX,1,Loan-14472,60
FLORIDA CAREER TRANSITIONS LL,PENSACOLA,FL,32XXX,CORPORATION,"United Midwest Savings Bank, National Association",DE GRAFF,OH,433XX,32441,7.5,V,61XXXX,75,0,Y,Y,110666.84,150000,ESCAMBIA,FL,1,Loan-14503,62
FORWARD FREIGHT SYSTEMS INC.,XXXX,IL,60XXX,CORPORATION,IncredibleBank,WAUSAU,WI,544XX,19772,7.5,V,48XXXX,120,0,Y,Y,1884167.31,2425500,DUPAGE,IL,1,Loan-14504,62
JAIME ROBERTO ALVAREZ,TUCSON,AZ,85XXX,INDIVIDUAL,"JPMorgan Chase Bank, National Association",COLUMBUS,OH,432XX,628,11.165,F,48XXXX,84,0,Y,UNKNOWN,0.0,10100,PIMA,AZ,0,Loan-14524,11
Kramer Equities LLC dba All Ab,HILLSBORO,OR,97XXX,CORPORATION,HomeStreet Bank,SEATTLE,WA,981XX,32489,7.5,V,71XXXX,103,0,Y,Y,171832.19,303000,WASHINGTON,OR,1,Loan-14540,61
MILLWORK SOLUTIONS NY INC.,Brooklyn,NY,11XXX,CORPORATION,"TD Bank, National Association",WILMINGTON,DE,198XX,18409,10.54,V,32XXXX,102,0,N,UNKNOWN,24000.0,25000,KINGS,NY,1,Loan-14559,61
MONIQUE A DECARTARET,ARLINGTON,TX,76XXX,INDIVIDUAL,"Wells Fargo Bank, National Association",SIOUX FALLS,SD,571XX,3511,10.25,V,48XXXX,72,1,N,UNKNOWN,12347.31,15000,TARRANT,TX,1,Loan-14562,61
PlanetXone Ltd. LLC,SAN FRANCISCO,CA,94XXX,CORPORATION,Cadence Bank,TUPELO,MS,388XX,11813,7.5,V,71XXXX,83,0,Y,Y,138563.12,145000,SAN FRANCISCO,CA,1,Loan-14577,61
SHADY HILL PET LLC,SPRING HILL,FL,34XXX,CORPORATION,"PNC Bank, National Association",WILMINGTON,DE,198XX,6384,11.25,V,45XXXX,84,1,N,UNKNOWN,0.0,10000,PASCO,FL,0,Loan-14593,26
BANKERSRX LLC,DUBLIN,OH,43XXX,CORPORATION,"JPMorgan Chase Bank, National Association",COLUMBUS,OH,432XX,628,9.13,F,54XXXX,60,0,Y,UNKNOWN,0.0,52600,FRANKLIN,OH,0,Loan-14650,48
Bosh Housing Group LLC,WESTLAKE,OH,44XXX,CORPORATION,"U.S. Bank, National Association",CINCINNATI,OH,452XX,6548,11.25,V,23XXXX,29,1,Y,UNKNOWN,24603.86,30000,CUYAHOGA,OH,1,Loan-14655,61
C&T Shield LLC,KENNESAW,GA,30XXX,CORPORATION,"United Midwest Savings Bank, National Association",DE GRAFF,OH,433XX,32441,7.5,V,81XXXX,70,0,Y,Y,105442.32,150000,COBB,GA,1,Loan-14658,62
EISNER CORP,Monroe,NY,10XXX,CORPORATION,Manufacturers and Traders Trust Company,BUFFALO,NY,142XX,588,9.25,V,23XXXX,120,1,N,UNKNOWN,0.0,90000,ORANGE,NY,0,Loan-14685,47
HNL TRANS LLC,PALISADES PARK,NJ,76XXX,CORPORATION,"PNC Bank, National Association",WILMINGTON,DE,198XX,6384,7.65,V,48XXXX,68,1,N,UNKNOWN,13006.23,25000,BERGEN,NJ,1,Loan-14710,61
JLF Enterprise Inc,XXXX,VA,22XXX,CORPORATION,Hanmi Bank,LOS ANGELES,CA,900XX,24170,7.0,V,72XXXX,77,0,Y,Y,0.0,445000,FAIRFAX,VA,0,Loan-14727,45
JMAD Enterprises Inc,Columbia,SC,29XXX,CORPORATION,"United Midwest Savings Bank, National Association",DE GRAFF,OH,433XX,32441,7.5,V,23XXXX,102,0,Y,Y,91642.44,100000,RICHLAND,SC,1,Loan-14728,62
The Breaks Coffee Roasting Co,Sioux Falls,SD,57XXX,CORPORATION,The First National Bank in Sioux Falls,SIOUX FALLS,SD,571XX,4016,5.5,F,72XXXX,90,0,Y,UNKNOWN,0.0,125000,MINNEHAHA,SD,0,Loan-14813,54
Winner Circle Chrysler Dodge J,HAMPTON,VA,23XXX,CORPORATION,Live Oak Banking Company,WILMINGTON,NC,284XX,58665,5.75,F,44XXXX,120,0,Y,Y,0.0,1800000,HAMPTON CITY,VA,0,Loan-14836,47
Confetti Momma LLC,LAFAYETTE,LA,70XXX,CORPORATION,BankFirst Financial Services,COLUMBUS,MS,397XX,8870,7.5,V,45XXXX,86,0,Y,Y,163671.78,199100,LAFAYETTE,LA,1,Loan-14867,61
Elmore Mountain Therapeutics L,Morrisville,VT,56XXX,CORPORATION,Union Bank,MORRISVILLE,VT,566XX,14158,6.75,V,32XXXX,48,1,Y,UNKNOWN,0.0,30000,LAMOILLE,VT,0,Loan-14884,48
GEORGE AND GRETCHEN INC.,Anaheim,CA,92XXX,CORPORATION,CDC Small Business Finance Corp.,San Diego,CA,921XX,CDC Small -92106,10.75,V,72XXXX,120,0,Y,Y,0.0,220000,ORANGE,CA,0,Loan-14894,44
LYMI INC,TUCSON,AZ,85XXX,CORPORATION,"U.S. Bank, National Association",CINCINNATI,OH,452XX,6548,11.25,V,56XXXX,84,1,N,UNKNOWN,0.0,25000,PIMA,AZ,0,Loan-14928,40
Autoworx By Streetwise Inc,XXXX,CA,91XXX,CORPORATION,CDC Small Business Finance Corp.,San Diego,CA,921XX,CDC Small -92106,9.5,V,81XXXX,83,0,Y,Y,128845.3,150000,LOS ANGELES,CA,1,Loan-15015,59
BYRDIE GOLF LLC,COEUR D ALENE,ID,83XXX,CORPORATION,"U.S. Bank, National Association",CINCINNATI,OH,452XX,6548,11.25,V,42XXXX,31,1,N,UNKNOWN,11561.14,15000,KOOTENAI,ID,1,Loan-15029,61
Global SJK Inc,XXXX,TX,75XXX,CORPORATION,Bank of Hope,LOS ANGELES,CA,900XX,26610,6.25,V,72XXXX,60,0,Y,UNKNOWN,0.0,70000,DALLAS,TX,0,Loan-15070,59
House and Order LLC,Ann Arbor,MI,48XXX,CORPORATION,The Huntington National Bank,COLUMBUS,OH,432XX,6560,7.25,V,56XXXX,80,1,N,UNKNOWN,24590.51,25000,WASHTENAW,MI,1,Loan-15089,61
J C BONILLA LLC,DOWNEY,CA,90XXX,CORPORATION,"U.S. Bank, National Association",CINCINNATI,OH,452XX,6548,7.99,F,44XXXX,60,0,Y,UNKNOWN,0.0,20000,LOS ANGELES,CA,0,Loan-15094,44
John L. Anderson,XXXX,WI,54XXX,INDIVIDUAL,Nicolet National Bank,GREEN BAY,WI,543XX,57038,5.75,F,72XXXX,258,0,Y,UNKNOWN,0.0,267000,DOOR,WI,0,Loan-15101,26
MADDING RENOVATIONS LLC,XXXX,KY,42XXX,CORPORATION,"U.S. Bank, National Association",CINCINNATI,OH,452XX,6548,9.25,V,23XXXX,53,1,N,UNKNOWN,29325.13,30000,MARSHALL,KY,1,Loan-15114,61
Northwest Precision Inc.,SUMNER,WA,98XXX,CORPORATION,Umpqua Bank,Lake Oswego,OR,970XX,17266,7.25,V,33XXXX,120,1,N,UNKNOWN,0.0,15000,PIERCE,WA,0,Loan-15126,44
NotePros Solutions LLC,STATEN ISLAND,NY,10XXX,CORPORATION,"United Midwest Savings Bank, National Association",DE GRAFF,OH,433XX,32441,7.5,V,53XXXX,90,0,Y,Y,126420.74,150000,RICHMOND,NY,1,Loan-15127,61
Shallowhorn Consulting LLC,Amherst,NY,14XXX,CORPORATION,Manufacturers and Traders Trust Company,BUFFALO,NY,142XX,588,11.25,V,54XXXX,120,1,N,UNKNOWN,0.0,10000,ERIE,NY,0,Loan-15168,45
SKA TECH LLC,CAMAS,WA,98XXX,CORPORATION,"U.S. Bank, National Association",CINCINNATI,OH,452XX,6548,7.99,F,45XXXX,15,0,Y,UNKNOWN,31689.02,50000,CLARK,WA,1,Loan-15170,61
STUDIO 531 LLC,XXXX,MD,20XXX,CORPORATION,Manufacturers and Traders Trust Company,BUFFALO,NY,142XX,588,11.25,V,54XXXX,71,0,N,UNKNOWN,0.0,44500,CHARLES,MD,0,Loan-15182,19
The Crazy House LLC,XXXX,WY,82XXX,CORPORATION,BayFirst National Bank,Saint Petersburg,FL,337XX,34997,7.5,V,44XXXX,75,0,Y,Y,95238.81,150000,NATRONA,WY,1,Loan-15190,58
TOTAL NYC INC,XXXX,NY,11XXX,CORPORATION,Manufacturers and Traders Trust Company,BUFFALO,NY,142XX,588,9.25,V,23XXXX,52,1,Y,UNKNOWN,99038.0,100000,QUEENS,NY,1,Loan-15195,61
TRI QUALITY PAINTING INC.,XXXX,CA,92XXX,CORPORATION,"U.S. Bank, National Association",CINCINNATI,OH,452XX,6548,9.25,V,23XXXX,35,1,Y,UNKNOWN,32117.3,33200,RIVERSIDE,CA,1,Loan-15196,61
VDV EXPRESS INCORPORATED,CAROL STREAM,IL,60XXX,CORPORATION,Cadence Bank,TUPELO,MS,388XX,11813,7.5,V,48XXXX,65,0,Y,Y,157753.23,200000,DUPAGE,IL,1,Loan-15205,61
Bamas Gourmet Sauces Inc,EUGENE,OR,97XXX,CORPORATION,Umpqua Bank,Lake Oswego,OR,970XX,17266,7.25,V,31XXXX,72,1,N,UNKNOWN,21624.74,25000,MULTNOMAH,OR,1,Loan-15229,60
BT FREIGHT INC.,CHICAGO,IL,60XXX,CORPORATION,"JPMorgan Chase Bank, National Association",COLUMBUS,OH,432XX,628,9.55,F,48XXXX,84,0,Y,UNKNOWN,0.0,15200,COOK,IL,0,Loan-15237,27
DB MANUFACTURING INC,BRAINERD,MN,56XXX,CORPORATION,BankVista,SARTELL,MN,563XX,35406,7.5,V,33XXXX,65,1,Y,UNKNOWN,149893.36,150000,CROW WING,MN,1,Loan-15245,61
Guardian Survival Gear Inc.,BOISE,ID,83XXX,CORPORATION,Banner Bank,WALLA WALLA,WA,993XX,28489,5.75,V,45XXXX,63,1,Y,UNKNOWN,319333.76,300000,ADA,ID,1,Loan-15269,61
HOTSUGARPOP LLC,FAYETTEVILLE,NC,28XXX,CORPORATION,"PNC Bank, National Association",WILMINGTON,DE,198XX,6384,11.25,V,44XXXX,107,0,N,UNKNOWN,0.0,20000,CUMBERLAND,NC,0,Loan-15275,57
LC Serve LLC,TEMPE,AZ,85XXX,CORPORATION,"United Midwest Savings Bank, National Association",DE GRAFF,OH,433XX,32441,7.5,V,56XXXX,101,0,Y,Y,130676.73,150000,MARICOPA,AZ,1,Loan-15297,61
Mountaineer Upfit Solutions,CHARLESTON,WV,25XXX,CORPORATION,"MVB Bank, Inc.",FAIRMONT,WV,265XX,34603,4.8,F,44XXXX,60,0,Y,UNKNOWN,0.0,12200,KANAWHA,WV,0,Loan-15305,59
ROYAL PEST CONTROL LLC,Miami,FL,33XXX,CORPORATION,"TD Bank, National Association",WILMINGTON,DE,198XX,18409,10.24,V,56XXXX,90,0,N,UNKNOWN,0.0,20000,MIAMI-DADE,FL,0,Loan-15318,49
SILVERBACK TRUCKING LLC,SPOKANE,WA,99XXX,CORPORATION,Numerica CU,SPOKANE VALLEY,WA,992XX,Numerica C-99216,6.0,F,48XXXX,85,0,Y,UNKNOWN,0.0,100000,SPOKANE,WA,0,Loan-15322,18
Abreu service and repair inc.,Miami,FL,33XXX,CORPORATION,"TD Bank, National Association",WILMINGTON,DE,198XX,18409,10.54,V,23XXXX,120,1,N,UNKNOWN,7230.0,40000,MIAMI-DADE,FL,1,Loan-15349,61
BIG MICH INC,CICERO,IL,60XXX,CORPORATION,"PNC Bank, National Association",WILMINGTON,DE,198XX,6384,8.25,V,31XXXX,6,1,N,UNKNOWN,49465.5,50000,COOK,IL,1,Loan-15376,61
Chaos Investments LLC,XXXX,OR,97XXX,CORPORATION,"U.S. Bank, National Association",CINCINNATI,OH,452XX,6548,9.25,V,54XXXX,45,1,N,UNKNOWN,50875.3,51000,LINCOLN,OR,1,Loan-15385,60
Chin-See Inc.,Orlando,FL,32XXX,CORPORATION,"TD Bank, National Association",WILMINGTON,DE,198XX,18409,5.5,F,81XXXX,60,0,N,UNKNOWN,0.0,100000,ORANGE,FL,0,Loan-15387,59
Choy Acupuncture Clinic,LOS ANGELES,CA,90XXX,INDIVIDUAL,Cadence Bank,TUPELO,MS,388XX,11813,7.5,V,62XXXX,89,0,Y,Y,144014.27,150000,LOS ANGELES,CA,1,Loan-15389,61
FOUR HUNDRED EVENTS LLC,XXXX,FL,33XXX,CORPORATION,"TD Bank, National Association",WILMINGTON,DE,198XX,18409,10.24,F,53XXXX,28,0,N,UNKNOWN,9715.16,15000,PASCO,FL,1,Loan-15412,61
FOX RIVER PETRO LLC,XXXX,IL,60XXX,CORPORATION,Byline Bank,CHICAGO,IL,606XX,20624,7.5,V,44XXXX,278,0,Y,Y,557973.72,770000,KANE,IL,1,Loan-15413,61
R1 BCS Inc.,XXXX,TX,77XXX,CORPORATION,"United Midwest Savings Bank, National Association",DE GRAFF,OH,433XX,32441,7.5,V,56XXXX,85,0,Y,Y,118184.07,150000,BRAZOS,TX,1,Loan-15484,61
VALLEY EXCAVATION & GRADING I,CHATSWORTH,CA,91XXX,CORPORATION,"U.S. Bank, National Association",CINCINNATI,OH,452XX,6548,7.99,F,23XXXX,60,0,Y,UNKNOWN,0.0,50000,LOS ANGELES,CA,0,Loan-15519,59
Daylily Animal Hospital PLLC,FLORENCE,TX,76XXX,CORPORATION,Simmons Bank,PINE BLUFF,AR,716XX,3890,6.25,V,54XXXX,99,0,N,UNKNOWN,0.0,163000,WILLIAMSON,TX,0,Loan-15571,23
PODANY ASSETS INC,CHAMPLIN,MN,55XXX,CORPORATION,BankVista,SARTELL,MN,563XX,35406,6.75,V,44XXXX,111,0,Y,Y,172025.66,360000,HENNEPIN,MN,1,Loan-15645,61
Segue88 Inc. dba Homewatch Car,Overland Park,KS,66XXX,CORPORATION,"United Midwest Savings Bank, National Association",DE GRAFF,OH,433XX,32441,7.5,V,62XXXX,80,0,Y,Y,119074.76,150000,JOHNSON,KS,1,Loan-15659,61
Stephen Petersen Enterprises ,Downers Grove,IL,60XXX,CORPORATION,Servbank SB,XXXX,IL,605XX,55130,7.5,V,52XXXX,120,0,Y,Y,0.0,150000,DUPAGE,IL,0,Loan-15666,59
STEVEN F BALTER,SEATTLE,WA,98XXX,INDIVIDUAL,Banner Bank,WALLA WALLA,WA,993XX,28489,7.25,V,23XXXX,85,0,Y,UNKNOWN,25000.0,25000,KING,WA,1,Loan-15667,61
United Shipping Solutions NY1,Brooklyn,NY,11XXX,CORPORATION,Manufacturers and Traders Trust Company,BUFFALO,NY,142XX,588,9.25,V,49XXXX,69,0,N,UNKNOWN,0.0,100000,KINGS,NY,0,Loan-15683,30
Upon This Rock LLC,CENTRAL POINT,OR,97XXX,CORPORATION,Banner Bank,WALLA WALLA,WA,993XX,28489,5.25,F,23XXXX,59,0,Y,UNKNOWN,0.0,147800,JACKSON,OR,0,Loan-15686,60
Yard Works Design LLC,DENVER,CO,80XXX,CORPORATION,Five Star Bank,Rancho Cordova,CA,956XX,35361,7.5,V,54XXXX,120,0,Y,Y,0.0,145000,DENVER,CO,0,Loan-15696,44
ACES Logistics Corp,XXXX,NJ,88XXX,CORPORATION,"TD Bank, National Association",WILMINGTON,DE,198XX,18409,10.88,V,48XXXX,120,1,N,UNKNOWN,0.0,25000,WARREN,NJ,0,Loan-15701,56
FADI KAYYALI Inc.,Westlake,OH,44XXX,CORPORATION,The Huntington National Bank,COLUMBUS,OH,432XX,6560,6.5,V,54XXXX,77,1,N,UNKNOWN,51345.14,52000,CUYAHOGA,OH,1,Loan-15733,61
KIDSEAZ LLC,MONSEY,NY,10XXX,CORPORATION,"TD Bank, National Association",WILMINGTON,DE,198XX,18409,10.24,V,42XXXX,99,0,N,UNKNOWN,0.0,25000,ORANGE,NY,0,Loan-15770,46
Spiris Inc,XXXX,IN,47XXX,CORPORATION,BayFirst National Bank,Saint Petersburg,FL,337XX,34997,7.5,V,52XXXX,97,0,Y,UNKNOWN,151460.49,350000,TIPPECANOE,IN,1,Loan-15812,58
TLS Beauty Group LLC,Staten Island,NY,10XXX,CORPORATION,"TD Bank, National Association",WILMINGTON,DE,198XX,18409,10.54,V,81XXXX,120,0,N,UNKNOWN,0.0,40000,RICHMOND,NY,0,Loan-15825,55
Dat Chicken LLC,NEW ORLEANS,LA,70XXX,CORPORATION,"JPMorgan Chase Bank, National Association",COLUMBUS,OH,432XX,628,9.25,V,72XXXX,73,1,Y,UNKNOWN,0.0,60000,ORLEANS,LA,0,Loan-15868,48
GITI MASSOUDIAN D.D.S INC.,SAN PEDRO,CA,90XXX,CORPORATION,BayFirst National Bank,Saint Petersburg,FL,337XX,34997,7.5,V,62XXXX,120,0,Y,UNKNOWN,0.0,200000,LOS ANGELES,CA,0,Loan-15894,14
Marla Enterprise LLC,SOUTHAMPTON,PA,18XXX,CORPORATION,Cadence Bank,TUPELO,MS,388XX,11813,7.0,V,45XXXX,75,0,Y,Y,0.0,741200,BUCKS,PA,0,Loan-15917,48
Pennyroyal Station LLC,XXXX,MD,20XXX,CORPORATION,Prince George's County Financial Services Corporation,XXXX,MD,207XX,Prince Geo-20774,10.75,V,72XXXX,120,0,Y,UNKNOWN,0.0,110000,PRINCE GEORGES,MD,0,Loan-15940,33
RescueMD PLLC,ALLEN,TX,75XXX,CORPORATION,Truist Bank,CHARLOTTE,NC,282XX,9846,7.04,F,62XXXX,60,0,N,UNKNOWN,0.0,243000,COLLIN,TX,0,Loan-15952,36
THE SERVICE SPECIALISTS CO. I,CINCINNATI,OH,45XXX,CORPORATION,The Huntington National Bank,COLUMBUS,OH,432XX,6560,6.75,V,23XXXX,95,0,N,UNKNOWN,74482.01,75000,HAMILTON,OH,1,Loan-15984,61
APOLLO AND DAPHNE LLC,COLORADO SPRINGS,CO,80XXX,CORPORATION,"U.S. Bank, National Association",CINCINNATI,OH,452XX,6548,7.74,F,44XXXX,48,0,Y,UNKNOWN,0.0,20000,EL PASO,CO,0,Loan-16018,49
BARE BEAUTY SPATIQUE LLC,HOUSTON,TX,77XXX,CORPORATION,"Wells Fargo Bank, National Association",SIOUX FALLS,SD,571XX,3511,11.25,V,81XXXX,65,1,N,UNKNOWN,14774.14,15000,HARRIS,TX,1,Loan-16021,60
FIT LIFE GLOBAL,ANAHEIM,CA,92XXX,CORPORATION,Cadence Bank,TUPELO,MS,388XX,11813,7.5,V,31XXXX,83,0,Y,Y,193042.7,200000,ORANGE,CA,1,Loan-16059,60
HALAL CROWN FRIED CHICKEN & GY,XXXX,NJ,75XXX,CORPORATION,"TD Bank, National Association",WILMINGTON,DE,198XX,18409,9.25,V,72XXXX,102,1,N,UNKNOWN,13998.25,14000,PASSAIC,NJ,1,Loan-16071,61
Pioneer Flooring LLC,XXXX,AR,72XXX,CORPORATION,Arvest Bank,FAYETTEVILLE,AR,727XX,8728,7.0,F,23XXXX,97,1,Y,UNKNOWN,0.0,25000,BENTON,AR,0,Loan-16116,35
AMC GENERAL CONTRACTOR LTD,CHICAGO,IL,60XXX,CORPORATION,"U.S. Bank, National Association",CINCINNATI,OH,452XX,6548,9.25,V,23XXXX,43,1,Y,UNKNOWN,30244.98,30000,COOK,IL,1,Loan-16190,61
HEENA BEAUTY INC,SAN FRANCISCO,CA,94XXX,CORPORATION,"U.S. Bank, National Association",CINCINNATI,OH,452XX,6548,6.67,F,81XXXX,120,0,Y,UNKNOWN,0.0,201800,SAN FRANCISCO,CA,0,Loan-16231,52
MR Chippewa Environmental Inc,XXXX,OH,44XXX,CORPORATION,The Huntington National Bank,COLUMBUS,OH,432XX,6560,7.5,V,56XXXX,2,1,Y,UNKNOWN,49919.38,50000,WAYNE,OH,1,Loan-16267,49
OLKAM LLC,Seattle,WA,98XXX,CORPORATION,Banner Bank,WALLA WALLA,WA,993XX,28489,6.75,V,23XXXX,120,1,Y,UNKNOWN,0.0,75000,KING,WA,0,Loan-16274,60
Wynn Wellness Center LLC,Fairfax,VA,22XXX,CORPORATION,Manufacturers and Traders Trust Company,BUFFALO,NY,142XX,588,9.25,V,62XXXX,75,0,N,UNKNOWN,21618.8,30000,FAIRFAX,VA,1,Loan-16346,61
ALLRITE CONSTRUCTION CO. INC. ,XXXX,OH,44XXX,CORPORATION,The Huntington National Bank,COLUMBUS,OH,432XX,6560,6.55,F,23XXXX,60,0,N,UNKNOWN,0.0,16200,PORTAGE,OH,0,Loan-16361,52
Bent Rail Brewing LLC,Westfield,WI,53XXX,CORPORATION,Fortifi Bank,BERLIN,WI,549XX,5286,6.75,V,72XXXX,68,0,Y,UNKNOWN,131443.19,272500,MARQUETTE,WI,1,Loan-16370,60
Charlie Enterprise,PASADENA,CA,91XXX,CORPORATION,Bank of Hope,LOS ANGELES,CA,900XX,26610,7.0,V,72XXXX,46,0,Y,UNKNOWN,90201.12,140000,LOS ANGELES,CA,1,Loan-16381,60
J. Whatley Enterprises LLC,XXXX,TX,79XXX,CORPORATION,"United Midwest Savings Bank, National Association",DE GRAFF,OH,433XX,32441,7.5,V,56XXXX,99,0,Y,Y,133598.76,150000,GRAY,TX,1,Loan-16441,61
Jolly Premium Group LLC,JACKSONVILLE,NC,28XXX,CORPORATION,"United Midwest Savings Bank, National Association",DE GRAFF,OH,433XX,32441,7.5,V,23XXXX,101,0,Y,Y,113792.09,125000,ONSLOW,NC,1,Loan-16450,61
LJ FOOTCARE LLC,SAN DIEGO,CA,92XXX,CORPORATION,"U.S. Bank, National Association",CINCINNATI,OH,452XX,6548,7.99,F,81XXXX,60,0,Y,UNKNOWN,0.0,30000,SAN DIEGO,CA,0,Loan-16463,24
NEW AMERICAN GARDENS INC.,BARRINGTON,IL,60XXX,CORPORATION,"JPMorgan Chase Bank, National Association",COLUMBUS,OH,432XX,628,9.5,F,54XXXX,60,0,Y,UNKNOWN,0.0,24400,COOK,IL,0,Loan-16479,35
OWYHEE TILE LLC,XXXX,ID,83XXX,CORPORATION,"U.S. Bank, National Association",CINCINNATI,OH,452XX,6548,9.25,V,23XXXX,84,1,Y,UNKNOWN,0.0,42000,OWYHEE,ID,0,Loan-16487,13
Pesaro,XXXX,NJ,70XXX,CORPORATION,Trenton Business Assistance Corporation,Princeton,NJ,854XX,Trenton Bu-8540,7.75,V,72XXXX,97,0,N,Y,114949.58,200000,BERGEN,NJ,1,Loan-16489,61
A FAMILY A FAIR FOOD CONCESSIO,CINCINNATI,OH,45XXX,CORPORATION,"U.S. Bank, National Association",CINCINNATI,OH,452XX,6548,7.99,F,72XXXX,16,0,Y,UNKNOWN,27450.63,30000,CLERMONT,OH,1,Loan-16547,60
GARBO GRAPHICS LLC,LAFAYETTE,CA,94XXX,CORPORATION,"U.S. Bank, National Association",CINCINNATI,OH,452XX,6548,9.25,V,54XXXX,84,1,N,UNKNOWN,0.0,75000,CONTRA COSTA,CA,0,Loan-16590,44
Gorgousstylist LLC,Orlando,FL,32XXX,CORPORATION,"TD Bank, National Association",WILMINGTON,DE,198XX,18409,10.54,V,81XXXX,34,0,N,UNKNOWN,29709.89,30000,ORANGE,FL,1,Loan-16595,61
Off Lease Auto Sales Inc. dba ,FAIRFAX,VA,22XXX,CORPORATION,"Wells Fargo Bank, National Association",SIOUX FALLS,SD,571XX,3511,10.25,V,44XXXX,78,1,N,UNKNOWN,14133.22,20000,FAIRFAX,VA,1,Loan-16651,61
PAX CONSULTING GROUP INC,SHERMAN OAKS,CA,91XXX,CORPORATION,"U.S. Bank, National Association",CINCINNATI,OH,452XX,6548,9.25,V,54XXXX,84,1,N,UNKNOWN,0.0,100000,LOS ANGELES,CA,0,Loan-16661,41
Rajiv Kadam,MISSION VIEJO,CA,92XXX,INDIVIDUAL,"U.S. Bank, National Association",CINCINNATI,OH,452XX,6548,7.99,F,81XXXX,60,0,Y,UNKNOWN,0.0,45000,ORANGE,CA,0,Loan-16673,59
THE GYM-NEST LTD.,XXXX,TX,76XXX,CORPORATION,"Wells Fargo Bank, National Association",SIOUX FALLS,SD,571XX,3511,5.55,F,61XXXX,68,0,Y,UNKNOWN,38013.33,108100,WASHINGTON,OR,1,Loan-16705,61
1 STOP AUTO INC,XXXX,MI,48XXX,CORPORATION,The Huntington National Bank,COLUMBUS,OH,432XX,6560,6.0,V,81XXXX,120,1,N,UNKNOWN,0.0,25000,WAYNE,MI,0,Loan-16731,59
58Concepts Inc.,Denver,CO,80XXX,CORPORATION,"United Midwest Savings Bank, National Association",DE GRAFF,OH,433XX,32441,7.5,V,54XXXX,85,0,Y,Y,76634.5,100000,DENVER,CO,1,Loan-16734,61
Air-Tight Weatherization LLC,Middleton,MA,19XXX,CORPORATION,"North Shore Bank, a Co-operative Bank",Peabody,MA,196XX,26484,4.75,F,23XXXX,120,0,Y,UNKNOWN,0.0,420000,ESSEX,MA,0,Loan-16739,58
DALFIT Alpha LLC,Dallas,TX,75XXX,CORPORATION,Midwest Regional Bank,FESTUS,MO,630XX,8889,7.5,V,71XXXX,90,0,Y,Y,229587.78,681000,DALLAS,TX,1,Loan-16766,53
FOUR PAWS HOTEL AND DAYCARE LL,XXXX,NJ,87XXX,CORPORATION,"TD Bank, National Association",WILMINGTON,DE,198XX,18409,10.24,V,81XXXX,98,1,N,UNKNOWN,24945.1,25000,OCEAN,NJ,1,Loan-16783,61
Hagler and Associates Inc.,XXXX,OH,45XXX,CORPORATION,The Huntington National Bank,COLUMBUS,OH,432XX,6560,7.0,V,44XXXX,32,1,N,UNKNOWN,50048.13,50000,HAMILTON,OH,1,Loan-16790,59
Ironklad Fitness Inc,XXXX,MA,21XXX,CORPORATION,Coastal Heritage Bank,XXXX,MA,218XX,26591,6.0,F,81XXXX,60,0,Y,UNKNOWN,0.0,60000,NORFOLK,MA,0,Loan-16800,45
JAHA Construction & Developmen,Beverly Hills,CA,90XXX,CORPORATION,"Zions Bank, A Division of",SALT LAKE CITY,UT,841XX,2270,11.25,V,23XXXX,69,1,N,UNKNOWN,24924.28,25000,LOS ANGELES,CA,1,Loan-16805,61
JLM LANDSCAPE MANAGEMENT INC,XXXX,MA,26XXX,CORPORATION,Eastern Bank,Boston,MA,211XX,32773,9.24,F,54XXXX,18,0,Y,UNKNOWN,62701.19,75000,BARNSTABLE,MA,1,Loan-16812,61
KORA SERVICES LLC,XXXX,DE,19XXX,CORPORATION,Stearns Bank National Association,SAINT CLOUD,MN,563XX,10988,7.5,V,56XXXX,120,0,Y,Y,0.0,135000,SUSSEX,DE,0,Loan-16821,60
MUAKA'S AUTOMOTIVE LLC,XXXX,CA,94XXX,CORPORATION,"Lendistry SBLC, LLC",Los Angeles,CA,900XX,Lendistry -90021,10.25,F,81XXXX,67,0,Y,Y,115455.78,160000,SANTA CLARA,CA,1,Loan-16836,60
Pacific Coin Op LLC,LONG BEACH,CA,90XXX,CORPORATION,United Pacific Bank,CITY OF INDUSTRY,CA,917XX,23805,5.25,V,81XXXX,180,0,Y,UNKNOWN,0.0,295000,LOS ANGELES,CA,0,Loan-16846,36
REYES TRUCKING LLC,Cleveland,OH,44XXX,CORPORATION,The Huntington National Bank,COLUMBUS,OH,432XX,6560,6.5,V,48XXXX,120,1,N,UNKNOWN,0.0,20000,CUYAHOGA,OH,0,Loan-16861,57
Shaping Tomorrow Child Care Se,XXXX,PA,19XXX,CORPORATION,Manufacturers and Traders Trust Company,BUFFALO,NY,142XX,588,8.75,V,62XXXX,17,0,N,UNKNOWN,13969.66,30000,BUCKS,PA,1,Loan-16870,60
Shaping Tomorrow Child Care Se,XXXX,PA,19XXX,CORPORATION,Manufacturers and Traders Trust Company,BUFFALO,NY,142XX,588,11.25,V,62XXXX,0,0,N,UNKNOWN,3745.0,10000,BUCKS,PA,1,Loan-16871,60
SILVER WORLDWIDE VENTURES LLC,New York,NY,10XXX,CORPORATION,FinWise Bank,SANDY,UT,841XX,35323,7.5,V,45XXXX,78,0,Y,Y,111441.56,150000,NEW YORK,NY,1,Loan-16874,60
SMOOTH MARINERS LLC,XXXX,FL,33XXX,CORPORATION,"TD Bank, National Association",WILMINGTON,DE,198XX,18409,10.88,V,48XXXX,85,1,N,UNKNOWN,12524.56,15000,BROWARD,FL,1,Loan-16877,60
Uproar Hospitality LLC,CHICAGO,IL,60XXX,CORPORATION,"LendingClub Bank, National Association",LEHI,UT,840XX,32551,7.25,V,72XXXX,83,0,Y,Y,330184.1,503000,COOK,IL,1,Loan-16906,58
STAFAM VENTURES LLC,MIAMI,FL,33XXX,CORPORATION,"Wells Fargo Bank, National Association",SIOUX FALLS,SD,571XX,3511,10.75,V,49XXXX,120,1,N,UNKNOWN,0.0,15000,MIAMI-DADE,FL,0,Loan-16918,59
THE MEATBALLERS CORP.,XXXX,NY,11XXX,CORPORATION,"TD Bank, National Association",WILMINGTON,DE,198XX,18409,10.24,V,31XXXX,53,0,N,UNKNOWN,14678.84,15000,NASSAU,NY,1,Loan-16938,60
Abundance Chiropractic LLC,XXXX,FL,33XXX,CORPORATION,Achieva CU,XXXX,FL,346XX,Achieva CU-34698,6.75,V,62XXXX,120,0,Y,UNKNOWN,0.0,110000,PINELLAS,FL,0,Loan-16949,49
AHTEEZO LLC,NEWARK,DE,19XXX,CORPORATION,"PNC Bank, National Association",WILMINGTON,DE,198XX,6384,9.15,V,42XXXX,73,1,N,UNKNOWN,24851.9,25000,NEW CASTLE,DE,1,Loan-16952,60
Chariots of Fire Transportatio,LA CROSSE,VA,23XXX,CORPORATION,BayFirst National Bank,Saint Petersburg,FL,337XX,34997,7.5,V,48XXXX,106,0,Y,UNKNOWN,328089.87,350000,MECKLENBURG,VA,1,Loan-16973,58
DANIEL BENT,XXXX,MI,49XXX,INDIVIDUAL,The Huntington National Bank,COLUMBUS,OH,432XX,6560,6.5,V,44XXXX,120,1,N,UNKNOWN,0.0,10000,SAINT JOSEPH,MI,0,Loan-16975,59
Human Spirit Holdings Inc.,Fort Worth,TX,76XXX,CORPORATION,CIBC Bank USA,CHICAGO,IL,606XX,33306,6.5,V,62XXXX,116,0,Y,Y,0.0,2450500,TARRANT,TX,0,Loan-17007,55
Jane & Main LLC,XXXX,WY,82XXX,CORPORATION,BayFirst National Bank,Saint Petersburg,FL,337XX,34997,7.5,V,45XXXX,71,0,Y,Y,110743.61,150000,UINTA,WY,1,Loan-17011,58
M M & C DIVERSIFIED INC,CLEVELAND,OH,44XXX,CORPORATION,"U.S. Bank, National Association",CINCINNATI,OH,452XX,6548,7.99,F,23XXXX,31,0,Y,UNKNOWN,39541.69,34000,CUYAHOGA,OH,1,Loan-17025,59
Taste By Spellbound LLC,AVON,CT,60XXX,CORPORATION,Manufacturers and Traders Trust Company,BUFFALO,NY,142XX,588,10.25,F,72XXXX,60,0,Y,UNKNOWN,0.0,25000,        ,CT,0,Loan-17088,57
AIR 4 ALL COOLING & HEATING L,XXXX,NY,11XXX,CORPORATION,"TD Bank, National Association",WILMINGTON,DE,198XX,18409,10.54,V,23XXXX,100,0,N,UNKNOWN,25000.0,25000,QUEENS,NY,1,Loan-17123,61
ASA GLOBAL CONCEPTS INC,XXXX,NY,11XXX,CORPORATION,"TD Bank, National Association",WILMINGTON,DE,198XX,18409,10.88,V,42XXXX,89,0,N,UNKNOWN,0.0,25000,NASSAU,NY,0,Loan-17132,27
Bear Bar Foods LLC,San Diego,CA,92XXX,CORPORATION,CDC Small Business Finance Corp.,San Diego,CA,921XX,CDC Small -92106,10.75,V,31XXXX,120,0,Y,UNKNOWN,0.0,193200,SAN DIEGO,CA,0,Loan-17140,51
BEAUTY BY K INC.,XXXX,NY,11XXX,CORPORATION,Bank of Hope,LOS ANGELES,CA,900XX,26610,7.25,V,44XXXX,5,0,Y,UNKNOWN,16635.8,50000,NASSAU,NY,1,Loan-17141,61
Chrisly Manufacturing LLC dba ,COSTA MESA,CA,92XXX,CORPORATION,Citizens Bank,ELIZABETHTON,TN,376XX,14851,7.25,V,32XXXX,106,0,N,Y,229772.85,263000,ORANGE,CA,1,Loan-17155,60
NateNeesvig Inc.,XXXX,WI,53XXX,CORPORATION,IncredibleBank,WAUSAU,WI,544XX,19772,7.5,V,32XXXX,85,0,Y,Y,314843.89,420000,DANE,WI,1,Loan-17231,61
New Age Contracting LLC,Brooklyn,NY,11XXX,CORPORATION,"TD Bank, National Association",WILMINGTON,DE,198XX,18409,10.24,V,23XXXX,70,1,N,UNKNOWN,18187.75,20000,KINGS,NY,1,Loan-17232,61
Pantora Inc.,Brooklyn,NY,11XXX,CORPORATION,Brooklyn Cooperative FCU,NEW YORK CITY,NY,112XX,Brooklyn C-11237,10.75,F,44XXXX,82,0,N,UNKNOWN,0.0,75000,KINGS,NY,0,Loan-17242,42
THE CREDIT SOS LLC,XXXX,FL,33XXX,CORPORATION,"TD Bank, National Association",WILMINGTON,DE,198XX,18409,10.88,V,54XXXX,73,1,N,UNKNOWN,24890.32,25000,BROWARD,FL,1,Loan-17277,61
Colorado Kids Gear,LOVELAND,CO,80XXX,CORPORATION,BayFirst National Bank,Saint Petersburg,FL,337XX,34997,7.5,V,45XXXX,94,0,Y,UNKNOWN,0.0,160000,LARIMER,CO,0,Loan-17322,57
MILLPRO MANUFACTURING AND ENGI,HAWTHORNE,CA,90XXX,INDIVIDUAL,"Wells Fargo Bank, National Association",SIOUX FALLS,SD,571XX,3511,11.25,V,33XXXX,62,1,N,UNKNOWN,6358.29,10000,LOS ANGELES,CA,1,Loan-17407,53
HNS Trucking Inc,Cleveland,OH,44XXX,CORPORATION,The Huntington National Bank,COLUMBUS,OH,432XX,6560,6.25,V,48XXXX,120,1,N,UNKNOWN,0.0,25000,CUYAHOGA,OH,0,Loan-17544,57
LakshmiBa LLC,HOUSTON,TX,77XXX,CORPORATION,Third Coast Bank,Humble,TX,773XX,58716,6.75,V,71XXXX,120,0,Y,UNKNOWN,0.0,300000,HARRIS,TX,0,Loan-17560,43
LYNCH HARRISON & BRUMLEVE IN,INDIANAPOLIS,IN,46XXX,CORPORATION,"JPMorgan Chase Bank, National Association",COLUMBUS,OH,432XX,628,7.5,V,54XXXX,120,1,Y,UNKNOWN,0.0,250000,MARION,IN,0,Loan-17566,35
Poke Fresh Ohio LLC,XXXX,OH,44XXX,CORPORATION,The Huntington National Bank,COLUMBUS,OH,432XX,6560,6.5,V,72XXXX,69,1,N,UNKNOWN,50124.99,50000,SUMMIT,OH,1,Loan-17596,61
Wattles Park Family Practice l,XXXX,MI,49XXX,CORPORATION,Comerica Bank,DALLAS,TX,752XX,983,6.5,V,62XXXX,95,1,Y,UNKNOWN,202319.93,260000,CALHOUN,MI,1,Loan-17649,60
AV Beauty Bar LLC,CINCINNATI,OH,45XXX,CORPORATION,"PNC Bank, National Association",WILMINGTON,DE,198XX,6384,11.25,V,81XXXX,120,1,N,UNKNOWN,0.0,25000,HAMILTON,OH,0,Loan-17687,52
Binari World Inc,NORTHBROOK,IL,60XXX,CORPORATION,Bank of Hope,LOS ANGELES,CA,900XX,26610,6.75,V,72XXXX,46,0,Y,UNKNOWN,0.0,85000,COOK,IL,0,Loan-17699,47
IBE INC.,SAINT PAUL,MN,55XXX,CORPORATION,BankVista,SARTELL,MN,563XX,35406,7.25,V,48XXXX,79,1,Y,UNKNOWN,79846.71,80000,DAKOTA,MN,1,Loan-17772,61
LAW OFFICE OF FRANK XU PLLC,New York,NY,10XXX,CORPORATION,"TD Bank, National Association",WILMINGTON,DE,198XX,18409,7.25,V,54XXXX,84,1,N,UNKNOWN,72250.0,75000,NEW YORK,NY,1,Loan-17791,60
LAW OFFICE OF FRANK XU PLLC,New York,NY,10XXX,CORPORATION,"TD Bank, National Association",WILMINGTON,DE,198XX,18409,5.5,F,54XXXX,23,0,N,UNKNOWN,64472.24,75000,NEW YORK,NY,1,Loan-17792,61
Mendenhall Restoration Inc,WILDOMAR,CA,92XXX,CORPORATION,Banner Bank,WALLA WALLA,WA,993XX,28489,5.25,F,81XXXX,60,0,Y,UNKNOWN,0.0,23800,RIVERSIDE,CA,0,Loan-17804,60
MILLSTONE DONUTS LLC,XXXX,NJ,85XXX,CORPORATION,"TD Bank, National Association",WILMINGTON,DE,198XX,18409,10.88,F,72XXXX,60,0,N,UNKNOWN,0.0,30000,MONMOUTH,NJ,0,Loan-17805,24
North East Calibration LLC,XXXX,ME,42XXX,CORPORATION,Bangor Savings Bank,BANGOR,ME,440XX,18408,6.75,V,81XXXX,120,1,Y,UNKNOWN,0.0,10000,ANDROSCOGGIN,ME,0,Loan-17820,56
Palm Acai Union LLC,SAN FRANCISCO,CA,94XXX,CORPORATION,Main Street Launch,Oakland,CA,946XX,Main Stree-94612,7.75,V,72XXXX,97,0,Y,Y,190793.19,215000,SAN FRANCISCO,CA,1,Loan-17825,60
The Sales Boss LLC,CAVE CREEK,AZ,85XXX,CORPORATION,"Wells Fargo Bank, National Association",SIOUX FALLS,SD,571XX,3511,10.25,V,54XXXX,82,1,N,UNKNOWN,0.0,10000,MARICOPA,AZ,0,Loan-17870,52
VmCo Inc,Grand Junction,CO,81XXX,CORPORATION,"Zions Bank, A Division of",SALT LAKE CITY,UT,841XX,2270,11.25,V,23XXXX,78,1,N,UNKNOWN,49623.5,50000,MESA,CO,1,Loan-17882,61
Business Intelligence Associat,NEW YORK,NY,10XXX,CORPORATION,Berkshire Bank,PITTSFIELD,MA,120XX,23621,2.75,V,54XXXX,86,1,Y,UNKNOWN,0.0,350000,NEW YORK,NY,0,Loan-17926,31
Duncan Electrical LLC,XXXX,CA,90XXX,CORPORATION,"United Midwest Savings Bank, National Association",DE GRAFF,OH,433XX,32441,7.5,V,23XXXX,70,0,Y,Y,109060.61,150000,LOS ANGELES,CA,1,Loan-17953,61
HORIZON WEST CLEANING SERVICES,WINTER GARDEN,FL,34XXX,CORPORATION,"Wells Fargo Bank, National Association",SIOUX FALLS,SD,571XX,3511,10.25,V,56XXXX,120,1,N,UNKNOWN,0.0,5000,ORANGE,FL,0,Loan-17976,59
One Hour Martinizing,SAUGUS,CA,91XXX,INDIVIDUAL,Bank of Hope,LOS ANGELES,CA,900XX,26610,7.25,V,81XXXX,58,0,Y,UNKNOWN,0.0,70000,LOS ANGELES,CA,0,Loan-18016,28
QUESADILLA LA REINA DEL SUR IN,CHICAGO,IL,60XXX,CORPORATION,"JPMorgan Chase Bank, National Association",COLUMBUS,OH,432XX,628,10.75,F,72XXXX,29,0,Y,UNKNOWN,56793.29,101000,COOK,IL,1,Loan-18028,61
Ryan Koehn Construction,XXXX,MT,59XXX,INDIVIDUAL,Valley Bank of Ronan,RONAN,MT,598XX,24966,6.5,V,23XXXX,99,0,Y,UNKNOWN,0.0,94000,LAKE,MT,0,Loan-18035,35
4LW Enterprises Corp,XXXX,CO,80XXX,CORPORATION,"United Midwest Savings Bank, National Association",DE GRAFF,OH,433XX,32441,7.5,V,23XXXX,84,0,Y,Y,117529.11,150000,JEFFERSON,CO,1,Loan-18075,61
ART Holding Co. LLC,LONGMONT,CO,80XXX,CORPORATION,"United Midwest Savings Bank, National Association",DE GRAFF,OH,433XX,32441,7.5,V,23XXXX,91,0,Y,Y,128044.89,150000,BOULDER,CO,1,Loan-18084,61
Brightwork Consulting Inc,SEATTLE,WA,98XXX,CORPORATION,Five Star Bank,Rancho Cordova,CA,956XX,35361,7.5,V,54XXXX,82,0,Y,Y,268587.78,350000,KING,WA,1,Loan-18101,61
EVOLUTION PERFORMANCE & FITNES,POMPANO BEACH,FL,33XXX,CORPORATION,Stearns Bank National Association,SAINT CLOUD,MN,563XX,10988,7.5,V,71XXXX,126,0,Y,Y,0.0,200000,BROWARD,FL,0,Loan-18143,46
JCV TEAM LLC,FLOWER MOUND,TX,75XXX,CORPORATION,"Wells Fargo Bank, National Association",SIOUX FALLS,SD,571XX,3511,9.25,V,61XXXX,91,1,N,UNKNOWN,8531.4,10000,DENTON,TX,1,Loan-18172,46
KRUEGER LANDSCAPE HORTICULTURE,XXXX,CA,93XXX,CORPORATION,"Wells Fargo Bank, National Association",SIOUX FALLS,SD,571XX,3511,9.25,V,56XXXX,120,1,N,UNKNOWN,0.0,5000,FRESNO,CA,0,Loan-18185,49
DJSR LLC,Middleburg Heights,OH,44XXX,CORPORATION,The Huntington National Bank,COLUMBUS,OH,432XX,6560,7.5,V,72XXXX,64,1,Y,UNKNOWN,24940.0,25000,CUYAHOGA,OH,1,Loan-18304,49
JYOTI FOOD CORPORATION,XXXX,MA,21XXX,CORPORATION,"Leader Bank, National Association",ARLINGTON,MA,247XX,57134,6.99,F,72XXXX,49,0,Y,UNKNOWN,0.0,20000,SUFFOLK,MA,0,Loan-18348,49
Philco Coffee Company LLC,Columbus,OH,43XXX,CORPORATION,The Huntington National Bank,COLUMBUS,OH,432XX,6560,7.25,V,72XXXX,90,0,Y,Y,31426.82,54900,FRANKLIN,OH,1,Loan-18391,61
SUAZO MARKET CORPORATION,LAWRENCE,MA,18XXX,CORPORATION,Eastern Bank,Boston,MA,211XX,32773,9.24,F,45XXXX,17,0,Y,UNKNOWN,33152.34,75000,ESSEX,MA,1,Loan-18416,61
AC Optimal Health LLC,SAINT MARYS,GA,31XXX,CORPORATION,Pineland Bank,ALMA,GA,315XX,15699,6.25,V,62XXXX,300,0,Y,UNKNOWN,0.0,263000,CAMDEN,GA,0,Loan-18448,42
BARDOWN CARDS LLC,WOODBRIDGE,VA,22XXX,CORPORATION,"Wells Fargo Bank, National Association",SIOUX FALLS,SD,571XX,3511,9.75,V,45XXXX,120,1,N,UNKNOWN,0.0,5000,PRINCE WILLIAM,VA,0,Loan-18453,41
FLORIDA FENCE FABRICATOR CORP,Homestead,FL,33XXX,CORPORATION,"TD Bank, National Association",WILMINGTON,DE,198XX,18409,10.54,V,23XXXX,96,1,N,UNKNOWN,23900.0,25000,MIAMI-DADE,FL,1,Loan-18494,60
Magee Transport LLC,HATTIESBURG,MS,39XXX,CORPORATION,Trustmark National Bank,JACKSON,MS,392XX,4988,6.5,F,48XXXX,24,0,Y,UNKNOWN,5146.83,113800,LAMAR,MS,1,Loan-18531,59
Skinny's Sound and Staging Pro,NORTHGLENN,CO,80XXX,CORPORATION,"JPMorgan Chase Bank, National Association",COLUMBUS,OH,432XX,628,7.65,V,71XXXX,120,1,Y,UNKNOWN,0.0,120000,ADAMS,CO,0,Loan-18569,54
XTREME MOTORS INC.,XXXX,TX,77XXX,CORPORATION,"PNC Bank, National Association",WILMINGTON,DE,198XX,6384,9.5,F,81XXXX,60,0,N,UNKNOWN,0.0,50000,WALLER,TX,0,Loan-18601,59
Damon's Pizza NCT LLC,XXXX,OH,43XXX,CORPORATION,The Huntington National Bank,COLUMBUS,OH,432XX,6560,6.1,F,72XXXX,36,0,N,UNKNOWN,66389.3,90600,TUSCARAWAS,OH,1,Loan-18657,60
Hustle and Hustle Inc,XXXX,CA,91XXX,CORPORATION,"Lendistry SBLC, LLC",Los Angeles,CA,900XX,Lendistry -90021,9.75,F,54XXXX,85,0,Y,Y,178977.37,250000,LOS ANGELES,CA,1,Loan-18695,60
SJF Properties Inc.,PULLMAN,WA,99XXX,CORPORATION,Umpqua Bank,Lake Oswego,OR,970XX,17266,7.5,V,53XXXX,73,1,N,UNKNOWN,23005.91,25000,WHITMAN,WA,1,Loan-18769,56
ARTISTIC GALLERY OF BROOKLYN ,Brooklyn,NY,11XXX,CORPORATION,Manufacturers and Traders Trust Company,BUFFALO,NY,142XX,588,9.25,V,45XXXX,71,1,N,UNKNOWN,95934.32,100000,KINGS,NY,1,Loan-18840,60
Barnett Enterprises Corp,Denver,CO,80XXX,CORPORATION,Meridian Bank,MALVERN,PA,193XX,57777,7.0,V,56XXXX,120,0,Y,Y,0.0,2400000,JEFFERSON,CO,0,Loan-18842,56
IMPULSE INVESTMENT GROUP LLC,HENDERSON,NV,89XXX,CORPORATION,"U.S. Bank, National Association",CINCINNATI,OH,452XX,6548,6.24,F,81XXXX,36,0,Y,UNKNOWN,0.0,43400,CLARK,NV,0,Loan-18901,35
Ten Clips LLC,Houston,TX,77XXX,CORPORATION,"Wells Fargo Bank, National Association",SIOUX FALLS,SD,571XX,3511,5.8,F,81XXXX,97,0,Y,UNKNOWN,177514.14,213000,HARRIS,TX,1,Loan-18979,60
The Building Group Inc.,Chicago,IL,60XXX,CORPORATION,The Huntington National Bank,COLUMBUS,OH,432XX,6560,6.75,V,53XXXX,120,1,Y,UNKNOWN,0.0,250000,COOK,IL,0,Loan-18982,45
URSULA OF SWITZERLAND INC,WATERFORD,NY,12XXX,CORPORATION,Berkshire Bank,PITTSFIELD,MA,120XX,23621,8.75,V,31XXXX,87,1,Y,UNKNOWN,12025.5,25000,SARATOGA,NY,1,Loan-18998,60
W3 WADE CONSTRUCTION INC,XXXX,TX,76XXX,CORPORATION,BayFirst National Bank,Saint Petersburg,FL,337XX,34997,7.5,V,23XXXX,108,0,Y,UNKNOWN,336071.91,350000,HILL,TX,1,Loan-19002,58
ALEX SCREEN PRINTING & GRAPHIC,FRANKLIN,NC,28XXX,CORPORATION,"Wells Fargo Bank, National Association",SIOUX FALLS,SD,571XX,3511,9.25,V,32XXXX,81,1,N,UNKNOWN,4602.94,5000,MACON,NC,1,Loan-19024,58
Camarillo Outlet FB,CAMARILLO,CA,93XXX,CORPORATION,"U.S. Bank, National Association",CINCINNATI,OH,452XX,6548,7.99,F,72XXXX,60,0,Y,UNKNOWN,0.0,50000,VENTURA,CA,0,Loan-19048,20
Meyer Company LLC,RICHMOND,MN,56XXX,CORPORATION,Magnifi Financial CU,MELROSE,MN,563XX,Magnifi Fi-56352,6.25,V,81XXXX,84,0,Y,Y,173910.04,235000,STEARNS,MN,1,Loan-19131,60
Premier1 Hauling & Junk Remova,XXXX,MD,21XXX,CORPORATION,Manufacturers and Traders Trust Company,BUFFALO,NY,142XX,588,11.25,V,56XXXX,68,1,N,UNKNOWN,4971.98,5000,HARFORD,MD,1,Loan-19154,53
WOCO GLASS LLC,STATEN ISLAND,NY,10XXX,CORPORATION,"United Midwest Savings Bank, National Association",DE GRAFF,OH,433XX,32441,7.5,V,81XXXX,91,0,Y,Y,104134.72,150000,RICHMOND,NY,1,Loan-19207,60
3D ENGINEERING & CONSTRUCTION,XXXX,NJ,77XXX,CORPORATION,Manufacturers and Traders Trust Company,BUFFALO,NY,142XX,588,9.25,V,54XXXX,113,0,N,UNKNOWN,0.0,100000,MONMOUTH,NJ,0,Loan-19208,56
Brandon L. Dotson LLC,Augusta,GA,30XXX,CORPORATION,Georgia's Own Credit Union,Atlanta,GA,303XX,Georgia's -30303,7.5,V,72XXXX,96,0,Y,UNKNOWN,269038.35,250000,RICHMOND,GA,1,Loan-19235,55
Collins Services LLC,XXXX,NC,28XXX,CORPORATION,"United Midwest Savings Bank, National Association",DE GRAFF,OH,433XX,32441,7.5,V,81XXXX,86,0,Y,Y,106737.1,150000,WILKES,NC,1,Loan-19244,60
OMEGA INTERIORS & CONSTRUCTION,Miami,FL,33XXX,CORPORATION,"Amerant Bank, National Association",CORAL GABLES,FL,331XX,22953,9.0,V,23XXXX,69,1,N,UNKNOWN,46916.12,50000,MIAMI-DADE,FL,1,Loan-19322,59
Patriot Packing Corp.,REVERE,MA,21XXX,CORPORATION,Manufacturers and Traders Trust Company,BUFFALO,NY,142XX,588,7.25,V,31XXXX,72,1,Y,UNKNOWN,0.0,100000,SUFFOLK,MA,0,Loan-19328,59
Ashland Auto & Ag Parts LLC,Ashland,MO,65XXX,CORPORATION,Hawthorn Bank,JEFFERSON CITY,MO,651XX,10619,6.5,V,44XXXX,23,1,Y,UNKNOWN,0.0,40500,BOONE,MO,0,Loan-19395,40
Elis Management Limited Liabil,XXXX,NJ,74XXX,CORPORATION,Manufacturers and Traders Trust Company,BUFFALO,NY,142XX,588,9.25,V,54XXXX,67,0,N,UNKNOWN,0.0,50000,BERGEN,NJ,0,Loan-19424,40
GARDEN SEVENTEEN LLC,Austin,TX,78XXX,CORPORATION,Frost Bank,SAN ANTONIO,TX,782XX,5510,6.75,F,44XXXX,67,0,Y,UNKNOWN,364061.79,525600,TRAVIS,TX,1,Loan-19433,58
J&M COMPANY LLC,XXXX,MD,20XXX,CORPORATION,"PNC Bank, National Association",WILMINGTON,DE,198XX,6384,6.75,V,23XXXX,120,1,N,UNKNOWN,0.0,50000,CHARLES,MD,0,Loan-19442,52
POSITIVELY ELECTRIC,LANCASTER,CA,93XXX,INDIVIDUAL,"U.S. Bank, National Association",CINCINNATI,OH,452XX,6548,6.99,F,23XXXX,32,0,Y,UNKNOWN,28584.24,35000,LOS ANGELES,CA,1,Loan-19479,60
Radiant Unlimited LLC,SPRING,TX,77XXX,CORPORATION,"United Midwest Savings Bank, National Association",DE GRAFF,OH,433XX,32441,7.5,V,56XXXX,84,0,Y,Y,119695.0,150000,MONTGOMERY,TX,1,Loan-19485,58
2 FILE EZ INC,BROOKLYN,NY,11XXX,CORPORATION,"JPMorgan Chase Bank, National Association",COLUMBUS,OH,432XX,628,7.15,V,54XXXX,71,1,Y,UNKNOWN,121986.16,125000,KINGS,NY,1,Loan-19543,60
j gabin plumbing corp,PACOIMA,CA,91XXX,CORPORATION,"U.S. Bank, National Association",CINCINNATI,OH,452XX,6548,6.99,F,23XXXX,6,0,Y,UNKNOWN,30463.1,50000,LOS ANGELES,CA,1,Loan-19624,60
JAKS Creative Ventures LLC,MARIETTA,GA,30XXX,CORPORATION,"United Midwest Savings Bank, National Association",DE GRAFF,OH,433XX,32441,7.5,V,23XXXX,96,0,Y,Y,116998.59,130000,COBB,GA,1,Loan-19626,60
S&F Communications Inc.,Osseo,MN,55XXX,CORPORATION,The Bank of Elk River,ELK RIVER,MN,553XX,1607,7.75,V,23XXXX,17,1,Y,UNKNOWN,86389.76,100000,HENNEPIN,MN,1,Loan-19668,60
D&D aerospace engineering LLC,GARDEN GROVE,CA,92XXX,CORPORATION,"U.S. Bank, National Association",CINCINNATI,OH,452XX,6548,6.24,F,33XXXX,60,0,Y,UNKNOWN,0.0,35000,ORANGE,CA,0,Loan-19770,59
MAYTE TRANSPORTATION INC.,XXXX,NY,11XXX,CORPORATION,"TD Bank, National Association",WILMINGTON,DE,198XX,18409,10.54,F,48XXXX,38,0,N,UNKNOWN,19027.92,24300,NASSAU,NY,1,Loan-19845,60
PEARSON HYDRAULICS LLC,Brandon,FL,33XXX,CORPORATION,"TD Bank, National Association",WILMINGTON,DE,198XX,18409,10.24,F,81XXXX,60,0,N,UNKNOWN,0.0,25000,HILLSBOROUGH,FL,0,Loan-19879,41
Rendall Remodeling LLC,SPOKANE,WA,99XXX,CORPORATION,"Wells Fargo Bank, National Association",SIOUX FALLS,SD,571XX,3511,10.5,V,23XXXX,85,1,N,UNKNOWN,25000.0,25000,SPOKANE,WA,1,Loan-19887,60
SALOMON GUILLERMO AMADOR P.A.,Miami,FL,33XXX,CORPORATION,"TD Bank, National Association",WILMINGTON,DE,198XX,18409,8.38,V,53XXXX,94,0,N,UNKNOWN,0.0,25000,MIAMI-DADE,FL,0,Loan-19898,45
THE BELIA LLC,LAS VEGAS,NV,89XXX,CORPORATION,"U.S. Bank, National Association",CINCINNATI,OH,452XX,6548,6.99,F,81XXXX,16,0,Y,UNKNOWN,20499.82,50000,CLARK,NV,1,Loan-19927,59
JKMT Inc.,Orange,CA,92XXX,CORPORATION,"United Midwest Savings Bank, National Association",DE GRAFF,OH,433XX,32441,7.5,V,23XXXX,104,0,Y,Y,111015.68,120000,ORANGE,CA,1,Loan-20023,60
Mickle Electric & Heating LLC,Des Moines,IA,50XXX,CORPORATION,"First National Bank Ames, Iowa",AMES,IA,500XX,1545,5.0,F,23XXXX,64,0,Y,UNKNOWN,131217.67,263500,POLK,IA,1,Loan-20050,60
Nu Way Transportation LLC,XXXX,NJ,81XXX,CORPORATION,"Fulton Bank, National Association",LANCASTER,PA,176XX,7551,10.75,V,48XXXX,92,1,N,UNKNOWN,49869.09,50000,CAMDEN,NJ,1,Loan-20063,59
R&S Trucking Service LLC,Ravenna,OH,44XXX,CORPORATION,The Huntington National Bank,COLUMBUS,OH,432XX,6560,6.05,F,48XXXX,29,0,Y,UNKNOWN,29680.62,112700,PORTAGE,OH,1,Loan-20075,59
Vaughn Trucking,XXXX,KY,41XXX,INDIVIDUAL,"Community Trust Bank, Inc.",PIKEVILLE,KY,415XX,2720,5.5,V,48XXXX,84,0,Y,UNKNOWN,0.0,56000,HARRISON,KY,0,Loan-20120,52
Kings River Holdings Inc,FRISCO,TX,75XXX,CORPORATION,Regions Bank,BIRMINGHAM,AL,352XX,12368,6.75,V,23XXXX,69,1,Y,UNKNOWN,2446.73,75000,COLLIN,TX,1,Loan-20204,60
MARGARIT DRESS DESIGN,NORTH HOLLYWOOD,CA,91XXX,INDIVIDUAL,"U.S. Bank, National Association",CINCINNATI,OH,452XX,6548,6.99,F,42XXXX,30,0,Y,UNKNOWN,48901.0,55000,LOS ANGELES,CA,1,Loan-20214,60
SOLSTICE FARM LLC,XXXX,VA,22XXX,CORPORATION,"Wells Fargo Bank, National Association",SIOUX FALLS,SD,571XX,3511,11.25,V,11XXXX,75,1,N,UNKNOWN,0.0,10000,MADISON,VA,0,Loan-20261,54
CROATIA TECH,SALT LAKE CITY,UT,84XXX,INDIVIDUAL,"U.S. Bank, National Association",CINCINNATI,OH,452XX,6548,6.99,F,54XXXX,6,0,Y,UNKNOWN,15721.2,30000,SALT LAKE,UT,1,Loan-20320,59
Hicks Chiropractic Center LLC,XXXX,IN,46XXX,PARTNERSHIP,"United Midwest Savings Bank, National Association",DE GRAFF,OH,433XX,32441,7.5,V,62XXXX,120,0,Y,Y,0.0,755000,LA PORTE,IN,0,Loan-20343,53
OWENS CONTRACTING,XXXX,OH,45XXX,INDIVIDUAL,"U.S. Bank, National Association",CINCINNATI,OH,452XX,6548,6.99,F,23XXXX,36,0,Y,UNKNOWN,37209.45,44200,GALLIA,OH,1,Loan-20378,60
SAMS REFINISHING AND HANDYMAN ,SALT LAKE CITY,UT,84XXX,CORPORATION,"U.S. Bank, National Association",CINCINNATI,OH,452XX,6548,6.74,F,23XXXX,48,0,Y,UNKNOWN,0.0,15000,SALT LAKE,UT,0,Loan-20392,45
SCICOLONE CONSTRUCTION LLC,Randolph,NJ,78XXX,CORPORATION,"TD Bank, National Association",WILMINGTON,DE,198XX,18409,10.24,V,23XXXX,95,1,N,UNKNOWN,22288.58,25000,MORRIS,NJ,1,Loan-20394,60
RAVENHAWK RECOVERY LLC,TUCSON,AZ,85XXX,CORPORATION,"Wells Fargo Bank, National Association",SIOUX FALLS,SD,571XX,3511,10.25,V,62XXXX,81,1,N,UNKNOWN,8335.72,10000,PIMA,AZ,1,Loan-20432,60
NEW BEGINNINGS ENTERPRISES LTD,Bridgeport,CT,66XXX,CORPORATION,"TD Bank, National Association",WILMINGTON,DE,198XX,18409,10.54,V,23XXXX,107,0,N,UNKNOWN,0.0,50000,        ,CT,0,Loan-20516,59
PRESTIGE HOME IMPROVEMENTS LLC,Newark,NJ,71XXX,INDIVIDUAL,"TD Bank, National Association",WILMINGTON,DE,198XX,18409,10.24,V,23XXXX,98,1,N,UNKNOWN,17127.9,20000,ESSEX,NJ,1,Loan-20524,58
Waite Renovation Inc.,XXXX,MA,27XXX,CORPORATION,Fall River Five Cents Savings Bank d/b/a BankFive,FALL RIVER,MA,272XX,23286,6.25,V,23XXXX,82,1,Y,UNKNOWN,20375.28,25000,BRISTOL,MA,1,Loan-20547,60
9140 Bellaire Houston Inc.,HOUSTON,TX,77XXX,CORPORATION,Bank of Hope,LOS ANGELES,CA,900XX,26610,6.25,V,72XXXX,120,0,Y,UNKNOWN,0.0,478000,HARRIS,TX,0,Loan-20552,48
Auto Sails Inc.,CORAL SPRINGS,FL,33XXX,CORPORATION,Berkshire Bank,PITTSFIELD,MA,120XX,23621,6.75,V,44XXXX,87,0,Y,Y,1618453.31,2039000,BROWARD,FL,1,Loan-20563,58
BLB Partners LLC,CHARLOTTE,NC,28XXX,CORPORATION,"United Midwest Savings Bank, National Association",DE GRAFF,OH,433XX,32441,7.5,V,23XXXX,95,0,Y,Y,102589.79,150000,MECKLENBURG,NC,1,Loan-20569,60
Cleanwork Solutions LLC.,BRONX,NY,10XXX,CORPORATION,Neighborhood Trust FCU,NEW YORK CITY,NY,100XX,Neighborho-10032,10.0,V,56XXXX,24,1,N,UNKNOWN,0.0,10000,BRONX,NY,0,Loan-20576,55
ER Tech  Systems Group Inc.,POMPANO BEACH,FL,33XXX,CORPORATION,"PNC Bank, National Association",WILMINGTON,DE,198XX,6384,5.81,F,42XXXX,120,0,Y,UNKNOWN,0.0,175000,BROWARD,FL,0,Loan-20589,46
Family 4 life R.E.I. Solutions,PHILADELPHIA,PA,19XXX,CORPORATION,"TD Bank, National Association",WILMINGTON,DE,198XX,18409,9.24,V,48XXXX,51,0,N,UNKNOWN,149580.9,150000,BUCKS,PA,1,Loan-20592,60
GARY HUNNELL,XXXX,SC,29XXX,INDIVIDUAL,"TD Bank, National Association",WILMINGTON,DE,198XX,18409,10.54,V,23XXXX,86,1,N,UNKNOWN,12628.08,17000,HORRY,SC,1,Loan-20596,57
Hive Family Services LLC,XXXX,KY,41XXX,CORPORATION,Fifth Third Bank,CINCINNATI,OH,452XX,6672,8.57,F,72XXXX,71,0,Y,UNKNOWN,201459.34,265000,BOONE,KY,1,Loan-20603,58
MICHAELS LAWN MAINTENANCE LLC,XXXX,NJ,80XXX,CORPORATION,"TD Bank, National Association",WILMINGTON,DE,198XX,18409,9.38,V,56XXXX,85,0,N,UNKNOWN,24193.77,25000,GLOUCESTER,NJ,1,Loan-20636,59
V&G Improvements LLC,XXXX,NJ,70XXX,CORPORATION,"TD Bank, National Association",WILMINGTON,DE,198XX,18409,10.54,V,23XXXX,56,0,N,UNKNOWN,24997.22,25000,HUDSON,NJ,1,Loan-20691,59
Deep Roots Lawn Care LLC,BOISE,ID,83XXX,CORPORATION,"United Midwest Savings Bank, National Association",DE GRAFF,OH,433XX,32441,7.5,V,56XXXX,110,0,Y,Y,137739.7,150000,ADA,ID,1,Loan-20730,60
Lifetime Homes LLC,EDMOND,OK,73XXX,CORPORATION,BancFirst,OKLAHOMA CITY,OK,731XX,27476,6.0,F,23XXXX,60,1,Y,UNKNOWN,0.0,3000000,OKLAHOMA,OK,0,Loan-20774,48
Secure Installation Corp,Miami,FL,33XXX,CORPORATION,"Bank of America, National Association",CHARLOTTE,NC,282XX,3510,6.0,V,23XXXX,57,1,N,UNKNOWN,42917.44,43000,MIAMI-DADE,FL,1,Loan-20816,60
T W LES CONSTRUCTION&REMODELIN,GARDEN GROVE,CA,92XXX,INDIVIDUAL,"U.S. Bank, National Association",CINCINNATI,OH,452XX,6548,6.99,F,23XXXX,20,0,Y,UNKNOWN,24430.36,45000,ORANGE,CA,1,Loan-20823,60
BENSON PAINTING,SANTA ROSA,CA,95XXX,INDIVIDUAL,"U.S. Bank, National Association",CINCINNATI,OH,452XX,6548,6.9,F,23XXXX,42,0,Y,UNKNOWN,15660.63,20000,SONOMA,CA,1,Loan-20857,58
HAND AGENCY AND FINANCIAL SERV,XXXX,NJ,82XXX,CORPORATION,"TD Bank, National Association",WILMINGTON,DE,198XX,18409,9.38,V,52XXXX,100,0,N,UNKNOWN,23664.96,25000,CAPE MAY,NJ,1,Loan-20891,60
Mendelsohn & Associates P.C.,INDIANAPOLIS,IN,46XXX,CORPORATION,"JPMorgan Chase Bank, National Association",COLUMBUS,OH,432XX,628,9.75,V,54XXXX,72,1,Y,UNKNOWN,7135.96,25000,MARION,IN,1,Loan-20919,60
SPOTLESS FANATIXS LLC,XXXX,NJ,76XXX,CORPORATION,"TD Bank, National Association",WILMINGTON,DE,198XX,18409,9.25,V,81XXXX,87,0,N,UNKNOWN,22534.06,25000,BERGEN,NJ,1,Loan-20966,57
Animal Hospital of Saucier PLL,XXXX,MS,39XXX,CORPORATION,Cadence Bank,TUPELO,MS,388XX,11813,5.25,V,54XXXX,38,0,N,UNKNOWN,25000.0,25000,HARRISON,MS,1,Loan-21008,60
Johnson's Heating & Supplies ,MOUNT PLEASANT,PA,15XXX,CORPORATION,First National Bank of Pennsylvania,GREENVILLE,PA,161XX,7888,5.75,F,23XXXX,164,0,Y,UNKNOWN,0.0,3275700,FAYETTE,PA,0,Loan-21050,50
MEDIEVAL FREIGHT BROKERAGE LLC,HOUSTON,TX,77XXX,CORPORATION,"Wells Fargo Bank, National Association",SIOUX FALLS,SD,571XX,3511,10.75,V,48XXXX,98,1,N,UNKNOWN,9387.84,9500,HARRIS,TX,1,Loan-21060,54
Pure Light Cleaning Inc,XXXX,CA,92XXX,CORPORATION,CDC Small Business Finance Corp.,San Diego,CA,921XX,CDC Small -92106,9.5,V,56XXXX,120,0,Y,Y,0.0,117500,SAN DIEGO,CA,0,Loan-21081,20
American Residential Services,SAINT PAUL,MN,55XXX,CORPORATION,"U.S. Bank, National Association",CINCINNATI,OH,452XX,6548,9.75,V,23XXXX,34,1,N,UNKNOWN,30166.28,30000,DAKOTA,MN,1,Loan-21107,59
Stawski Enterprises LLC,XXXX,TX,75XXX,CORPORATION,"United Midwest Savings Bank, National Association",DE GRAFF,OH,433XX,32441,7.5,V,56XXXX,94,0,Y,Y,118182.03,150000,SMITH,TX,1,Loan-21222,60
Super Pawz LLC,XXXX,NY,14XXX,CORPORATION,Manufacturers and Traders Trust Company,BUFFALO,NY,142XX,588,11.25,V,81XXXX,74,1,N,UNKNOWN,9184.83,10000,ERIE,NY,1,Loan-21230,59
B&M LANDSCAPING LLC,XXXX,WA,98XXX,CORPORATION,"United Midwest Savings Bank, National Association",DE GRAFF,OH,433XX,32441,7.5,V,56XXXX,95,0,Y,Y,134269.07,150000,THURSTON,WA,1,Loan-21261,60
IMPERIAL CAVIAR LLC,Chicago,IL,60XXX,CORPORATION,The Huntington National Bank,COLUMBUS,OH,432XX,6560,6.5,V,42XXXX,49,0,N,UNKNOWN,48025.66,57000,COOK,IL,1,Loan-21304,59
NESPO DEVELOPERS LLC,NEW YORK,NY,10XXX,CORPORATION,Cadence Bank,TUPELO,MS,388XX,11813,7.5,V,23XXXX,73,0,Y,Y,289537.26,300000,NEW YORK,NY,1,Loan-21328,60
OBIOMA NURSING INC,MIAMI,FL,33XXX,CORPORATION,"U.S. Bank, National Association",CINCINNATI,OH,452XX,6548,5.99,F,62XXXX,22,0,Y,UNKNOWN,24858.06,20000,RIVERSIDE,CA,1,Loan-21330,59
TERRAVENTI CONSTRUCTION INC,WOODLAND HILLS,CA,91XXX,CORPORATION,"U.S. Bank, National Association",CINCINNATI,OH,452XX,6548,5.99,F,23XXXX,60,0,Y,UNKNOWN,0.0,40000,LOS ANGELES,CA,0,Loan-21366,54
VIP LIMO & ALPHA LIMO LLC,WALNUT CREEK,CA,94XXX,CORPORATION,Cadence Bank,TUPELO,MS,388XX,11813,7.5,V,48XXXX,84,0,Y,Y,197231.85,215000,CONTRA COSTA,CA,1,Loan-21377,59
ZUU LOGISTICS LLC,Brooklyn,NY,11XXX,CORPORATION,"TD Bank, National Association",WILMINGTON,DE,198XX,18409,10.24,V,48XXXX,51,0,N,UNKNOWN,25000.0,25000,KINGS,NY,1,Loan-21381,59
Firefly Family Dentistry LLC,MILWAUKEE,WI,53XXX,CORPORATION,"PyraMax Bank, FSB",GREENFIELD,WI,532XX,29120,4.75,V,62XXXX,66,1,Y,UNKNOWN,0.0,100000,MILWAUKEE,WI,0,Loan-21415,35
Ornelas Real Estate,LAS VEGAS,NV,89XXX,CORPORATION,"U.S. Bank, National Association",CINCINNATI,OH,452XX,6548,8.25,V,53XXXX,84,1,Y,UNKNOWN,0.0,20000,CLARK,NV,0,Loan-21468,36
TOUCHED BY TOWAN NATURE HAIR S,XXXX,NC,27XXX,CORPORATION,"Wells Fargo Bank, National Association",SIOUX FALLS,SD,571XX,3511,11.25,V,81XXXX,82,1,N,UNKNOWN,9941.73,10000,WAKE,NC,1,Loan-21491,59
Cypress Safety Professionals ,LAKE CHARLES,LA,70XXX,CORPORATION,"JPMorgan Chase Bank, National Association",COLUMBUS,OH,432XX,628,7.75,V,54XXXX,78,1,Y,UNKNOWN,53645.84,55000,CALCASIEU,LA,1,Loan-21535,60
Cypress Safety Professionals ,LAKE CHARLES,LA,70XXX,CORPORATION,"JPMorgan Chase Bank, National Association",COLUMBUS,OH,432XX,628,10.75,F,54XXXX,38,0,Y,UNKNOWN,62186.85,100000,CALCASIEU,LA,1,Loan-21536,60
New Roots Solutions LLC,LIBERTYVILLE,IL,60XXX,CORPORATION,"JPMorgan Chase Bank, National Association",COLUMBUS,OH,432XX,628,6.45,F,54XXXX,60,0,Y,UNKNOWN,0.0,104600,LAKE,IL,0,Loan-21590,58
TONY'S ORNAMENTAL SUPPLY,LOS ANGELES,CA,90XXX,INDIVIDUAL,"Wells Fargo Bank, National Association",SIOUX FALLS,SD,571XX,3511,11.25,V,33XXXX,120,1,N,UNKNOWN,0.0,5000,LOS ANGELES,CA,0,Loan-21621,57
SYNERGY COMMERCIAL DRYWALL LLC,WINDSOR,CO,80XXX,CORPORATION,"JPMorgan Chase Bank, National Association",COLUMBUS,OH,432XX,628,6.25,V,23XXXX,70,1,Y,UNKNOWN,89467.48,100000,LARIMER,CO,1,Loan-21724,60
Buzz Exteriors LLC,MINNEAPOLIS,MN,55XXX,CORPORATION,"U.S. Bank, National Association",CINCINNATI,OH,452XX,6548,5.99,F,23XXXX,60,0,Y,UNKNOWN,0.0,35000,HENNEPIN,MN,0,Loan-21757,55
Floscapes LLC,Cape Coral,FL,33XXX,CORPORATION,The Huntington National Bank,COLUMBUS,OH,432XX,6560,7.25,V,56XXXX,34,1,Y,UNKNOWN,50117.0,50000,LEE,FL,1,Loan-21773,59
INSIGHT WIRING SOLUTIONS LLC,XXXX,FL,34XXX,CORPORATION,Celtic Bank Corporation,SALT LAKE CITY,UT,841XX,57056,5.75,V,54XXXX,114,0,Y,Y,573348.48,667000,LAKE,FL,1,Loan-21792,59
Second Chance Job Center,MOUNT PLEASANT,SC,29XXX,CORPORATION,"PNC Bank, National Association",WILMINGTON,DE,198XX,6384,9.15,V,56XXXX,120,1,N,UNKNOWN,0.0,20000,CHARLESTON,SC,0,Loan-21824,57
Transparente Productions LLC,MIAMI,FL,33XXX,CORPORATION,"JPMorgan Chase Bank, National Association",COLUMBUS,OH,432XX,628,9.75,V,71XXXX,70,1,Y,UNKNOWN,24798.56,25000,MIAMI-DADE,FL,1,Loan-21978,59
ASIAN PLANET FOOD MARKET LLC,KENT,WA,98XXX,CORPORATION,GBC International Bank,LOS ANGELES,CA,900XX,22366,5.5,V,44XXXX,101,0,Y,Y,597525.05,650000,KING,WA,1,Loan-21999,59
Century Pilates LLC,XXXX,TX,75XXX,CORPORATION,Midwest Regional Bank,FESTUS,MO,630XX,8889,7.5,V,81XXXX,122,0,Y,Y,0.0,194000,TARRANT,TX,0,Loan-22018,55
Coamo Dreams Distribution,XXXX,NY,12XXX,CORPORATION,Manufacturers and Traders Trust Company,BUFFALO,NY,142XX,588,11.25,V,31XXXX,22,0,N,UNKNOWN,6740.1,10000,ULSTER,NY,1,Loan-22021,54
KAN KARS LLC,ATLANTA,GA,30XXX,CORPORATION,"Wells Fargo Bank, National Association",SIOUX FALLS,SD,571XX,3511,9.75,V,44XXXX,86,1,N,UNKNOWN,9862.43,5000,FULTON,GA,1,Loan-22060,59
SILVER SPUR CAR WASH LLC,XXXX,AZ,85XXX,CORPORATION,Midwest Regional Bank,FESTUS,MO,630XX,8889,7.5,V,81XXXX,274,0,Y,Y,79317.65,450000,MARICOPA,AZ,1,Loan-22100,59
Sunset Tropical Landscape of F,DEERFIELD BEACH,FL,33XXX,CORPORATION,Centennial Bank,CONWAY,AR,720XX,11241,5.75,V,56XXXX,129,0,Y,UNKNOWN,459997.15,486000,BROWARD,FL,1,Loan-22112,59
Davis Law Center LLC,NEWARK,NJ,71XXX,CORPORATION,Manufacturers and Traders Trust Company,BUFFALO,NY,142XX,588,6.75,V,54XXXX,39,0,N,UNKNOWN,67471.38,80000,ESSEX,NJ,1,Loan-22170,58
Risk Management Partners Inco,BOCA RATON,FL,33XXX,CORPORATION,Five Star Bank,Rancho Cordova,CA,956XX,35361,6.0,V,52XXXX,95,0,Y,Y,221098.23,250000,PALM BEACH,FL,1,Loan-22235,59
Stewart Foods LLC,Seabrook,TX,77XXX,CORPORATION,First Chatham Bank,SAVANNAH,GA,314XX,57252,7.5,V,72XXXX,103,0,Y,Y,142740.19,170000,HARRIS,TX,1,Loan-22246,55
Sunnyside Learning Center,SAN MARCOS,CA,92XXX,CORPORATION,CDC Small Business Finance Corp.,San Diego,CA,921XX,CDC Small -92106,8.0,V,62XXXX,80,0,Y,Y,225297.74,250000,SAN DIEGO,CA,1,Loan-22248,55
AWN CONSTRUCTION CORP,STOUGHTON,MA,20XXX,CORPORATION,Eastern Bank,Boston,MA,211XX,32773,7.74,F,23XXXX,17,0,Y,UNKNOWN,54123.58,83500,NORFOLK,MA,1,Loan-22278,59
Burns Landscape & Construction,XXXX,MA,18XXX,CORPORATION,Eastern Bank,Boston,MA,211XX,32773,3.99,F,23XXXX,60,0,Y,UNKNOWN,0.0,25000,MIDDLESEX,MA,0,Loan-22288,54
Geniva LLC,COTTAGE GROVE,WI,53XXX,CORPORATION,"United Midwest Savings Bank, National Association",DE GRAFF,OH,433XX,32441,6.0,V,56XXXX,76,0,Y,Y,112045.77,150000,DANE,WI,1,Loan-22452,59
EMC Performing Arts Studio,XXXX,PA,17XXX,CORPORATION,"Fulton Bank, National Association",LANCASTER,PA,176XX,7551,9.75,V,71XXXX,120,1,N,UNKNOWN,0.0,25000,YORK,PA,0,Loan-22529,57
Evolution Media LLC,MAPLEWOOD,MN,55XXX,CORPORATION,CDC Small Business Finance Corp.,San Diego,CA,921XX,CDC Small -92106,9.5,V,44XXXX,108,0,Y,UNKNOWN,95679.96,100000,SAN DIEGO,CA,1,Loan-22530,54
Jack Nichol Enterprises LLC,Saint Albans,VT,54XXX,CORPORATION,EastRise Federal Credit Union,Williston,VT,549XX,EastRise F-5495,5.25,F,11XXXX,39,0,Y,UNKNOWN,140847.05,176000,FRANKLIN,VT,1,Loan-22546,59
Jette Inc,Madison,AL,35XXX,CORPORATION,Old National Bank,EVANSVILLE,IN,477XX,3832,6.0,V,56XXXX,117,0,Y,Y,0.0,211400,LIMESTONE,AL,0,Loan-22549,44
MICHAEL MCLUSKEY dba ELITE LAW,XXXX,MA,27XXX,INDIVIDUAL,Eastern Bank,Boston,MA,211XX,32773,7.74,F,56XXXX,19,0,Y,UNKNOWN,50789.28,100000,BRISTOL,MA,1,Loan-22559,59
COHASSET LOBSTER POUND INC.,XXXX,MA,20XXX,CORPORATION,Eastern Bank,Boston,MA,211XX,32773,3.99,F,42XXXX,24,0,Y,UNKNOWN,14307.92,25000,NORFOLK,MA,1,Loan-22695,59
Jackson Floor Covering,LEBANON,MO,65XXX,INDIVIDUAL,"U.S. Bank, National Association",CINCINNATI,OH,452XX,6548,5.99,F,23XXXX,60,0,Y,UNKNOWN,0.0,36700,LACLEDE,MO,0,Loan-22718,55
JEFFREY KEITH,XXXX,OH,44XXX,INDIVIDUAL,The Huntington National Bank,COLUMBUS,OH,432XX,6560,6.25,V,56XXXX,106,1,N,UNKNOWN,15115.0,15000,TUSCARAWAS,OH,1,Loan-22917,58
Scott Gerson MD PA,XXXX,FL,32XXX,CORPORATION,First Savings Bank,Jeffersonville,IN,471XX,29961,6.0,V,62XXXX,268,0,Y,UNKNOWN,68078.11,452000,LAKE,FL,1,Loan-22952,59
CHARLY'S PLACE LLC,XXXX,CA,93XXX,CORPORATION,"Wells Fargo Bank, National Association",SIOUX FALLS,SD,571XX,3511,9.75,V,72XXXX,105,1,N,UNKNOWN,3992.19,5000,SANTA BARBARA,CA,1,Loan-22983,58
Gondra Center forReproductive ,PHOENIX,AZ,85XXX,CORPORATION,First-Citizens Bank & Trust Company,RALEIGH,NC,276XX,11063,4.75,V,62XXXX,98,0,Y,UNKNOWN,0.0,347000,MARICOPA,AZ,0,Loan-23000,38
Linkage Fitness LLC,XXXX,WI,54XXX,CORPORATION,The Stephenson National Bank and Trust,Marinette,WI,541XX,5306,5.0,F,71XXXX,83,0,Y,UNKNOWN,0.0,45000,BROWN,WI,0,Loan-23017,49
The Gray Group Insurance Broke,XXXX,TX,79XXX,CORPORATION,"United Midwest Savings Bank, National Association",DE GRAFF,OH,433XX,32441,6.0,V,52XXXX,120,0,Y,Y,0.0,435000,HASKELL,TX,0,Loan-23059,54
AVIDWORKS TECHNOLOGY LLC,WALNUT CREEK,CA,94XXX,CORPORATION,"U.S. Bank, National Association",CINCINNATI,OH,452XX,6548,9.75,V,23XXXX,84,1,N,UNKNOWN,0.0,27500,CONTRA COSTA,CA,0,Loan-23075,27
Bonzai Express of St. Louis I,Saint Louis,MO,63XXX,CORPORATION,"Peoples National Bank, National Association",MCLEANSBORO,IL,628XX,3809,6.25,V,72XXXX,90,0,Y,Y,0.0,2538000,SAINT LOUIS,MO,0,Loan-23082,30
Wayne Clark Enterprises LLC,XXXX,OH,43XXX,CORPORATION,"United Midwest Savings Bank, National Association",DE GRAFF,OH,433XX,32441,6.0,V,56XXXX,89,0,Y,Y,124698.14,150000,YORK,SC,1,Loan-23153,58
Baker Heating & Cooling Inc.,IMPERIAL,MO,63XXX,CORPORATION,"U.S. Bank, National Association",CINCINNATI,OH,452XX,6548,9.75,V,23XXXX,44,1,N,UNKNOWN,39528.18,40000,JEFFERSON,MO,1,Loan-23261,56
Blocklisted Media,FORT COLLINS,CO,80XXX,CORPORATION,"U.S. Bank, National Association",CINCINNATI,OH,452XX,6548,5.99,F,51XXXX,7,0,Y,UNKNOWN,6753.17,18400,LARIMER,CO,1,Loan-23265,58
KONSTRUKTED LLC,COLUMBUS,OH,43XXX,CORPORATION,"U.S. Bank, National Association",CINCINNATI,OH,452XX,6548,6.24,F,23XXXX,24,0,Y,UNKNOWN,10794.66,13300,FRANKLIN,OH,1,Loan-23366,58
Phia Salon LLC,Columbus,OH,43XXX,CORPORATION,The Huntington National Bank,COLUMBUS,OH,432XX,6560,6.25,V,81XXXX,120,1,Y,UNKNOWN,0.0,50000,FRANKLIN,OH,0,Loan-23375,57
AC Unlimited Inc,Chicago,IL,60XXX,CORPORATION,The Huntington National Bank,COLUMBUS,OH,432XX,6560,5.0,V,48XXXX,103,1,Y,UNKNOWN,24992.21,25000,COOK,IL,1,Loan-23506,58
ALLEVIANT AKRON LLC,Akron,OH,44XXX,CORPORATION,The Huntington National Bank,COLUMBUS,OH,432XX,6560,5.75,V,62XXXX,120,0,Y,UNKNOWN,0.0,162400,SUMMIT,OH,0,Loan-23513,28
James & Associates Inc,Detroit,MI,48XXX,CORPORATION,The Huntington National Bank,COLUMBUS,OH,432XX,6560,6.0,V,72XXXX,83,0,Y,Y,283447.56,350000,WAYNE,MI,1,Loan-23581,58
MAHA Orlando LLC,Orlando,FL,32XXX,CORPORATION,Central Bank,TAMPA,FL,336XX,58377,5.75,V,44XXXX,103,0,Y,Y,58019.08,235000,ORANGE,FL,1,Loan-23609,55
Pike & Co. LLC,AURORA,CO,80XXX,CORPORATION,United Community Bank,Greenville,SC,296XX,16889,5.5,V,71XXXX,77,0,Y,Y,0.0,425000,ARAPAHOE,CO,0,Loan-23652,56
R & W Builders Inc,O FALLON,IL,62XXX,CORPORATION,Bank of Springfield,SPRINGFIELD,IL,627XX,19506,3.75,V,23XXXX,28,1,Y,UNKNOWN,318045.37,500000,SAINT CLAIR,IL,1,Loan-23660,55
Aber Capital Group Inc.,Kent,OH,44XXX,CORPORATION,The Huntington National Bank,COLUMBUS,OH,432XX,6560,5.75,V,56XXXX,45,0,Y,Y,0.0,907500,PORTAGE,OH,0,Loan-23739,45
Burke Family Fitness LLC dba ,WAXHAW,NC,28XXX,CORPORATION,"United Midwest Savings Bank, National Association",DE GRAFF,OH,433XX,32441,6.0,V,71XXXX,103,0,Y,Y,87952.84,150000,UNION,NC,1,Loan-23833,57
Burkelly Inc,MANHATTAN BEACH,CA,90XXX,CORPORATION,United Community Bank,Greenville,SC,296XX,16889,5.5,V,71XXXX,78,0,Y,Y,384474.54,675000,LOS ANGELES,CA,1,Loan-23834,53
Crymar Finishes LLC,HOUSTON,TX,77XXX,CORPORATION,Third Coast Bank,Humble,TX,773XX,58716,4.75,V,23XXXX,120,0,Y,UNKNOWN,0.0,450000,HARRIS,TX,0,Loan-23872,56
Fox Financial,Reading,PA,19XXX,INDIVIDUAL,Manufacturers and Traders Trust Company,BUFFALO,NY,142XX,588,7.75,V,52XXXX,120,1,N,UNKNOWN,0.0,85000,BERKS,PA,0,Loan-23938,48
GRANVILLE MEATS & GROCERIES IN,GRANVILLE,IL,61XXX,CORPORATION,Byline Bank,CHICAGO,IL,606XX,20624,6.0,V,44XXXX,266,0,Y,Y,400228.23,700000,PUTNAM,IL,1,Loan-23951,57
One Goal Wellness,XXXX,IL,60XXX,CORPORATION,The Huntington National Bank,COLUMBUS,OH,432XX,6560,5.75,V,62XXXX,120,1,Y,UNKNOWN,0.0,40000,LAKE,IL,0,Loan-24125,45
SHANAHAN EMPIRE LLC,BOONE,IA,50XXX,CORPORATION,"U.S. Bank, National Association",CINCINNATI,OH,452XX,6548,7.75,V,23XXXX,84,1,Y,UNKNOWN,0.0,50000,BOONE,IA,0,Loan-24215,29
Sweet Innovation Corp.,SANTA CLARA,CA,95XXX,CORPORATION,Byline Bank,CHICAGO,IL,606XX,20624,6.0,V,72XXXX,120,0,Y,Y,0.0,950000,SANTA CLARA,CA,0,Loan-24250,49
Titus Dental LLC,Middletown,IN,47XXX,CORPORATION,The Huntington National Bank,COLUMBUS,OH,432XX,6560,6.0,V,62XXXX,120,1,Y,UNKNOWN,0.0,50000,HENRY,IN,0,Loan-24268,47
ALL ART DIRECT USA LLC,Brooklyn,NY,11XXX,CORPORATION,Manufacturers and Traders Trust Company,BUFFALO,NY,142XX,588,7.0,V,54XXXX,68,0,N,UNKNOWN,0.0,100000,KINGS,NY,0,Loan-24349,29
Food Friends Colorado LLC,Denver,CO,80XXX,CORPORATION,"Capital Bank, National Association",ROCKVILLE,MD,208XX,35278,6.0,V,45XXXX,100,0,Y,Y,152302.79,170500,DENVER,CO,1,Loan-24533,56
FUN RENTALS AND PARTY ESSENTIA,GOODYEAR,AZ,85XXX,CORPORATION,"U.S. Bank, National Association",CINCINNATI,OH,452XX,6548,5.99,F,53XXXX,60,0,Y,UNKNOWN,0.0,9200,MARICOPA,AZ,0,Loan-24543,56
Grimm LLC dba Glass Doctor of,XXXX,VA,24XXX,CORPORATION,"United Midwest Savings Bank, National Association",DE GRAFF,OH,433XX,32441,6.0,V,81XXXX,75,0,Y,Y,91495.48,120000,WYTHE,VA,1,Loan-24563,57
GULFCOAST ARTISTIC CONCRETE LL,XXXX,FL,32XXX,CORPORATION,"Wells Fargo Bank, National Association",SIOUX FALLS,SD,571XX,3511,7.75,V,23XXXX,99,1,N,UNKNOWN,4611.93,5000,ALACHUA,FL,1,Loan-24564,56
HDI Enterprises Inc,XXXX,MI,49XXX,CORPORATION,The Huntington National Bank,COLUMBUS,OH,432XX,6560,4.75,V,42XXXX,69,1,Y,UNKNOWN,249314.35,250000,MUSKEGON,MI,1,Loan-24570,51
LOVEJOYNIBS LLC dba Barre3 Ced,SEATTLE,WA,98XXX,CORPORATION,"Wells Fargo Bank, National Association",SIOUX FALLS,SD,571XX,3511,4.55,V,71XXXX,74,0,Y,UNKNOWN,213159.68,350000,COLLIN,TX,1,Loan-24663,57
MJ4 Ventures LLC,SAN ANTONIO,TX,78XXX,CORPORATION,"United Midwest Savings Bank, National Association",DE GRAFF,OH,433XX,32441,6.0,V,48XXXX,82,0,Y,Y,123989.5,150000,BEXAR,TX,1,Loan-24690,54
OSPREY TECHNOLOGY SOLUTIONS IN,XXXX,NJ,87XXX,CORPORATION,Meridian Bank,MALVERN,PA,193XX,57777,6.0,V,42XXXX,53,0,Y,Y,75119.23,100000,OCEAN,NJ,1,Loan-24730,58
Rihab Kheir MD PA,ALLEN,TX,75XXX,CORPORATION,"Zions Bank, A Division of",SALT LAKE CITY,UT,841XX,2270,5.0,V,62XXXX,84,0,N,UNKNOWN,31874.26,85000,COLLIN,TX,1,Loan-24785,58
TAB Online LLC,MERIDIAN,ID,83XXX,CORPORATION,North State Bank,RALEIGH,NC,276XX,35519,6.0,V,42XXXX,119,0,Y,Y,162560.54,251000,ADA,ID,1,Loan-24860,57
Veracity Construction Group In,Nashua,NH,30XXX,CORPORATION,Eastern Bank,Boston,MA,211XX,32773,3.99,F,23XXXX,24,0,Y,UNKNOWN,24721.81,25000,HILLSBOROUGH,NH,1,Loan-24909,58
E Edwards Enterprises LLC dba ,XXXX,TN,37XXX,CORPORATION,"United Midwest Savings Bank, National Association",DE GRAFF,OH,433XX,32441,6.0,V,56XXXX,82,0,Y,Y,119334.24,150000,ROBERTSON,TN,1,Loan-25070,57
EL CHARRITO PLAZA III INC.,XXXX,FL,33XXX,CORPORATION,PromiseOne Bank,DULUTH,GA,300XX,58657,5.0,V,44XXXX,300,0,Y,Y,0.0,2300000,MIAMI-DADE,FL,0,Loan-25072,48
Elite Industrial Staffing LLC,HOUSTON,TX,77XXX,PARTNERSHIP,"Wells Fargo Bank, National Association",SIOUX FALLS,SD,571XX,3511,9.75,V,56XXXX,76,1,N,UNKNOWN,4695.16,5000,HARRIS,TX,1,Loan-25076,59
My La's Frozen Yogurt LLC,SAINT MARYS,OH,45XXX,CORPORATION,West Central Development Corporation,Perrysburg,OH,435XX,West Centr-43551,6.0,V,72XXXX,84,0,N,Y,0.0,90000,AUGLAIZE,OH,0,Loan-25213,46
OCEAN JUICE INC,New York,NY,10XXX,CORPORATION,"TD Bank, National Association",WILMINGTON,DE,198XX,18409,9.04,V,72XXXX,120,1,N,UNKNOWN,0.0,35000,NEW YORK,NY,0,Loan-25228,45
RTH SAMCO LLC,KATY,TX,77XXX,CORPORATION,"United Midwest Savings Bank, National Association",DE GRAFF,OH,433XX,32441,6.0,V,23XXXX,89,0,Y,Y,123367.98,150000,FORT BEND,TX,1,Loan-25294,57
Xtreme Pet Products. Inc,XXXX,WA,98XXX,CORPORATION,Five Star Bank,Rancho Cordova,CA,956XX,35361,6.0,V,45XXXX,86,0,Y,Y,122911.62,150000,KING,WA,1,Loan-25414,58
AJ Baseball Academy LLC,DENTON,TX,76XXX,CORPORATION,"Wells Fargo Bank, National Association",SIOUX FALLS,SD,571XX,3511,5.95,F,61XXXX,190,0,Y,UNKNOWN,228154.33,317600,DENTON,TX,1,Loan-25425,56
Lyon Imports Limited Liability,TOMS RIVER,NJ,87XXX,CORPORATION,Pinnacle Bank,NASHVILLE,TN,372XX,35583,6.0,V,42XXXX,80,0,Y,Y,2077604.16,2600000,OCEAN,NJ,1,Loan-25482,57
Team Patterson LLC,XXXX,PA,18XXX,CORPORATION,Manufacturers and Traders Trust Company,BUFFALO,NY,142XX,588,7.75,V,54XXXX,42,0,N,UNKNOWN,89431.03,90000,WAYNE,PA,1,Loan-25517,58
Rain Shadow Brewing Company L,XXXX,CA,93XXX,CORPORATION,Pinnacle Bank,NASHVILLE,TN,372XX,35583,5.75,V,31XXXX,257,0,N,UNKNOWN,262615.48,1345000,INYO,CA,1,Loan-25602,54
Sixth City Glazing LLC,North Royalton,OH,44XXX,CORPORATION,The Huntington National Bank,COLUMBUS,OH,432XX,6560,6.0,V,23XXXX,120,1,N,UNKNOWN,0.0,200000,CUYAHOGA,OH,0,Loan-25612,44
Autumn Drive LLC,XXXX,NY,10XXX,CORPORATION,Manufacturers and Traders Trust Company,BUFFALO,NY,142XX,588,6.0,V,72XXXX,129,0,N,UNKNOWN,0.0,185000,ROCKLAND,NY,0,Loan-25654,48
Cut Above Landscaping Inc,BILLERICA,MA,18XXX,CORPORATION,Eastern Bank,Boston,MA,211XX,32773,3.99,F,23XXXX,60,0,Y,UNKNOWN,0.0,25000,MIDDLESEX,MA,0,Loan-25676,53
All-In Recruiting & Talent Bou,Las Vegas,NV,89XXX,CORPORATION,"BizCapital BIDCO I, LLC",NEW ORLEANS,LA,701XX,BizCapital-70112,6.0,V,56XXXX,65,0,Y,UNKNOWN,128259.08,150000,CLARK,NV,1,Loan-25800,54
Antonio Strad ViolinLLC,SAN ANTONIO,TX,78XXX,CORPORATION,Live Oak Banking Company,WILMINGTON,NC,284XX,58665,5.15,V,45XXXX,85,1,Y,UNKNOWN,0.0,150000,BEXAR,TX,0,Loan-25803,57
ESM Triad LLC,XXXX,NC,27XXX,CORPORATION,"United Midwest Savings Bank, National Association",DE GRAFF,OH,433XX,32441,6.0,V,56XXXX,91,0,Y,Y,125501.84,150000,RANDOLPH,NC,1,Loan-25855,57
Good Health Cafe Limited Liabi,NEW YORK,NY,10XXX,CORPORATION,Stone Bank,MOUNTAIN VIEW,AR,725XX,17431,6.0,V,72XXXX,86,0,Y,Y,0.0,150000,NEW YORK,NY,0,Loan-25869,55
MAKING A DIFFERENCE IN LIVES ,MARIETTA,GA,30XXX,CORPORATION,"United Midwest Savings Bank, National Association",DE GRAFF,OH,433XX,32441,6.0,V,61XXXX,120,0,Y,Y,0.0,150000,COBB,GA,0,Loan-25914,56
MMC AGENCY INC,LOS ANGELES,CA,90XXX,CORPORATION,Five Star Bank,Rancho Cordova,CA,956XX,35361,6.0,V,54XXXX,72,0,Y,Y,262421.61,350000,LOS ANGELES,CA,1,Loan-25928,57
Nancy Shufelt,XXXX,MI,49XXX,INDIVIDUAL,The Huntington National Bank,COLUMBUS,OH,432XX,6560,5.75,V,72XXXX,78,1,N,UNKNOWN,15283.57,35000,CASS,MI,1,Loan-25931,56
phillipsdevelopmentgroup LLC,TEMPE,AZ,85XXX,CORPORATION,Sunflower Bank National Association,Dallas,TX,752XX,4767,4.25,V,53XXXX,71,0,Y,UNKNOWN,3349395.45,3987200,MARICOPA,AZ,1,Loan-25944,57
WILLAMETTE VALLEY BOOKS AND BU,OREGON CITY,OR,97XXX,INDIVIDUAL,"U.S. Bank, National Association",CINCINNATI,OH,452XX,6548,5.99,F,45XXXX,60,0,Y,UNKNOWN,0.0,15000,CLACKAMAS,OR,0,Loan-26002,48
Words Well Spoken LLC,XXXX,GA,30XXX,CORPORATION,The First Bank,HATTIESBURG,MS,394XX,34217,6.0,V,62XXXX,79,0,Y,Y,81794.36,100000,HENRY,GA,1,Loan-26004,57
Bevridge Public LLC,Ridgefield,WA,98XXX,CORPORATION,Seattle Economic Development Fund dba Community Ca,Tukwila,WA,981XX,Seattle Ec-98168,7.75,F,72XXXX,120,0,Y,UNKNOWN,0.0,198100,CLARK,WA,0,Loan-26037,25
Casa Healthcare LLC dba HOME C,ALBUQUERQUE,NM,87XXX,CORPORATION,"United Midwest Savings Bank, National Association",DE GRAFF,OH,433XX,32441,6.0,V,62XXXX,97,0,Y,Y,133437.05,150000,BERNALILLO,NM,1,Loan-26046,56
Curo Holdings Inc.,CYPRESS,TX,77XXX,CORPORATION,"United Midwest Savings Bank, National Association",DE GRAFF,OH,433XX,32441,6.0,V,48XXXX,93,0,Y,Y,110328.77,125000,HARRIS,TX,1,Loan-26059,54
L&V Home Services LLC dba Wind,THORNTON,CO,80XXX,CORPORATION,"United Midwest Savings Bank, National Association",DE GRAFF,OH,433XX,32441,6.0,V,56XXXX,98,0,Y,Y,140471.73,150000,MARICOPA,AZ,1,Loan-26126,56
Miss Steel LLC,XXXX,NY,12XXX,CORPORATION,Chemung Canal Trust Company,ELMIRA,NY,149XX,597,5.25,F,23XXXX,60,0,Y,UNKNOWN,0.0,88000,SARATOGA,NY,0,Loan-26161,43
Viet Village LLC,FORT MYERS,FL,33XXX,CORPORATION,First Federal Bank,LAKE CITY,FL,320XX,31313,5.39,V,72XXXX,300,0,Y,UNKNOWN,0.0,714000,LEE,FL,0,Loan-26238,35
Zimmer Driscoll Insurance Agen,LAKE FOREST,IL,60XXX,CORPORATION,Signature Bank of Georgia,SANDY SPRINGS,GA,303XX,58103,5.75,V,52XXXX,86,0,Y,Y,434814.07,913300,LAKE,IL,1,Loan-26253,58
HIGH SIERRA AUTO SERVICE AND R,RENO,NV,89XXX,CORPORATION,"U.S. Bank, National Association",CINCINNATI,OH,452XX,6548,6.75,V,81XXXX,34,1,N,UNKNOWN,40314.77,40000,WASHOE,NV,1,Loan-26351,57
Jake's Painting,BATH,PA,18XXX,INDIVIDUAL,"Fulton Bank, National Association",LANCASTER,PA,176XX,7551,9.75,V,23XXXX,90,0,N,UNKNOWN,4860.98,5000,NORTHAMPTON,PA,1,Loan-26365,57
NATURE DAILY INC,Los Angeles,CA,90XXX,CORPORATION,"Lendistry SBLC, LLC",Los Angeles,CA,900XX,Lendistry -90021,9.25,F,42XXXX,87,0,Y,Y,63503.53,75000,LOS ANGELES,CA,1,Loan-26415,57
Graham Capital Ventures Inc. ,Pearland,TX,77XXX,CORPORATION,"United Midwest Savings Bank, National Association",DE GRAFF,OH,433XX,32441,6.0,V,44XXXX,92,0,Y,Y,133601.61,150000,BRAZORIA,TX,1,Loan-26557,56
Savage Finds LLC,Waco,TX,76XXX,CORPORATION,The First National Bank of McGregor d/b/a TFNB Your Bank for,MCGREGOR,TX,766XX,3330,6.5,F,71XXXX,60,0,Y,UNKNOWN,0.0,36000,MCLENNAN,TX,0,Loan-26617,50
Step Into Learning Childcare C,XXXX,PA,19XXX,CORPORATION,"Fulton Bank, National Association",LANCASTER,PA,176XX,7551,9.75,V,62XXXX,81,1,N,UNKNOWN,23603.04,25000,DELAWARE,PA,1,Loan-26630,50
13429 LHB LLC,XXXX,OH,44XXX,CORPORATION,The Huntington National Bank,COLUMBUS,OH,432XX,6560,6.0,V,72XXXX,282,0,N,Y,0.0,242400,CUYAHOGA,OH,0,Loan-26802,37
Activities Press Inc.,Mentor,OH,44XXX,CORPORATION,The Huntington National Bank,COLUMBUS,OH,432XX,6560,6.0,V,32XXXX,120,1,N,UNKNOWN,0.0,250000,LAKE,OH,0,Loan-26808,35
JD FARRELL INTERNATIONAL INC,TAMPA,FL,33XXX,CORPORATION,"United Midwest Savings Bank, National Association",DE GRAFF,OH,433XX,32441,6.0,V,56XXXX,86,0,Y,Y,121537.88,150000,HILLSBOROUGH,FL,1,Loan-26874,57
Ledbetter Holdings LLC,XXXX,SC,29XXX,INDIVIDUAL,Pinnacle Bank,XXXX,GA,306XX,14065,5.75,V,72XXXX,196,0,Y,Y,253655.64,979100,OCONEE,SC,1,Loan-26884,54
STERLING J. GROUP LLC,Boynton Beach,FL,33XXX,CORPORATION,"TD Bank, National Association",WILMINGTON,DE,198XX,18409,9.38,V,23XXXX,104,1,N,UNKNOWN,24957.18,25000,PALM BEACH,FL,1,Loan-26935,58
Zara Q Enterprise Inc.,Chicago,IL,60XXX,CORPORATION,The Huntington National Bank,COLUMBUS,OH,432XX,6560,6.25,V,81XXXX,105,1,N,UNKNOWN,25115.0,25000,COOK,IL,1,Loan-26946,57
Achamfour LLC,DENVER,CO,80XXX,CORPORATION,"United Midwest Savings Bank, National Association",DE GRAFF,OH,433XX,32441,6.0,V,45XXXX,103,0,Y,Y,0.0,150000,DENVER,CO,0,Loan-26951,27
Dans Solutions LLC,Spring Valley,NY,10XXX,CORPORATION,"TD Bank, National Association",WILMINGTON,DE,198XX,18409,9.04,V,42XXXX,8,1,N,UNKNOWN,24950.0,25000,ROCKLAND,NY,1,Loan-26976,58
SCDE CREDIT CONSULTANTS,MISSOURI CITY,TX,77XXX,CORPORATION,"Wells Fargo Bank, National Association",SIOUX FALLS,SD,571XX,3511,9.75,V,81XXXX,78,1,N,UNKNOWN,4002.61,5000,BRAZORIA,TX,1,Loan-27132,56
James R Cavanaugh Inc dba Jame,MONROE,WA,98XXX,CORPORATION,Umpqua Bank,Lake Oswego,OR,970XX,17266,5.75,V,23XXXX,78,1,N,UNKNOWN,24144.65,25000,SNOHOMISH,WA,1,Loan-27210,52
MOORE AND MERCANTILE LLC,YORK,SC,29XXX,CORPORATION,"Wells Fargo Bank, National Association",SIOUX FALLS,SD,571XX,3511,9.75,V,23XXXX,94,1,N,UNKNOWN,9589.76,10000,YORK,SC,1,Loan-27225,56
DAK CHICKEN LLC,FAIRFAX,VA,22XXX,CORPORATION,"TD Bank, National Association",WILMINGTON,DE,198XX,18409,8.74,F,72XXXX,43,0,N,UNKNOWN,22265.9,25000,ARLINGTON,VA,1,Loan-27369,58
DQ PERFORMANCE HORSES LLC,XXXX,NJ,80XXX,CORPORATION,"TD Bank, National Association",WILMINGTON,DE,198XX,18409,7.04,V,11XXXX,88,1,N,UNKNOWN,37797.02,75000,GLOUCESTER,NJ,1,Loan-27374,58
KC FARISS INC.,Rogers,AR,72XXX,CORPORATION,"United Midwest Savings Bank, National Association",DE GRAFF,OH,433XX,32441,6.0,V,44XXXX,86,0,Y,Y,101184.99,126000,BENTON,AR,1,Loan-27400,58
RAINFOREST NURSERY &amp; LANDS,Homestead,FL,33XXX,CORPORATION,"TD Bank, National Association",WILMINGTON,DE,198XX,18409,0.0,V,56XXXX,71,1,N,UNKNOWN,149907.85,150000,MIAMI-DADE,FL,1,Loan-27427,58
THE J. K. KALB CO. INC.,CORPUS CHRISTI,TX,78XXX,CORPORATION,"Wells Fargo Bank, National Association",SIOUX FALLS,SD,571XX,3511,5.55,V,42XXXX,36,0,Y,UNKNOWN,0.0,100000,NUECES,TX,0,Loan-27435,36
A1 Truck & Trailer Repair Inc,Dearborn,MI,48XXX,CORPORATION,The Huntington National Bank,COLUMBUS,OH,432XX,6560,6.25,V,81XXXX,36,1,N,UNKNOWN,88582.69,90000,WAYNE,MI,1,Loan-27450,57
Ozarks Waste Solutions LLC,XXXX,MO,65XXX,PARTNERSHIP,Legacy Bank & Trust Company,Mt. Grove,MO,657XX,22319,5.25,V,56XXXX,60,0,Y,UNKNOWN,0.0,140000,SHANNON,MO,0,Loan-27502,36
R&S Trucking Service LLC,Ravenna,OH,44XXX,CORPORATION,The Huntington National Bank,COLUMBUS,OH,432XX,6560,6.05,F,48XXXX,9,0,Y,UNKNOWN,60291.4,114400,PORTAGE,OH,1,Loan-27513,58
Silver construction corporatio,SCOTTSDALE,AZ,85XXX,CORPORATION,"United Midwest Savings Bank, National Association",DE GRAFF,OH,433XX,32441,6.0,V,23XXXX,90,0,Y,Y,82309.7,100000,MARICOPA,AZ,1,Loan-27622,55
Steve Shortt Excavating Inc.,Webster,NY,14XXX,CORPORATION,Manufacturers and Traders Trust Company,BUFFALO,NY,142XX,588,8.0,V,23XXXX,120,1,N,UNKNOWN,0.0,30000,MONROE,NY,0,Loan-27718,53
HERROADLESSTRAVELED LLC,SAN DIEGO,CA,92XXX,INDIVIDUAL,"U.S. Bank, National Association",CINCINNATI,OH,452XX,6548,5.49,F,54XXXX,72,0,Y,UNKNOWN,0.0,27500,SAN DIEGO,CA,0,Loan-27853,28
R and L Ranch Holdings LLC,XXXX,AZ,85XXX,CORPORATION,US Eagle FCU,ALBUQUERQUE,NM,871XX,US Eagle F-87109,6.0,V,45XXXX,300,0,Y,Y,0.0,470000,MARICOPA,AZ,0,Loan-27878,54
Ventura Air Services Inc,FARMINGDALE,NY,11XXX,CORPORATION,Five Star Bank,Rancho Cordova,CA,956XX,35361,6.0,V,48XXXX,120,0,Y,Y,0.0,350000,SUFFOLK,NY,0,Loan-27897,40
Balkan Mar-Express LLC,Independence,KY,41XXX,CORPORATION,The Huntington National Bank,COLUMBUS,OH,432XX,6560,4.8,V,48XXXX,84,0,Y,UNKNOWN,0.0,82900,KENTON,KY,0,Loan-27916,33
BBGeomatics LLC,HATTIESBURG,MS,39XXX,PARTNERSHIP,BankFirst Financial Services,COLUMBUS,MS,397XX,8870,6.0,V,54XXXX,84,1,Y,UNKNOWN,0.0,150000,LAMAR,MS,0,Loan-28107,24
REHOBOTH TRUCKING LLC,XXXX,MD,20XXX,CORPORATION,"TD Bank, National Association",WILMINGTON,DE,198XX,18409,7.24,V,48XXXX,86,0,N,UNKNOWN,99829.74,100000,PRINCE GEORGES,MD,1,Loan-28197,56
East Market and Goods LLC,Waco,TX,76XXX,CORPORATION,The First National Bank of McGregor d/b/a TFNB Your Bank for,MCGREGOR,TX,766XX,3330,6.0,V,44XXXX,80,0,Y,UNKNOWN,363493.81,416100,MCLENNAN,TX,1,Loan-28219,56
Gamma SGR Inc.,COLUMBUS,OH,43XXX,CORPORATION,Fifth Third Bank,CINCINNATI,OH,452XX,6672,6.58,V,81XXXX,69,1,Y,UNKNOWN,42044.29,100000,FRANKLIN,OH,1,Loan-28226,57
Priority Access Health Care L,Lafayette,LA,70XXX,CORPORATION,Gulf Coast Bank,ABBEVILLE,LA,705XX,20353,6.0,F,62XXXX,72,0,Y,UNKNOWN,132154.61,250200,LAFAYETTE,LA,1,Loan-28260,56
Smith Design Company LLC,XXXX,WV,25XXX,CORPORATION,The Huntington National Bank,COLUMBUS,OH,432XX,6560,6.0,V,72XXXX,120,1,N,UNKNOWN,0.0,15000,CABELL,WV,0,Loan-28272,35
WHITE GLOVE TRANSPORTATION SER,XXXX,CA,92XXX,CORPORATION,"Wells Fargo Bank, National Association",SIOUX FALLS,SD,571XX,3511,8.75,V,48XXXX,92,1,N,UNKNOWN,14060.92,10000,ORANGE,CA,1,Loan-28543,56
Wise Heating and Air Condition,RIVER FALLS,WI,54XXX,CORPORATION,Hiawatha National Bank,HAGER CITY,WI,540XX,13058,4.25,V,23XXXX,45,1,Y,UNKNOWN,0.0,650000,PIERCE,WI,0,Loan-28544,47
Burton Liquor Mart,TULSA,OK,74XXX,INDIVIDUAL,First Pryority Bank,Pryor,OK,743XX,4185,4.04,F,44XXXX,42,0,Y,UNKNOWN,0.0,262400,TULSA,OK,0,Loan-28561,38
Parktron Inc,Orange,CA,92XXX,CORPORATION,BMO Bank National Association,Chicago,IL,606XX,16571,6.0,V,81XXXX,90,0,N,Y,248946.19,255800,ORANGE,CA,1,Loan-28600,57
REALTIME AC SOLUTIONS LLC,AUSTIN,TX,78XXX,CORPORATION,"Wells Fargo Bank, National Association",SIOUX FALLS,SD,571XX,3511,9.25,V,23XXXX,83,1,N,UNKNOWN,0.0,7500,TRAVIS,TX,0,Loan-28603,53
Shady Brook Camping & RV Adven,XXXX,IA,50XXX,PARTNERSHIP,Two Rivers Bank & Trust,BURLINGTON,IA,526XX,58013,6.0,V,72XXXX,120,0,Y,Y,0.0,335000,DALLAS,IA,0,Loan-28610,41
Functional Fitness of West Har,West Hartford,CT,61XXX,PARTNERSHIP,Community Investment Corporation,Hamden,CT,651XX,Community -6518,7.0,V,71XXXX,120,0,Y,Y,0.0,150000,HARTFORD,CT,0,Loan-28652,40
DEEP Enterprises LLC,XXXX,OH,45XXX,CORPORATION,The Huntington National Bank,COLUMBUS,OH,432XX,6560,6.5,V,31XXXX,69,1,N,UNKNOWN,89125.02,90000,MONTGOMERY,OH,1,Loan-28737,57
Kinetic Personnel Group Inc.,CERRITOS,CA,90XXX,CORPORATION,"U.S. Bank, National Association",CINCINNATI,OH,452XX,6548,4.25,V,56XXXX,120,1,Y,UNKNOWN,0.0,250000,LOS ANGELES,CA,0,Loan-28766,49
AMAYA TRANSPORT,SAN DIEGO,CA,92XXX,INDIVIDUAL,"U.S. Bank, National Association",CINCINNATI,OH,452XX,6548,5.24,F,48XXXX,48,0,Y,UNKNOWN,0.0,39000,SAN DIEGO,CA,0,Loan-28892,36
K&R Transport LLC,Cleveland,OH,44XXX,CORPORATION,The Huntington National Bank,COLUMBUS,OH,432XX,6560,5.2,V,48XXXX,60,0,Y,UNKNOWN,0.0,154400,CUYAHOGA,OH,0,Loan-28925,25
PANTHERS TRUCKING SERVICES INC,Hialeah,FL,33XXX,CORPORATION,"TD Bank, National Association",WILMINGTON,DE,198XX,18409,7.54,V,48XXXX,120,1,N,UNKNOWN,0.0,90000,MIAMI-DADE,FL,0,Loan-28950,32
RR CONSULTING AND RENOVATION,GREER,SC,29XXX,CORPORATION,"Wells Fargo Bank, National Association",SIOUX FALLS,SD,571XX,3511,8.75,V,54XXXX,85,1,N,UNKNOWN,4140.2,5000,GREENVILLE,SC,1,Loan-28958,56
SAM GHANEM INC,BOCA RATON,FL,33XXX,CORPORATION,"Wells Fargo Bank, National Association",SIOUX FALLS,SD,571XX,3511,5.55,F,45XXXX,82,0,Y,UNKNOWN,322496.68,332600,PALM BEACH,FL,1,Loan-28959,57
Advantage Concepts Incorporate,Towson,MD,21XXX,CORPORATION,Manufacturers and Traders Trust Company,BUFFALO,NY,142XX,588,7.75,V,54XXXX,71,0,N,UNKNOWN,0.0,100000,BALTIMORE,MD,0,Loan-28993,46
CUSTOM CONCRETE SOLUTIONS LLC,XXXX,SD,57XXX,CORPORATION,The First National Bank in Sioux Falls,SIOUX FALLS,SD,571XX,4016,5.0,F,23XXXX,60,0,Y,UNKNOWN,0.0,142500,MINNEHAHA,SD,0,Loan-29010,39
JCDDOUGLAS LLC,Columbus,OH,43XXX,CORPORATION,The Huntington National Bank,COLUMBUS,OH,432XX,6560,5.5,V,72XXXX,70,1,N,UNKNOWN,49999.99,50000,FRANKLIN,OH,1,Loan-29033,57
JOHNSON JEWELERS OF STILLWATER,STILLWATER,MN,55XXX,INDIVIDUAL,"U.S. Bank, National Association",CINCINNATI,OH,452XX,6548,4.99,F,44XXXX,60,0,Y,UNKNOWN,0.0,30000,WASHINGTON,MN,0,Loan-29034,52
Woojuro Inc,XXXX,CA,90XXX,CORPORATION,BMO Bank National Association,Chicago,IL,606XX,16571,6.0,V,33XXXX,120,0,N,Y,315495.15,350000,LOS ANGELES,CA,1,Loan-29101,57
Star Land Inc.,Columbus,OH,43XXX,CORPORATION,The Huntington National Bank,COLUMBUS,OH,432XX,6560,6.5,V,48XXXX,88,1,N,UNKNOWN,24205.15,25000,FRANKLIN,OH,1,Loan-29193,56
PHILLIPS TOWING SERVICE,CORPUS CHRISTI,TX,78XXX,INDIVIDUAL,"Wells Fargo Bank, National Association",SIOUX FALLS,SD,571XX,3511,9.75,V,48XXXX,79,1,N,UNKNOWN,6201.64,10000,NUECES,TX,1,Loan-29271,57
Stansbury Manufacturing Incorp,Tulsa,OK,74XXX,CORPORATION,Byline Bank,CHICAGO,IL,606XX,20624,6.0,V,23XXXX,95,0,Y,Y,1164451.82,1474000,TULSA,OK,1,Loan-29285,57
BLCCSLLC,SAN ANTONIO,TX,78XXX,CORPORATION,Jefferson Bank,San Antonio,TX,782XX,16470,5.0,V,23XXXX,72,1,Y,UNKNOWN,0.0,100000,BEXAR,TX,0,Loan-29321,30
Hospitable Pineapple LLC,XXXX,NY,13XXX,CORPORATION,New York Business Development Corporation,Latham,NY,121XX,New York B-12110,6.0,V,72XXXX,120,0,Y,UNKNOWN,0.0,267000,OSWEGO,NY,0,Loan-29350,49
Pintail Enterprises LLC,Evansville,WY,82XXX,CORPORATION,Platte Valley Bank,TORRINGTON,WY,822XX,5442,5.75,F,81XXXX,47,0,Y,UNKNOWN,0.0,66000,NATRONA,WY,0,Loan-29388,48
Planet Auto Rental LLC,Saint Charles,MO,63XXX,CORPORATION,"World Trade Finance,  Inc.",Los Angeles,CA,900XX,World Trad-90017,7.5,V,53XXXX,83,0,Y,Y,3856561.72,5000000,SAINT CHARLES,MO,1,Loan-29389,56
Adventure Monster LLC dba Alp,PHOENIX,AZ,85XXX,CORPORATION,BNC National Bank,GLENDALE,AZ,853XX,57197,6.0,V,56XXXX,120,0,Y,Y,202098.71,235100,MARICOPA,AZ,1,Loan-29424,57
Devashish LLC,XXXX,CT,62XXX,CORPORATION,Jewett City Savings Bank,JEWETT CITY,CT,635XX,18237,4.0,V,53XXXX,252,0,Y,UNKNOWN,0.0,300000,WINDHAM,CT,0,Loan-29453,43
Premium Builders PLLC,HENDERSONVILLE,TN,37XXX,CORPORATION,"United Midwest Savings Bank, National Association",DE GRAFF,OH,433XX,32441,6.0,V,23XXXX,120,0,Y,Y,0.0,150000,SUMNER,TN,0,Loan-29503,48
Pearson 54 & 69 Towing,XXXX,KS,66XXX,INDIVIDUAL,Union State Bank,XXXX,KS,667XX,16788,7.0,F,48XXXX,72,0,Y,UNKNOWN,0.0,100000,BOURBON,KS,0,Loan-29603,56
AMAZING FEEDERS 4 U LLC,NORTHRIDGE,CA,91XXX,CORPORATION,"U.S. Bank, National Association",CINCINNATI,OH,452XX,6548,4.99,F,45XXXX,20,0,Y,UNKNOWN,12712.59,26000,LOS ANGELES,CA,1,Loan-29640,56
C J LUMBER TRUCKING,CARROLLTON,TX,75XXX,INDIVIDUAL,"PNC Bank, National Association",WILMINGTON,DE,198XX,6384,10.25,F,48XXXX,33,0,N,UNKNOWN,25755.64,30000,DALLAS,TX,1,Loan-29652,57
OUTDOOR OASIS CREATIONS LLC,XXXX,FL,34XXX,CORPORATION,"TD Bank, National Association",WILMINGTON,DE,198XX,18409,7.38,V,56XXXX,105,0,N,UNKNOWN,0.0,100000,PASCO,FL,0,Loan-29718,53
RICHARD TSIM,LONG BEACH,CA,90XXX,INDIVIDUAL,"U.S. Bank, National Association",CINCINNATI,OH,452XX,6548,4.99,F,61XXXX,60,0,Y,UNKNOWN,0.0,48000,LOS ANGELES,CA,0,Loan-29723,52
Vertex Fitness Associates LLC,PALM HARBOR,FL,34XXX,CORPORATION,Midwest Regional Bank,FESTUS,MO,630XX,8889,6.0,V,71XXXX,91,0,Y,Y,187750.98,182000,PINELLAS,FL,1,Loan-29741,52
WT Rental and Services LLC,XXXX,CT,64XXX,CORPORATION,Manufacturers and Traders Trust Company,BUFFALO,NY,142XX,588,10.75,F,53XXXX,60,0,N,UNKNOWN,0.0,50000,MIDDLESEX,CT,0,Loan-29744,22
CHRISCOS PROPERTIES MANAGEMENT,Nashua,NH,30XXX,CORPORATION,"TD Bank, National Association",WILMINGTON,DE,198XX,18409,9.04,F,23XXXX,60,0,Y,UNKNOWN,0.0,27900,HILLSBOROUGH,NH,0,Loan-29777,53
Gamma Sgr Inc.,Columbus,OH,43XXX,CORPORATION,Fifth Third Bank,CINCINNATI,OH,452XX,6672,4.9,F,81XXXX,71,0,Y,UNKNOWN,702445.17,1031000,FRANKLIN,OH,1,Loan-29892,57
The Spa At Artemis LLC,BATAVIA,NY,14XXX,CORPORATION,Tompkins Community Bank,ITHACA,NY,148XX,609,5.55,F,81XXXX,34,0,Y,UNKNOWN,23490.98,49500,GENESEE,NY,1,Loan-29954,57
CABALLO BLANCO LLC,Miami,FL,33XXX,CORPORATION,"TD Bank, National Association",WILMINGTON,DE,198XX,18409,4.75,V,23XXXX,81,0,N,UNKNOWN,143331.34,150000,MIAMI-DADE,FL,1,Loan-29983,57
LEADING EDGE PROPERTY MAINTENA,SALEM,NH,30XXX,CORPORATION,"United Midwest Savings Bank, National Association",DE GRAFF,OH,433XX,32441,6.0,V,56XXXX,89,0,Y,Y,124681.6,150000,ROCKINGHAM,NH,1,Loan-30014,57
Royal Roof Revivers LLC,Hagerstown,MD,21XXX,CORPORATION,Manufacturers and Traders Trust Company,BUFFALO,NY,142XX,588,6.5,V,23XXXX,66,0,N,UNKNOWN,0.0,51000,WASHINGTON,MD,0,Loan-30043,54
FOUR CORNERS HOME INC.,XXXX,NC,28XXX,CORPORATION,Live Oak Banking Company,WILMINGTON,NC,284XX,58665,4.75,V,44XXXX,300,0,Y,UNKNOWN,0.0,975000,HENDERSON,NC,0,Loan-30119,40
Little Jungle Safari LLC,ANKENY,IA,50XXX,CORPORATION,"Wells Fargo Bank, National Association",SIOUX FALLS,SD,571XX,3511,4.65,F,62XXXX,96,0,Y,UNKNOWN,0.0,180000,POLK,IA,0,Loan-30239,38
Coffee Cause LLC,XXXX,VA,22XXX,INDIVIDUAL,"Fulton Bank, National Association",LANCASTER,PA,176XX,7551,9.75,V,42XXXX,120,1,N,UNKNOWN,0.0,10000,FAIRFAX,VA,0,Loan-30303,52
Paul G Senft & Sons Trenching,XXXX,WI,53XXX,CORPORATION,Community State Bank,Union Grove,WI,531XX,9536,4.25,V,23XXXX,120,1,Y,UNKNOWN,0.0,750000,RACINE,WI,0,Loan-30367,52
SO &amp; EO LLC,XXXX,TX,76XXX,CORPORATION,The First National Bank of Ballinger,BALLINGER,TX,768XX,3087,5.0,V,31XXXX,78,0,Y,UNKNOWN,0.0,70000,TOM GREEN,TX,0,Loan-30386,53
TALWINDER SINGH,YUBA CITY,CA,95XXX,INDIVIDUAL,"U.S. Bank, National Association",CINCINNATI,OH,452XX,6548,6.24,F,48XXXX,60,0,Y,UNKNOWN,0.0,20000,SUTTER,CA,0,Loan-30503,55
Flutter Habit LLC,OLATHE,KS,66XXX,CORPORATION,The Central Trust Bank,JEFFERSON CITY,MO,651XX,12633,5.75,V,32XXXX,30,1,Y,UNKNOWN,0.0,50000,JOHNSON,KS,0,Loan-30549,30
KANU G REALTY LLC,CUMMING,GA,30XXX,CORPORATION,"United Midwest Savings Bank, National Association",DE GRAFF,OH,433XX,32441,6.0,V,53XXXX,112,0,Y,Y,61326.11,135000,FORSYTH,GA,1,Loan-30563,57
SIGOURNEY HEATING AND AIR COND,XXXX,IA,52XXX,CORPORATION,Quad City Bank and Trust Company,BETTENDORF,IA,527XX,33867,6.0,V,23XXXX,85,0,Y,UNKNOWN,182613.16,245000,KEOKUK,IA,1,Loan-30583,56
Caldwell Insurance Agency LLC,Charleston,WV,25XXX,CORPORATION,The Huntington National Bank,COLUMBUS,OH,432XX,6560,5.5,V,52XXXX,120,1,N,UNKNOWN,0.0,56000,KANAWHA,WV,0,Loan-30617,46
Cartecor Management LLC,Cleveland Heights,OH,44XXX,CORPORATION,The Huntington National Bank,COLUMBUS,OH,432XX,6560,6.0,V,23XXXX,17,1,N,UNKNOWN,149735.15,150000,CUYAHOGA,OH,1,Loan-30619,56
DBT Enterprise LLC dba Pinspir,ANDOVER,KS,67XXX,CORPORATION,"South Central Kansas Economic Development District, Inc.",XXXX,KS,672XX,South Cent-67226,6.0,V,45XXXX,93,0,Y,Y,100617.66,140000,SEDGWICK,KS,1,Loan-30629,54
Des Moines Equipment Services ,Des Moines,IA,50XXX,CORPORATION,First Internet Bank of Indiana,FISHERS,IN,460XX,34607,6.0,V,81XXXX,105,0,Y,Y,94922.7,100000,DALLAS,IA,1,Loan-30630,56
SIGOURNEY HEATING AND AIR COND,XXXX,IA,52XXX,CORPORATION,Quad City Bank and Trust Company,BETTENDORF,IA,527XX,33867,6.0,V,23XXXX,48,0,Y,UNKNOWN,100921.35,100000,KEOKUK,IA,1,Loan-30691,56
Choice Home Inspections LLC,XXXX,TN,37XXX,CORPORATION,Simmons Bank,PINE BLUFF,AR,716XX,3890,6.0,V,54XXXX,86,0,N,Y,241791.5,285000,RUTHERFORD,TN,1,Loan-30828,55
Coronam Auto Repair LLC,LEMON GROVE,CA,91XXX,CORPORATION,Citizens Bank,ELIZABETHTON,TN,376XX,14851,6.0,V,81XXXX,94,0,Y,Y,364021.65,510700,SAN DIEGO,CA,1,Loan-30832,56
Empire Enterprise LLC,XXXX,OH,43XXX,CORPORATION,The Huntington National Bank,COLUMBUS,OH,432XX,6560,6.0,V,49XXXX,31,0,N,UNKNOWN,7963.47,15000,MACOMB,MI,1,Loan-30844,56
Merchant Mogul LLC,CAMARILLO,CA,93XXX,CORPORATION,"United Midwest Savings Bank, National Association",DE GRAFF,OH,433XX,32441,6.0,V,45XXXX,89,0,Y,Y,124699.55,150000,VENTURA,CA,1,Loan-30868,56
Eastern Environmental Industri,XXXX,PA,15XXX,CORPORATION,"LendingClub Bank, National Association",LEHI,UT,840XX,32551,5.25,V,56XXXX,93,0,Y,Y,3639915.01,4565000,JEFFERSON,PA,1,Loan-30930,56
FREDERICK COLEMAN,YUBA CITY,CA,95XXX,INDIVIDUAL,"U.S. Bank, National Association",CINCINNATI,OH,452XX,6548,5.74,F,48XXXX,28,0,Y,UNKNOWN,35162.52,50000,SUTTER,CA,1,Loan-30938,56
Better Business Transportation,BUCKEYE,AZ,85XXX,CORPORATION,Comerica Bank,DALLAS,TX,752XX,983,5.0,V,48XXXX,75,1,Y,UNKNOWN,23351.0,23000,MARICOPA,AZ,1,Loan-31023,54
Crystal Room Studio LLC,XXXX,CA,91XXX,CORPORATION,PCR Small Business Development,Los Angeles,CA,900XX,PCR Small -90010,6.75,V,51XXXX,39,0,Y,Y,0.0,62500,LOS ANGELES,CA,0,Loan-31035,40
CUTTING EDGE LAWN MAINTENANCE ,PAYSON,UT,84XXX,CORPORATION,"U.S. Bank, National Association",CINCINNATI,OH,452XX,6548,4.9,F,56XXXX,59,0,Y,UNKNOWN,0.0,27000,UTAH,UT,0,Loan-31037,37
Motor Service Group LLC,Miami,FL,33XXX,CORPORATION,"Bank of America, National Association",CHARLOTTE,NC,282XX,3510,6.0,V,33XXXX,84,1,N,UNKNOWN,0.0,211500,MIAMI-DADE,FL,0,Loan-31064,51
SOGLI One LLC,Seattle,WA,98XXX,CORPORATION,Community Bank & Trust-West Georgia,LAGRANGE,GA,302XX,25796,6.0,V,51XXXX,99,0,Y,Y,1468546.64,1588400,KING,WA,1,Loan-31087,56
Air By Design Inc.,CAMARILLO,CA,93XXX,CORPORATION,Cadence Bank,TUPELO,MS,388XX,11813,6.0,V,54XXXX,79,0,Y,Y,224499.49,275000,VENTURA,CA,1,Loan-31108,56
AZ Health Systems LLC,XXXX,TX,76XXX,CORPORATION,Citizens Bank,ELIZABETHTON,TN,376XX,14851,5.5,V,44XXXX,93,0,N,Y,226599.13,401700,PARKER,TX,1,Loan-31113,56
Graystone LLC,CHICAGO,IL,60XXX,CORPORATION,Cadence Bank,TUPELO,MS,388XX,11813,6.0,V,45XXXX,120,0,Y,Y,0.0,350000,COOK,IL,0,Loan-31237,41
TRU INC,MERIDIAN,ID,83XXX,CORPORATION,"Wells Fargo Bank, National Association",SIOUX FALLS,SD,571XX,3511,9.75,V,56XXXX,92,1,N,UNKNOWN,8512.55,10000,ADA,ID,1,Loan-31288,56
W.N.B Investments LLC,Columbus,OH,43XXX,CORPORATION,Celtic Bank Corporation,SALT LAKE CITY,UT,841XX,57056,6.0,V,62XXXX,120,0,Y,Y,0.0,446000,FRANKLIN,OH,0,Loan-31292,49
Shree Gopinathji Corp,XXXX,WI,53XXX,CORPORATION,Community State Bank,Union Grove,WI,531XX,9536,5.25,F,44XXXX,60,0,Y,UNKNOWN,0.0,64000,RACINE,WI,0,Loan-31519,45
The Jachin LLC,Phoenix,AZ,85XXX,CORPORATION,Midwest Regional Bank,FESTUS,MO,630XX,8889,6.0,V,72XXXX,125,0,Y,Y,0.0,425000,MARICOPA,AZ,0,Loan-31531,51
Backspace Brewing Co. LLC,XXXX,SD,57XXX,CORPORATION,First National Bank of Omaha,OMAHA,NE,681XX,5452,6.5,F,31XXXX,83,0,Y,UNKNOWN,120172.23,308000,YANKTON,SD,1,Loan-31560,56
Beachline Innovations LLC,XXXX,FL,32XXX,CORPORATION,Umpqua Bank,Lake Oswego,OR,970XX,17266,6.0,V,45XXXX,75,0,Y,Y,615774.38,765400,BREVARD,FL,1,Loan-31562,55
LV Twin Oak Holdings LLC,LAS VEGAS,NV,89XXX,CORPORATION,"Wells Fargo Bank, National Association",SIOUX FALLS,SD,571XX,3511,5.1,F,42XXXX,300,0,Y,UNKNOWN,0.0,699000,CLARK,NV,0,Loan-31623,53
Rutherford Dynamix LLC,MISSOURI CITY,TX,77XXX,CORPORATION,"JPMorgan Chase Bank, National Association",COLUMBUS,OH,432XX,628,6.0,V,72XXXX,71,0,Y,UNKNOWN,292167.67,332500,FORT BEND,TX,1,Loan-31640,56
Goodwell,Portland,OR,97XXX,CORPORATION,Micro Enterprise Services of Oregon (Pedagogy Institute),Portland,OR,972XX,Micro Ente-97212,8.0,F,42XXXX,72,0,Y,UNKNOWN,0.0,250000,MULTNOMAH,OR,0,Loan-31706,28
SAUC'D,PORTLAND,OR,97XXX,INDIVIDUAL,"U.S. Bank, National Association",CINCINNATI,OH,452XX,6548,4.74,F,72XXXX,4,0,Y,UNKNOWN,2601.03,17000,MULTNOMAH,OR,1,Loan-31757,56
S&L Elite Services LLC,XXXX,TX,78XXX,CORPORATION,"Wells Fargo Bank, National Association",SIOUX FALLS,SD,571XX,3511,5.25,F,62XXXX,71,0,Y,UNKNOWN,335980.33,401000,KERR,TX,1,Loan-32018,56
Creswell Trading Co. Inc,MALVERN,PA,19XXX,CORPORATION,Meridian Bank,MALVERN,PA,193XX,57777,6.0,V,23XXXX,44,0,Y,UNKNOWN,500000.0,500000,CHESTER,PA,1,Loan-32080,56
PreAm Transport Inc.,XXXX,CO,80XXX,CORPORATION,"Readycap Lending, LLC",BERKELEY HEIGHTS,NJ,792XX,Readycap L-7922,6.0,V,49XXXX,99,0,Y,Y,24778.85,550000,ADAMS,CO,1,Loan-32137,54
COASTAL DISTRIBUTION L.L.C.,LAS VEGAS,NV,89XXX,CORPORATION,"U.S. Bank, National Association",CINCINNATI,OH,452XX,6548,6.75,V,33XXXX,45,1,Y,UNKNOWN,42101.27,50000,CLARK,NV,1,Loan-32196,55
M&S PRESTIGE TRANSPORT CORP,Miami Beach,FL,33XXX,CORPORATION,"TD Bank, National Association",WILMINGTON,DE,198XX,18409,9.38,F,48XXXX,29,0,Y,UNKNOWN,18007.97,25000,MIAMI-DADE,FL,1,Loan-32227,56
ABSOLUTE HOME IMPROVEMENT L.L,HOLDEN,MO,64XXX,CORPORATION,"United Midwest Savings Bank, National Association",DE GRAFF,OH,433XX,32441,6.0,V,23XXXX,95,0,Y,Y,134012.8,150000,JOHNSON,MO,1,Loan-32286,56
Trahan Consulting LLC,SAN DIEGO,CA,92XXX,CORPORATION,"United Midwest Savings Bank, National Association",DE GRAFF,OH,433XX,32441,6.0,V,62XXXX,79,0,Y,Y,36318.11,150000,SAN DIEGO,CA,1,Loan-32421,56
Marblehead Community Store,MARBLEHEAD,MA,19XXX,CORPORATION,Live Oak Banking Company,WILMINGTON,NC,284XX,58665,6.0,V,44XXXX,86,1,Y,UNKNOWN,96461.67,100000,ESSEX,MA,1,Loan-32678,55
Queens Trading Inc,BROOKLYN,NY,11XXX,CORPORATION,Celtic Bank Corporation,SALT LAKE CITY,UT,841XX,57056,6.0,V,42XXXX,110,0,Y,Y,145751.32,150000,QUEENS,NY,1,Loan-32696,55
S&RW Legacy LLC,XXXX,CO,80XXX,CORPORATION,First National Bank of Omaha,OMAHA,NE,681XX,5452,4.75,F,61XXXX,48,0,Y,UNKNOWN,118572.38,164200,WELD,CO,1,Loan-32707,56
Stakwell LLC,XXXX,NC,28XXX,CORPORATION,North State Bank,RALEIGH,NC,276XX,35519,6.0,V,72XXXX,120,0,Y,Y,0.0,348000,ONSLOW,NC,0,Loan-32715,52
B ORGANIZED CLOSET INC,Monroe,NY,10XXX,CORPORATION,"TD Bank, National Association",WILMINGTON,DE,198XX,18409,8.74,V,23XXXX,44,0,N,UNKNOWN,24880.28,25000,ORANGE,NY,1,Loan-32750,55
ASI ELECTRIC INC.,NORTHRIDGE,CA,91XXX,CORPORATION,Cadence Bank,TUPELO,MS,388XX,11813,6.0,V,23XXXX,120,0,Y,Y,0.0,350000,LOS ANGELES,CA,0,Loan-32894,35
Better Yet Pool Designs Inc.,Cypress,TX,77XXX,CORPORATION,Comerica Bank,DALLAS,TX,752XX,983,5.0,V,42XXXX,94,1,Y,UNKNOWN,40150.0,40000,HARRIS,TX,1,Loan-32900,54
4 Warriors Yoga LLC,Towson,MD,21XXX,CORPORATION,Manufacturers and Traders Trust Company,BUFFALO,NY,142XX,588,9.75,V,71XXXX,95,1,N,UNKNOWN,17951.8,18000,BALTIMORE,MD,1,Loan-33010,55
Clear Creek Mechanical LLC,Henderson,CO,80XXX,CORPORATION,KeyBank National Association,CLEVELAND,OH,441XX,17534,4.75,V,23XXXX,120,1,Y,UNKNOWN,0.0,750000,ADAMS,CO,0,Loan-33029,47
Philadelphia Homes LLC,Philadelphia,PA,19XXX,CORPORATION,Manufacturers and Traders Trust Company,BUFFALO,NY,142XX,588,9.75,V,53XXXX,78,0,N,UNKNOWN,19575.34,20000,PHILADELPHIA,PA,1,Loan-33095,55
ARKANSAS WHEEL REPAIR,XXXX,AR,72XXX,INDIVIDUAL,"U.S. Bank, National Association",CINCINNATI,OH,452XX,6548,6.24,F,81XXXX,36,0,Y,UNKNOWN,0.0,10000,SALINE,AR,0,Loan-33144,34
GNB Investment Enterprises L.,Houston,TX,77XXX,CORPORATION,"Home Bank, National Association",LAFAYETTE,LA,705XX,28094,4.75,V,42XXXX,168,0,Y,Y,0.0,2642600,HARRIS,TX,0,Loan-33186,50
LAWN KINGS LLC,LAYTON,UT,84XXX,CORPORATION,"U.S. Bank, National Association",CINCINNATI,OH,452XX,6548,4.49,F,56XXXX,2,0,Y,UNKNOWN,29213.11,48900,DAVIS,UT,1,Loan-33214,55
North Alabama Remediation Serv,XXXX,AL,35XXX,CORPORATION,"United Midwest Savings Bank, National Association",DE GRAFF,OH,433XX,32441,6.0,V,56XXXX,80,0,Y,Y,115133.81,150000,JEFFERSON,AL,1,Loan-33230,56
Your Mega Health Inc,BROOKLYN,NY,11XXX,CORPORATION,Manufacturers and Traders Trust Company,BUFFALO,NY,142XX,588,6.25,V,45XXXX,120,1,N,UNKNOWN,0.0,100000,KINGS,NY,0,Loan-33277,49
3NJR SERVICES LLC,XXXX,TX,79XXX,CORPORATION,"United Midwest Savings Bank, National Association",DE GRAFF,OH,433XX,32441,6.0,V,56XXXX,78,0,Y,Y,119552.99,150000,LUBBOCK,TX,1,Loan-33284,56
Performance Acquisitions Inc,BURNSVILLE,MN,55XXX,CORPORATION,BankVista,SARTELL,MN,563XX,35406,4.25,V,33XXXX,120,1,Y,UNKNOWN,0.0,350000,DAKOTA,MN,0,Loan-33384,43
BEACH BEARS DIVE AND TOURS LLC,Fort Lauderdale,FL,33XXX,CORPORATION,"TD Bank, National Association",WILMINGTON,DE,198XX,18409,8.74,V,48XXXX,120,1,N,UNKNOWN,0.0,25000,BROWARD,FL,0,Loan-33449,24
Global International S. Inc,TORRANCE,CA,90XXX,CORPORATION,"U.S. Bank, National Association",CINCINNATI,OH,452XX,6548,6.25,V,56XXXX,45,1,Y,UNKNOWN,55819.35,100000,LOS ANGELES,CA,1,Loan-33497,55
ETCP Trucking LLC,XXXX,NJ,70XXX,CORPORATION,Manufacturers and Traders Trust Company,BUFFALO,NY,142XX,588,8.0,V,48XXXX,62,0,N,UNKNOWN,12751.63,15000,UNION,NJ,1,Loan-33630,55
Dr. David Martino D.C. PLLC,Missouri City,TX,77XXX,CORPORATION,"Capital Bank, National Association",ROCKVILLE,MD,208XX,35278,6.0,V,62XXXX,77,0,Y,Y,112411.2,150000,FORT BEND,TX,1,Loan-33752,55
JAAT INC.,XXXX,IL,62XXX,CORPORATION,Hometown Bank,KENT,OH,442XX,30219,6.0,V,52XXXX,252,0,Y,UNKNOWN,225624.72,472000,MACOUPIN,IL,1,Loan-33776,54
MadRaver Interiors of Kentucky,FRANKFORT,KY,40XXX,CORPORATION,The Huntington National Bank,COLUMBUS,OH,432XX,6560,6.0,V,23XXXX,99,1,Y,UNKNOWN,150000.0,150000,JEFFERSON,KY,1,Loan-33791,55
MadRaver Interiors of Kentucky,Louisville,KY,40XXX,CORPORATION,The Huntington National Bank,COLUMBUS,OH,432XX,6560,6.0,V,23XXXX,110,0,Y,Y,576639.04,706100,JEFFERSON,KY,1,Loan-33792,55
AutoSource LLC,BULLHEAD CITY,AZ,86XXX,CORPORATION,"PNC Bank, National Association",WILMINGTON,DE,198XX,6384,9.25,F,81XXXX,60,0,N,UNKNOWN,0.0,60000,MOHAVE,AZ,0,Loan-33834,29
BDK Tools Inc.,PLAINFIELD,IL,60XXX,CORPORATION,Old Plank Trail Community Bank National Association,Mokena,IL,604XX,58314,4.75,F,45XXXX,72,0,Y,UNKNOWN,0.0,300000,WILL,IL,0,Loan-33839,52
Beautique LLC,Brandon,SD,57XXX,CORPORATION,The First National Bank in Sioux Falls,SIOUX FALLS,SD,571XX,4016,5.0,F,45XXXX,24,0,Y,UNKNOWN,288203.66,412000,MINNEHAHA,SD,1,Loan-33840,55
Collin Bryan Construction LLC,DALLAS,TX,75XXX,CORPORATION,Celtic Bank Corporation,SALT LAKE CITY,UT,841XX,57056,6.0,V,23XXXX,93,0,Y,Y,127987.68,150000,DALLAS,TX,1,Loan-33848,55
HAMEL WAXLER ALLEN AND COLLINS,NEW BEDFORD,MA,27XXX,CORPORATION,Eastern Bank,Boston,MA,211XX,32773,7.74,F,54XXXX,60,0,Y,UNKNOWN,0.0,50000,BRISTOL,MA,0,Loan-33883,54
HR INSURANCE BROKER'S INC.,LONG BEACH,CA,90XXX,CORPORATION,Cadence Bank,TUPELO,MS,388XX,11813,6.0,V,52XXXX,71,0,Y,Y,75460.28,100000,LOS ANGELES,CA,1,Loan-33887,55
Mcqueen's Auto Service LLC,GREENVILLE,MI,48XXX,CORPORATION,Isabella Bank,MOUNT PLEASANT,MI,488XX,1005,6.0,F,81XXXX,69,0,Y,UNKNOWN,97768.04,183000,MONTCALM,MI,1,Loan-33914,54
PAWSAROTTI'S,SANTA ROSA,CA,95XXX,PARTNERSHIP,"U.S. Bank, National Association",CINCINNATI,OH,452XX,6548,6.99,F,45XXXX,60,0,Y,UNKNOWN,0.0,20000,SONOMA,CA,0,Loan-33927,30
1513 WEBER ROAD LLC,Farmington,MO,63XXX,CORPORATION,American Bank of Freedom,Wellsville,MO,633XX,15423,5.75,V,54XXXX,168,0,Y,Y,0.0,750000,SAINT FRANCOIS,MO,0,Loan-33982,51
Community Bread MD LLC,XXXX,MD,20XXX,CORPORATION,BayFirst National Bank,Saint Petersburg,FL,337XX,34997,6.0,V,72XXXX,120,0,Y,Y,0.0,350000,PRINCE GEORGES,MD,0,Loan-34006,42
DISASTER SERVICES LLC,SAN TAN VALLEY,AZ,85XXX,CORPORATION,"U.S. Bank, National Association",CINCINNATI,OH,452XX,6548,9.75,V,56XXXX,38,1,N,UNKNOWN,40174.51,40000,PINAL,AZ,1,Loan-34009,55
Friendly Candle LLC,Columbus,OH,43XXX,CORPORATION,The Huntington National Bank,COLUMBUS,OH,432XX,6560,6.0,V,44XXXX,80,0,Y,UNKNOWN,0.0,25000,FRANKLIN,OH,0,Loan-34018,30
LAW OFFICE ALLISON & MOBY -SCO,BLOOMINGTON,IL,61XXX,CORPORATION,Heartland Bank and Trust Company,Bloomington,IL,617XX,20369,4.5,F,54XXXX,35,0,Y,UNKNOWN,0.0,93000,MCLEAN,IL,0,Loan-34040,36
ANZIE LLC,XXXX,TX,78XXX,CORPORATION,Celtic Bank Corporation,SALT LAKE CITY,UT,841XX,57056,6.0,V,45XXXX,108,0,Y,Y,0.0,150000,BEXAR,TX,0,Loan-34128,31
BrainSTEMology LLC,EVERETT,WA,98XXX,CORPORATION,Banner Bank,WALLA WALLA,WA,993XX,28489,5.5,F,54XXXX,16,0,Y,UNKNOWN,20729.33,50000,KING,WA,1,Loan-34143,55
BCM Enterprises Inc,DENVER,CO,80XXX,CORPORATION,Citizens Bank,ELIZABETHTON,TN,376XX,14851,6.0,V,71XXXX,90,0,N,Y,281922.77,340400,DENVER,CO,1,Loan-34249,55
The Meyers Group,XXXX,VA,20XXX,CORPORATION,First Internet Bank of Indiana,FISHERS,IN,460XX,34607,6.0,V,54XXXX,86,0,Y,Y,242440.21,300000,PRINCE WILLIAM,VA,1,Loan-34330,55
NEWBREED TRUCKING COMPANY,HAWTHORNE,CA,90XXX,CORPORATION,"U.S. Bank, National Association",CINCINNATI,OH,452XX,6548,6.24,F,48XXXX,10,0,Y,UNKNOWN,35095.34,49300,LOS ANGELES,CA,1,Loan-34442,55
13 Stripes LLC,OREGON CITY,OR,97XXX,CORPORATION,Seattle Economic Development Fund dba Community Ca,Tukwila,WA,981XX,Seattle Ec-98168,8.0,F,33XXXX,106,0,Y,UNKNOWN,30760.55,100000,CLACKAMAS,OR,1,Loan-34481,54
PEST SERVICE DIRECT INC,LONG BEACH,CA,90XXX,CORPORATION,"U.S. Bank, National Association",CINCINNATI,OH,452XX,6548,6.99,F,56XXXX,8,0,Y,UNKNOWN,9487.69,40000,LOS ANGELES,CA,1,Loan-34576,55
Rusty Plumbing LLC,QUEEN CREEK,AZ,85XXX,CORPORATION,"PNC Bank, National Association",WILMINGTON,DE,198XX,6384,9.25,F,23XXXX,60,0,N,UNKNOWN,0.0,100000,MARICOPA,AZ,0,Loan-34655,26
DRJ WELDING SERVICES LLC,XXXX,OH,44XXX,CORPORATION,The Huntington National Bank,COLUMBUS,OH,432XX,6560,5.5,V,81XXXX,84,1,N,UNKNOWN,50001.86,50000,TUSCARAWAS,OH,1,Loan-34722,55
FIRST CHOICE IMPORTING INC.,XXXX,NJ,77XXX,CORPORATION,"TD Bank, National Association",WILMINGTON,DE,198XX,18409,5.75,V,42XXXX,49,0,N,UNKNOWN,93972.42,100000,MONMOUTH,NJ,1,Loan-34732,54
Lincoln Transport Inc,Indianapolis,IN,46XXX,CORPORATION,The Huntington National Bank,COLUMBUS,OH,432XX,6560,5.6,V,48XXXX,84,0,Y,UNKNOWN,0.0,49400,MARION,IN,0,Loan-34790,40
Rivers' Edge Countertops Inc,XXXX,OK,73XXX,CORPORATION,First United Bank and Trust Company,DURANT,OK,747XX,4239,4.75,V,23XXXX,83,0,Y,UNKNOWN,0.0,1375000,MCCLAIN,OK,0,Loan-34840,47
3D Insurance Services Inc.,GARLAND,TX,75XXX,CORPORATION,Pathward National Association,SIOUX FALLS,SD,571XX,30776,6.0,V,52XXXX,81,0,Y,Y,508288.42,625000,DALLAS,TX,1,Loan-34896,54
Buzz Mind LLC,HOUSTON,TX,77XXX,CORPORATION,Midwest Regional Bank,FESTUS,MO,630XX,8889,6.0,V,54XXXX,93,0,N,Y,606289.02,727000,HARRIS,TX,1,Loan-35248,54
G-QTS INC,SAINT PETERSBURG,FL,33XXX,CORPORATION,Bank of Hope,LOS ANGELES,CA,900XX,26610,5.25,V,54XXXX,96,0,Y,UNKNOWN,261480.7,298000,PINELLAS,FL,1,Loan-35286,54
House of Buck LLC,MIDLOTHIAN,TX,76XXX,CORPORATION,"United Midwest Savings Bank, National Association",DE GRAFF,OH,433XX,32441,6.0,V,23XXXX,120,0,Y,Y,0.0,63000,ELLIS,TX,0,Loan-35293,53
SouthHouse Co.,PHILADELPHIA,PA,19XXX,CORPORATION,1st Colonial Community Bank,COLLINGSWOOD,NJ,810XX,35456,5.0,V,72XXXX,300,0,Y,Y,0.0,478500,PHILADELPHIA,PA,0,Loan-35360,39
Gates Hospitality LLC,XXXX,TX,77XXX,CORPORATION,Stellar Bank,Houston,TX,770XX,58629,5.75,V,72XXXX,100,0,Y,UNKNOWN,491111.03,620500,GALVESTON,TX,1,Loan-35451,52
JP HANDYMAN &amp; REMODELING S,Tampa,FL,33XXX,CORPORATION,"TD Bank, National Association",WILMINGTON,DE,198XX,18409,4.75,V,23XXXX,82,1,N,UNKNOWN,145000.0,145000,HILLSBOROUGH,FL,1,Loan-35470,54
Richard French,SACRAMENTO,CA,95XXX,INDIVIDUAL,Five Star Bank,Rancho Cordova,CA,956XX,35361,6.0,V,45XXXX,76,0,Y,Y,151797.12,200000,SACRAMENTO,CA,1,Loan-35513,55
BTB Ventures  Inc.,NORCO,CA,92XXX,CORPORATION,"U.S. Bank, National Association",CINCINNATI,OH,452XX,6548,6.99,F,72XXXX,35,0,Y,UNKNOWN,40522.79,50000,RIVERSIDE,CA,1,Loan-35577,55
JA SALES LLC,XXXX,IA,52XXX,CORPORATION,Cedar Rapids Bank and Trust Company,XXXX,IA,524XX,57244,6.0,V,42XXXX,89,0,Y,Y,1781916.86,2850000,LINN,IA,1,Loan-35608,55
JOSAN INVESTMENT INC.,XXXX,CA,93XXX,CORPORATION,Celtic Bank Corporation,SALT LAKE CITY,UT,841XX,57056,5.5,V,44XXXX,300,0,Y,Y,0.0,4950000,KINGS,CA,0,Loan-35615,43
True Company LLC,XXXX,MS,38XXX,CORPORATION,"United Midwest Savings Bank, National Association",DE GRAFF,OH,433XX,32441,6.0,V,23XXXX,98,0,Y,Y,129324.95,150000,LEE,MS,1,Loan-35674,55
Next Wave Electrical Contracto,HAMPSTEAD,MD,21XXX,CORPORATION,Manufacturers and Traders Trust Company,BUFFALO,NY,142XX,588,7.75,V,23XXXX,52,1,N,UNKNOWN,200000.0,100000,CARROLL,MD,1,Loan-35800,55
JBLB LLC,XXXX,LA,70XXX,CORPORATION,"United Midwest Savings Bank, National Association",DE GRAFF,OH,433XX,32441,6.0,V,81XXXX,102,0,Y,Y,0.0,150000,ASSUMPTION,LA,0,Loan-35919,34
Pabian Ventures LLC,Wilmington,DE,19XXX,CORPORATION,Celtic Bank Corporation,SALT LAKE CITY,UT,841XX,57056,6.0,V,53XXXX,120,0,Y,Y,0.0,289600,NEW CASTLE,DE,0,Loan-35962,44
Dynamic Business Services,XXXX,OK,74XXX,CORPORATION,First Bank and Trust Co,XXXX,OK,735XX,27394,6.0,F,54XXXX,60,0,Y,UNKNOWN,214077.03,241000,LINCOLN,OK,1,Loan-36031,54
RED LOGISTICS INC.,Cleveland,OH,44XXX,CORPORATION,Celtic Bank Corporation,SALT LAKE CITY,UT,841XX,57056,5.75,V,49XXXX,106,0,Y,Y,505912.7,1247000,CUYAHOGA,OH,1,Loan-36205,55
PROPELLA ELECTRIC LLC,REDMOND,WA,98XXX,CORPORATION,BayFirst National Bank,Saint Petersburg,FL,337XX,34997,6.0,V,44XXXX,190,0,Y,Y,148529.72,200000,KING,WA,1,Loan-36443,54
RavenRook Publishing LLC,CHICAGO,IL,60XXX,CORPORATION,Byline Bank,CHICAGO,IL,606XX,20624,6.0,V,32XXXX,95,0,Y,Y,717094.03,760000,COOK,IL,1,Loan-36448,54
SOUTHWEST SITE SERVICES INC.,XXXX,FL,33XXX,CORPORATION,First Business Bank,MADISON,WI,537XX,15229,6.0,V,23XXXX,101,0,Y,Y,371505.14,682000,LEE,FL,1,Loan-36477,52
SW GULF HOMES LLC,XXXX,FL,34XXX,CORPORATION,The Huntington National Bank,COLUMBUS,OH,432XX,6560,5.75,V,44XXXX,105,1,Y,UNKNOWN,100114.68,100000,COLLIER,FL,1,Loan-36490,55
SW GULF HOMES LLC,NAPLES,FL,34XXX,CORPORATION,The Huntington National Bank,COLUMBUS,OH,432XX,6560,5.75,V,44XXXX,111,0,Y,Y,389981.24,409000,COLLIER,FL,1,Loan-36491,55
DOGWOOD PROFESSIONAL SERVICES ,LIVINGSTON,NJ,70XXX,CORPORATION,"United Midwest Savings Bank, National Association",DE GRAFF,OH,433XX,32441,6.0,V,54XXXX,87,0,Y,Y,80556.88,100000,ESSEX,NJ,1,Loan-36591,55
Sons Auto Restorations LLC,SACRAMENTO,CA,95XXX,CORPORATION,Five Star Bank,Rancho Cordova,CA,956XX,35361,6.0,V,81XXXX,75,0,Y,Y,202663.63,275000,SACRAMENTO,CA,1,Loan-36691,54
ATOWN TAN LLC dba Outback Tann,XXXX,GA,30XXX,CORPORATION,Georgia Banking Company,Atlanta,GA,303XX,57071,6.0,V,81XXXX,87,0,Y,Y,145152.27,173000,GWINNETT,GA,1,Loan-36739,54
BENIE LOGISTICS INC.,Cleveland,OH,44XXX,CORPORATION,Celtic Bank Corporation,SALT LAKE CITY,UT,841XX,57056,5.75,V,49XXXX,104,0,Y,Y,1196508.85,1400000,CUYAHOGA,OH,1,Loan-36744,54
Renegade Builders LLC,XXXX,UT,84XXX,CORPORATION,Mountain America FCU,SANDY,UT,840XX,Mountain A-84070,9.25,V,23XXXX,52,1,N,UNKNOWN,24999.34,25000,WASHINGTON,UT,1,Loan-36874,53
J. Koch Insurance Agency Inc.,LAKE FOREST,CA,92XXX,CORPORATION,"United Midwest Savings Bank, National Association",DE GRAFF,OH,433XX,32441,6.0,V,52XXXX,91,0,Y,Y,556676.17,720000,ORANGE,CA,1,Loan-37000,54
Little Sprouts Academy Inc,SAN DIEGO,CA,92XXX,CORPORATION,BayFirst National Bank,Saint Petersburg,FL,337XX,34997,6.0,V,62XXXX,76,0,Y,Y,150823.07,200000,SAN DIEGO,CA,1,Loan-37023,53
ALPHA Maintenance Consulting G,ROANOKE,TX,76XXX,CORPORATION,"United Midwest Savings Bank, National Association",DE GRAFF,OH,433XX,32441,6.0,V,23XXXX,96,0,Y,Y,86365.95,100000,DENTON,TX,1,Loan-37138,54
Noble Auto Service LLC,Noblesville,IN,46XXX,CORPORATION,Horizon Bank,Michigan City,IN,463XX,4360,5.5,V,81XXXX,66,0,Y,UNKNOWN,0.0,100000,HAMILTON,IN,0,Loan-37503,42
Scott Air Conditioning Co. In,XXXX,PA,19XXX,CORPORATION,Univest Bank and Trust Co,Souderton,PA,189XX,7759,5.5,V,23XXXX,120,0,Y,UNKNOWN,0.0,382000,BUCKS,PA,0,Loan-37541,34
Suncoast Greenscapes LLC,XXXX,FL,34XXX,CORPORATION,Pathward National Association,SIOUX FALLS,SD,571XX,30776,6.0,V,81XXXX,103,0,Y,Y,188022.83,415000,MANATEE,FL,1,Loan-37553,54
ZIXUAN CHEN,EASTVALE,CA,92XXX,INDIVIDUAL,"U.S. Bank, National Association",CINCINNATI,OH,452XX,6548,5.24,F,48XXXX,48,0,Y,UNKNOWN,0.0,28000,RIVERSIDE,CA,0,Loan-37589,48
Aqua Stop Waterproofing,GEORGETOWN,CA,95XXX,CORPORATION,Cadence Bank,TUPELO,MS,388XX,11813,6.0,V,23XXXX,85,0,Y,Y,84810.3,100000,EL DORADO,CA,1,Loan-37605,54
B LEE TRANSIT SOLUTION LLC,KAHULUI,HI,96XXX,CORPORATION,Central Pacific Bank,Honolulu,HI,968XX,17308,6.25,V,53XXXX,60,0,N,UNKNOWN,0.0,80000,MAUI,HI,0,Loan-37612,46
CLL Services Inc.,XXXX,CA,92XXX,CORPORATION,"United Midwest Savings Bank, National Association",DE GRAFF,OH,433XX,32441,6.0,V,56XXXX,106,0,Y,Y,71784.15,150000,ORANGE,CA,1,Loan-37636,54
Garfield Wholesale Flowers LL,XXXX,NJ,70XXX,CORPORATION,Magyar Bank,NEW BRUNSWICK,NJ,890XX,30704,6.0,V,45XXXX,300,0,Y,Y,0.0,615600,BERGEN,NJ,0,Loan-37676,51
Integrative Medical Solutions,KINGSTON,WA,98XXX,CORPORATION,"Fund-Ex Solutions Group, LLC",Davie,FL,333XX,Fund-Ex So-33324,6.0,V,62XXXX,73,0,Y,Y,1619303.99,1845000,KITSAP,WA,1,Loan-37696,54
LAMBS MEDICAL SUPPLY OF INDIAN,INDIANAPOLIS,IN,46XXX,CORPORATION,Centier Bank,WHITING,IN,463XX,12854,5.75,V,42XXXX,84,0,Y,UNKNOWN,79132.28,96200,SHELBY,IN,1,Loan-37706,54
Newton Agency LLC,XXXX,LA,71XXX,CORPORATION,Cross Keys Bank,St. Joseph,LA,713XX,9322,5.99,F,52XXXX,60,0,Y,UNKNOWN,0.0,245000,CADDO,LA,0,Loan-37726,48
THE MCMULLAN GROUP LLC,WILTON,CT,68XXX,CORPORATION,"United Midwest Savings Bank, National Association",DE GRAFF,OH,433XX,32441,6.0,V,54XXXX,97,0,Y,Y,86024.56,95000,FAIRFIELD,CT,1,Loan-37791,54
TSL Group Inc.,Johns Creek,GA,30XXX,CORPORATION,Community Bank & Trust-West Georgia,LAGRANGE,GA,302XX,25796,6.0,V,45XXXX,95,0,Y,Y,2935291.72,3608300,FULTON,GA,1,Loan-37796,54
Allied Plastics Concepts Inc.,Murrieta,CA,92XXX,CORPORATION,CDC Small Business Finance Corp.,San Diego,CA,921XX,CDC Small -92106,7.75,V,32XXXX,81,0,Y,Y,109821.19,132000,RIVERSIDE,CA,1,Loan-37843,54
JOEL F. KROCKER INSURANCE AGEN,Cleveland,OH,44XXX,CORPORATION,The Huntington National Bank,COLUMBUS,OH,432XX,6560,6.0,V,52XXXX,37,1,N,UNKNOWN,85904.57,96000,CUYAHOGA,OH,1,Loan-37920,53
Joint Napa Valley Physical The,XXXX,CA,94XXX,CORPORATION,Mortgage Capital Development Corporation,Oakland,CA,946XX,Mortgage C-94612,6.0,V,62XXXX,74,0,Y,Y,61481.65,80400,NAPA,CA,1,Loan-38145,50
Caramelo,LAWRENCE,KS,66XXX,INDIVIDUAL,Central National Bank,JUNCTION CITY,KS,664XX,4702,5.65,F,31XXXX,60,0,Y,UNKNOWN,0.0,35000,LEAVENWORTH,KS,0,Loan-38559,53
Front Porch Freight Inc.,XXXX,TX,76XXX,CORPORATION,First Business Bank,MADISON,WI,537XX,15229,6.0,V,49XXXX,40,0,Y,Y,0.0,570000,DENTON,TX,0,Loan-38607,39
Herzog Leadership Consulting L,CAVE CREEK,AZ,85XXX,CORPORATION,"United Midwest Savings Bank, National Association",DE GRAFF,OH,433XX,32441,6.0,V,61XXXX,110,0,Y,Y,95400.3,100000,LOS ANGELES,CA,1,Loan-38621,54
GACO Fitness LLC,Marietta,GA,30XXX,CORPORATION,"CRF Small Business Loan Company, LLC",MINNEAPOLIS,MN,554XX,CRF Small -55402,6.0,V,71XXXX,86,0,Y,Y,0.0,227000,COBB,GA,0,Loan-38904,38
J Noel Inc.,KNOXVILLE,TN,37XXX,CORPORATION,First Internet Bank of Indiana,FISHERS,IN,460XX,34607,5.25,V,48XXXX,81,0,Y,Y,343747.5,570000,KNOX,TN,1,Loan-38935,54
KMPAA Inc.,OLATHE,KS,66XXX,CORPORATION,"LendingClub Bank, National Association",LEHI,UT,840XX,32551,5.75,V,71XXXX,105,0,Y,Y,431501.6,415000,JOHNSON,KS,1,Loan-38947,52
Mister Beer Runner & Services ,Miami,FL,33XXX,CORPORATION,"TD Bank, National Association",WILMINGTON,DE,198XX,18409,9.04,V,48XXXX,98,1,N,UNKNOWN,24313.16,25000,MIAMI-DADE,FL,1,Loan-38971,54
MRG Cape Remodeling & Construc,XXXX,MA,26XXX,CORPORATION,Cadence Bank,TUPELO,MS,388XX,11813,6.0,V,23XXXX,90,0,Y,Y,119574.65,125000,BARNSTABLE,MA,1,Loan-38981,54
Alchemy Spirit House Inc,ZIONSVILLE,IN,46XXX,CORPORATION,IncredibleBank,WAUSAU,WI,544XX,19772,6.25,V,31XXXX,73,1,Y,UNKNOWN,399460.86,125000,BOONE,IN,1,Loan-39099,54
Ameridough Inc.,XXXX,TX,75XXX,CORPORATION,One World Bank,DALLAS,TX,752XX,57901,5.25,V,44XXXX,120,0,N,UNKNOWN,0.0,542900,DALLAS,TX,0,Loan-39101,49
BOWER ENTERPRISES II INC,SOUTHFIELD,MI,48XXX,CORPORATION,Celtic Bank Corporation,SALT LAKE CITY,UT,841XX,57056,6.0,V,62XXXX,83,0,Y,Y,116498.83,150000,OAKLAND,MI,1,Loan-39120,54
Highlands Home Improvements Co,FORT WORTH,TX,76XXX,CORPORATION,"United Midwest Savings Bank, National Association",DE GRAFF,OH,433XX,32441,6.0,V,23XXXX,103,0,Y,Y,102410.78,110000,BROOMFIELD,CO,1,Loan-39204,54
JET Hauling and Moving Inc.,XXXX,VA,20XXX,CORPORATION,The Bancorp Bank National Association,Sioux Falls,SD,571XX,35444,6.0,F,56XXXX,96,0,N,UNKNOWN,110787.16,150000,FAIRFAX,VA,1,Loan-39222,54
OmAajaya Inc.,MARIETTA,GA,30XXX,CORPORATION,Bank of Hope,LOS ANGELES,CA,900XX,26610,5.0,V,44XXXX,120,0,Y,UNKNOWN,0.0,500000,COBB,GA,0,Loan-39290,37
PURCELL QUALITY INC.,STILLWATER,MN,55XXX,CORPORATION,First Internet Bank of Indiana,FISHERS,IN,460XX,34607,6.0,V,23XXXX,80,0,Y,Y,287759.35,350000,RAMSEY,MN,1,Loan-39309,54
Drawbridge Consulting and Sear,Denver,CO,80XXX,CORPORATION,Celtic Bank Corporation,SALT LAKE CITY,UT,841XX,57056,6.0,V,56XXXX,120,0,Y,Y,0.0,75000,DENVER,CO,0,Loan-39460,47
DUNHAMS MOUNTAIN SERVICES LLC,XXXX,CO,80XXX,CORPORATION,"U.S. Bank, National Association",CINCINNATI,OH,452XX,6548,6.24,F,81XXXX,32,0,Y,UNKNOWN,0.0,9000,SUMMIT,CO,0,Loan-39462,30
Signaturetone Recording,MINNEAPOLIS,MN,55XXX,INDIVIDUAL,Sunrise Banks National Association,SAINT PAUL,MN,551XX,18561,4.25,V,51XXXX,300,0,Y,UNKNOWN,0.0,308800,HENNEPIN,MN,0,Loan-39646,28
6S LLC,PROVO,UT,84XXX,CORPORATION,BayFirst National Bank,Saint Petersburg,FL,337XX,34997,6.0,V,72XXXX,92,0,N,Y,82387.83,107000,UTAH,UT,1,Loan-39706,53
GEMTRANS INC,AURORA,CO,80XXX,CORPORATION,Cadence Bank,TUPELO,MS,388XX,11813,6.0,V,48XXXX,120,0,Y,Y,0.0,55000,ARAPAHOE,CO,0,Loan-39812,42
LAD Partners,Fremont,CA,94XXX,CORPORATION,"U.S. Bank, National Association",CINCINNATI,OH,452XX,6548,5.25,V,32XXXX,120,0,Y,Y,0.0,1760800,ALAMEDA,CA,0,Loan-39865,36
Lusso Jewelry Inc,CHICAGO,IL,60XXX,CORPORATION,Bank of Hope,LOS ANGELES,CA,900XX,26610,5.5,V,42XXXX,46,0,Y,UNKNOWN,171524.79,250000,COOK,IL,1,Loan-39874,54
Morrow Transport,ABILENE,TX,79XXX,INDIVIDUAL,First National Bank and Trust Company of Weatherford d/b/a F,WEATHERFORD,TX,760XX,5575,5.25,V,48XXXX,52,0,Y,UNKNOWN,0.0,600000,TAYLOR,TX,0,Loan-39902,41
White Pine Logistics Inc,VIENNA,VA,22XXX,CORPORATION,"Newtek Small Business Finance, Inc.",LAKE SUCCESS,NY,110XX,Newtek Sma-11042,6.0,V,48XXXX,120,0,N,Y,0.0,1861200,FAIRFAX,VA,0,Loan-40004,37
Blu Ventures LLC,SAINT PETERSBURG,FL,33XXX,CORPORATION,Seacoast National Bank,STUART,FL,349XX,131,6.0,V,52XXXX,120,0,Y,Y,0.0,132000,PINELLAS,FL,0,Loan-40046,48
FRESHR LLC,SANDY,UT,84XXX,CORPORATION,Mountain America FCU,SANDY,UT,840XX,Mountain A-84070,9.75,V,54XXXX,80,1,N,UNKNOWN,0.0,20000,SALT LAKE,UT,0,Loan-40097,35
Residential Valuation Corp,DENVER,CO,80XXX,CORPORATION,"PNC Bank, National Association",WILMINGTON,DE,198XX,6384,9.75,V,53XXXX,88,0,N,UNKNOWN,8144.86,10000,ADAMS,CO,1,Loan-40250,50
United Rockaway LLC,XXXX,NY,11XXX,CORPORATION,First Commerce Bank,LAKEWOOD,NJ,870XX,58054,6.0,V,72XXXX,120,0,Y,UNKNOWN,0.0,850000,QUEENS,NY,0,Loan-40321,50
Red River Cutlery LLC,XXXX,TN,37XXX,CORPORATION,HomeTrust Bank,ASHEVILLE,NC,288XX,27677,6.0,V,42XXXX,96,0,Y,Y,374630.6,515000,WASHINGTON,TN,1,Loan-40412,54
East Bend Transportation LLC,XXXX,OH,43XXX,CORPORATION,The Huntington National Bank,COLUMBUS,OH,432XX,6560,5.05,V,48XXXX,84,0,Y,UNKNOWN,0.0,182800,HENRY,OH,0,Loan-40507,16
Amazing nails and spa,PORTLAND,OR,97XXX,CORPORATION,"U.S. Bank, National Association",CINCINNATI,OH,452XX,6548,6.99,F,81XXXX,15,0,Y,UNKNOWN,38192.17,45000,CLACKAMAS,OR,1,Loan-40724,54
Big Red Services LLC,XXXX,AL,36XXX,CORPORATION,ServisFirst Bank,BIRMINGHAM,AL,352XX,57993,5.0,F,56XXXX,48,0,Y,UNKNOWN,0.0,600300,BALDWIN,AL,0,Loan-40746,48
Harold's Photo Inc,SIOUX FALLS,SD,57XXX,CORPORATION,The First National Bank in Sioux Falls,SIOUX FALLS,SD,571XX,4016,4.85,F,44XXXX,60,0,Y,UNKNOWN,0.0,300000,MINNEHAHA,SD,0,Loan-40830,36
JB Financial Enterprises LLC,JACKSONVILLE,FL,32XXX,CORPORATION,Live Oak Banking Company,WILMINGTON,NC,284XX,58665,4.95,V,52XXXX,163,0,Y,UNKNOWN,0.0,1400000,DUVAL,FL,0,Loan-40844,50
JNK Honeygrove LLC,SAN ANTONIO,TX,78XXX,CORPORATION,"Zions Bank, A Division of",SALT LAKE CITY,UT,841XX,2270,5.0,V,62XXXX,300,0,Y,UNKNOWN,0.0,379000,BEXAR,TX,0,Loan-40850,52
Sucker & Biter Disposal LLC,BETHLEHEM,PA,18XXX,CORPORATION,"United Midwest Savings Bank, National Association",DE GRAFF,OH,433XX,32441,6.0,V,56XXXX,120,0,Y,Y,0.0,150000,LEHIGH,PA,0,Loan-40992,49
Buehre Enterprises LLC,XXXX,MO,65XXX,CORPORATION,"United Midwest Savings Bank, National Association",DE GRAFF,OH,433XX,32441,6.0,V,81XXXX,98,0,Y,Y,132394.48,150000,CAMDEN,MO,1,Loan-41090,54
MarcAngela Enterprises Inc.,Plano,TX,75XXX,CORPORATION,Wallis Bank,WALLIS,TX,774XX,20845,5.0,V,81XXXX,102,0,Y,Y,172689.54,257700,COLLIN,TX,1,Loan-41226,54
MYDF LLC,SAN DIEGO,CA,92XXX,CORPORATION,Cadence Bank,TUPELO,MS,388XX,11813,5.5,V,71XXXX,120,0,Y,Y,0.0,345000,SAN DIEGO,CA,0,Loan-41244,30
TRUMAN LAKE SIDING,CLINTON,MO,64XXX,INDIVIDUAL,"U.S. Bank, National Association",CINCINNATI,OH,452XX,6548,6.99,F,23XXXX,60,0,Y,UNKNOWN,0.0,20000,HENRY,MO,0,Loan-41359,44
Cool Dad LLC,SAN ANTONIO,TX,78XXX,CORPORATION,PeopleFund,Austin,TX,787XX,PeopleFund-78702,6.25,F,45XXXX,84,0,Y,UNKNOWN,0.0,80000,BEXAR,TX,0,Loan-41453,43
Eli Industries Inc,LOS ANGELES,CA,91XXX,CORPORATION,Cadence Bank,TUPELO,MS,388XX,11813,6.0,V,33XXXX,120,0,Y,Y,0.0,350000,LOS ANGELES,CA,0,Loan-41473,49
St. Croix Aseptic Bottle Filli,SOMERSET,WI,54XXX,CORPORATION,Hiawatha National Bank,HAGER CITY,WI,540XX,13058,4.75,V,31XXXX,58,1,Y,UNKNOWN,347120.24,350000,SAINT CROIX,WI,1,Loan-41613,54
TG Builders LLC,XXXX,WI,53XXX,CORPORATION,Community State Bank,Union Grove,WI,531XX,9536,5.75,V,23XXXX,120,1,Y,UNKNOWN,0.0,70000,RACINE,WI,0,Loan-41627,48
WP VENTURES LLC,BLOOMINGTON,MN,55XXX,CORPORATION,Village Bank,SAINT FRANCIS,MN,550XX,33761,5.99,V,45XXXX,94,0,Y,Y,129599.18,145000,HENNEPIN,MN,1,Loan-41654,54
MC Adventure Rentals LLC,COLTON,CA,92XXX,CORPORATION,CDC Small Business Finance Corp.,San Diego,CA,921XX,CDC Small -92106,7.75,V,53XXXX,90,0,Y,Y,64504.86,75000,SAN BERNARDINO,CA,1,Loan-41757,53
Concho Valley Chiropractic PLL,SAN ANGELO,TX,76XXX,PARTNERSHIP,First Financial Bank,ABILENE,TX,796XX,3066,5.25,V,62XXXX,87,0,Y,UNKNOWN,0.0,56300,TOM GREEN,TX,0,Loan-42000,36
SageBUILD Consulting LLC,XXXX,VA,22XXX,CORPORATION,"TD Bank, National Association",WILMINGTON,DE,198XX,18409,8.74,F,23XXXX,60,0,N,UNKNOWN,0.0,35000,ALBEMARLE,VA,0,Loan-42257,50
A-Z Auto Repair,XXXX,IL,60XXX,INDIVIDUAL,The Huntington National Bank,COLUMBUS,OH,432XX,6560,6.0,V,81XXXX,107,1,N,UNKNOWN,35116.86,36000,COOK,IL,1,Loan-42408,53
Simply Smart Technology LLC,CHICAGO,IL,60XXX,CORPORATION,"U.S. Bank, National Association",CINCINNATI,OH,452XX,6548,4.13,F,54XXXX,300,0,Y,UNKNOWN,0.0,365400,COOK,IL,0,Loan-42493,48
SCOTT FAMILY ENTERPRISES LLC,XXXX,MA,23XXX,CORPORATION,"United Midwest Savings Bank, National Association",DE GRAFF,OH,433XX,32441,6.0,V,44XXXX,91,0,Y,Y,124939.61,150000,PLYMOUTH,MA,1,Loan-42622,53
HawaikikiTeleHealth LLC,HONOLULU,HI,96XXX,CORPORATION,Central Pacific Bank,Honolulu,HI,968XX,17308,4.5,F,62XXXX,75,0,Y,UNKNOWN,0.0,1000000,HONOLULU,HI,0,Loan-42684,46
Joseph Sheridan Stanton,XXXX,OH,43XXX,CORPORATION,"U.S. Bank, National Association",CINCINNATI,OH,452XX,6548,5.99,F,23XXXX,26,0,Y,UNKNOWN,69059.61,100000,DELAWARE,OH,1,Loan-42692,53
GWH Services LLC,ROUND ROCK,TX,78XXX,CORPORATION,"United Midwest Savings Bank, National Association",DE GRAFF,OH,433XX,32441,6.0,V,56XXXX,106,0,Y,Y,69547.2,150000,WILLIAMSON,TX,1,Loan-42790,53
HODGES & FOLDS ASSOCIATES LLC,ABILENE,TX,79XXX,CORPORATION,First National Bank and Trust Company of Weatherford d/b/a F,WEATHERFORD,TX,760XX,5575,5.5,V,23XXXX,56,0,Y,UNKNOWN,110209.15,108400,TAYLOR,TX,1,Loan-42890,49
RG Holiday Group Inc.,NORTH ROYALTON,OH,44XXX,CORPORATION,Sutton Bank,ATTICA,OH,448XX,5962,5.75,F,52XXXX,80,0,Y,UNKNOWN,17842.27,125000,CUYAHOGA,OH,1,Loan-42924,53
Son'Kissed Designs Inc,XXXX,NJ,78XXX,CORPORATION,"TD Bank, National Association",WILMINGTON,DE,198XX,18409,9.04,V,81XXXX,103,1,N,UNKNOWN,25000.0,25000,MORRIS,NJ,1,Loan-42933,53
ASSET INSURANCE AGENCY LLC,PEABODY,MA,19XXX,CORPORATION,Eastern Bank,Boston,MA,211XX,32773,6.74,V,52XXXX,120,1,Y,UNKNOWN,0.0,50000,ESSEX,MA,0,Loan-42965,34
Freedom Coaching LLC,Minneapolis,MN,55XXX,CORPORATION,North State Bank,RALEIGH,NC,276XX,35519,6.0,V,61XXXX,92,0,Y,Y,119186.01,150000,HENNEPIN,MN,1,Loan-42986,52
QUEST ENTERPRISE GROUP LLC,FORT MYERS,FL,33XXX,CORPORATION,"United Midwest Savings Bank, National Association",DE GRAFF,OH,433XX,32441,6.0,V,56XXXX,94,0,Y,Y,85107.44,100000,LEE,FL,1,Loan-43031,53
Wild Wonderful Insurance Group,CHARLESTON,WV,25XXX,INDIVIDUAL,Paragon Bank,Memphis,TN,381XX,57874,6.0,V,52XXXX,83,0,Y,Y,134042.87,157500,KANAWHA,WV,1,Loan-43055,53
CLINICA INTEGRAL & BIENESTAR E,XXXX,PR,64XXX,CORPORATION,Oriental Bank,SAN JUAN,PR,918XX,31469,6.25,V,62XXXX,48,1,N,UNKNOWN,39514.77,50000,UTUADO,PR,1,Loan-43168,53
JAMBO AFRIK FASHION AND ACCESS,XXXX,PA,19XXX,CORPORATION,"Wells Fargo Bank, National Association",SIOUX FALLS,SD,571XX,3511,8.75,V,44XXXX,100,1,N,UNKNOWN,13316.23,15000,DELAWARE,PA,1,Loan-43205,53
Raj Enterprises LLC,XXXX,CT,65XXX,CORPORATION,Berkshire Bank,PITTSFIELD,MA,120XX,23621,6.0,V,44XXXX,104,0,Y,Y,1331497.73,1485000,        ,CT,1,Loan-43250,53
Bridal Maxx LLC,LAS VEGAS,NV,89XXX,CORPORATION,Lexicon Bank,Las Vegas,NV,891XX,59117,5.25,V,44XXXX,74,1,Y,UNKNOWN,199310.0,200000,CLARK,NV,1,Loan-43305,53
Dickey's Barbeque Pit,Loveland,CO,80XXX,CORPORATION,Gulf Coast Bank and Trust Company,NEW ORLEANS,LA,701XX,32974,6.0,V,72XXXX,97,0,Y,Y,86555.44,300000,LARIMER,CO,1,Loan-43318,52
CAOB Enterprises Ltd.,Columbus,OH,43XXX,CORPORATION,The Huntington National Bank,COLUMBUS,OH,432XX,6560,5.75,V,31XXXX,120,0,Y,Y,0.0,183000,FRANKLIN,OH,0,Loan-43409,41
CAOB Enterprises Ltd.,COLUMBUS,OH,43XXX,CORPORATION,The Huntington National Bank,COLUMBUS,OH,432XX,6560,5.75,V,31XXXX,120,1,Y,UNKNOWN,0.0,30000,DELAWARE,OH,0,Loan-43410,39
EXCELLIGENT LLC,ALBUQUERQUE,NM,87XXX,CORPORATION,"U.S. Bank, National Association",CINCINNATI,OH,452XX,6548,7.75,V,54XXXX,84,1,N,UNKNOWN,0.0,100000,BERNALILLO,NM,0,Loan-43422,48
TACOS LA VILLA MEXICAN GRILL,Bakersfield,CA,93XXX,CORPORATION,"Lendistry SBLC, LLC",Los Angeles,CA,900XX,Lendistry -90021,9.25,F,72XXXX,69,0,Y,UNKNOWN,186484.3,250000,KERN,CA,1,Loan-43492,52
Fueled by Culture,XXXX,NY,11XXX,CORPORATION,BayFirst National Bank,Saint Petersburg,FL,337XX,34997,6.0,V,54XXXX,110,0,Y,UNKNOWN,294509.77,300000,SUFFOLK,NY,1,Loan-43546,53
MID CITY TRANSPORT INC,COMMERCE,CA,90XXX,CORPORATION,"U.S. Bank, National Association",CINCINNATI,OH,452XX,6548,5.24,F,48XXXX,14,0,Y,UNKNOWN,26935.07,47300,LOS ANGELES,CA,1,Loan-43583,53
NO BETTER PLACE INC,XXXX,FL,32XXX,CORPORATION,BayFirst National Bank,Saint Petersburg,FL,337XX,34997,6.0,V,62XXXX,81,0,Y,Y,111525.68,140000,BREVARD,FL,1,Loan-43590,52
Advanced Home Runners Inc.,XXXX,WI,53XXX,CORPORATION,Celtic Bank Corporation,SALT LAKE CITY,UT,841XX,57056,6.0,V,48XXXX,93,0,Y,Y,272876.62,796700,SHEBOYGAN,WI,1,Loan-43632,52
HEALTH STAMINA LLC,HIGHLANDS RANCH,CO,80XXX,CORPORATION,"U.S. Bank, National Association",CINCINNATI,OH,452XX,6548,6.24,F,44XXXX,13,0,Y,UNKNOWN,11341.3,15000,DOUGLAS,CO,1,Loan-43683,53
Joseph Copley Insurance LLC,Mount Pleasant,SC,29XXX,CORPORATION,"United Midwest Savings Bank, National Association",DE GRAFF,OH,433XX,32441,6.0,V,52XXXX,101,0,Y,Y,895233.68,1300000,CHARLESTON,SC,1,Loan-43690,53
SJ WARD SERVICES LLC,REVERE,MA,21XXX,CORPORATION,"United Midwest Savings Bank, National Association",DE GRAFF,OH,433XX,32441,6.0,V,33XXXX,102,0,Y,Y,135590.68,150000,SUFFOLK,MA,1,Loan-43748,53
STRYK PERFORMANCE TECHNOLOGIES,KIRKLAND,WA,98XXX,CORPORATION,"Wells Fargo Bank, National Association",SIOUX FALLS,SD,571XX,3511,8.25,V,54XXXX,70,1,N,UNKNOWN,14792.67,15000,PIERCE,WA,1,Loan-43753,53
AK Fitness dba CKO Murrieta,COLUMBIA,TN,38XXX,CORPORATION,First Chatham Bank,SAVANNAH,GA,314XX,57252,6.0,V,71XXXX,91,0,Y,Y,133122.73,140000,RIVERSIDE,CA,1,Loan-43784,49
G & V Futures LLC,COLORADO SPRINGS,CO,80XXX,CORPORATION,"Wells Fargo Bank, National Association",SIOUX FALLS,SD,571XX,3511,4.35,F,56XXXX,120,0,Y,UNKNOWN,0.0,347900,EL PASO,CO,0,Loan-43833,51
GROUNDBREAKER DEVELOPMENT LLC,XXXX,NY,10XXX,CORPORATION,Manufacturers and Traders Trust Company,BUFFALO,NY,142XX,588,5.75,V,23XXXX,103,1,N,UNKNOWN,34850.13,100000,PUTNAM,NY,1,Loan-43838,52
Inspire Life Chiropractic LLC,XXXX,OR,97XXX,CORPORATION,Seattle Economic Development Fund dba Community Ca,Tukwila,WA,981XX,Seattle Ec-98168,7.75,F,62XXXX,120,0,Y,UNKNOWN,0.0,150000,CLACKAMAS,OR,0,Loan-43850,29
Koebbe Enterprises LLC,CAPE CORAL,FL,33XXX,CORPORATION,BayFirst National Bank,Saint Petersburg,FL,337XX,34997,6.0,V,48XXXX,103,0,Y,UNKNOWN,329153.16,350000,LEE,FL,1,Loan-43865,52
Sarver Corporation,ONTARIO,CA,91XXX,CORPORATION,Five Star Bank,Rancho Cordova,CA,956XX,35361,6.0,V,45XXXX,71,0,Y,Y,108383.75,150000,SAN BERNARDINO,CA,1,Loan-43901,53
A Plus Pediatrics LLC,ROCKVILLE,MD,20XXX,CORPORATION,Sandy Spring Bank,OLNEY,MD,208XX,4865,6.0,V,62XXXX,96,1,Y,UNKNOWN,0.0,60000,MONTGOMERY,MD,0,Loan-43932,34
Capex Financial LLC,XXXX,IL,60XXX,CORPORATION,BMO Bank National Association,Chicago,IL,606XX,16571,6.0,V,52XXXX,77,0,N,Y,27842.52,150000,LAKE,IL,1,Loan-43959,52
HAPPY ISLAND INC,ROWLAND HEIGHTS,CA,91XXX,CORPORATION,"U.S. Bank, National Association",CINCINNATI,OH,452XX,6548,5.24,F,48XXXX,9,0,Y,UNKNOWN,18766.78,50000,LOS ANGELES,CA,1,Loan-43981,53
LANDI REPAIR AND SERVICE CORP,Hialeah,FL,33XXX,CORPORATION,"TD Bank, National Association",WILMINGTON,DE,198XX,18409,9.04,V,81XXXX,75,1,N,UNKNOWN,30444.32,40000,MIAMI-DADE,FL,1,Loan-44006,53
NYLO GENERAL CONTRACTORS INC,MOBILE,AL,36XXX,CORPORATION,"Wells Fargo Bank, National Association",SIOUX FALLS,SD,571XX,3511,8.75,V,23XXXX,88,1,N,UNKNOWN,5820.14,7500,MOBILE,AL,1,Loan-44029,52
W.H. MOORE CASH LUMBER LLC,XXXX,NM,87XXX,CORPORATION,"U.S. Bank, National Association",CINCINNATI,OH,452XX,6548,7.75,V,32XXXX,84,1,N,UNKNOWN,0.0,37000,RIO ARRIBA,NM,0,Loan-44078,37
NEXUS FEDERAL INC,Alexandria,VA,22XXX,CORPORATION,Manufacturers and Traders Trust Company,BUFFALO,NY,142XX,588,7.75,F,54XXXX,120,1,N,UNKNOWN,0.0,100000,FAIRFAX,VA,0,Loan-44185,48
Pensieve Foods LLC,Los Angeles,CA,90XXX,CORPORATION,CDC Small Business Finance Corp.,San Diego,CA,921XX,CDC Small -92106,6.5,V,31XXXX,120,0,Y,Y,0.0,150000,LOS ANGELES,CA,0,Loan-44191,15
SDM CONSTRUCTION ENTERPRISES L,XXXX,TX,77XXX,CORPORATION,"PNC Bank, National Association",WILMINGTON,DE,198XX,6384,9.75,V,23XXXX,95,1,N,UNKNOWN,23601.9,25000,GALVESTON,TX,1,Loan-44209,50
FOUTS LAWN CARE CORP INC.,XXXX,MD,21XXX,CORPORATION,Manufacturers and Traders Trust Company,BUFFALO,NY,142XX,588,4.5,V,56XXXX,120,1,N,UNKNOWN,0.0,100000,BALTIMORE,MD,0,Loan-44283,48
HAVENCODE SOLUTIONS LLC,XXXX,VA,23XXX,CORPORATION,"Wells Fargo Bank, National Association",SIOUX FALLS,SD,571XX,3511,9.25,V,54XXXX,100,1,N,UNKNOWN,9781.32,10000,LOUISA,VA,1,Loan-44290,52
Native Linum,XXXX,CA,92XXX,CORPORATION,BayFirst National Bank,Saint Petersburg,FL,337XX,34997,6.0,V,81XXXX,85,0,Y,Y,159845.92,200000,ORANGE,CA,1,Loan-44318,52
ELVA'S BEAUTY THERAPY CORP,BRONX,NY,10XXX,CORPORATION,Neighborhood Trust FCU,NEW YORK CITY,NY,100XX,Neighborho-10032,10.0,F,81XXXX,48,0,N,UNKNOWN,0.0,12000,BRONX,NY,0,Loan-44411,47
RONAN MCCONNELL ELECTRIC INC,SAN FRANCISCO,CA,94XXX,CORPORATION,"U.S. Bank, National Association",CINCINNATI,OH,452XX,6548,5.74,F,23XXXX,60,0,Y,UNKNOWN,0.0,26000,SAN FRANCISCO,CA,0,Loan-44477,37
Broomell Holdings LLC,XXXX,NC,27XXX,CORPORATION,"United Midwest Savings Bank, National Association",DE GRAFF,OH,433XX,32441,6.0,V,56XXXX,80,0,Y,Y,117775.07,150000,NASH,NC,1,Loan-44538,53
JPE Enterprises Inc.,XXXX,CA,92XXX,CORPORATION,"CRF Small Business Loan Company, LLC",MINNEAPOLIS,MN,554XX,CRF Small -55402,6.0,V,23XXXX,94,0,Y,Y,178176.75,250000,ORANGE,CA,1,Loan-44580,53
M&V Tax and Insurance Pros,BROOKLYN,NY,11XXX,CORPORATION,Celtic Bank Corporation,SALT LAKE CITY,UT,841XX,57056,6.0,V,54XXXX,91,0,Y,Y,62876.94,75000,KINGS,NY,1,Loan-44591,52
MEADOWLARK OUTFITTERS LLC,XXXX,MO,65XXX,CORPORATION,The Bank of Missouri,PERRYVILLE,MO,637XX,1617,3.25,V,45XXXX,83,0,Y,UNKNOWN,71230.27,37000,CALLAWAY,MO,1,Loan-44594,53
TRANSMISSION REPAIR & PARTS C,Miami,FL,33XXX,CORPORATION,"TD Bank, National Association",WILMINGTON,DE,198XX,18409,6.74,V,81XXXX,89,1,N,UNKNOWN,100000.0,100000,MIAMI-DADE,FL,1,Loan-44644,51
Zuvachs LLC,Lehi,UT,84XXX,CORPORATION,Byline Bank,CHICAGO,IL,606XX,20624,6.0,V,72XXXX,79,0,Y,Y,240077.22,303200,SALT LAKE,UT,1,Loan-44658,52
ACCOMMODATING FINANCIAL & TAX ,TOLEDO,OH,43XXX,CORPORATION,BayFirst National Bank,Saint Petersburg,FL,337XX,34997,6.0,V,54XXXX,85,0,Y,Y,69914.94,84000,LUCAS,OH,1,Loan-44661,52
Glassman and Associates Inc.,XXXX,CA,91XXX,CORPORATION,FinWise Bank,SANDY,UT,841XX,35323,2.75,V,62XXXX,93,0,Y,Y,120749.27,150000,LOS ANGELES,CA,1,Loan-44712,52
DINER ON WHEELS LLC dba Lucky',ROUND ROCK,TX,78XXX,PARTNERSHIP,"PNC Bank, National Association",WILMINGTON,DE,198XX,6384,9.75,V,72XXXX,88,1,N,UNKNOWN,7715.26,10000,WILLIAMSON,TX,1,Loan-44810,52
GARSEP LLC,EVANS,CO,80XXX,CORPORATION,"Wells Fargo Bank, National Association",SIOUX FALLS,SD,571XX,3511,8.75,V,48XXXX,79,1,N,UNKNOWN,9680.66,10000,WELD,CO,1,Loan-44825,53
Pro Level Construction Inc.,PLEASANT HILL,CA,94XXX,CORPORATION,"U.S. Bank, National Association",CINCINNATI,OH,452XX,6548,9.75,V,23XXXX,63,1,N,UNKNOWN,27718.33,30000,CONTRA COSTA,CA,1,Loan-44863,52
Devan Medical LLC,XXXX,AR,71XXX,CORPORATION,"U.S. Bank, National Association",CINCINNATI,OH,452XX,6548,7.75,V,62XXXX,54,1,N,UNKNOWN,16996.18,20000,GARLAND,AR,1,Loan-44980,52
TRUE CONCEPTS INC.,EDEN PRAIRIE,MN,55XXX,CORPORATION,"U.S. Bank, National Association",CINCINNATI,OH,452XX,6548,4.74,F,23XXXX,48,0,Y,UNKNOWN,0.0,14800,HENNEPIN,MN,0,Loan-45057,49
Pal Concrete LLC,AURORA,CO,80XXX,CORPORATION,"United Midwest Savings Bank, National Association",DE GRAFF,OH,433XX,32441,6.0,V,23XXXX,72,0,Y,Y,110790.17,150000,ARAPAHOE,CO,1,Loan-45176,49
Twin Dragons Baking Co LLC,XXXX,CA,95XXX,CORPORATION,CDC Small Business Finance Corp.,San Diego,CA,921XX,CDC Small -92106,9.25,V,72XXXX,120,0,Y,UNKNOWN,0.0,190000,SACRAMENTO,CA,0,Loan-45222,35
Viera LLC,SAINT PAUL,MN,55XXX,CORPORATION,Granite Bank,Cold Spring,MN,563XX,5116,6.0,F,33XXXX,35,0,N,UNKNOWN,0.0,20000,RAMSEY,MN,0,Loan-45230,33
LAH Studios LLC,XXXX,NC,28XXX,CORPORATION,North State Bank,RALEIGH,NC,276XX,35519,6.0,V,71XXXX,80,0,Y,Y,0.0,348200,MOORE,NC,0,Loan-45300,44
MDM Custom Remodeling Inc.,XXXX,CA,91XXX,CORPORATION,BMO Bank National Association,Chicago,IL,606XX,16571,6.0,V,23XXXX,76,0,N,Y,126625.77,150000,LOS ANGELES,CA,1,Loan-45313,52
Penn Tech Deployments Inc.,XXXX,PA,17XXX,CORPORATION,Truist Bank,CHARLOTTE,NC,282XX,9846,4.96,V,54XXXX,75,0,N,UNKNOWN,1824405.89,2640000,PERRY,PA,1,Loan-45335,52
THE FOUNDATION4U LLC,Cleveland,OH,44XXX,CORPORATION,The Huntington National Bank,COLUMBUS,OH,432XX,6560,5.5,V,48XXXX,120,1,N,UNKNOWN,23827.2,24000,CUYAHOGA,OH,1,Loan-45481,50
BARNES DIRTWORKS LTD,Wellington,OH,44XXX,CORPORATION,The Huntington National Bank,COLUMBUS,OH,432XX,6560,5.25,V,23XXXX,60,0,Y,UNKNOWN,0.0,41100,LORAIN,OH,0,Loan-45516,50
Burson Insulation Services Cor,XXXX,LA,71XXX,CORPORATION,"United Midwest Savings Bank, National Association",DE GRAFF,OH,433XX,32441,6.0,V,23XXXX,92,0,Y,Y,130196.95,150000,RICHLAND,LA,1,Loan-45525,52
Techy,CLERMONT,FL,34XXX,CORPORATION,"Newtek Small Business Finance, Inc.",LAKE SUCCESS,NY,110XX,Newtek Sma-11042,6.0,V,81XXXX,86,0,Y,Y,0.0,180100,LAKE,FL,0,Loan-45712,33
That is Just Genius LLC,BATON ROUGE,LA,70XXX,CORPORATION,BayFirst National Bank,Saint Petersburg,FL,337XX,34997,6.0,V,45XXXX,87,0,Y,UNKNOWN,137614.4,150000,EAST BATON ROUGE,LA,1,Loan-45888,51
ANH LE,XXXX,CA,92XXX,INDIVIDUAL,CDC Small Business Finance Corp.,San Diego,CA,921XX,CDC Small -92106,7.75,V,81XXXX,96,0,Y,Y,0.0,150000,RIVERSIDE,CA,0,Loan-45912,28
Gurukaul of Grayslake LLC,XXXX,IL,60XXX,CORPORATION,Coastal States Bank,Hilton Head Island,SC,299XX,57756,5.25,V,62XXXX,118,0,N,Y,0.0,715000,LAKE,IL,0,Loan-45945,44
HeyTutor Inc.,Los Angeles,CA,90XXX,CORPORATION,Celtic Bank Corporation,SALT LAKE CITY,UT,841XX,57056,7.5,V,61XXXX,120,0,Y,Y,0.0,150000,LOS ANGELES,CA,0,Loan-45947,14
Regnum Legacy PC,EASTVALE,CA,92XXX,CORPORATION,CDC Small Business Finance Corp.,San Diego,CA,921XX,CDC Small -92106,9.25,V,54XXXX,104,0,Y,Y,87015.12,89400,SAN BERNARDINO,CA,1,Loan-45986,52
Leonardo Law Offices P.L.L.C.,TUCSON,AZ,85XXX,CORPORATION,Cadence Bank,TUPELO,MS,388XX,11813,6.0,V,54XXXX,120,0,Y,Y,0.0,60000,PIMA,AZ,0,Loan-46032,49
Beef Ventures Inc. - Big Rapi,XXXX,MI,49XXX,CORPORATION,The Huntington National Bank,COLUMBUS,OH,432XX,6560,4.5,F,72XXXX,90,0,Y,UNKNOWN,0.0,250000,MECOSTA,MI,0,Loan-46046,44
DNK Home Service LLC,BAYTOWN,TX,77XXX,CORPORATION,"United Midwest Savings Bank, National Association",DE GRAFF,OH,433XX,32441,6.0,V,23XXXX,109,0,Y,Y,142193.79,150000,CHAMBERS,TX,1,Loan-46066,52
Pretzel Perfection LLC,DOYLESTOWN,PA,18XXX,CORPORATION,US Eagle FCU,ALBUQUERQUE,NM,871XX,US Eagle F-87109,6.0,V,45XXXX,81,0,Y,Y,841109.28,1000000,BUCKS,PA,1,Loan-46129,51
Robinson Tire and Service Cent,XXXX,MS,39XXX,CORPORATION,BankFirst Financial Services,COLUMBUS,MS,397XX,8870,6.0,V,81XXXX,58,1,N,UNKNOWN,14927.36,15000,SMITH,MS,1,Loan-46135,50
CODI INC.,DIAMOND BAR,CA,91XXX,CORPORATION,Celtic Bank Corporation,SALT LAKE CITY,UT,841XX,57056,6.0,V,44XXXX,120,0,Y,Y,124785.7,150000,LOS ANGELES,CA,1,Loan-46191,52
Dupal carrier inc,XXXX,IL,60XXX,CORPORATION,Cadence Bank,TUPELO,MS,388XX,11813,6.0,V,48XXXX,81,0,Y,Y,137855.79,175000,COOK,IL,1,Loan-46201,50
Giannetto Cantizano,XXXX,CA,91XXX,INDIVIDUAL,Enterprise Bank & Trust,CLAYTON,MO,631XX,27237,5.0,V,23XXXX,300,0,N,UNKNOWN,0.0,720000,LOS ANGELES,CA,0,Loan-46210,31
Orbit Spirits LLC,SAN FRANCISCO,CA,94XXX,CORPORATION,"VelocitySBA, LLC",Costa Mesa,CA,926XX,VelocitySB-92626,6.0,V,44XXXX,93,0,Y,Y,170440.12,204000,SAN FRANCISCO,CA,1,Loan-46258,52
Golden Empire Security Inc.,BAKERSFIELD,CA,93XXX,CORPORATION,CDC Small Business Finance Corp.,San Diego,CA,921XX,CDC Small -92106,7.25,V,56XXXX,76,0,Y,Y,175300.61,242000,KERN,CA,1,Loan-46572,49
GREGORY MARSHALL P.S.,EVERETT,WA,98XXX,CORPORATION,Banner Bank,WALLA WALLA,WA,993XX,28489,5.75,V,54XXXX,120,1,Y,UNKNOWN,0.0,25000,SNOHOMISH,WA,0,Loan-46574,39
Apex Enterprise Corp.,MINNEAPOLIS,MN,55XXX,CORPORATION,Old National Bank,EVANSVILLE,IN,477XX,3832,5.25,F,42XXXX,84,0,Y,UNKNOWN,66870.07,1033100,HENNEPIN,MN,1,Loan-46687,51
F2F Marketing Inc,Detroit,MI,48XXX,CORPORATION,CDC Small Business Finance Corp.,San Diego,CA,921XX,CDC Small -92106,7.25,V,54XXXX,104,0,Y,UNKNOWN,88675.3,90000,WAYNE,MI,1,Loan-46720,50
TUMLIN HOME SERVICES LLC,LUTZ,FL,33XXX,CORPORATION,"United Midwest Savings Bank, National Association",DE GRAFF,OH,433XX,32441,6.0,V,23XXXX,89,0,Y,Y,124295.5,150000,HILLSBOROUGH,FL,1,Loan-46819,52
Summit Construction & Mgt inc.,WYOMING,MI,49XXX,CORPORATION,The Huntington National Bank,COLUMBUS,OH,432XX,6560,5.35,V,23XXXX,19,0,N,UNKNOWN,7495.07,11200,KENT,MI,1,Loan-46830,50
Summit Construction & Mgt inc.,WYOMING,MI,49XXX,CORPORATION,The Huntington National Bank,COLUMBUS,OH,432XX,6560,5.35,V,23XXXX,20,0,N,UNKNOWN,44649.54,63000,KENT,MI,1,Loan-46831,52
First Health Pro Inc,Brooklyn,NY,11XXX,CORPORATION,Manufacturers and Traders Trust Company,BUFFALO,NY,142XX,588,7.75,V,56XXXX,80,1,N,UNKNOWN,69930.35,70000,KINGS,NY,1,Loan-46882,51
Jayme Nelson Enterprises  Inc,EAGAN,MN,55XXX,CORPORATION,"United Midwest Savings Bank, National Association",DE GRAFF,OH,433XX,32441,6.0,V,23XXXX,96,0,Y,Y,97559.33,104000,DAKOTA,MN,1,Loan-46898,52
MODERN NATURAL INC,XXXX,NY,10XXX,CORPORATION,Manufacturers and Traders Trust Company,BUFFALO,NY,142XX,588,9.75,V,44XXXX,85,1,N,UNKNOWN,14925.98,15000,WESTCHESTER,NY,1,Loan-46926,49
MODERN NATURAL INC,XXXX,NY,10XXX,CORPORATION,Manufacturers and Traders Trust Company,BUFFALO,NY,142XX,588,10.24,F,44XXXX,25,0,N,UNKNOWN,23127.92,35200,WESTCHESTER,NY,1,Loan-46927,52
PHAT BEAUTY SUPPLY,SAN DIEGO,CA,92XXX,INDIVIDUAL,"U.S. Bank, National Association",CINCINNATI,OH,452XX,6548,6.99,F,44XXXX,60,0,Y,UNKNOWN,0.0,40000,SAN DIEGO,CA,0,Loan-46946,25
Roy Conrad Tennant,RAPID CITY,SD,57XXX,INDIVIDUAL,Pioneer Bank & Trust,BELLE FOURCHE,SD,577XX,15562,6.5,F,81XXXX,30,0,Y,UNKNOWN,42706.79,57000,PENNINGTON,SD,1,Loan-46953,49
WEALTH JOURNEY STRATEGIES INC,XXXX,IL,60XXX,CORPORATION,"United Midwest Savings Bank, National Association",DE GRAFF,OH,433XX,32441,6.0,V,23XXXX,96,0,Y,Y,87005.13,100000,LAKE,IL,1,Loan-47114,52
Sherman Arulappan LLC,XXXX,TN,37XXX,CORPORATION,Community Bank & Trust-West Georgia,LAGRANGE,GA,302XX,25796,6.0,V,45XXXX,88,0,Y,Y,2852947.12,3270200,RUTHERFORD,TN,1,Loan-47194,50
Smith Caldwell Drug Store Inc.,BENTON,AR,72XXX,CORPORATION,Regions Bank,BIRMINGHAM,AL,352XX,12368,5.0,V,44XXXX,120,0,Y,UNKNOWN,0.0,2623800,SALINE,AR,0,Loan-47198,32
YANA SHIKI USA LLC,TAMARAC,FL,33XXX,CORPORATION,Synovus Bank,Columbus,GA,319XX,873,5.25,V,44XXXX,78,1,Y,UNKNOWN,296486.91,300000,BROWARD,FL,1,Loan-47219,51
CORE FAMILY CHIROPRACTIC PLLC,Cedar Falls,IA,50XXX,CORPORATION,Lincoln Savings Bank,Reinbeck,IA,506XX,14207,6.0,V,62XXXX,104,0,Y,Y,168372.35,175500,BLACK HAWK,IA,1,Loan-47297,49
Vending Concierge,SAN MARCOS,CA,92XXX,CORPORATION,CDC Small Business Finance Corp.,San Diego,CA,921XX,CDC Small -92106,7.25,V,45XXXX,18,0,Y,Y,22404.46,40000,SAN DIEGO,CA,1,Loan-47372,49
GENESIS TRUCKING LLC,FORT LAUDERDALE,FL,33XXX,CORPORATION,"Wells Fargo Bank, National Association",SIOUX FALLS,SD,571XX,3511,9.25,V,48XXXX,92,1,N,UNKNOWN,9181.18,10000,BROWARD,FL,1,Loan-47428,51
J & E Inc,BASIN,WY,82XXX,CORPORATION,"Bank of Bridger, National Association",BRIDGER,MT,590XX,2224,5.75,F,42XXXX,44,1,Y,UNKNOWN,0.0,77500,BIG HORN,WY,0,Loan-47440,44
RubberChicken LLC,HOUSTON,TX,77XXX,CORPORATION,"United Midwest Savings Bank, National Association",DE GRAFF,OH,433XX,32441,6.0,V,23XXXX,84,0,Y,Y,123567.86,150000,HARRIS,TX,1,Loan-47489,51
Alpha Behavioral Health Servic,ODESSA,TX,79XXX,INDIVIDUAL,Cadence Bank,TUPELO,MS,388XX,11813,6.0,V,62XXXX,87,0,Y,Y,57191.46,65000,ECTOR,TX,1,Loan-47539,51
ATL Fleet Services LLC,DECATUR,GA,30XXX,CORPORATION,"United Midwest Savings Bank, National Association",DE GRAFF,OH,433XX,32441,6.0,V,81XXXX,87,0,Y,Y,123181.22,150000,DEKALB,GA,1,Loan-47545,51
East Market and Goods LLC,Waco,TX,76XXX,CORPORATION,The First National Bank of McGregor d/b/a TFNB Your Bank for,MCGREGOR,TX,766XX,3330,6.5,F,44XXXX,14,0,Y,UNKNOWN,50597.38,90800,MCLENNAN,TX,1,Loan-47582,46
eat prodoctions inc,BROOKLYN,NY,11XXX,CORPORATION,Cross River Bank,TEANECK,NJ,766XX,58410,5.25,V,56XXXX,53,1,Y,UNKNOWN,493636.94,500000,KINGS,NY,1,Loan-47583,51
Feline LLC,Cleveland,OH,44XXX,CORPORATION,The Huntington National Bank,COLUMBUS,OH,432XX,6560,5.25,V,23XXXX,52,0,Y,UNKNOWN,44155.36,50000,CUYAHOGA,OH,1,Loan-47588,49
CrÃ¨me BrÃ»lÃ©e LLC,DETROIT,MI,48XXX,CORPORATION,BayFirst National Bank,Saint Petersburg,FL,337XX,34997,6.0,V,81XXXX,91,0,N,UNKNOWN,410958.13,412000,WAYNE,MI,1,Loan-47733,51
Desert Made LLC,Tempe,AZ,85XXX,CORPORATION,Southwest Heritage Bank,Scottsdale,AZ,852XX,29087,5.25,V,32XXXX,84,0,Y,UNKNOWN,316681.45,350000,MARICOPA,AZ,1,Loan-47739,50
J W Kennel Care LLC,XXXX,CO,80XXX,CORPORATION,First Internet Bank of Indiana,FISHERS,IN,460XX,34607,5.5,V,81XXXX,300,0,Y,Y,0.0,1900000,ARAPAHOE,CO,0,Loan-47772,49
SC People Assist LLC,RICHMOND,TX,77XXX,CORPORATION,"United Midwest Savings Bank, National Association",DE GRAFF,OH,433XX,32441,6.0,V,44XXXX,94,0,Y,Y,127947.17,150000,FORT BEND,TX,1,Loan-47966,51
The Savannah Area Language and,SAVANNAH,GA,31XXX,CORPORATION,"Newtek Small Business Finance, Inc.",LAKE SUCCESS,NY,110XX,Newtek Sma-11042,9.75,V,61XXXX,93,0,Y,UNKNOWN,23057.86,25000,CHATHAM,GA,1,Loan-47983,50
CYNETRA SYSTEMS INC,XXXX,VA,20XXX,CORPORATION,Cadence Bank,TUPELO,MS,388XX,11813,6.0,V,54XXXX,92,0,Y,Y,190699.36,350000,LOUDOUN,VA,1,Loan-48047,50
Finjack Corporation,Stow,OH,44XXX,CORPORATION,HomeTrust Bank,ASHEVILLE,NC,288XX,27677,6.0,V,56XXXX,82,0,N,Y,160930.45,205000,SUMMIT,OH,1,Loan-48061,50
Image Signs and Graphic Compan,MCKINNEY,TX,75XXX,CORPORATION,Citizens Bank,ELIZABETHTON,TN,376XX,14851,6.0,V,54XXXX,92,0,Y,Y,194004.38,232400,COLLIN,TX,1,Loan-48081,51
PHILESKI SERVICES LLC,COOPER CITY,FL,33XXX,CORPORATION,"United Midwest Savings Bank, National Association",DE GRAFF,OH,433XX,32441,6.0,V,56XXXX,94,0,Y,Y,129074.58,150000,BROWARD,FL,1,Loan-48123,51
G&R Myers Group LLC,MARIETTA,GA,30XXX,CORPORATION,"United Midwest Savings Bank, National Association",DE GRAFF,OH,433XX,32441,6.0,V,56XXXX,82,0,Y,Y,117870.51,150000,COBB,GA,1,Loan-48233,51
GENEON CARIBE,ORLANDO,FL,32XXX,CORPORATION,"Wells Fargo Bank, National Association",SIOUX FALLS,SD,571XX,3511,9.25,V,45XXXX,104,1,N,UNKNOWN,0.0,10000,ORANGE,FL,0,Loan-48235,33
MMRR Enterprise,ELK GROVE,CA,95XXX,CORPORATION,Citizens Bank,ELIZABETHTON,TN,376XX,14851,6.0,V,72XXXX,100,0,Y,Y,440199.38,472000,SACRAMENTO,CA,1,Loan-48278,50
Small Carpenters at Large Inc,ATLANTA,GA,30XXX,CORPORATION,United Bank,FAIRFAX,VA,220XX,22858,5.25,V,23XXXX,300,0,Y,Y,0.0,755000,DEKALB,GA,0,Loan-48329,48
SPIANN PRODUCTS LLC,Wilmington,DE,19XXX,CORPORATION,"TD Bank, National Association",WILMINGTON,DE,198XX,18409,8.46,V,45XXXX,99,1,N,UNKNOWN,8583.34,10000,NEW CASTLE,DE,1,Loan-48336,51
The Coastal Coffee Stop LLC,SAN DIEGO,CA,92XXX,CORPORATION,First Internet Bank of Indiana,FISHERS,IN,460XX,34607,6.0,V,72XXXX,120,0,Y,Y,0.0,302000,SAN DIEGO,CA,0,Loan-48342,45
Christopher Quinn Violins Inc,MINNEAPOLIS,MN,55XXX,CORPORATION,BayFirst National Bank,Saint Petersburg,FL,337XX,34997,6.0,V,45XXXX,84,0,N,Y,158911.85,200000,HENNEPIN,MN,1,Loan-48409,51
DENTISTAR P.C.,GLENVIEW,IL,60XXX,CORPORATION,Five Star Bank,Rancho Cordova,CA,956XX,35361,6.0,V,62XXXX,120,0,Y,Y,0.0,300000,COOK,IL,0,Loan-48426,36
Intuitive Fitness Franchise L,Middleburg Heights,OH,44XXX,CORPORATION,The Huntington National Bank,COLUMBUS,OH,432XX,6560,6.0,V,71XXXX,120,1,Y,UNKNOWN,0.0,25000,CUYAHOGA,OH,0,Loan-48463,33
Justin Gillespie DBA Gillespie,HARTFORD,SD,57XXX,INDIVIDUAL,Cadence Bank,TUPELO,MS,388XX,11813,6.0,V,81XXXX,75,0,Y,Y,179365.81,295000,MINNEHAHA,SD,1,Loan-48470,51
Raudys Gonzalez,XXXX,MA,21XXX,INDIVIDUAL,Eastern Bank,Boston,MA,211XX,32773,5.0,F,81XXXX,60,0,Y,UNKNOWN,0.0,50000,SUFFOLK,MA,0,Loan-48522,48
Resilient Construction LLC,DALLAS,TX,75XXX,CORPORATION,First Internet Bank of Indiana,FISHERS,IN,460XX,34607,5.75,V,23XXXX,92,0,Y,Y,1126873.32,1268900,DALLAS,TX,1,Loan-48527,51
TriSky Livin SMTX LLC,SAN MARCOS,TX,78XXX,CORPORATION,"Zions Bank, A Division of",SALT LAKE CITY,UT,841XX,2270,5.5,V,44XXXX,83,0,Y,UNKNOWN,91257.1,120000,HAYS,TX,1,Loan-48559,51
BF OUTDOOR SOLUTIONS LLC,CYPRESS,TX,77XXX,CORPORATION,"United Midwest Savings Bank, National Association",DE GRAFF,OH,433XX,32441,6.0,V,22XXXX,94,0,Y,Y,128917.59,150000,HARRIS,TX,1,Loan-48890,50
Echo Canyon Inc.,XXXX,FL,32XXX,CORPORATION,"CRF Small Business Loan Company, LLC",MINNEAPOLIS,MN,554XX,CRF Small -55402,6.0,V,72XXXX,88,0,Y,Y,279611.11,530000,CLAY,FL,1,Loan-48944,50
Graigh House LLC,FRISCO,TX,75XXX,CORPORATION,"United Midwest Savings Bank, National Association",DE GRAFF,OH,433XX,32441,6.0,V,23XXXX,101,0,Y,Y,137115.22,150000,DENTON,TX,1,Loan-48967,51
Mission Fleet Services LLC,DOWNEY,CA,90XXX,CORPORATION,Cadence Bank,TUPELO,MS,388XX,11813,6.0,V,81XXXX,72,0,Y,Y,249158.74,275000,LOS ANGELES,CA,1,Loan-49034,50
TOMM Services LLC,XXXX,VA,24XXX,CORPORATION,"United Midwest Savings Bank, National Association",DE GRAFF,OH,433XX,32441,6.0,V,23XXXX,90,0,Y,Y,113759.73,135000,WAKE,NC,1,Loan-49132,49
World Spine and Orthopedics LL,DECATUR,GA,30XXX,CORPORATION,"United Midwest Savings Bank, National Association",DE GRAFF,OH,433XX,32441,6.0,V,62XXXX,85,0,Y,Y,128953.54,150000,DEKALB,GA,1,Loan-49148,51
LUXO GROUP INC.â€Žâ€Žâ€Žâ€Ž,Elk Grove Village,IL,60XXX,CORPORATION,Lincoln Savings Bank,Reinbeck,IA,506XX,14207,6.0,V,48XXXX,92,0,Y,Y,484717.72,800000,COOK,IL,1,Loan-49286,50
MEN AT WORK THOMPSON & SUNZ,XXXX,CA,95XXX,INDIVIDUAL,"U.S. Bank, National Association",CINCINNATI,OH,452XX,6548,6.99,F,23XXXX,21,0,Y,UNKNOWN,35288.5,49000,PLACER,CA,1,Loan-49296,49
CBL 44 LLC,APEX,NC,27XXX,CORPORATION,"United Midwest Savings Bank, National Association",DE GRAFF,OH,433XX,32441,6.0,V,56XXXX,120,0,Y,Y,0.0,150000,WAKE,NC,0,Loan-49370,48
Latimer Hardware,HEBER CITY,UT,84XXX,CORPORATION,Live Oak Banking Company,WILMINGTON,NC,284XX,58665,5.75,V,44XXXX,120,0,Y,UNKNOWN,0.0,385000,WASATCH,UT,0,Loan-49412,48
Apostle Trucking Company LLC,Commerce City,CO,80XXX,CORPORATION,KeyBank National Association,CLEVELAND,OH,441XX,17534,6.2,V,48XXXX,27,1,N,UNKNOWN,27623.26,35000,ADAMS,CO,1,Loan-49894,50
CWP  POOL SERVICE CORPORATION,Cape Coral,FL,33XXX,CORPORATION,The Huntington National Bank,COLUMBUS,OH,432XX,6560,6.0,V,23XXXX,91,1,Y,UNKNOWN,32005.0,75000,LEE,FL,1,Loan-49934,50
DJM DESMITH HOLDINGS INC.,XXXX,WI,54XXX,CORPORATION,Village Bank,SAINT FRANCIS,MN,550XX,33761,5.25,V,33XXXX,29,1,Y,UNKNOWN,185033.32,250000,BARRON,WI,1,Loan-49945,49
GREAT AMERICAN TRANSIT LLC,ADDISON,TX,75XXX,CORPORATION,"Wells Fargo Bank, National Association",SIOUX FALLS,SD,571XX,3511,8.75,V,48XXXX,120,1,N,UNKNOWN,0.0,5000,DALLAS,TX,0,Loan-49983,46
MARY'S BAR B QUE INC,Chicago,IL,60XXX,CORPORATION,The Huntington National Bank,COLUMBUS,OH,432XX,6560,5.25,V,72XXXX,78,0,Y,Y,126522.87,150000,COOK,IL,1,Loan-50044,49
Pearl Konnection Corporation,XXXX,IL,60XXX,CORPORATION,The Huntington National Bank,COLUMBUS,OH,432XX,6560,5.25,V,45XXXX,106,0,Y,UNKNOWN,150117.0,150000,WILL,IL,1,Loan-50072,48
HAILO MOTORSPORTS LLC,BURLINGTON,CT,60XXX,CORPORATION,"Wells Fargo Bank, National Association",SIOUX FALLS,SD,571XX,3511,9.75,V,81XXXX,75,1,N,UNKNOWN,7318.42,7500,        ,CT,1,Loan-50224,51
Professional Care Therapy Inc,Miami,FL,33XXX,CORPORATION,"TD Bank, National Association",WILMINGTON,DE,198XX,18409,7.75,V,62XXXX,103,1,N,UNKNOWN,25000.0,25000,MIAMI-DADE,FL,1,Loan-50266,50
DAILYSYNC TRUCKING LLC,Staten Island,NY,10XXX,CORPORATION,"TD Bank, National Association",WILMINGTON,DE,198XX,18409,8.49,V,48XXXX,82,0,N,UNKNOWN,0.0,25000,RICHMOND,NY,0,Loan-50341,37
DM HEBERT ENTERPRISES LLC,XXXX,LA,70XXX,CORPORATION,"United Midwest Savings Bank, National Association",DE GRAFF,OH,433XX,32441,6.0,V,56XXXX,98,0,Y,Y,83564.91,150000,EAST BATON ROUGE,LA,1,Loan-50343,51
Miller Bros Giant Tire Service,XXXX,FL,34XXX,CORPORATION,Truist Bank,CHARLOTTE,NC,282XX,9846,5.95,V,44XXXX,109,1,N,UNKNOWN,0.0,500000,HERNANDO,FL,0,Loan-50384,38
My Helping Hand LLC,SALEM,OR,97XXX,CORPORATION,Umpqua Bank,Lake Oswego,OR,970XX,17266,6.0,V,53XXXX,71,1,N,UNKNOWN,18523.39,25000,MARION,OR,1,Loan-50389,51
Nateysha S. Poindexter,XXXX,CT,64XXX,INDIVIDUAL,Liberty Bank,MIDDLETOWN,CT,645XX,17943,7.25,V,52XXXX,84,1,N,UNKNOWN,70499.9,75000,MIDDLESEX,CT,1,Loan-50391,51
LINXERVE ACADEMY,Woodbridge,VA,22XXX,CORPORATION,"TD Bank, National Association",WILMINGTON,DE,198XX,18409,8.74,F,54XXXX,42,0,N,UNKNOWN,17242.08,25000,PRINCE WILLIAM,VA,1,Loan-50500,51
M & T VICKSBURG INVESTMENTS LL,CLINTON,MS,39XXX,CORPORATION,Trustmark National Bank,JACKSON,MS,392XX,4988,4.55,F,72XXXX,60,0,Y,UNKNOWN,0.0,179400,HINDS,MS,0,Loan-50503,38
Pronatural Physicians Group L,Berlin,CT,60XXX,CORPORATION,Liberty Bank,MIDDLETOWN,CT,645XX,17943,7.75,V,62XXXX,104,1,N,UNKNOWN,45000.0,50000,HARTFORD,CT,1,Loan-50522,49
TANYARD MARKETING LLC,WEST JORDAN,UT,84XXX,CORPORATION,"U.S. Bank, National Association",CINCINNATI,OH,452XX,6548,6.99,F,54XXXX,34,0,Y,UNKNOWN,22423.74,25000,SALT LAKE,UT,1,Loan-50541,47
TPG Plastics LLC,MURRAY,KY,42XXX,CORPORATION,Byline Bank,CHICAGO,IL,606XX,20624,5.25,V,32XXXX,174,0,Y,UNKNOWN,0.0,2600000,CALLOWAY,KY,0,Loan-50547,20
NYMORE PIZZA LLC,XXXX,CA,95XXX,CORPORATION,"Wells Fargo Bank, National Association",SIOUX FALLS,SD,571XX,3511,9.75,V,72XXXX,82,1,N,UNKNOWN,14688.79,15000,BELTRAMI,MN,1,Loan-50592,50
KIT LOGISTICS LLC,PHOENIX,AZ,85XXX,CORPORATION,"Wells Fargo Bank, National Association",SIOUX FALLS,SD,571XX,3511,9.25,V,48XXXX,120,1,N,UNKNOWN,0.0,10000,MARICOPA,AZ,0,Loan-50656,36
Beau Monde LLC,XXXX,DE,19XXX,CORPORATION,Cadence Bank,TUPELO,MS,388XX,11813,6.0,V,45XXXX,78,0,Y,Y,36873.24,80000,SUSSEX,DE,1,Loan-50705,50
BH TRANSPORTATION INC,ROWLAND HEIGHTS,CA,91XXX,CORPORATION,"U.S. Bank, National Association",CINCINNATI,OH,452XX,6548,4.74,F,48XXXX,48,0,Y,UNKNOWN,0.0,31000,LOS ANGELES,CA,0,Loan-50707,50
Edelmira LLC,ABILENE,TX,79XXX,CORPORATION,"United Midwest Savings Bank, National Association",DE GRAFF,OH,433XX,32441,6.0,V,23XXXX,120,0,Y,Y,127536.23,150000,TAYLOR,TX,1,Loan-50729,51
SQUARE ENTERTAINMENT LLC,FRISCO,TX,75XXX,CORPORATION,"Wells Fargo Bank, National Association",SIOUX FALLS,SD,571XX,3511,8.25,V,71XXXX,76,1,N,UNKNOWN,9560.89,9900,DENTON,TX,1,Loan-50779,49
DHW CUSTOM ROOFING LLC,ARLINGTON,TX,76XXX,CORPORATION,"Wells Fargo Bank, National Association",SIOUX FALLS,SD,571XX,3511,9.25,V,23XXXX,75,1,N,UNKNOWN,5472.74,7500,TARRANT,TX,1,Loan-50807,50
EJ COMMA LLC,AUBURN,WA,98XXX,CORPORATION,Open Bank,LOS ANGELES,CA,900XX,57944,6.0,V,72XXXX,108,0,Y,Y,0.0,90000,KING,WA,0,Loan-50810,39
RC III Trucking LLC,Lafayette,OR,97XXX,CORPORATION,FinWise Bank,SANDY,UT,841XX,35323,6.0,V,48XXXX,94,0,Y,Y,17977.91,150000,YAMHILL,OR,1,Loan-50901,50
Jackler Wealth Management LLC,XXXX,LA,70XXX,CORPORATION,Fidelity Bank,Mandeville,LA,704XX,28316,6.5,V,54XXXX,76,1,N,UNKNOWN,24853.87,25000,SAINT TAMMANY,LA,1,Loan-51005,50
Coding4Fun LLC,DAYTON,OH,45XXX,CORPORATION,"Wells Fargo Bank, National Association",SIOUX FALLS,SD,571XX,3511,5.2,V,61XXXX,120,0,N,UNKNOWN,0.0,162100,MONTGOMERY,OH,0,Loan-51063,49
WiDaL Enterprises LLC,XXXX,PA,15XXX,CORPORATION,"United Midwest Savings Bank, National Association",DE GRAFF,OH,433XX,32441,6.0,V,23XXXX,93,0,Y,Y,127431.98,150000,SOMERSET,PA,1,Loan-51127,49
John H Best & Sons Incorporat,XXXX,IL,61XXX,CORPORATION,Community State Bank,XXXX,IL,614XX,23257,2.75,V,33XXXX,300,0,Y,UNKNOWN,0.0,1210000,HENRY,IL,0,Loan-51436,48
Ventura Naples LLC,Saint Cloud,FL,34XXX,CORPORATION,Midwest Regional Bank,FESTUS,MO,630XX,8889,6.0,V,53XXXX,87,0,Y,Y,121650.8,150000,OSCEOLA,FL,1,Loan-51468,50
TDM Tax Service Inc,SAINT PAUL,MN,55XXX,CORPORATION,Frandsen Bank & Trust,LONSDALE,MN,550XX,1399,6.0,V,54XXXX,120,0,Y,Y,0.0,692000,RAMSEY,MN,0,Loan-51557,43
VIIXVII Sewing Studio LLC,PHILADELPHIA,PA,19XXX,CORPORATION,"Newtek Small Business Finance, Inc.",LAKE SUCCESS,NY,110XX,Newtek Sma-11042,9.75,V,45XXXX,98,0,Y,UNKNOWN,16302.56,18500,PHILADELPHIA,PA,1,Loan-51632,50
DDT TRANSPORTATION SERVICES L,XXXX,FL,33XXX,CORPORATION,"TD Bank, National Association",WILMINGTON,DE,198XX,18409,8.25,V,48XXXX,101,0,N,UNKNOWN,25000.0,25000,PALM BEACH,FL,1,Loan-51661,50
VW Physical Therapy Inc.,XXXX,CA,95XXX,CORPORATION,Travis CU,XXXX,CA,956XX,Travis CU-95687,5.75,V,62XXXX,120,0,Y,UNKNOWN,0.0,270000,SOLANO,CA,0,Loan-51916,38
THE LAKE GENEVA PAINTING CO LL,LAKE GENEVA,WI,53XXX,CORPORATION,"U.S. Bank, National Association",CINCINNATI,OH,452XX,6548,8.75,V,23XXXX,84,1,Y,UNKNOWN,0.0,25000,WALWORTH,WI,0,Loan-51957,37
Mettler Farms Inc.,LODI,CA,95XXX,CORPORATION,Citizens Business Bank,ONTARIO,CA,917XX,21716,6.0,V,48XXXX,120,0,Y,Y,0.0,250000,SAN JOAQUIN,CA,0,Loan-51993,25
PANTHER METALFLOW LLC,XXXX,MI,48XXX,CORPORATION,The Huntington National Bank,COLUMBUS,OH,432XX,6560,6.0,V,33XXXX,74,0,N,UNKNOWN,0.0,100000,OAKLAND,MI,0,Loan-51998,40
Jim Hara Plumbing LLC,XXXX,IL,60XXX,PARTNERSHIP,The Huntington National Bank,COLUMBUS,OH,432XX,6560,5.75,V,23XXXX,90,0,Y,UNKNOWN,348117.0,348000,LAKE,IL,1,Loan-52092,49
Jim Hara Plumbing LLC,XXXX,AZ,85XXX,PARTNERSHIP,The Huntington National Bank,COLUMBUS,OH,432XX,6560,5.25,V,23XXXX,94,1,Y,UNKNOWN,35000.0,35000,LAKE,IL,1,Loan-52093,49
MKMB Corp,POMPANO BEACH,FL,33XXX,CORPORATION,"LendingClub Bank, National Association",LEHI,UT,840XX,32551,5.75,V,48XXXX,87,0,Y,Y,261797.03,769300,BROWARD,FL,1,Loan-52106,49
333 JACKSON LLC,XXXX,FL,33XXX,CORPORATION,"TD Bank, National Association",WILMINGTON,DE,198XX,18409,8.25,V,23XXXX,47,0,N,UNKNOWN,24195.16,25000,PALM BEACH,FL,1,Loan-52138,49
Abbson LLC,NEW YORK,NY,10XXX,CORPORATION,Cadence Bank,TUPELO,MS,388XX,11813,6.0,V,54XXXX,77,0,Y,Y,284310.79,350000,NEW YORK,NY,1,Loan-52144,49
Add Chapter Design LLC,CHICAGO,IL,60XXX,CORPORATION,Five Star Bank,Rancho Cordova,CA,956XX,35361,6.0,V,54XXXX,75,0,Y,Y,0.0,160000,COOK,IL,1,Loan-52147,49
ASG LOGISTICS SERVICES LLC,LAREDO,TX,78XXX,CORPORATION,"PNC Bank, National Association",WILMINGTON,DE,198XX,6384,9.75,V,48XXXX,120,1,N,UNKNOWN,0.0,40000,WEBB,TX,0,Loan-52170,19
BF Group LLC,GILBERT,AZ,85XXX,CORPORATION,Meridian Bank,MALVERN,PA,193XX,57777,5.5,V,72XXXX,120,0,Y,UNKNOWN,0.0,425000,MARICOPA,AZ,0,Loan-52190,46
CJB Investments LLC,FAIRFAX,VA,22XXX,CORPORATION,Meridian Bank,MALVERN,PA,193XX,57777,5.75,V,81XXXX,90,0,Y,Y,0.0,533000,FAIRFAX CITY,VA,1,Loan-52224,49
Elite Nails Spa - Levelland,XXXX,TX,79XXX,INDIVIDUAL,Five Star Bank,Rancho Cordova,CA,956XX,35361,6.0,V,81XXXX,110,0,Y,Y,65652.82,90000,HOCKLEY,TX,1,Loan-52267,49
H. P. Brooks Jr. Enterprises L,Lewis Center,OH,43XXX,CORPORATION,The Huntington National Bank,COLUMBUS,OH,432XX,6560,5.25,V,23XXXX,91,0,Y,UNKNOWN,0.0,25000,DELAWARE,OH,0,Loan-52310,34
H. P. Brooks Jr. Enterprises L,Lewis Center,OH,43XXX,CORPORATION,The Huntington National Bank,COLUMBUS,OH,432XX,6560,5.25,V,23XXXX,54,0,Y,UNKNOWN,0.0,40000,DELAWARE,OH,0,Loan-52312,34
Sonadini Bulk Trade LLC,XXXX,NY,11XXX,CORPORATION,Five Star Bank,Rancho Cordova,CA,956XX,35361,6.0,V,42XXXX,88,0,Y,Y,287718.39,350000,QUEENS,NY,1,Loan-52530,49
Twin Cities Junk Hauling LLC,MINNEAPOLIS,MN,55XXX,CORPORATION,Scale Bank,EDINA,MN,554XX,20268,4.5,F,56XXXX,42,0,Y,UNKNOWN,0.0,213000,HENNEPIN,MN,0,Loan-52569,42
JRG Services LLC,Fountain Valley,CA,92XXX,CORPORATION,BMO Bank National Association,Chicago,IL,606XX,16571,6.0,V,56XXXX,100,0,N,Y,347393.72,350000,ORANGE,CA,1,Loan-52695,49
McCarthy Plumbing LLC,Lakeville,MN,55XXX,CORPORATION,Highland Bank,St. Paul,MN,551XX,16111,3.95,F,23XXXX,120,0,Y,UNKNOWN,0.0,165000,DAKOTA,MN,0,Loan-52710,43
Wayward Hospitality LLC,CANBY,OR,97XXX,CORPORATION,Umpqua Bank,Lake Oswego,OR,970XX,17266,5.75,V,72XXXX,74,1,N,UNKNOWN,22693.95,25000,CLACKAMAS,OR,1,Loan-52806,49
Information Systems Experts I,CARMEL,IN,46XXX,CORPORATION,The Huntington National Bank,COLUMBUS,OH,432XX,6560,6.0,V,54XXXX,120,0,Y,UNKNOWN,0.0,361000,HAMILTON,IN,0,Loan-52916,42
The Little Kitchen LLC,Dublin,OH,43XXX,CORPORATION,German American Bank,JASPER,IN,475XX,17393,6.0,V,72XXXX,87,0,Y,UNKNOWN,77361.06,83000,FRANKLIN,OH,1,Loan-52999,49
Stillwater Package Transport ,XXXX,OH,44XXX,CORPORATION,HomeTrust Bank,ASHEVILLE,NC,288XX,27677,6.0,V,48XXXX,104,0,Y,Y,806816.21,1311000,STARK,OH,1,Loan-53344,49
PET ER 24 7 LLC,XXXX,NY,11XXX,CORPORATION,"TD Bank, National Association",WILMINGTON,DE,198XX,18409,8.0,F,54XXXX,60,0,N,UNKNOWN,0.0,25000,SUFFOLK,NY,0,Loan-53525,36
Tony Sciarrino Stone Inc.,SAN DIEGO,CA,92XXX,CORPORATION,"PNC Bank, National Association",WILMINGTON,DE,198XX,6384,9.75,V,42XXXX,79,1,N,UNKNOWN,27909.8,40000,SAN DIEGO,CA,1,Loan-53568,49
Lawn and Landscape Solutions,O FALLON,MO,63XXX,CORPORATION,Live Oak Banking Company,WILMINGTON,NC,284XX,58665,5.85,V,56XXXX,79,0,Y,UNKNOWN,576931.5,812000,SAINT CHARLES,MO,1,Loan-53684,48
Lily Pad Ventures LLC,ASHEVILLE,NC,28XXX,CORPORATION,"United Midwest Savings Bank, National Association",DE GRAFF,OH,433XX,32441,6.0,V,23XXXX,120,0,Y,Y,0.0,150000,BUNCOMBE,NC,0,Loan-53686,36
Mobile Notaries,XXXX,WA,99XXX,INDIVIDUAL,Banner Bank,WALLA WALLA,WA,993XX,28489,6.0,V,54XXXX,77,0,Y,Y,239281.89,270000,SPOKANE,WA,1,Loan-53705,48
Young Roofing of Austin LLC,AUSTIN,TX,78XXX,CORPORATION,"United Midwest Savings Bank, National Association",DE GRAFF,OH,433XX,32441,6.0,V,23XXXX,106,0,Y,Y,141278.72,150000,TRAVIS,TX,1,Loan-53767,49
J.Carter Ventures LLC,XXXX,MA,17XXX,CORPORATION,"Leader Bank, National Association",ARLINGTON,MA,247XX,57134,5.25,V,72XXXX,93,0,Y,Y,43209.08,50000,MIDDLESEX,MA,1,Loan-53854,38
Seibert Brothers Trucking LLC,XXXX,OH,45XXX,CORPORATION,The Huntington National Bank,COLUMBUS,OH,432XX,6560,5.25,V,48XXXX,20,0,Y,UNKNOWN,75591.23,137400,BROWN,OH,1,Loan-53915,49
The Exercise Coach I LLC,XXXX,CA,91XXX,CORPORATION,Dogwood State Bank,RALEIGH,NC,276XX,57095,3.25,V,71XXXX,87,0,Y,Y,0.0,415000,LOS ANGELES,CA,0,Loan-53931,46
The Yad Group LLC,XXXX,NJ,70XXX,CORPORATION,FinWise Bank,SANDY,UT,841XX,35323,6.0,V,45XXXX,84,0,Y,Y,283209.97,350000,HUDSON,NJ,1,Loan-53935,48
William Haynie Trucking LLC,Clinton,MO,64XXX,INDIVIDUAL,The Central Trust Bank,JEFFERSON CITY,MO,651XX,12633,5.0,F,48XXXX,36,0,Y,UNKNOWN,65475.05,351000,HENRY,MO,1,Loan-53948,49
Dale Johnson Enterprise LLC,XXXX,WV,25XXX,CORPORATION,The Huntington National Bank,COLUMBUS,OH,432XX,6560,6.0,V,72XXXX,20,1,N,UNKNOWN,24233.78,25000,CABELL,WV,1,Loan-53992,49
Nautical Services Inc.,Pearland,TX,77XXX,CORPORATION,"CRF Small Business Loan Company, LLC",MINNEAPOLIS,MN,554XX,CRF Small -55402,6.0,V,23XXXX,89,0,Y,Y,126076.39,150000,BRAZORIA,TX,1,Loan-54050,49
Rebellious Rose Boutique LLC,XXXX,TX,76XXX,CORPORATION,"PNC Bank, National Association",WILMINGTON,DE,198XX,6384,7.25,F,44XXXX,32,0,N,UNKNOWN,28047.33,40000,TARRANT,TX,1,Loan-54201,49
Harrison Zahor VA Enterprise L,ARLINGTON,VA,22XXX,CORPORATION,"United Midwest Savings Bank, National Association",DE GRAFF,OH,433XX,32441,6.0,V,56XXXX,87,0,Y,Y,124244.44,150000,ARLINGTON,VA,1,Loan-54333,49
Rapp Home Services LLC,ROSWELL,GA,30XXX,CORPORATION,"United Midwest Savings Bank, National Association",DE GRAFF,OH,433XX,32441,6.0,V,81XXXX,95,0,Y,Y,134607.29,150000,FULTON,GA,1,Loan-54390,49
Convergent Brain Diagnostics ,XXXX,CA,95XXX,CORPORATION,CDC Small Business Finance Corp.,San Diego,CA,921XX,CDC Small -92106,9.25,V,62XXXX,93,0,Y,Y,225326.52,243700,EL DORADO,CA,1,Loan-54457,49
RACKLOUD LLC,LAS VEGAS,NV,89XXX,CORPORATION,"U.S. Bank, National Association",CINCINNATI,OH,452XX,6548,6.75,V,54XXXX,84,1,Y,UNKNOWN,0.0,50000,CLARK,NV,0,Loan-54534,37
Swamishree Inc.,LAKEWOOD,OH,44XXX,CORPORATION,The Huntington National Bank,COLUMBUS,OH,432XX,6560,5.75,V,72XXXX,120,0,Y,UNKNOWN,0.0,260000,CUYAHOGA,OH,0,Loan-54716,41
Blue lagoon Inc,TROY,MI,48XXX,CORPORATION,The Huntington National Bank,COLUMBUS,OH,432XX,6560,5.75,V,72XXXX,31,0,N,UNKNOWN,70914.25,52000,OAKLAND,MI,1,Loan-54760,48
RADER LINE LLC,TALLMADGE,OH,44XXX,CORPORATION,The Huntington National Bank,COLUMBUS,OH,432XX,6560,6.0,V,23XXXX,30,1,N,UNKNOWN,49825.85,50000,SUMMIT,OH,1,Loan-54853,49
TAYLOR JOB ALTRINGER AGENCY,PORTLAND,OR,97XXX,INDIVIDUAL,"U.S. Bank, National Association",CINCINNATI,OH,452XX,6548,5.99,F,52XXXX,60,0,Y,UNKNOWN,0.0,50100,MULTNOMAH,OR,0,Loan-54888,38
Digital Print Marketing Inc.,HEBER CITY,UT,84XXX,CORPORATION,"T Bank, National Association",DALLAS,TX,752XX,57703,5.5,V,54XXXX,120,0,N,UNKNOWN,0.0,2289100,WASATCH,UT,0,Loan-54926,40
DLB HANDYMAN SERVICES LLC,RIVERVIEW,FL,33XXX,CORPORATION,"United Midwest Savings Bank, National Association",DE GRAFF,OH,433XX,32441,6.0,V,23XXXX,103,0,Y,Y,139057.19,150000,HILLSBOROUGH,FL,1,Loan-54991,49
Kay Property Professionals Inc,Safety Harbor,FL,34XXX,CORPORATION,Bank of Central Florida,XXXX,FL,338XX,58479,5.25,V,56XXXX,96,0,Y,Y,938554.3,1204000,PINELLAS,FL,1,Loan-55040,49
Smazy Enterprise lll LLC,DENTON,TX,76XXX,CORPORATION,First Guaranty Bank,XXXX,LA,704XX,14028,5.25,V,44XXXX,95,0,Y,Y,369400.15,491800,DENTON,TX,1,Loan-55101,48
Student Advance Tutoring & Tes,DOWNEY,CA,90XXX,CORPORATION,CDC Small Business Finance Corp.,San Diego,CA,921XX,CDC Small -92106,9.25,V,54XXXX,120,0,Y,Y,75923.41,90000,LOS ANGELES,CA,1,Loan-55108,47
Value Rx LLC,XXXX,NV,89XXX,CORPORATION,CDC Small Business Finance Corp.,San Diego,CA,921XX,CDC Small -92106,9.25,V,44XXXX,96,0,Y,Y,0.0,148000,CLARK,NV,0,Loan-55121,46
Gallis Accounting & Tax Servic,FLUSHING,NY,11XXX,CORPORATION,Alma Bank,XXXX,NY,111XX,58424,6.0,V,54XXXX,87,0,Y,Y,116837.07,135000,QUEENS,NY,1,Loan-55208,49
Lucas Thompson LLC,Clinton,TN,37XXX,CORPORATION,North State Bank,RALEIGH,NC,276XX,35519,6.0,V,72XXXX,300,0,Y,Y,0.0,702500,ANDERSON,TN,0,Loan-55252,46
Resilient Heart Counseling LLC,KAYSVILLE,UT,84XXX,CORPORATION,University First FCU,SALT LAKE CITY,UT,841XX,University-84106,7.25,V,62XXXX,94,1,N,UNKNOWN,24925.91,25000,DAVIS,UT,1,Loan-55296,49
South Florals DC LLC,Miami,FL,33XXX,CORPORATION,Lake Michigan CU,GRAND RAPIDS,MI,495XX,Lake Michi-49512,5.75,V,45XXXX,120,0,Y,Y,0.0,380600,MIAMI-DADE,FL,0,Loan-55314,32
VJP LLC,DAYTON,OH,45XXX,CORPORATION,The Huntington National Bank,COLUMBUS,OH,432XX,6560,5.5,V,44XXXX,120,1,N,UNKNOWN,0.0,50000,MONTGOMERY,OH,0,Loan-55342,39
Heather's Chuckwagon,XXXX,ND,58XXX,INDIVIDUAL,Farmers & Merchants Bank of North Dakota,XXXX,ND,583XX,8640,6.0,F,72XXXX,12,0,Y,UNKNOWN,17311.47,25000,NELSON,ND,1,Loan-55419,48
Helpwithmyloan.com,CHATSWORTH,CA,91XXX,PARTNERSHIP,BayFirst National Bank,Saint Petersburg,FL,337XX,34997,6.0,V,52XXXX,83,0,Y,Y,203246.29,250000,LOS ANGELES,CA,1,Loan-55622,48
ZONE 4 CONSTRUCTION INC.,SAN CARLOS,CA,94XXX,CORPORATION,"U.S. Bank, National Association",CINCINNATI,OH,452XX,6548,6.0,V,23XXXX,84,1,Y,UNKNOWN,0.0,250000,SAN MATEO,CA,0,Loan-55734,36
ALFAZA CONSTRUCTION LLC,XXXX,NJ,70XXX,CORPORATION,"TD Bank, National Association",WILMINGTON,DE,198XX,18409,8.46,V,23XXXX,102,1,N,UNKNOWN,24853.12,25000,PASSAIC,NJ,1,Loan-55741,48
M.R.B. HOME IMPROVEMENTS INC.,XXXX,NY,11XXX,CORPORATION,Manufacturers and Traders Trust Company,BUFFALO,NY,142XX,588,7.75,V,23XXXX,69,0,N,UNKNOWN,0.0,75000,NASSAU,NY,0,Loan-55827,44
Warrior Disposal LLC,San Antonio,TX,78XXX,CORPORATION,"Zions Bank, A Division of",SALT LAKE CITY,UT,841XX,2270,6.0,V,56XXXX,91,0,Y,UNKNOWN,191737.65,200000,BEXAR,TX,1,Loan-55883,49
ADORE HAIR & NAILS SALON LLC,HONOLULU,HI,96XXX,CORPORATION,Central Pacific Bank,Honolulu,HI,968XX,17308,5.25,V,81XXXX,30,1,N,UNKNOWN,18168.56,30000,HONOLULU,HI,1,Loan-55929,48
ESTATE OF SYLVIA MOY LLC,DETROIT,MI,48XXX,CORPORATION,The Huntington National Bank,COLUMBUS,OH,432XX,6560,3.75,V,51XXXX,240,0,Y,UNKNOWN,0.0,250000,WAYNE,MI,0,Loan-55965,45
GRUDGE MOTORSPORTS LLC,SANFORD,NC,27XXX,CORPORATION,"Wells Fargo Bank, National Association",SIOUX FALLS,SD,571XX,3511,9.25,V,44XXXX,79,1,N,UNKNOWN,4860.17,5000,HARNETT,NC,1,Loan-55982,48
RADER LINE LLC,TALLMADGE,OH,44XXX,CORPORATION,The Huntington National Bank,COLUMBUS,OH,432XX,6560,5.35,V,23XXXX,30,0,N,UNKNOWN,42183.67,55500,SUMMIT,OH,1,Loan-56037,48
BEST HOPE SENIOR CARE LLC,SEATTLE,WA,98XXX,CORPORATION,"United Midwest Savings Bank, National Association",DE GRAFF,OH,433XX,32441,6.0,V,62XXXX,88,0,Y,Y,125008.35,150000,KING,WA,1,Loan-56269,48
CLOCKWORK HOME SERVICES LLC,HENDERSON,NV,89XXX,CORPORATION,"Wells Fargo Bank, National Association",SIOUX FALLS,SD,571XX,3511,8.75,V,23XXXX,120,1,N,UNKNOWN,9494.62,10000,CLARK,NV,1,Loan-56285,30
HOLISTIC HEALTH COLLABORATIVE,Wilmington,MA,18XXX,CORPORATION,"TD Bank, National Association",WILMINGTON,DE,198XX,18409,8.46,V,62XXXX,55,0,N,UNKNOWN,25000.0,25000,MIDDLESEX,MA,1,Loan-56323,48
INDO VIRTUAL LLC,DENVER,CO,80XXX,CORPORATION,"Wells Fargo Bank, National Association",SIOUX FALLS,SD,571XX,3511,8.25,V,56XXXX,106,1,N,UNKNOWN,9717.86,10000,DENVER,CO,1,Loan-56328,48
Nouveau Investments LLC,Sugar Land,TX,77XXX,CORPORATION,b1BANK,BATON ROUGE,LA,708XX,58228,4.75,V,72XXXX,284,0,Y,Y,985339.49,4840000,FORT BEND,TX,1,Loan-56373,48
CharlieCurls Inc.,Portland,OR,97XXX,CORPORATION,Micro Enterprise Services of Oregon (Pedagogy Institute),Portland,OR,972XX,Micro Ente-97212,8.0,F,42XXXX,8,0,Y,UNKNOWN,13625.2,65000,MULTNOMAH,OR,1,Loan-56464,45
Green Mountain Liquidation Cen,RUTLAND,VT,57XXX,CORPORATION,Vermont 504 Corporation,Montpelier,VT,560XX,Vermont 50-5602,4.14,F,45XXXX,119,0,Y,UNKNOWN,0.0,70200,RUTLAND,VT,0,Loan-56639,38
Inherent Clothier LLC,COLORADO SPRINGS,CO,80XXX,CORPORATION,"Wells Fargo Bank, National Association",SIOUX FALLS,SD,571XX,3511,9.25,V,31XXXX,77,1,N,UNKNOWN,12958.54,15000,EL PASO,CO,1,Loan-56642,48
LAND LOGISTICS LLC,ANTIOCH,CA,94XXX,CORPORATION,"Wells Fargo Bank, National Association",SIOUX FALLS,SD,571XX,3511,8.75,V,48XXXX,92,1,N,UNKNOWN,4857.25,5000,CONTRA COSTA,CA,1,Loan-57160,48
Arizona Enterprise LLC,SAN TAN VALLEY,AZ,85XXX,CORPORATION,"United Midwest Savings Bank, National Association",DE GRAFF,OH,433XX,32441,6.0,V,62XXXX,95,0,Y,Y,127286.44,150000,PINAL,AZ,1,Loan-57275,48
Lifestyle Construction Service,SAINT PAUL,MN,55XXX,CORPORATION,BankCherokee,SAINT PAUL,MN,551XX,8537,5.75,V,23XXXX,94,1,Y,UNKNOWN,149564.0,150000,RAMSEY,MN,1,Loan-57342,48
Barros BBQ LLC,XXXX,NJ,70XXX,CORPORATION,Manufacturers and Traders Trust Company,BUFFALO,NY,142XX,588,6.25,V,72XXXX,63,0,Y,UNKNOWN,0.0,90000,MIDDLESEX,NJ,0,Loan-57427,32
OSPREY TECHNOLOGY SOLUTIONS IN,BRICK,NJ,87XXX,CORPORATION,1st Colonial Community Bank,COLLINGSWOOD,NJ,810XX,35456,5.25,V,42XXXX,99,1,Y,UNKNOWN,351326.65,350000,OCEAN,NJ,1,Loan-57508,48
Happy Work Spectacular Life LL,CHICAGO,IL,60XXX,CORPORATION,Byline Bank,CHICAGO,IL,606XX,20624,6.0,V,54XXXX,120,0,Y,UNKNOWN,0.0,250000,COOK,IL,0,Loan-57633,26
V.B.H.R.E.S.B. Together LLC,JACKSON,MS,39XXX,CORPORATION,"United Midwest Savings Bank, National Association",DE GRAFF,OH,433XX,32441,6.0,V,61XXXX,94,0,Y,Y,129152.88,150000,HINDS,MS,1,Loan-57708,48
J&E CONCESSIONS LLC,XXXX,NJ,80XXX,CORPORATION,Manufacturers and Traders Trust Company,BUFFALO,NY,142XX,588,6.25,V,72XXXX,90,0,Y,UNKNOWN,0.0,95000,ATLANTIC,NJ,0,Loan-57824,32
Danzy Does All LLC,LUBBOCK,TX,79XXX,CORPORATION,"United Midwest Savings Bank, National Association",DE GRAFF,OH,433XX,32441,6.0,V,56XXXX,96,0,Y,Y,134219.65,150000,LUBBOCK,TX,1,Loan-57983,48
E & D Commercial LLC,Castle Rock,CO,80XXX,CORPORATION,KeyBank National Association,CLEVELAND,OH,441XX,17534,6.02,V,54XXXX,52,1,N,UNKNOWN,15000.0,15000,DOUGLAS,CO,1,Loan-57999,48
KAJ Foods LLC,Hudson,WI,54XXX,CORPORATION,Citizens Community Federal National Association,ALTOONA,WI,547XX,57265,5.5,V,42XXXX,71,0,Y,Y,135855.79,286000,SAINT CROIX,WI,1,Loan-58042,48
KO VENTUREZ LLC,WINTER GARDEN,FL,34XXX,CORPORATION,"United Midwest Savings Bank, National Association",DE GRAFF,OH,433XX,32441,6.0,V,23XXXX,101,0,Y,Y,119955.39,150000,ORANGE,FL,1,Loan-58046,48
NoMoBites LLC,SIMPSONVILLE,SC,29XXX,CORPORATION,"United Midwest Savings Bank, National Association",DE GRAFF,OH,433XX,32441,6.0,V,56XXXX,120,0,Y,Y,0.0,150000,GREENVILLE,SC,0,Loan-58071,39
R.I.S.E Medical Staffing LLC,WOODBRIDGE,VA,22XXX,CORPORATION,"United Midwest Savings Bank, National Association",DE GRAFF,OH,433XX,32441,6.0,V,56XXXX,95,0,Y,Y,131434.03,150000,PRINCE WILLIAM,VA,1,Loan-58086,48
Wishes and Dreams LLC,COLUMBUS,OH,43XXX,CORPORATION,The Huntington National Bank,COLUMBUS,OH,432XX,6560,6.0,V,81XXXX,120,0,Y,UNKNOWN,0.0,50000,FRANKLIN,OH,0,Loan-58138,18
DAVE SLETTEN PAINTING LLC,MINNEAPOLIS,MN,55XXX,CORPORATION,"U.S. Bank, National Association",CINCINNATI,OH,452XX,6548,6.99,F,23XXXX,24,0,Y,UNKNOWN,2974.9,5000,HENNEPIN,MN,1,Loan-58367,48
DCDL ENTERPRISES LLC,BUCKEYE,AZ,85XXX,CORPORATION,"United Midwest Savings Bank, National Association",DE GRAFF,OH,433XX,32441,6.0,V,56XXXX,79,0,Y,Y,115937.11,150000,MARICOPA,AZ,1,Loan-58368,48
Four Coconuts Inc.,XXXX,FL,33XXX,CORPORATION,Sanibel Captiva Community Bank,XXXX,FL,339XX,57425,6.0,V,72XXXX,84,0,Y,UNKNOWN,22014.49,100000,LEE,FL,1,Loan-58379,48
Kingsway Estates LLC,EL PASO,TX,79XXX,CORPORATION,Coastal States Bank,Hilton Head Island,SC,299XX,57756,4.0,V,62XXXX,312,0,N,UNKNOWN,0.0,1962000,EL PASO,TX,0,Loan-58404,44
REV Rides LLC,VANCOUVER,WA,98XXX,CORPORATION,Banner Bank,WALLA WALLA,WA,993XX,28489,3.75,V,45XXXX,78,0,Y,UNKNOWN,0.0,176100,CLARK,WA,0,Loan-58451,43
RNG 10 CAPITAL LLC,XXXX,KS,66XXX,CORPORATION,Kendall Bank,OVERLAND PARK,KS,662XX,16471,5.25,V,23XXXX,101,0,Y,Y,830299.94,1794400,LEAVENWORTH,KS,1,Loan-58454,48
MOMS 4 OURKIDS LLC,XXXX,MD,21XXX,CORPORATION,Manufacturers and Traders Trust Company,BUFFALO,NY,142XX,588,9.75,V,54XXXX,91,1,N,UNKNOWN,9972.55,10000,BALTIMORE CITY,MD,1,Loan-58503,48
ADC ENTERPRISES INC,MOBILE,AL,36XXX,CORPORATION,"Fund-Ex Solutions Group, LLC",Davie,FL,333XX,Fund-Ex So-33324,6.0,V,42XXXX,91,0,N,Y,4177636.57,4340000,MOBILE,AL,1,Loan-58530,47
ADWITA INC.,LIBERTYVILLE,IL,60XXX,CORPORATION,"United Midwest Savings Bank, National Association",DE GRAFF,OH,433XX,32441,6.0,V,56XXXX,92,0,Y,Y,126649.06,150000,LAKE,IL,1,Loan-58532,48
Jones Property Management LLC,CHATTANOOGA,TN,37XXX,CORPORATION,"United Midwest Savings Bank, National Association",DE GRAFF,OH,433XX,32441,6.0,V,23XXXX,104,0,Y,Y,141506.48,150000,HAMILTON,TN,1,Loan-58638,48
Justin Miller LLC,XXXX,OH,44XXX,CORPORATION,Stearns Bank National Association,SAINT CLOUD,MN,563XX,10988,6.0,V,48XXXX,86,0,Y,Y,759142.59,844700,TUSCARAWAS,OH,1,Loan-58644,48
YARDBIRD SALES LLC,LAGUNA NIGUEL,CA,92XXX,CORPORATION,"Wells Fargo Bank, National Association",SIOUX FALLS,SD,571XX,3511,8.75,V,44XXXX,105,1,N,UNKNOWN,4949.49,5000,ORANGE,CA,1,Loan-58749,47
ATLANTIC AUTOMATION GROUP LLC,Bristol,RI,28XXX,INDIVIDUAL,HarborOne Bank,BROCKTON,MA,230XX,59070,4.25,V,33XXXX,101,1,Y,UNKNOWN,0.0,500000,BRISTOL,RI,0,Loan-58763,45
DOG BAR SAV,SAVANNAH,GA,31XXX,CORPORATION,"Wells Fargo Bank, National Association",SIOUX FALLS,SD,571XX,3511,9.25,V,42XXXX,86,1,N,UNKNOWN,8194.31,10000,CHATHAM,GA,1,Loan-58810,47
eld2.0 LLC dba Mosquito Joe o,XXXX,WI,54XXX,CORPORATION,"United Midwest Savings Bank, National Association",DE GRAFF,OH,433XX,32441,6.0,V,56XXXX,120,0,Y,Y,120349.03,150000,BROWN,WI,1,Loan-58814,48
HIGH TIDE PRESSURE WASHING LLC,CONYERS,GA,30XXX,CORPORATION,"Wells Fargo Bank, National Association",SIOUX FALLS,SD,571XX,3511,8.75,V,56XXXX,97,1,N,UNKNOWN,11307.62,12500,ROCKDALE,GA,1,Loan-58835,47
MISSOURI HOME APPLIANCE LLC,COLUMBIA,MO,65XXX,CORPORATION,The Bank of Missouri,PERRYVILLE,MO,637XX,1617,6.0,V,42XXXX,31,1,Y,UNKNOWN,128034.03,125000,BOONE,MO,1,Loan-59090,47
HEATED MENSTRUAL CUP L.L.C.,HOPKINS,MN,55XXX,CORPORATION,"Wells Fargo Bank, National Association",SIOUX FALLS,SD,571XX,3511,9.75,V,33XXXX,97,1,N,UNKNOWN,9671.8,10000,HENNEPIN,MN,1,Loan-59263,45
Hot-Fit Lubbock South LLC,LUBBOCK,TX,79XXX,CORPORATION,Vista Bank,DALLAS,TX,752XX,1210,6.25,F,71XXXX,108,0,Y,UNKNOWN,0.0,239400,LUBBOCK,TX,0,Loan-59268,43
G2 Wellness Solutions LLC,Dublin,OH,43XXX,CORPORATION,West Central Development Corporation,Perrysburg,OH,435XX,West Centr-43551,6.0,V,62XXXX,48,0,Y,Y,50575.67,68000,FRANKLIN,OH,1,Loan-59447,48
Ruach LLC,SHAKOPEE,MN,55XXX,CORPORATION,Platinum Bank,OAKDALE,MN,551XX,58511,2.75,V,72XXXX,77,0,Y,Y,339112.39,425000,SCOTT,MN,1,Loan-59529,47
RTS Commercial Investment Grou,SUGAR LAND,TX,77XXX,CORPORATION,"United Midwest Savings Bank, National Association",DE GRAFF,OH,433XX,32441,6.0,V,23XXXX,109,0,Y,Y,65382.3,150000,FORT BEND,TX,1,Loan-59992,48
CJN RELOCATION INC.,SAINT JOHNS,FL,32XXX,CORPORATION,"United Midwest Savings Bank, National Association",DE GRAFF,OH,433XX,32441,6.0,V,56XXXX,90,0,Y,Y,125977.49,150000,SAINT JOHNS,FL,1,Loan-60073,48
IADB Services LLC,XXXX,TX,77XXX,CORPORATION,"United Midwest Savings Bank, National Association",DE GRAFF,OH,433XX,32441,6.0,V,56XXXX,120,0,Y,Y,0.0,90000,MONTGOMERY,TX,0,Loan-60126,47
MATRIX WINDOWS SERVICES LLC,PEMBROKE PINES,FL,33XXX,CORPORATION,"TD Bank, National Association",WILMINGTON,DE,198XX,18409,8.46,V,23XXXX,111,1,N,UNKNOWN,19579.57,20000,MIAMI-DADE,FL,1,Loan-60153,47
Salas Water Conservation LLC,HOUSTON,TX,77XXX,CORPORATION,"United Midwest Savings Bank, National Association",DE GRAFF,OH,433XX,32441,6.0,V,22XXXX,120,0,Y,Y,0.0,150000,HARRIS,TX,0,Loan-60190,41
Triconus Inc,BROOKLYN,NY,11XXX,CORPORATION,New Millennium Bank,FORT LEE,NJ,702XX,35151,4.75,V,81XXXX,120,0,N,UNKNOWN,0.0,220000,KINGS,NY,0,Loan-60225,36
Yellow Springs Lawn Care LLC,XXXX,OH,45XXX,CORPORATION,"United Midwest Savings Bank, National Association",DE GRAFF,OH,433XX,32441,6.0,V,56XXXX,77,0,Y,Y,114993.83,150000,GREENE,OH,1,Loan-60242,48
ZALCHEXARY INC.,SAN DIEGO,CA,92XXX,CORPORATION,"United Midwest Savings Bank, National Association",DE GRAFF,OH,433XX,32441,6.0,V,53XXXX,93,0,Y,Y,129693.72,150000,SAN DIEGO,CA,1,Loan-60243,48
Central Ridge Laundry LLC,XXXX,NY,14XXX,CORPORATION,Manufacturers and Traders Trust Company,BUFFALO,NY,142XX,588,7.0,V,81XXXX,112,0,Y,UNKNOWN,0.0,25000,ERIE,NY,0,Loan-60279,42
E.D.B. FRAME AND BODY,XXXX,TX,75XXX,INDIVIDUAL,"PNC Bank, National Association",WILMINGTON,DE,198XX,6384,9.75,V,81XXXX,94,1,N,UNKNOWN,13009.56,20000,ELLIS,TX,1,Loan-60290,47
Paso Robles Plastering Inc.,PASO ROBLES,CA,93XXX,CORPORATION,Cadence Bank,TUPELO,MS,388XX,11813,6.0,V,23XXXX,89,0,Y,Y,133103.99,150000,SAN LUIS OBISPO,CA,1,Loan-60371,47
SMARTMOMGIG.COM,ENGLEWOOD,CO,80XXX,CORPORATION,"PNC Bank, National Association",WILMINGTON,DE,198XX,6384,11.15,F,56XXXX,20,0,N,UNKNOWN,8235.38,15000,ARAPAHOE,CO,1,Loan-60391,47
Thinh Le LLC,Houston,TX,77XXX,CORPORATION,Plains State Bank,HUMBLE,TX,773XX,17739,4.75,V,56XXXX,94,0,Y,UNKNOWN,487867.55,500000,HARRIS,TX,1,Loan-60715,47
Biom Pharmaceutical Corporatio,Sarasota,FL,34XXX,CORPORATION,Sunshine State Economic Development Corporation,Clearwater,FL,337XX,Sunshine S-33762,8.125,V,44XXXX,120,0,Y,Y,0.0,250000,SARASOTA,FL,0,Loan-60752,38
SEDO LASER INC,SOUTHLAKE,TX,76XXX,CORPORATION,The American National Bank of Texas,TERRELL,TX,751XX,23474,5.0,V,81XXXX,114,0,Y,UNKNOWN,0.0,715800,TARRANT,TX,0,Loan-60854,43
HND Holdings Co.,BELLEVUE,WA,98XXX,CORPORATION,Banner Bank,WALLA WALLA,WA,993XX,28489,6.5,V,71XXXX,84,0,Y,UNKNOWN,0.0,125000,KING,WA,0,Loan-60954,46
Diversified Consulting Inc.,Flint,MI,48XXX,CORPORATION,The Huntington National Bank,COLUMBUS,OH,432XX,6560,6.0,V,54XXXX,75,1,N,UNKNOWN,47819.72,50000,GENESEE,MI,1,Loan-61098,47
Modern Health Solutions PC,LOVELAND,CO,80XXX,CORPORATION,"United Midwest Savings Bank, National Association",DE GRAFF,OH,433XX,32441,6.0,V,62XXXX,100,0,N,Y,291271.0,368000,LARIMER,CO,1,Loan-61164,47
REFLECTION AUTOMOTIVE SERVICES,MEMPHIS,TN,38XXX,CORPORATION,Regions Bank,BIRMINGHAM,AL,352XX,12368,4.19,V,81XXXX,81,1,Y,UNKNOWN,100000.0,100000,SHELBY,TN,1,Loan-61192,47
RL Harris Welding LLC,XXXX,MD,20XXX,CORPORATION,Manufacturers and Traders Trust Company,BUFFALO,NY,142XX,588,6.25,V,23XXXX,7,0,Y,UNKNOWN,70198.62,75000,CALVERT,MD,1,Loan-61351,46
N&A BLACK MOUNTAIN HOLDINGS L,GOODYEAR,AZ,85XXX,CORPORATION,"United Midwest Savings Bank, National Association",DE GRAFF,OH,433XX,32441,6.0,V,81XXXX,86,0,Y,Y,124554.57,150000,MARICOPA,AZ,1,Loan-61564,47
The Red Witch LLC,XXXX,CA,94XXX,CORPORATION,CDC Small Business Finance Corp.,San Diego,CA,921XX,CDC Small -92106,7.75,V,45XXXX,75,0,Y,Y,0.0,100000,CONTRA COSTA,CA,1,Loan-61612,47
CITY FOR LIFE WELLNESS CLINIC ,TAMARAC,FL,33XXX,CORPORATION,"United Midwest Savings Bank, National Association",DE GRAFF,OH,433XX,32441,6.0,V,62XXXX,98,0,Y,Y,132629.26,150000,BROWARD,FL,1,Loan-61688,47
Ducts R Us Inc.,WACO,TX,76XXX,CORPORATION,"United Midwest Savings Bank, National Association",DE GRAFF,OH,433XX,32441,6.0,V,81XXXX,98,0,Y,Y,134137.53,150000,MCLENNAN,TX,1,Loan-61704,47
A GRAY TRUCKING,DYER,IN,46XXX,INDIVIDUAL,Centier Bank,WHITING,IN,463XX,12854,6.5,V,48XXXX,60,0,Y,UNKNOWN,0.0,30800,LAKE,IN,0,Loan-61879,39
Fillmore Enterprises Inc.,XXXX,TX,77XXX,CORPORATION,"United Midwest Savings Bank, National Association",DE GRAFF,OH,433XX,32441,6.0,V,23XXXX,92,0,Y,Y,129773.24,150000,MONTGOMERY,TX,1,Loan-61933,47
PIZZA TREE LLC,COLUMBIA,MO,65XXX,CORPORATION,The Bank of Missouri,PERRYVILLE,MO,637XX,1617,6.0,V,72XXXX,101,0,Y,UNKNOWN,0.0,16200,BOONE,MO,0,Loan-62006,37
A&G OFFICE FURNITURE INC.,CLEVELAND,OH,44XXX,CORPORATION,First Savings Bank,Jeffersonville,IN,471XX,29961,5.75,V,44XXXX,308,0,Y,Y,0.0,1092000,CUYAHOGA,OH,0,Loan-62072,46
DAGIS TRUCKING LLC,LILBURN,GA,30XXX,CORPORATION,"Wells Fargo Bank, National Association",SIOUX FALLS,SD,571XX,3511,9.75,V,48XXXX,96,1,N,UNKNOWN,4777.7,5000,GWINNETT,GA,1,Loan-62111,47
Dragon Gear Inc.,XXXX,CO,80XXX,CORPORATION,BayFirst National Bank,Saint Petersburg,FL,337XX,34997,6.0,V,44XXXX,1,0,Y,UNKNOWN,0.0,350000,WELD,CO,0,Loan-62117,15
ELODIE BOUTIQUE LLC,Midland,MI,48XXX,INDIVIDUAL,The Huntington National Bank,COLUMBUS,OH,432XX,6560,6.0,V,44XXXX,86,1,N,UNKNOWN,24294.97,25000,MIDLAND,MI,1,Loan-62124,47
Pagarr Solutions LLC,EASLEY,SC,29XXX,CORPORATION,"United Midwest Savings Bank, National Association",DE GRAFF,OH,433XX,32441,6.0,V,56XXXX,96,0,Y,Y,131943.59,150000,GREENVILLE,SC,1,Loan-62199,47
MYO Investments Inc.,GRANDVIEW,TX,76XXX,CORPORATION,BayFirst National Bank,Saint Petersburg,FL,337XX,34997,6.0,V,23XXXX,92,0,Y,Y,304583.88,350000,JOHNSON,TX,1,Loan-62396,47
Mema's LLC,XXXX,IA,50XXX,CORPORATION,VisionBank of Iowa,AMES,IA,500XX,11763,6.0,V,72XXXX,94,0,Y,UNKNOWN,131793.3,250000,POLK,IA,1,Loan-62576,47
SBS SUPPLY INC,Brooklyn,NY,11XXX,CORPORATION,Manufacturers and Traders Trust Company,BUFFALO,NY,142XX,588,7.0,V,42XXXX,39,0,N,UNKNOWN,89926.29,90000,KINGS,NY,1,Loan-62614,47
COSMIC ENTERPRISES LLC,RAPID CITY,SD,57XXX,CORPORATION,Black Hills FCU,Rapid City,SD,577XX,Black Hill-57702,6.25,F,45XXXX,60,0,Y,UNKNOWN,0.0,150000,PENNINGTON,SD,0,Loan-62708,42
DCP Ventures LLC,Cypress,TX,77XXX,CORPORATION,Midwest Regional Bank,FESTUS,MO,630XX,8889,6.0,V,81XXXX,91,0,Y,Y,86554.26,102000,HARRIS,TX,1,Loan-62716,46
DKY Trading Inc.,LA HABRA,CA,90XXX,CORPORATION,Bank of Hope,LOS ANGELES,CA,900XX,26610,6.25,V,42XXXX,67,0,Y,UNKNOWN,72310.39,80000,ORANGE,CA,1,Loan-62720,47
JAB-TAB LLC,STAFFORD,TX,77XXX,CORPORATION,Citizens Bank,ELIZABETHTON,TN,376XX,14851,6.0,V,44XXXX,90,0,Y,Y,205575.88,278100,FORT BEND,TX,1,Loan-62758,46
NEW ENGLAND PROVIDORE LLC,Sterling,CT,63XXX,CORPORATION,Jewett City Savings Bank,JEWETT CITY,CT,635XX,18237,5.5,F,45XXXX,30,0,Y,UNKNOWN,137842.58,250000,WINDHAM,CT,1,Loan-62802,47
OWPIGH LLC,INVER GROVE HEIGHTS,MN,55XXX,CORPORATION,Village Bank,SAINT FRANCIS,MN,550XX,33761,5.5,V,72XXXX,209,0,Y,Y,487908.46,2484300,DAKOTA,MN,1,Loan-62808,47
Diamond's Beverage Center L.L.,Ashland,KY,41XXX,CORPORATION,"Community Trust Bank, Inc.",PIKEVILLE,KY,415XX,2720,4.5,F,44XXXX,63,0,Y,UNKNOWN,0.0,60000,BOYD,KY,0,Loan-63144,31
ELITE CRAFT LLC,XXXX,FL,32XXX,CORPORATION,"Wells Fargo Bank, National Association",SIOUX FALLS,SD,571XX,3511,9.75,V,33XXXX,81,1,N,UNKNOWN,7362.43,7500,VOLUSIA,FL,1,Loan-63152,46
EYE 4 GROUP LLC,INDIANAPOLIS,IN,46XXX,CORPORATION,The Huntington National Bank,COLUMBUS,OH,432XX,6560,5.25,V,54XXXX,120,1,Y,UNKNOWN,0.0,350000,MARION,IN,0,Loan-63158,34
CBY & Associates Inc,Monroe,NY,10XXX,CORPORATION,FinWise Bank,SANDY,UT,841XX,35323,6.0,V,54XXXX,98,0,Y,Y,109834.55,125000,ORANGE,NY,1,Loan-63353,46
PACKAGING SYSTEMS INTEGRATION ,MONROE,NC,28XXX,CORPORATION,First Chatham Bank,SAVANNAH,GA,314XX,57252,6.0,V,42XXXX,119,0,Y,Y,0.0,2123000,UNION,NC,0,Loan-63445,37
Bob's Remodeling Inc,XXXX,IL,60XXX,CORPORATION,The Huntington National Bank,COLUMBUS,OH,432XX,6560,6.0,V,23XXXX,96,1,Y,UNKNOWN,50125.0,50000,COOK,IL,1,Loan-63520,47
NebulOS Inc,DENVER,CO,80XXX,CORPORATION,"Newtek Small Business Finance, Inc.",LAKE SUCCESS,NY,110XX,Newtek Sma-11042,6.0,V,54XXXX,97,0,Y,Y,561671.19,600000,DENVER,CO,1,Loan-63527,47
Tre Fratelli Gelato Inc.,XXXX,CA,92XXX,PARTNERSHIP,Banner Bank,WALLA WALLA,WA,993XX,28489,4.25,V,72XXXX,120,0,Y,UNKNOWN,0.0,325000,SAN DIEGO,CA,0,Loan-63731,31
KJ Building Maintenance LLC,LEWISVILLE,TX,75XXX,CORPORATION,"JPMorgan Chase Bank, National Association",COLUMBUS,OH,432XX,628,6.15,V,56XXXX,120,1,Y,UNKNOWN,0.0,200000,DENTON,TX,0,Loan-63855,36
Novacco LLC,OCEANSIDE,CA,92XXX,CORPORATION,First Internet Bank of Indiana,FISHERS,IN,460XX,34607,6.0,V,32XXXX,93,0,Y,Y,1100311.91,1382000,SAN DIEGO,CA,1,Loan-63899,47
Dust Pipeline Services Inc.,XXXX,KS,66XXX,CORPORATION,Lincoln Savings Bank,Reinbeck,IA,506XX,14207,6.0,V,23XXXX,93,0,Y,Y,120637.28,380000,JOHNSON,KS,1,Loan-64039,47
A & O PLUMBING CORP,XXXX,FL,33XXX,CORPORATION,Berkshire Bank,PITTSFIELD,MA,120XX,23621,4.25,V,23XXXX,300,0,Y,Y,0.0,3307500,MIAMI-DADE,FL,0,Loan-64208,25
Maximo Maximo LLC,Newark,NJ,74XXX,CORPORATION,1st Colonial Community Bank,COLLINGSWOOD,NJ,810XX,35456,5.25,V,42XXXX,90,0,Y,UNKNOWN,150000.0,150000,PASSAIC,NJ,1,Loan-64329,47
Simple Home Builders Inc.,CHICAGO,IL,60XXX,CORPORATION,The Huntington National Bank,COLUMBUS,OH,432XX,6560,5.25,V,54XXXX,71,0,N,UNKNOWN,0.0,50000,COOK,IL,0,Loan-64397,29
McIntosh Trucking LLC,XXXX,MS,39XXX,CORPORATION,Trustmark National Bank,JACKSON,MS,392XX,4988,4.5,F,48XXXX,5,1,Y,UNKNOWN,15084.27,15100,SIMPSON,MS,1,Loan-64562,46
McIntosh Trucking LLC,XXXX,MS,39XXX,CORPORATION,Trustmark National Bank,JACKSON,MS,392XX,4988,4.5,F,48XXXX,20,0,Y,UNKNOWN,31509.84,60200,SIMPSON,MS,1,Loan-64563,46
Gehring Enterprise LLC,XXXX,VA,20XXX,CORPORATION,"United Midwest Savings Bank, National Association",DE GRAFF,OH,433XX,32441,6.0,V,23XXXX,95,0,Y,Y,136984.58,150000,LOUDOUN,VA,1,Loan-64929,46
GLENAIR HOLDINGS LLC,Naples,FL,34XXX,CORPORATION,The Huntington National Bank,COLUMBUS,OH,432XX,6560,5.75,V,81XXXX,76,0,Y,UNKNOWN,598134.16,630000,COLLIER,FL,1,Loan-64931,46
loomtek products LLC,SAN ANTONIO,TX,78XXX,CORPORATION,"PNC Bank, National Association",WILMINGTON,DE,198XX,6384,9.75,V,45XXXX,120,1,N,UNKNOWN,0.0,25000,BEXAR,TX,0,Loan-64957,22
CRABBY DAN'S GRILL INC,XXXX,NY,14XXX,CORPORATION,Manufacturers and Traders Trust Company,BUFFALO,NY,142XX,588,9.75,V,72XXXX,88,0,Y,UNKNOWN,4974.46,5000,MONROE,NY,1,Loan-65270,46
Texas Renovation Services LLC,LEWISVILLE,TX,75XXX,CORPORATION,"United Midwest Savings Bank, National Association",DE GRAFF,OH,433XX,32441,6.0,V,23XXXX,102,0,Y,Y,81196.65,150000,DENTON,TX,1,Loan-65404,46
IN THE BOX LLC,XXXX,IN,46XXX,CORPORATION,Centier Bank,WHITING,IN,463XX,12854,5.5,V,31XXXX,66,0,Y,UNKNOWN,0.0,50000,LAKE,IN,0,Loan-65483,39
Taylor Home Services Inc. dba ,DRAPER,UT,84XXX,CORPORATION,"United Midwest Savings Bank, National Association",DE GRAFF,OH,433XX,32441,6.0,V,23XXXX,105,0,Y,Y,26815.37,80000,SALT LAKE,UT,1,Loan-65556,46
DIAMOND TREE EXPERTS LLC,CENTRAL POINT,OR,97XXX,CORPORATION,"U.S. Bank, National Association",CINCINNATI,OH,452XX,6548,5.24,F,56XXXX,22,0,Y,UNKNOWN,18407.61,25000,JACKSON,OR,1,Loan-65634,46
EK ESTHETICS NEW YORK LLC,XXXX,NY,11XXX,CORPORATION,"TD Bank, National Association",WILMINGTON,DE,198XX,18409,8.25,F,81XXXX,48,0,N,UNKNOWN,0.0,25000,QUEENS,NY,0,Loan-65639,45
JDM3 Consulting LLC,JACKSONVILLE,FL,32XXX,CORPORATION,Synovus Bank,Columbus,GA,319XX,873,6.0,V,44XXXX,98,1,N,UNKNOWN,198811.17,200000,DUVAL,FL,1,Loan-65675,45
JDM3 Consulting LLC,JACKSONVILLE,FL,32XXX,CORPORATION,Synovus Bank,Columbus,GA,319XX,873,6.0,V,44XXXX,97,0,N,Y,456309.83,557600,DUVAL,FL,1,Loan-65676,46
Masterpiece Bread LLC,Geneva,IL,60XXX,CORPORATION,Servbank SB,XXXX,IL,605XX,55130,6.0,V,31XXXX,103,0,Y,UNKNOWN,0.0,356800,KANE,IL,0,Loan-65696,38
QUEST INTERNATIONAL DISTRIBUTO,BROOKLYN,NY,11XXX,CORPORATION,Brooklyn Cooperative FCU,NEW YORK CITY,NY,112XX,Brooklyn C-11237,9.75,F,44XXXX,90,0,N,UNKNOWN,14322.96,15000,KINGS,NY,1,Loan-65728,46
Ryan Lowmaster dba Lowmaster H,XXXX,KS,67XXX,INDIVIDUAL,Community National Bank & Trust,Chanute,KS,667XX,27046,5.95,V,23XXXX,36,1,Y,UNKNOWN,14984.25,25000,LABETTE,KS,1,Loan-65744,46
AUTHENTIC HOME CURATOR LLC,COCONUT CREEK,FL,33XXX,CORPORATION,"United Midwest Savings Bank, National Association",DE GRAFF,OH,433XX,32441,6.0,V,23XXXX,101,0,Y,Y,141238.21,150000,BROWARD,FL,1,Loan-65812,46
Carrol Cabinet Company LLC db,OMAHA,NE,68XXX,CORPORATION,"First Westroads Bank, Inc",OMAHA,NE,681XX,19742,6.0,V,33XXXX,7,1,Y,UNKNOWN,269772.82,350000,DOUGLAS,NE,1,Loan-65828,46
Q J EXPORTACION EQUIPMENT LLC,FORT WORTH,TX,76XXX,CORPORATION,"PNC Bank, National Association",WILMINGTON,DE,198XX,6384,7.75,F,42XXXX,24,0,N,UNKNOWN,206763.88,350000,TARRANT,TX,1,Loan-65932,46
SSA MANSFIELD LLC,MANSFIELD,TX,76XXX,CORPORATION,PlainsCapital Bank,DALLAS,TX,752XX,17491,4.75,V,72XXXX,120,0,N,UNKNOWN,0.0,349000,TARRANT,TX,0,Loan-66146,44
KELLEY BUSINESS DEVELOPMENT L,SALT LAKE CITY,UT,84XXX,CORPORATION,Byline Bank,CHICAGO,IL,606XX,20624,6.0,V,54XXXX,96,0,Y,Y,647484.75,730000,SALT LAKE,UT,1,Loan-66261,46
Stallion Holdings LLC,XXXX,LA,70XXX,CORPORATION,Rayne State Bank & Trust Company,XXXX,LA,705XX,16075,6.0,V,71XXXX,93,0,Y,UNKNOWN,176645.66,200000,SAINT LANDRY,LA,1,Loan-66322,46
JON GAYDEN LLC,MILWAUKEE,WI,53XXX,CORPORATION,"U.S. Bank, National Association",CINCINNATI,OH,452XX,6548,8.75,V,81XXXX,54,1,Y,UNKNOWN,11905.82,15200,MILWAUKEE,WI,1,Loan-66430,46
Three Little Birds Trucking LL,ROCHESTER,MN,55XXX,CORPORATION,Minnwest Bank,REDWOOD FALLS,MN,562XX,16958,5.25,V,48XXXX,82,1,Y,UNKNOWN,25000.0,25000,OLMSTED,MN,1,Loan-66512,46
Zenogy Logistics Company,Brentwood,TN,37XXX,CORPORATION,Celtic Bank Corporation,SALT LAKE CITY,UT,841XX,57056,6.0,V,48XXXX,101,0,Y,Y,933962.41,1337000,WILLIAMSON,TN,1,Loan-66535,46
HERO HAULING AND JUNK REMOVAL ,SPRING VALLEY,CA,91XXX,CORPORATION,"Wells Fargo Bank, National Association",SIOUX FALLS,SD,571XX,3511,9.75,V,56XXXX,104,0,N,UNKNOWN,9899.04,9900,SAN DIEGO,CA,1,Loan-66624,30
JR FEICHT INC.,Columbus,OH,43XXX,CORPORATION,The Huntington National Bank,COLUMBUS,OH,432XX,6560,6.0,V,61XXXX,82,1,Y,UNKNOWN,25000.0,25000,DELAWARE,OH,1,Loan-66647,46
JR FEICHT INC.,Columbus,OH,43XXX,CORPORATION,The Huntington National Bank,COLUMBUS,OH,432XX,6560,6.0,V,61XXXX,91,0,Y,Y,212538.71,238000,DELAWARE,OH,1,Loan-66648,46
Level Architecture Incorporate,Chicago,IL,60XXX,CORPORATION,The Huntington National Bank,COLUMBUS,OH,432XX,6560,5.25,V,54XXXX,73,0,N,UNKNOWN,0.0,100000,COOK,IL,0,Loan-66657,42
THE WILLIS LAW GROUP PLLC,HOUSTON,TX,77XXX,CORPORATION,"Fund-Ex Solutions Group, LLC",Davie,FL,333XX,Fund-Ex So-33324,6.0,V,54XXXX,300,0,Y,Y,0.0,1459800,HARRIS,TX,0,Loan-66712,32
Two-Nine-Two Services LLC,LOGANVILLE,GA,30XXX,CORPORATION,"United Midwest Savings Bank, National Association",DE GRAFF,OH,433XX,32441,6.0,V,23XXXX,91,0,Y,Y,129564.73,150000,GWINNETT,GA,1,Loan-66722,46
A E G Construction LLC,AURORA,CO,80XXX,CORPORATION,"U.S. Bank, National Association",CINCINNATI,OH,452XX,6548,7.75,V,23XXXX,84,1,Y,UNKNOWN,0.0,65000,ARAPAHOE,CO,0,Loan-66746,41
Volt Studios Inc.,MINNEAPOLIS,MN,55XXX,CORPORATION,Choice Financial Group,FARGO,ND,581XX,9423,5.0,V,51XXXX,60,0,Y,UNKNOWN,0.0,55000,HENNEPIN,MN,0,Loan-67171,45
A&I Services of Colorado,BAYFIELD,CO,81XXX,CORPORATION,First Southwest Bank,ALAMOSA,CO,811XX,57741,8.25,F,81XXXX,27,1,N,UNKNOWN,0.0,25000,LA PLATA,CO,0,Loan-67181,28
All Paper Distribution LLC,XXXX,NJ,81XXX,CORPORATION,"TD Bank, National Association",WILMINGTON,DE,198XX,18409,8.46,V,42XXXX,97,1,N,UNKNOWN,24893.72,25000,CAMDEN,NJ,1,Loan-67189,46
B ROGE SOLUTIONS LLC,TAMPA,FL,33XXX,CORPORATION,"United Midwest Savings Bank, National Association",DE GRAFF,OH,433XX,32441,6.0,V,62XXXX,91,0,Y,Y,124084.87,150000,HILLSBOROUGH,FL,1,Loan-67405,46
NewVision Security LLC,Bismarck,ND,58XXX,CORPORATION,Horizon Financial Bank,XXXX,ND,583XX,15598,4.0,F,56XXXX,71,1,Y,UNKNOWN,0.0,200000,BURLEIGH,ND,0,Loan-67756,36
Seal Crete LLC,XXXX,OH,43XXX,CORPORATION,The Huntington National Bank,COLUMBUS,OH,432XX,6560,5.25,V,23XXXX,70,0,N,UNKNOWN,0.0,30000,MARION,OH,0,Loan-67789,36
FOXY BOSS LLC,COLUMBIA,MO,65XXX,CORPORATION,The Bank of Missouri,PERRYVILLE,MO,637XX,1617,6.0,V,81XXXX,124,0,Y,UNKNOWN,0.0,108000,BOONE,MO,0,Loan-67902,30
Krotzer Property Management,XXXX,IA,50XXX,CORPORATION,NSB Bank,MASON CITY,IA,504XX,8094,4.859,V,56XXXX,115,0,Y,UNKNOWN,0.0,100000,WORTH,IA,0,Loan-67932,16
Titan Disaster Cleanup LLC,Ogden,UT,84XXX,CORPORATION,Wasatch Peaks FCU,OGDEN,UT,844XX,Wasatch Pe-84403,6.5,V,23XXXX,99,1,Y,UNKNOWN,139602.62,150000,WEBER,UT,1,Loan-68023,46
Two Dogs Construction LLC,LAKE HAVASU CITY,AZ,86XXX,CORPORATION,First Internet Bank of Indiana,FISHERS,IN,460XX,34607,5.5,V,23XXXX,283,0,Y,Y,651524.32,2370000,MOHAVE,AZ,1,Loan-68029,46
LAKE VIEW DELIVERY INC.,XXXX,MN,55XXX,CORPORATION,BankVista,SARTELL,MN,563XX,35406,5.5,V,49XXXX,92,0,Y,Y,843941.7,2246200,HENNEPIN,MN,1,Loan-68162,46
SBU ENTERPRISES LLC,PEMBROKE PINES,FL,33XXX,CORPORATION,"Wells Fargo Bank, National Association",SIOUX FALLS,SD,571XX,3511,7.75,V,45XXXX,101,1,N,UNKNOWN,4070.79,10000,BROWARD,FL,1,Loan-68231,46
DOCTOR FRITZ JEAN-NOEL MD PLL,West Palm Beach,FL,33XXX,CORPORATION,"TD Bank, National Association",WILMINGTON,DE,198XX,18409,7.05,F,62XXXX,7,0,N,UNKNOWN,24016.25,60000,PALM BEACH,FL,1,Loan-68331,45
Maven Insights LLC,AMERICAN FORK,UT,84XXX,CORPORATION,IncredibleBank,WAUSAU,WI,544XX,19772,6.0,V,42XXXX,90,0,Y,Y,1791109.83,2066000,UTAH,UT,1,Loan-68406,45
Plush Paws Products Inc.,BONITA SPRINGS,FL,34XXX,CORPORATION,Berkshire Bank,PITTSFIELD,MA,120XX,23621,6.25,V,45XXXX,104,1,Y,UNKNOWN,349821.12,350000,LEE,FL,1,Loan-68428,46
TROY BROWN'S SERVICE LLC,XXXX,MN,55XXX,CORPORATION,"U.S. Bank, National Association",CINCINNATI,OH,452XX,6548,5.49,F,23XXXX,24,0,Y,UNKNOWN,32042.51,50000,ISANTI,MN,1,Loan-68490,46
LT Burns Company LLC,Marysville,OH,43XXX,CORPORATION,The Huntington National Bank,COLUMBUS,OH,432XX,6560,5.25,V,23XXXX,71,0,N,UNKNOWN,0.0,50000,DELAWARE,OH,0,Loan-68581,14
Affordable Wire Management LL,SOMERVILLE,NJ,88XXX,CORPORATION,Manufacturers and Traders Trust Company,BUFFALO,NY,142XX,588,6.25,V,33XXXX,85,0,Y,UNKNOWN,0.0,300000,HUNTERDON,NJ,0,Loan-68650,26
City of Bridges Pizza LLC,Pittsburgh,PA,15XXX,CORPORATION,Banc of California,Los Angeles,CA,900XX,24045,5.25,V,72XXXX,105,0,Y,UNKNOWN,385738.45,405900,ALLEGHENY,PA,1,Loan-68723,45
HYDRO CONSULTING LLC,NORTH RICHLAND HILLS,TX,76XXX,CORPORATION,"Wells Fargo Bank, National Association",SIOUX FALLS,SD,571XX,3511,5.85,F,23XXXX,96,0,Y,UNKNOWN,431350.61,465000,TARRANT,TX,1,Loan-68768,45
Seibert Brothers Trucking LLC,XXXX,OH,45XXX,CORPORATION,The Huntington National Bank,COLUMBUS,OH,432XX,6560,5.25,V,48XXXX,85,1,N,UNKNOWN,25000.0,25000,BROWN,OH,1,Loan-68846,45
Forever Lost LLC,Miami,FL,33XXX,CORPORATION,"TD Bank, National Association",WILMINGTON,DE,198XX,18409,9.05,V,54XXXX,89,1,N,UNKNOWN,9699.24,10000,MIAMI-DADE,FL,1,Loan-68959,45
Bent Rod Drilling LLC,XXXX,WI,54XXX,CORPORATION,Nicolet National Bank,GREEN BAY,WI,543XX,57038,4.35,F,23XXXX,108,0,Y,UNKNOWN,0.0,248500,BARRON,WI,0,Loan-69097,28
Affordable Lawn Care and Lands,WEST JORDAN,UT,84XXX,CORPORATION,"Readycap Lending, LLC",BERKELEY HEIGHTS,NJ,792XX,Readycap L-7922,6.0,V,56XXXX,120,0,Y,Y,0.0,350000,SALT LAKE,UT,0,Loan-69276,27
H&S Foods Town Inc,NORTH RICHLAND HILLS,TX,76XXX,CORPORATION,Bank of Hope,LOS ANGELES,CA,900XX,26610,4.75,V,72XXXX,25,0,Y,UNKNOWN,53627.34,100000,TARRANT,TX,1,Loan-69597,45
SMC Investments Limited Liabil,XXXX,MN,55XXX,CORPORATION,"United Midwest Savings Bank, National Association",DE GRAFF,OH,433XX,32441,6.0,V,56XXXX,96,0,Y,Y,135521.31,150000,RAMSEY,MN,1,Loan-69686,45
STM Hospitality LLC,Houston,TX,77XXX,CORPORATION,Stellar Bank,Houston,TX,770XX,58629,5.75,V,72XXXX,107,0,Y,UNKNOWN,338210.98,452000,HARRIS,TX,1,Loan-69690,44
Back to the Grind of Burlingto,BURLINGTON,WI,53XXX,CORPORATION,Community State Bank,Union Grove,WI,531XX,9536,5.5,V,31XXXX,88,0,Y,UNKNOWN,46463.02,50000,RACINE,WI,1,Loan-69958,45
FISH CHIPS & GRITS CORP,BRONX,NY,10XXX,CORPORATION,"Wells Fargo Bank, National Association",SIOUX FALLS,SD,571XX,3511,7.75,V,31XXXX,108,1,N,UNKNOWN,7493.21,7500,BRONX,NY,1,Loan-70014,45
Moonlight Services Inc,XXXX,OH,45XXX,CORPORATION,The Huntington National Bank,COLUMBUS,OH,432XX,6560,5.5,V,48XXXX,82,1,Y,UNKNOWN,99493.08,100000,HAMILTON,OH,1,Loan-70085,45
Tensor Innovations LLC,AKRON,OH,44XXX,CORPORATION,The Huntington National Bank,COLUMBUS,OH,432XX,6560,5.25,V,61XXXX,120,0,Y,UNKNOWN,0.0,124000,SUMMIT,OH,0,Loan-70361,38
CTS HOLDINGS INC.,TUCSON,AZ,85XXX,CORPORATION,"United Midwest Savings Bank, National Association",DE GRAFF,OH,433XX,32441,6.0,V,56XXXX,89,0,Y,Y,85113.45,100000,PIMA,AZ,1,Loan-70435,45
ROYAL FOX REALTY LLC,SHAWNEE,KS,66XXX,CORPORATION,"U.S. Bank, National Association",CINCINNATI,OH,452XX,6548,7.75,V,53XXXX,55,1,Y,UNKNOWN,30974.34,30000,JOHNSON,KS,1,Loan-70542,45
The Playground LLC,GREELEY,CO,80XXX,CORPORATION,"PNC Bank, National Association",WILMINGTON,DE,198XX,6384,9.75,V,71XXXX,96,1,N,UNKNOWN,21597.1,30000,WELD,CO,1,Loan-70797,45
Dream To Reality Nail Spa LLC,CLEVELAND,OH,44XXX,CORPORATION,The Huntington National Bank,COLUMBUS,OH,432XX,6560,5.25,V,81XXXX,19,0,Y,UNKNOWN,6539.66,10000,CUYAHOGA,OH,1,Loan-70882,45
JCA Family Enterprises LLC,MONTGOMERY,TX,77XXX,CORPORATION,"United Midwest Savings Bank, National Association",DE GRAFF,OH,433XX,32441,6.0,V,56XXXX,111,0,Y,Y,146574.34,150000,MONTGOMERY,TX,1,Loan-70920,45
SAFFRON INDIAN RESTAURANT,POCATELLO,ID,83XXX,INDIVIDUAL,"Wells Fargo Bank, National Association",SIOUX FALLS,SD,571XX,3511,8.25,V,72XXXX,108,1,N,UNKNOWN,9502.8,10000,BANNOCK,ID,1,Loan-70996,45
Brett C. Stefan Chiropractic ,Columbus,OH,43XXX,CORPORATION,The Huntington National Bank,COLUMBUS,OH,432XX,6560,6.0,V,62XXXX,31,1,N,UNKNOWN,14817.8,15000,FRANKLIN,OH,1,Loan-71080,45
PARDIS A KELLY DPM INC,LAS VEGAS,NV,89XXX,CORPORATION,"U.S. Bank, National Association",CINCINNATI,OH,452XX,6548,6.75,V,62XXXX,84,1,Y,UNKNOWN,0.0,50000,CLARK,NV,0,Loan-71193,37
Goodtime Auctioneering and Aut,FORT WORTH,TX,76XXX,CORPORATION,"PNC Bank, National Association",WILMINGTON,DE,198XX,6384,9.75,V,48XXXX,95,1,N,UNKNOWN,7489.9,10000,TARRANT,TX,1,Loan-71375,44
TBE Fitness LLC,Elk Grove,CA,95XXX,CORPORATION,CDC Small Business Finance Corp.,San Diego,CA,921XX,CDC Small -92106,7.75,V,71XXXX,85,0,Y,Y,225326.9,250000,SACRAMENTO,CA,1,Loan-71509,45
American Tongren Inc.,PLEASANTON,CA,94XXX,CORPORATION,East West Bank,PASADENA,CA,911XX,31628,4.0,V,42XXXX,9,1,Y,UNKNOWN,1300300.0,2000000,ALAMEDA,CA,1,Loan-71551,45
Rae Therapies LLC,Phoenix,AZ,85XXX,CORPORATION,CDC Small Business Finance Corp.,San Diego,CA,921XX,CDC Small -92106,7.25,V,62XXXX,112,0,Y,Y,88065.84,89200,MARICOPA,AZ,1,Loan-71661,45
RGARZA TRUCKING,BAKERSFIELD,CA,93XXX,INDIVIDUAL,"Wells Fargo Bank, National Association",SIOUX FALLS,SD,571XX,3511,9.75,V,48XXXX,82,1,N,UNKNOWN,14184.69,15000,KERN,CA,1,Loan-71722,45
Hosie Aerospace Services LLC,XXXX,OK,74XXX,CORPORATION,BancFirst,OKLAHOMA CITY,OK,731XX,27476,4.75,V,33XXXX,19,0,Y,UNKNOWN,56485.84,200000,OSAGE,OK,1,Loan-71842,45
J. and Ocean LLC,Lakewood,NJ,87XXX,CORPORATION,"TD Bank, National Association",WILMINGTON,DE,198XX,18409,7.05,V,45XXXX,88,1,N,UNKNOWN,112999.6,113000,OCEAN,NJ,1,Loan-71848,45
R WOOD CONSTRUCTION CO L L C,SHELTON,CT,64XXX,CORPORATION,Manufacturers and Traders Trust Company,BUFFALO,NY,142XX,588,7.75,V,23XXXX,72,1,Y,UNKNOWN,0.0,60000,        ,CT,0,Loan-72152,38
US Specialty Formulations LLC,ALLENTOWN,PA,18XXX,CORPORATION,Manufacturers and Traders Trust Company,BUFFALO,NY,142XX,588,5.25,V,32XXXX,120,0,Y,UNKNOWN,0.0,325000,LEHIGH,PA,0,Loan-72206,36
CHICAGO METAL POLISHING Inc.,CHICAGO,IL,60XXX,CORPORATION,"U.S. Bank, National Association",CINCINNATI,OH,452XX,6548,4.38,F,33XXXX,300,0,Y,UNKNOWN,0.0,182300,COOK,IL,0,Loan-72262,35
CLEAN STAR PRODUCTS LLC,LANCASTER,CA,93XXX,CORPORATION,"Wells Fargo Bank, National Association",SIOUX FALLS,SD,571XX,3511,7.75,V,42XXXX,88,1,N,UNKNOWN,9733.45,10000,LOS ANGELES,CA,1,Loan-72263,45
KELLEN CONDOS LLC,CHICAGO,IL,60XXX,CORPORATION,Byline Bank,CHICAGO,IL,606XX,20624,6.0,V,53XXXX,303,0,Y,UNKNOWN,0.0,530000,COOK,IL,0,Loan-72336,38
CK Aliana LLC,RICHMOND,TX,77XXX,CORPORATION,Stellar Bank,Houston,TX,770XX,58629,5.75,V,72XXXX,102,0,Y,UNKNOWN,445870.66,365500,FORT BEND,TX,1,Loan-72517,45
LOU & MO'S SANDWICH SHOPPE LLC,BERLIN,CT,60XXX,CORPORATION,Manufacturers and Traders Trust Company,BUFFALO,NY,142XX,588,6.0,V,72XXXX,53,0,Y,UNKNOWN,118948.83,140000,HARTFORD,CT,1,Loan-72609,44
MERAKI ART COMPANY LLP,XXXX,IN,46XXX,PARTNERSHIP,Centier Bank,WHITING,IN,463XX,12854,6.25,V,45XXXX,11,0,Y,UNKNOWN,28664.34,45000,ELKHART,IN,1,Loan-72619,45
Millikan Dentistry PC,BLOOMINGTON,IN,47XXX,CORPORATION,The Huntington National Bank,COLUMBUS,OH,432XX,6560,5.25,V,62XXXX,81,0,Y,Y,0.0,863900,MONROE,IN,0,Loan-72622,41
Trusted Home Health Care LLC,Madison Heights,MI,48XXX,CORPORATION,The Huntington National Bank,COLUMBUS,OH,432XX,6560,5.25,V,62XXXX,81,1,Y,UNKNOWN,125129.91,125000,OAKLAND,MI,1,Loan-72886,45
Pindrop Agency LLC,BEAVERTON,OR,97XXX,CORPORATION,"U.S. Bank, National Association",CINCINNATI,OH,452XX,6548,6.24,F,54XXXX,0,0,Y,UNKNOWN,17428.89,40000,WASHINGTON,OR,1,Loan-73052,45
Riding Sunset LLC,Littleton,CO,80XXX,CORPORATION,Dogwood State Bank,RALEIGH,NC,276XX,57095,6.0,V,71XXXX,103,0,Y,Y,0.0,915000,ARAPAHOE,CO,0,Loan-73064,36
AATCO TRANSMISSIONS INC.,BULLHEAD CITY,AZ,86XXX,CORPORATION,BayFirst National Bank,Saint Petersburg,FL,337XX,34997,6.0,V,81XXXX,90,0,Y,Y,102642.29,120000,MOHAVE,AZ,1,Loan-73118,43
Lorin's Tree Service LLC,SAN ANTONIO,TX,78XXX,CORPORATION,Jefferson Bank,San Antonio,TX,782XX,16470,5.0,V,56XXXX,84,1,Y,UNKNOWN,0.0,125000,BEXAR,TX,0,Loan-73241,25
True Grit Excavating & Concret,XXXX,MO,64XXX,CORPORATION,Hawthorn Bank,JEFFERSON CITY,MO,651XX,10619,4.25,V,23XXXX,50,1,Y,UNKNOWN,43119.32,125000,HENRY,MO,1,Loan-73331,44
True Grit Excavating & Concret,XXXX,MO,64XXX,CORPORATION,Hawthorn Bank,JEFFERSON CITY,MO,651XX,10619,5.25,F,23XXXX,50,0,Y,UNKNOWN,272300.75,345000,HENRY,MO,1,Loan-73332,44
Ephraim Holdings LLC,XXXX,MD,20XXX,CORPORATION,CDC Small Business Finance Corp.,San Diego,CA,921XX,CDC Small -92106,8.0,V,53XXXX,101,0,Y,Y,129618.77,140000,PRINCE GEORGES,MD,1,Loan-73414,44
JESA and Associates LLC,CHATTANOOGA,TN,37XXX,CORPORATION,"United Midwest Savings Bank, National Association",DE GRAFF,OH,433XX,32441,6.0,V,23XXXX,108,0,Y,Y,146267.2,150000,HAMILTON,TN,1,Loan-73445,45
CAR CONSTRUCTION LLC,ALBUQUERQUE,NM,87XXX,CORPORATION,"U.S. Bank, National Association",CINCINNATI,OH,452XX,6548,6.75,V,23XXXX,84,1,N,UNKNOWN,0.0,25000,BERNALILLO,NM,0,Loan-73600,35
Jetplane Coffee LLC,Durham,NC,27XXX,CORPORATION,The Fidelity Bank,FUQUAY VARINA,NC,275XX,11507,6.0,V,72XXXX,112,0,Y,Y,296582.97,361700,DURHAM,NC,1,Loan-73663,43
SOCIAL SLOOTH LLC,DUNEDIN,FL,34XXX,CORPORATION,"Wells Fargo Bank, National Association",SIOUX FALLS,SD,571XX,3511,9.75,V,56XXXX,83,1,N,UNKNOWN,4320.47,5000,KNOX,IL,1,Loan-73751,44
Soda City Pharmacy & Compoundi,COLUMBIA,SC,29XXX,CORPORATION,Citizens Bank,ELIZABETHTON,TN,376XX,14851,6.0,V,44XXXX,158,0,Y,Y,391550.92,799000,LEXINGTON,SC,1,Loan-73752,44
OPE BREWING COMPANY LLC,Milwaukee,WI,53XXX,CORPORATION,Citizens Bank,MUKWONAGO,WI,531XX,13055,5.25,V,31XXXX,120,0,Y,UNKNOWN,0.0,360000,MILWAUKEE,WI,0,Loan-73900,31
AQUINAI HOME HEALTHCARE INC.,DALLAS,TX,75XXX,CORPORATION,"PNC Bank, National Association",WILMINGTON,DE,198XX,6384,9.75,V,62XXXX,101,1,N,UNKNOWN,0.0,50000,DALLAS,TX,0,Loan-73981,34
SAMM POWERS LLC,LUTZ,FL,33XXX,CORPORATION,"United Midwest Savings Bank, National Association",DE GRAFF,OH,433XX,32441,6.0,V,54XXXX,92,0,Y,Y,131193.79,150000,HILLSBOROUGH,FL,1,Loan-74076,44
Act Fleet Services LLC,LILBURN,GA,30XXX,CORPORATION,"United Midwest Savings Bank, National Association",DE GRAFF,OH,433XX,32441,6.0,V,81XXXX,91,0,Y,Y,132777.85,150000,GWINNETT,GA,1,Loan-74124,44
Minimal Knitwear LLC,New York,NY,10XXX,CORPORATION,"TD Bank, National Association",WILMINGTON,DE,198XX,18409,9.05,V,44XXXX,73,0,N,UNKNOWN,0.0,15000,NEW YORK,NY,0,Loan-74218,32
Curry Chemical Company LLC,XXXX,PA,16XXX,CORPORATION,The Huntington National Bank,COLUMBUS,OH,432XX,6560,5.25,V,56XXXX,97,0,Y,UNKNOWN,104964.16,108800,MERCER,PA,1,Loan-74359,44
HPF Christopher Inc.,New York,NY,10XXX,CORPORATION,"TD Bank, National Association",WILMINGTON,DE,198XX,18409,9.05,V,44XXXX,94,1,N,UNKNOWN,24026.41,25000,NEW YORK,NY,1,Loan-74392,44
LSB REAL ESTATE CONSTRUCTION L,AKRON,OH,44XXX,INDIVIDUAL,"U.S. Bank, National Association",CINCINNATI,OH,452XX,6548,7.75,V,56XXXX,41,1,Y,UNKNOWN,44396.12,45000,SUMMIT,OH,1,Loan-74419,44
Micro Setting Design INC,XXXX,MI,48XXX,CORPORATION,The Huntington National Bank,COLUMBUS,OH,432XX,6560,6.0,V,54XXXX,78,1,Y,UNKNOWN,49693.16,50000,OAKLAND,MI,1,Loan-74427,44
Halle's Engineering & Design ,AKRON,OH,44XXX,CORPORATION,The Huntington National Bank,COLUMBUS,OH,432XX,6560,5.25,V,54XXXX,60,0,Y,UNKNOWN,0.0,32500,SUMMIT,OH,0,Loan-74582,42
LANDSPEEDER CORPORATION,Orlando,FL,32XXX,CORPORATION,"TD Bank, National Association",WILMINGTON,DE,198XX,18409,9.05,F,33XXXX,28,0,N,UNKNOWN,17079.49,25000,ORANGE,FL,1,Loan-74612,44
Happy Harvest LLC,Waco,TX,76XXX,CORPORATION,The First National Bank of McGregor d/b/a TFNB Your Bank for,MCGREGOR,TX,766XX,3330,8.5,F,72XXXX,60,0,Y,UNKNOWN,0.0,40000,MCLENNAN,TX,0,Loan-74779,41
MacNorth Ventures LLC,CYPRESS,TX,77XXX,CORPORATION,Citizens Bank,ELIZABETHTON,TN,376XX,14851,6.0,V,72XXXX,102,0,N,Y,308688.47,350000,HARRIS,TX,1,Loan-74811,44
MORONTA TRANSPORTING LLC,KENNESAW,GA,30XXX,CORPORATION,"Wells Fargo Bank, National Association",SIOUX FALLS,SD,571XX,3511,8.75,V,48XXXX,109,1,N,UNKNOWN,4910.23,5000,COBB,GA,1,Loan-74821,44
ROYAL PROPERTY HOLDINGS LLC,SPRINGFIELD,NJ,70XXX,CORPORATION,Manufacturers and Traders Trust Company,BUFFALO,NY,142XX,588,7.0,V,53XXXX,96,0,Y,UNKNOWN,99930.12,100000,UNION,NJ,1,Loan-74850,44
UMEDSPA INC A MEDICAL CORPORAT,COSTA MESA,CA,92XXX,CORPORATION,"U.S. Bank, National Association",CINCINNATI,OH,452XX,6548,6.99,F,81XXXX,60,0,Y,UNKNOWN,0.0,20000,ORANGE,CA,0,Loan-74890,20
Jump Restaurant Brands LLC,Milton,GA,30XXX,CORPORATION,"Patriot Bank, National Association",STAMFORD,CT,690XX,33928,5.75,V,72XXXX,102,0,Y,Y,430264.2,496000,FULTON,GA,1,Loan-75019,42
M. Serra LLC,XXXX,PA,19XXX,CORPORATION,Manufacturers and Traders Trust Company,BUFFALO,NY,142XX,588,7.25,V,31XXXX,60,0,N,UNKNOWN,0.0,75000,DELAWARE,PA,0,Loan-75237,15
Parvati Management LLC,COLUMBIA,SC,29XXX,CORPORATION,First Chatham Bank,SAVANNAH,GA,314XX,57252,5.25,V,72XXXX,300,0,Y,Y,0.0,2515000,LEXINGTON,SC,0,Loan-75262,40
A & H INTERNATIONAL INC,CHICAGO,IL,60XXX,CORPORATION,"U.S. Bank, National Association",CINCINNATI,OH,452XX,6548,6.75,V,23XXXX,42,1,Y,UNKNOWN,39350.41,40000,COOK,IL,1,Loan-75346,44
CIRRIUS DEVELOPMENT LLC,HONOLULU,HI,96XXX,CORPORATION,Central Pacific Bank,Honolulu,HI,968XX,17308,5.75,V,23XXXX,60,1,N,UNKNOWN,0.0,50000,HONOLULU,HI,0,Loan-75382,40
JCL Quality LLC,New York,NY,10XXX,CORPORATION,"TD Bank, National Association",WILMINGTON,DE,198XX,18409,9.05,V,44XXXX,28,1,N,UNKNOWN,24844.55,25000,NEW YORK,NY,1,Loan-75434,43
JK Eatery Investment Inc,SEATTLE,WA,98XXX,CORPORATION,Hanmi Bank,LOS ANGELES,CA,900XX,24170,5.5,V,72XXXX,105,0,Y,Y,197419.22,418000,KING,WA,1,Loan-75437,44
Paridin LLC,CYPRESS,TX,77XXX,CORPORATION,Citizens Bank,ELIZABETHTON,TN,376XX,14851,6.0,V,72XXXX,100,0,N,Y,362976.59,465000,HARRIS,TX,1,Loan-75491,44
S & P Enterprise L.L.C.,HONOLULU,HI,96XXX,CORPORATION,Central Pacific Bank,Honolulu,HI,968XX,17308,1.25,V,56XXXX,32,1,N,UNKNOWN,0.0,250000,HONOLULU,HI,0,Loan-75512,34
MARS MECHANICAL SOLUTIONS LLC,XXXX,GA,31XXX,CORPORATION,"United Midwest Savings Bank, National Association",DE GRAFF,OH,433XX,32441,6.0,V,23XXXX,106,0,Y,Y,117923.45,125000,CAMDEN,GA,1,Loan-75639,44
Steinke Investments NC LLC,RALEIGH,NC,27XXX,CORPORATION,"United Midwest Savings Bank, National Association",DE GRAFF,OH,433XX,32441,6.0,V,23XXXX,93,0,Y,Y,131297.94,150000,WAKE,NC,1,Loan-75685,44
Delta Tango Two LLC,Milwaukee,WI,53XXX,CORPORATION,Western State Bank,DEVILS LAKE,ND,583XX,9123,6.0,V,72XXXX,100,0,Y,Y,287806.6,324000,MILWAUKEE,WI,1,Loan-75710,43
The Parmesan Kitchen LLC,APOPKA,FL,32XXX,CORPORATION,Seacoast National Bank,STUART,FL,349XX,131,4.75,F,72XXXX,105,0,Y,UNKNOWN,0.0,390000,ORANGE,FL,0,Loan-75734,25
GUAJARDO EMPIRE LLC,FRESNO,CA,93XXX,CORPORATION,"Wells Fargo Bank, National Association",SIOUX FALLS,SD,571XX,3511,9.75,V,48XXXX,84,1,N,UNKNOWN,9999.15,10000,FRESNO,CA,1,Loan-75815,44
Milewear LLC,Washington,DC,20XXX,CORPORATION,CDC Small Business Finance Corp.,San Diego,CA,921XX,CDC Small -92106,7.25,V,44XXXX,99,0,Y,Y,39163.17,40000,DISTRICT OF COLUMBIA,DC,1,Loan-75864,44
ACR Machine LLC,MORGANTOWN,PA,19XXX,CORPORATION,"Wilmington Savings Fund Society, FSB",WILMINGTON,DE,198XX,17838,5.25,V,33XXXX,96,0,Y,Y,3832623.7,4731000,BERKS,PA,1,Loan-75954,44
OBASI TRANSPORTATION LLC,CHANDLER,AZ,85XXX,CORPORATION,"Wells Fargo Bank, National Association",SIOUX FALLS,SD,571XX,3511,9.75,V,48XXXX,103,1,N,UNKNOWN,4955.75,5000,MARICOPA,AZ,1,Loan-76088,44
OPTIMIZED TREATMENT CALLS LLC,XXXX,FL,32XXX,CORPORATION,"Wells Fargo Bank, National Association",SIOUX FALLS,SD,571XX,3511,9.25,V,54XXXX,95,1,N,UNKNOWN,14122.06,15000,PALM BEACH,FL,1,Loan-76092,44
Sterea Agency LLC,LONG ISLAND CITY,NY,11XXX,CORPORATION,Cadence Bank,TUPELO,MS,388XX,11813,6.0,V,53XXXX,95,0,Y,Y,305827.07,325000,QUEENS,NY,1,Loan-76130,44
Wild Nectar,Portland,OR,97XXX,CORPORATION,Micro Enterprise Services of Oregon (Pedagogy Institute),Portland,OR,972XX,Micro Ente-97212,7.75,F,56XXXX,48,0,Y,UNKNOWN,0.0,40000,MULTNOMAH,OR,0,Loan-76155,39
YNS Coffee Shop Inc.,XXXX,NY,11XXX,CORPORATION,"TD Bank, National Association",WILMINGTON,DE,198XX,18409,9.05,V,42XXXX,89,1,N,UNKNOWN,24823.84,25000,QUEENS,NY,1,Loan-76158,43
GBC Facility Services Inc.,Lakewood,NJ,87XXX,CORPORATION,"TD Bank, National Association",WILMINGTON,DE,198XX,18409,9.75,V,56XXXX,87,1,N,UNKNOWN,49366.74,50000,OCEAN,NJ,1,Loan-76251,43
Lumberjack Hospitality LLC,Denver,CO,80XXX,CORPORATION,"Patriot Bank, National Association",STAMFORD,CT,690XX,33928,6.0,V,72XXXX,11,0,Y,Y,456032.17,497000,DENVER,CO,1,Loan-76303,44
KHAP Inc. dba New Horizons of,MESA,AZ,85XXX,CORPORATION,Sunflower Bank National Association,Dallas,TX,752XX,4767,4.5,V,61XXXX,95,0,N,UNKNOWN,290003.45,300000,MARICOPA,AZ,1,Loan-76514,44
MAMIE'S PROTEIN SMOOTHIES QUEE,FLINT,MI,48XXX,CORPORATION,The Huntington National Bank,COLUMBUS,OH,432XX,6560,5.25,V,72XXXX,104,0,N,UNKNOWN,83609.87,85000,GENESEE,MI,1,Loan-76531,44
SAVITA HOSPITALITY L.L.C.,XXXX,LA,70XXX,CORPORATION,American Continental Bank,City of Industry,CA,917XX,57444,4.75,V,72XXXX,270,0,Y,Y,1799513.62,2720000,CALCASIEU,LA,1,Loan-76582,44
23ZIP Inc.,BOULDER,CO,80XXX,CORPORATION,"Wells Fargo Bank, National Association",SIOUX FALLS,SD,571XX,3511,7.75,V,62XXXX,95,1,N,UNKNOWN,9656.79,15000,BOULDER,CO,1,Loan-76643,44
Carroll Cabinet Company LLC,Omaha,NE,68XXX,CORPORATION,"First Westroads Bank, Inc",OMAHA,NE,681XX,19742,6.0,V,33XXXX,63,0,Y,UNKNOWN,1549440.04,3150000,DOUGLAS,NE,1,Loan-76684,44
CLEAN PROPERTIES  LLC,SAINT PETERSBURG,FL,33XXX,CORPORATION,"United Midwest Savings Bank, National Association",DE GRAFF,OH,433XX,32441,6.0,V,53XXXX,91,0,Y,Y,129647.87,150000,PINELLAS,FL,1,Loan-76686,44
Custom Particle Solutions LLC,XXXX,PA,18XXX,CORPORATION,"Wilmington Savings Fund Society, FSB",WILMINGTON,DE,198XX,17838,4.75,V,32XXXX,300,0,Y,Y,0.0,4411500,BUCKS,PA,0,Loan-76696,35
Gerona Porcel LLC,LAS VEGAS,NV,89XXX,CORPORATION,Cadence Bank,TUPELO,MS,388XX,11813,6.0,V,62XXXX,81,0,Y,Y,216200.23,250000,CLARK,NV,1,Loan-76724,44
Partenopea Company LLC,SAN FRANCISCO,CA,94XXX,CORPORATION,Main Street Launch,Oakland,CA,946XX,Main Stree-94612,7.25,V,72XXXX,92,0,Y,Y,216757.22,250000,SAN FRANCISCO,CA,1,Loan-76798,44
BE WELL LIFESTYLE GROUP LLC,LAS VEGAS,NV,89XXX,CORPORATION,"Fund-Ex Solutions Group, LLC",Davie,FL,333XX,Fund-Ex So-33324,6.0,V,81XXXX,120,0,Y,Y,0.0,261500,CLARK,NV,0,Loan-76888,31
AGIG Liquors Inc,Astoria,NY,11XXX,CORPORATION,The First National Bank of Long Island,XXXX,NY,115XX,7072,6.25,V,44XXXX,108,1,Y,UNKNOWN,0.0,50000,QUEENS,NY,0,Loan-76923,42
DWH ENTERPRISES LLC,XXXX,CA,92XXX,CORPORATION,"U.S. Bank, National Association",CINCINNATI,OH,452XX,6548,7.25,V,42XXXX,53,1,N,UNKNOWN,100175.0,100000,ORANGE,CA,1,Loan-76982,44
PRO VINYL PRODUCTS INC,XXXX,GA,31XXX,CORPORATION,Pineland Bank,ALMA,GA,315XX,15699,5.25,V,44XXXX,285,0,Y,UNKNOWN,51593.24,500000,BACON,GA,1,Loan-77092,44
Abode Inspections LLC,HUNTSVILLE,AL,35XXX,CORPORATION,Synovus Bank,Columbus,GA,319XX,873,5.25,V,23XXXX,90,0,N,Y,614770.58,685000,MADISON,AL,1,Loan-77166,44
Ballance Enterprise LLC,FRANKLIN,TN,37XXX,CORPORATION,Citizens Bank,ELIZABETHTON,TN,376XX,14851,6.0,V,72XXXX,92,0,Y,Y,311106.97,402400,WILLIAMSON,TN,1,Loan-77187,44
Brown Senior Planning Services,FRIENDSWOOD,TX,77XXX,CORPORATION,Gulf Coast Bank and Trust Company,NEW ORLEANS,LA,701XX,32974,6.0,V,72XXXX,109,0,Y,Y,372658.57,386000,BRAZORIA,TX,1,Loan-77194,43
Copper Kerf LLC,Lakewood,OH,44XXX,CORPORATION,The Huntington National Bank,COLUMBUS,OH,432XX,6560,5.5,V,32XXXX,98,1,Y,UNKNOWN,11067.16,11000,CUYAHOGA,OH,1,Loan-77211,44
Gix Group LLC,XXXX,OH,45XXX,CORPORATION,The Huntington National Bank,COLUMBUS,OH,432XX,6560,6.0,V,72XXXX,108,0,Y,Y,159959.26,191900,HAMILTON,OH,1,Loan-77248,44
WYRETEC LLC,HEMET,CA,92XXX,CORPORATION,"U.S. Bank, National Association",CINCINNATI,OH,452XX,6548,7.75,V,23XXXX,66,1,Y,UNKNOWN,14542.36,15000,RIVERSIDE,CA,1,Loan-77432,44
HCH AVIATION LLC,NACOGDOCHES,TX,75XXX,CORPORATION,"Commercial Bank of Texas, N.A.",NACOGDOCHES,TX,759XX,1209,4.25,F,61XXXX,162,0,Y,UNKNOWN,0.0,850000,NACOGDOCHES,TX,0,Loan-77560,34
Japanese Auto Tech Limited Lia,Vista,CA,92XXX,CORPORATION,CDC Small Business Finance Corp.,San Diego,CA,921XX,CDC Small -92106,7.25,V,81XXXX,100,0,Y,Y,110837.26,120000,SAN DIEGO,CA,1,Loan-77574,44
OWENS DENTAL OF OLNEY LLC,XXXX,MD,20XXX,CORPORATION,GBank,LAS VEGAS,NV,891XX,58626,5.75,V,62XXXX,114,0,Y,Y,831061.62,839200,MONTGOMERY,MD,1,Loan-77633,43
ROYAL KNIGHT ESTATES LLC,XXXX,AZ,85XXX,CORPORATION,"U.S. Bank, National Association",CINCINNATI,OH,452XX,6548,6.99,F,54XXXX,38,0,Y,UNKNOWN,25346.05,30000,PIMA,AZ,1,Loan-77667,44
Chapel Hill Chiropractic Cente,AKRON,OH,44XXX,CORPORATION,Pinnacle Bank,NASHVILLE,TN,372XX,35583,6.0,V,62XXXX,86,0,Y,Y,280734.15,323100,SUMMIT,OH,1,Loan-77889,41
Crown Heating LLC,BEND,OR,97XXX,CORPORATION,First Savings Bank,Jeffersonville,IN,471XX,29961,6.0,V,23XXXX,98,0,Y,Y,137347.35,150000,DESCHUTES,OR,1,Loan-77917,43
Elite Beauty and Barber Supply,COLUMBUS,OH,43XXX,CORPORATION,The Huntington National Bank,COLUMBUS,OH,432XX,6560,5.25,V,44XXXX,87,0,Y,Y,85491.15,90000,FRANKLIN,OH,1,Loan-77970,44
SAFE LANE TRUCKING LLC,GRAND PRAIRIE,TX,75XXX,CORPORATION,"Wells Fargo Bank, National Association",SIOUX FALLS,SD,571XX,3511,9.25,V,48XXXX,83,1,N,UNKNOWN,9882.11,10000,DALLAS,TX,1,Loan-78360,44
Spotted Dog Acquisitions Inc.,NAPERVILLE,IL,60XXX,CORPORATION,First Internet Bank of Indiana,FISHERS,IN,460XX,34607,6.0,V,44XXXX,92,0,Y,Y,551075.97,745000,WILL,IL,1,Loan-78419,42
Bohler Construction Inc.,XXXX,CA,90XXX,CORPORATION,"Readycap Lending, LLC",BERKELEY HEIGHTS,NJ,792XX,Readycap L-7922,6.0,V,23XXXX,100,0,Y,Y,317119.63,350000,ORANGE,CA,1,Loan-78637,44
Bulger True Value,OLATHE,KS,66XXX,CORPORATION,"Newtek Small Business Finance, Inc.",LAKE SUCCESS,NY,110XX,Newtek Sma-11042,6.0,V,44XXXX,94,0,Y,Y,0.0,257600,JOHNSON,KS,0,Loan-78647,37
Chick'n Cone,SAN MARCOS,CA,92XXX,CORPORATION,"Newtek Small Business Finance, Inc.",LAKE SUCCESS,NY,110XX,Newtek Sma-11042,6.0,V,72XXXX,101,0,Y,Y,0.0,232800,SAN DIEGO,CA,0,Loan-78665,33
Ferretti Foods LLC,UNION,NJ,70XXX,CORPORATION,Manufacturers and Traders Trust Company,BUFFALO,NY,142XX,588,5.5,V,42XXXX,120,0,Y,UNKNOWN,0.0,240000,UNION,NJ,0,Loan-78732,39
Geer CPA PC,XXXX,NY,14XXX,CORPORATION,Manufacturers and Traders Trust Company,BUFFALO,NY,142XX,588,5.0,V,54XXXX,120,0,Y,UNKNOWN,0.0,270000,MONROE,NY,0,Loan-78758,39
JAR Investment LLC,XXXX,GA,30XXX,CORPORATION,"SouthState Bank, National Association",WINTER HAVEN,FL,338XX,33555,5.25,V,72XXXX,303,0,Y,Y,0.0,2000000,PAULDING,GA,0,Loan-78826,42
ORIZON TRUCKING,SAN DIEGO,CA,92XXX,INDIVIDUAL,"PNC Bank, National Association",WILMINGTON,DE,198XX,6384,9.75,V,48XXXX,90,1,N,UNKNOWN,9829.25,10000,SAN DIEGO,CA,1,Loan-78955,44
TRIPLE J DRILLING INC,PERRIS,CA,92XXX,CORPORATION,"U.S. Bank, National Association",CINCINNATI,OH,452XX,6548,7.75,V,23XXXX,84,1,Y,UNKNOWN,0.0,50000,RIVERSIDE,CA,0,Loan-79116,33
WICKED GOODS PROMOTIONAL MERCH,Boca Raton,FL,33XXX,CORPORATION,"TD Bank, National Association",WILMINGTON,DE,198XX,18409,9.75,F,45XXXX,27,0,N,UNKNOWN,14560.79,15000,PALM BEACH,FL,1,Loan-79148,43
Red Bird Bar and Grille,XXXX,MD,21XXX,INDIVIDUAL,Manufacturers and Traders Trust Company,BUFFALO,NY,142XX,588,5.75,V,72XXXX,90,0,Y,UNKNOWN,215922.75,240000,HOWARD,MD,1,Loan-79230,42
INNOVATIVE RECRUITING SPECIALI,PENSACOLA,FL,32XXX,CORPORATION,"United Midwest Savings Bank, National Association",DE GRAFF,OH,433XX,32441,6.0,V,56XXXX,103,0,Y,Y,143368.12,150000,ESCAMBIA,FL,1,Loan-79412,43
Discover Wellness Center LLC,XXXX,UT,84XXX,CORPORATION,"Zions Bank, A Division of",SALT LAKE CITY,UT,841XX,2270,5.0,V,62XXXX,103,0,Y,UNKNOWN,212819.96,225900,CACHE,UT,1,Loan-79638,43
Bel4yeu LLC,SAN ANTONIO,TX,78XXX,CORPORATION,"United Midwest Savings Bank, National Association",DE GRAFF,OH,433XX,32441,6.0,V,48XXXX,100,0,Y,Y,138880.51,150000,BEXAR,TX,1,Loan-79786,43
D&amp;H STUMP REMOVAL LLC,MOORE,SC,29XXX,CORPORATION,"TD Bank, National Association",WILMINGTON,DE,198XX,18409,9.75,V,23XXXX,120,0,N,UNKNOWN,0.0,21600,SPARTANBURG,SC,0,Loan-79838,33
GAZELLES FL INC,MIAMI,FL,33XXX,CORPORATION,Five Star Bank,Rancho Cordova,CA,956XX,35361,6.0,V,54XXXX,120,0,Y,Y,0.0,350000,MIAMI-DADE,FL,0,Loan-79883,24
ISLAND GEM HEROES LLC,JACKSONVILLE,FL,32XXX,CORPORATION,"United Midwest Savings Bank, National Association",DE GRAFF,OH,433XX,32441,6.0,V,56XXXX,92,0,Y,Y,136192.12,150000,DUVAL,FL,1,Loan-79918,43
Smazy Enterprise lV LLC,AUSTIN,TX,78XXX,CORPORATION,First Guaranty Bank,XXXX,LA,704XX,14028,5.25,V,44XXXX,101,0,Y,Y,339430.84,470200,TRAVIS,TX,1,Loan-80107,41
Planinz Holdings of Central Fl,Orlando,FL,32XXX,CORPORATION,Dogwood State Bank,RALEIGH,NC,276XX,57095,6.0,V,72XXXX,107,0,Y,Y,449548.11,546500,ORANGE,FL,1,Loan-80438,39
ASL Interpreter Corps LLC,SYKESVILLE,MD,21XXX,CORPORATION,Manufacturers and Traders Trust Company,BUFFALO,NY,142XX,588,7.75,V,54XXXX,104,0,N,UNKNOWN,100000.0,100000,CARROLL,MD,1,Loan-80588,43
DEEP ACTION CLEANING SERVICES ,PATERSON,NJ,75XXX,CORPORATION,"Wells Fargo Bank, National Association",SIOUX FALLS,SD,571XX,3511,9.75,V,56XXXX,83,1,N,UNKNOWN,4940.32,5000,PASSAIC,NJ,1,Loan-80619,43
Delnik Care Social Services LL,PHOENIX,AZ,85XXX,CORPORATION,Meadows Bank,LAS VEGAS,NV,891XX,58722,4.5,V,62XXXX,309,0,Y,UNKNOWN,0.0,517000,MARICOPA,AZ,0,Loan-80621,38
Intermountain Specialty Food G,Salt Lake City,UT,84XXX,CORPORATION,First Utah Bank,SALT LAKE CITY,UT,841XX,22738,5.75,V,31XXXX,87,0,Y,UNKNOWN,0.0,300000,SALT LAKE,UT,0,Loan-80684,35
TUNDRA BUILT LLC,WYOMING,MN,55XXX,CORPORATION,"U.S. Bank, National Association",CINCINNATI,OH,452XX,6548,6.75,V,44XXXX,84,1,Y,UNKNOWN,0.0,40000,CHISAGO,MN,0,Loan-80842,33
WHITTAKER FAMILY HVAC L.L.C.,FORT PIERCE,FL,34XXX,CORPORATION,"United Midwest Savings Bank, National Association",DE GRAFF,OH,433XX,32441,6.0,V,23XXXX,91,0,Y,Y,131925.05,150000,SAINT LUCIE,FL,1,Loan-80861,43
Enica's Essentials LLC,SILVER SPRING,MD,20XXX,CORPORATION,"TD Bank, National Association",WILMINGTON,DE,198XX,18409,9.05,V,45XXXX,86,0,Y,UNKNOWN,2758.77,5000,MONTGOMERY,MD,1,Loan-80881,42
Holmes & Frick LLC,PHOENIX,AZ,85XXX,CORPORATION,Sunflower Bank National Association,Dallas,TX,752XX,4767,4.25,V,71XXXX,111,0,Y,UNKNOWN,0.0,3434000,MARICOPA,AZ,0,Loan-80884,30
12th Gate Franchises LLC,JACKSON,MS,39XXX,CORPORATION,Trustmark National Bank,JACKSON,MS,392XX,4988,4.25,V,72XXXX,102,0,Y,UNKNOWN,234752.13,434300,JEFFERSON,AL,1,Loan-80935,43
E Squared Holdings L.L.C.,Atlanta,GA,30XXX,CORPORATION,"Capital Bank, National Association",ROCKVILLE,MD,208XX,35278,6.0,V,52XXXX,101,0,N,Y,228051.77,250000,FULTON,GA,1,Loan-81018,43
GNX Logistics LLC,Cleveland,OH,44XXX,CORPORATION,The Huntington National Bank,COLUMBUS,OH,432XX,6560,5.7,V,48XXXX,60,0,Y,UNKNOWN,0.0,112500,CUYAHOGA,OH,0,Loan-81041,41
MAT Distributing Inc,CHICAGO,IL,60XXX,CORPORATION,Colony Bank,FITZGERALD,GA,317XX,22257,6.0,V,48XXXX,96,0,N,Y,1901257.06,2160000,COOK,IL,1,Loan-81119,43
Texas Partners LLC,RICHMOND,TX,77XXX,CORPORATION,Colony Bank,FITZGERALD,GA,317XX,22257,6.0,V,45XXXX,82,0,N,Y,860177.05,903000,FORT BEND,TX,1,Loan-81223,40
YDF Brooklyn LLC,BROOKLYN,NY,11XXX,CORPORATION,Manufacturers and Traders Trust Company,BUFFALO,NY,142XX,588,3.75,V,45XXXX,33,0,N,UNKNOWN,78500.84,86000,KINGS,NY,1,Loan-81248,43
Bella Vita AFH 2 LLC,XXXX,WA,98XXX,INDIVIDUAL,Umpqua Bank,Lake Oswego,OR,970XX,17266,5.0,V,62XXXX,300,0,Y,Y,0.0,1271000,KING,WA,0,Loan-81298,41
Cognitum Inc.,PLYMOUTH,MI,48XXX,CORPORATION,The Huntington National Bank,COLUMBUS,OH,432XX,6560,5.25,V,62XXXX,96,1,N,UNKNOWN,30667.3,35000,OAKLAND,MI,1,Loan-81328,43
JSMC PILATES II LLC,XXXX,MI,48XXX,CORPORATION,Stearns Bank National Association,SAINT CLOUD,MN,563XX,10988,6.0,V,71XXXX,123,0,Y,UNKNOWN,0.0,205500,WAYNE,MI,0,Loan-81427,39
Newberry Contractors LLC,NEWBERRY,SC,29XXX,CORPORATION,"TD Bank, National Association",WILMINGTON,DE,198XX,18409,9.05,V,32XXXX,120,0,Y,UNKNOWN,0.0,25000,NEWBERRY,SC,0,Loan-81509,36
Soul Vida Medical Aesthetics ,Bend,OR,97XXX,CORPORATION,Washington Trust Bank,SPOKANE,WA,992XX,1281,4.75,V,81XXXX,93,0,Y,UNKNOWN,195873.99,229000,DESCHUTES,OR,1,Loan-81585,42
Zasea Company LLC,SCOTTSDALE,AZ,85XXX,CORPORATION,Sunflower Bank National Association,Dallas,TX,752XX,4767,5.0,V,44XXXX,86,0,Y,UNKNOWN,91075.0,100000,MARICOPA,AZ,1,Loan-81653,43
Bryan Family Hockey LLC,LAS VEGAS,NV,89XXX,CORPORATION,"Zions Bank, A Division of",SALT LAKE CITY,UT,841XX,2270,5.5,V,42XXXX,106,0,Y,UNKNOWN,108351.2,178500,CLARK,NV,1,Loan-81701,43
Mad Maggie's Brewpub LLC,XXXX,GA,31XXX,CORPORATION,TC Federal Bank,XXXX,GA,317XX,29331,5.5,V,72XXXX,89,0,Y,UNKNOWN,782971.37,779400,CHATHAM,GA,1,Loan-81819,38
NANCITO'S TRUCKING INC,XXXX,CA,92XXX,CORPORATION,"Wells Fargo Bank, National Association",SIOUX FALLS,SD,571XX,3511,9.25,V,48XXXX,85,1,N,UNKNOWN,6584.62,7500,SAN BERNARDINO,CA,1,Loan-81841,42
First Choice Transport LLC,XXXX,NC,27XXX,CORPORATION,"Wells Fargo Bank, National Association",SIOUX FALLS,SD,571XX,3511,9.25,V,48XXXX,104,1,N,UNKNOWN,0.0,5000,ROCKINGHAM,NC,0,Loan-82094,40
M.A.D. Projects LLC,Santa Monica,CA,90XXX,CORPORATION,CDC Small Business Finance Corp.,San Diego,CA,921XX,CDC Small -92106,8.0,V,31XXXX,92,0,Y,UNKNOWN,219206.88,245000,LOS ANGELES,CA,1,Loan-82160,43
Reborn 104 Corporation,LAKEWOOD,WA,98XXX,CORPORATION,Bank of Hope,LOS ANGELES,CA,900XX,26610,5.25,V,72XXXX,108,0,Y,Y,0.0,100000,PIERCE,WA,0,Loan-82213,11
VINNIE KEYZ TRUCKING LLC,MANCHESTER,CT,60XXX,CORPORATION,"Wells Fargo Bank, National Association",SIOUX FALLS,SD,571XX,3511,9.25,V,48XXXX,97,1,N,UNKNOWN,7628.56,10000,HARTFORD,CT,1,Loan-82299,35
YAYOZ BULLYZ LLC,HIGHLAND,CA,92XXX,CORPORATION,"Wells Fargo Bank, National Association",SIOUX FALLS,SD,571XX,3511,9.75,V,45XXXX,97,1,N,UNKNOWN,4884.8,5000,SAN BERNARDINO,CA,1,Loan-82306,41
Boutique On Main LLC,XXXX,OH,43XXX,CORPORATION,The Huntington National Bank,COLUMBUS,OH,432XX,6560,5.25,V,44XXXX,36,0,Y,UNKNOWN,13049.78,17000,BELMONT,OH,1,Loan-82344,43
Krespin Enterprise Inc.,XXXX,NC,28XXX,CORPORATION,"United Midwest Savings Bank, National Association",DE GRAFF,OH,433XX,32441,6.0,V,23XXXX,98,0,Y,Y,135759.5,150000,CLEVELAND,NC,1,Loan-82431,43
KLR FHS LLC,WESTFIELD,NJ,70XXX,CORPORATION,Byline Bank,CHICAGO,IL,606XX,20624,6.0,V,44XXXX,89,1,Y,UNKNOWN,99462.6,100000,UNION,NJ,1,Loan-82587,43
BJP HAULING LLC,XXXX,MD,20XXX,CORPORATION,"TD Bank, National Association",WILMINGTON,DE,198XX,18409,9.75,V,48XXXX,120,1,N,UNKNOWN,0.0,20000,PRINCE GEORGES,MD,0,Loan-82619,27
Salon J LLC,WHEATON,IL,60XXX,CORPORATION,CIBM Bank,CHAMPAIGN,IL,618XX,11729,5.25,V,81XXXX,91,0,Y,Y,221405.07,234000,DUPAGE,IL,1,Loan-82762,43
PANGEA MOBILE INC,XXXX,FL,33XXX,CORPORATION,"Wells Fargo Bank, National Association",SIOUX FALLS,SD,571XX,3511,8.25,V,45XXXX,99,1,N,UNKNOWN,19750.0,20000,PALM BEACH,FL,1,Loan-82985,42
FLG Holdings Inc,GRAND BLANC,MI,48XXX,CORPORATION,The Huntington National Bank,COLUMBUS,OH,432XX,6560,5.25,V,72XXXX,84,0,Y,UNKNOWN,90719.65,100000,GENESEE,MI,1,Loan-83129,43
FLG Holdings Inc,Flint,MI,48XXX,CORPORATION,The Huntington National Bank,COLUMBUS,OH,432XX,6560,5.5,V,72XXXX,85,1,Y,UNKNOWN,36026.44,37000,GENESEE,MI,1,Loan-83130,43
JuiceHer LLC,XXXX,TX,78XXX,CORPORATION,Citizens Bank,ELIZABETHTON,TN,376XX,14851,6.0,V,72XXXX,95,0,N,Y,209885.72,279000,TRAVIS,TX,1,Loan-83180,43
MK MARVEL ENTERPRISES LLC,Chicago,IL,60XXX,CORPORATION,The Huntington National Bank,COLUMBUS,OH,432XX,6560,5.5,V,72XXXX,100,0,Y,Y,172718.92,283000,DUPAGE,IL,1,Loan-83204,42
PT Construction LLC,TOMS RIVER,NJ,87XXX,CORPORATION,"TD Bank, National Association",WILMINGTON,DE,198XX,18409,9.05,V,23XXXX,120,1,Y,UNKNOWN,0.0,50000,OCEAN,NJ,0,Loan-83238,36
Rory's Downtown LLC,Providence,RI,29XXX,CORPORATION,The Cape Cod Five Cents Savings Bank,HYANNIS,MA,260XX,23287,4.0,F,44XXXX,50,0,Y,UNKNOWN,520907.89,750000,PROVIDENCE,RI,1,Loan-83255,43
WINDREACH VETERINARY SERVICES,XXXX,OH,45XXX,CORPORATION,The Huntington National Bank,COLUMBUS,OH,432XX,6560,6.0,V,54XXXX,2,1,Y,UNKNOWN,48988.18,50000,CLARK,OH,1,Loan-83296,43
Inveniam Viam Holdings Inc.,SAINT CHARLES,MO,63XXX,CORPORATION,"United Midwest Savings Bank, National Association",DE GRAFF,OH,433XX,32441,6.0,V,23XXXX,89,0,Y,Y,78437.87,150000,SAINT CHARLES,MO,1,Loan-83389,43
KOOS SMOOTHIE SHOP LLC,HENDERSON,NV,89XXX,CORPORATION,"U.S. Bank, National Association",CINCINNATI,OH,452XX,6548,6.99,F,45XXXX,60,0,Y,UNKNOWN,21116.04,35000,CLARK,NV,1,Loan-83400,43
Within and Without Beauty Salo,SENECA,SC,29XXX,CORPORATION,"TD Bank, National Association",WILMINGTON,DE,198XX,18409,9.75,V,81XXXX,72,0,Y,UNKNOWN,0.0,15000,OCONEE,SC,0,Loan-83533,32
5BANDROYAL LLC,XXXX,FL,33XXX,CORPORATION,"Wells Fargo Bank, National Association",SIOUX FALLS,SD,571XX,3511,8.75,V,71XXXX,101,1,N,UNKNOWN,14850.63,15000,MIAMI-DADE,FL,1,Loan-83537,42
Automotive Solutions LLC,Lilburn,GA,30XXX,INDIVIDUAL,HomeTrust Bank,ASHEVILLE,NC,288XX,27677,4.75,V,81XXXX,240,0,N,UNKNOWN,0.0,521000,GWINNETT,GA,0,Loan-83554,39
Gypsy Trucking L.L.C.,Lorain,OH,44XXX,CORPORATION,The Huntington National Bank,COLUMBUS,OH,432XX,6560,5.25,V,48XXXX,97,0,Y,UNKNOWN,35605.45,100000,LORAIN,OH,1,Loan-83617,43
Illuminance Healthcare LLC,WALNUT,CA,91XXX,CORPORATION,"Wilmington Savings Fund Society, FSB",WILMINGTON,DE,198XX,17838,6.0,V,56XXXX,111,0,Y,Y,1337243.53,1380000,LOS ANGELES,CA,1,Loan-83631,41
JTPerry & Associates LLC,AUSTIN,TX,78XXX,CORPORATION,Regions Bank,BIRMINGHAM,AL,352XX,12368,5.44,V,31XXXX,87,0,Y,UNKNOWN,273999.45,311000,TRAVIS,TX,1,Loan-83647,43
ROOFTOP ROOFING OF CONNECTICUT,BRIDGEPORT,CT,66XXX,PARTNERSHIP,"TD Bank, National Association",WILMINGTON,DE,198XX,18409,9.05,V,23XXXX,101,1,Y,UNKNOWN,20000.0,25000,FAIRFIELD,CT,1,Loan-83723,42
ZANO'S TILE L L C,BLUFFDALE,UT,84XXX,CORPORATION,"U.S. Bank, National Association",CINCINNATI,OH,452XX,6548,6.0,V,23XXXX,51,1,Y,UNKNOWN,51163.39,51000,SALT LAKE,UT,1,Loan-83767,43
3volution Organics LLC,SANTA MARIA,CA,93XXX,CORPORATION,Cadence Bank,TUPELO,MS,388XX,11813,6.0,V,54XXXX,94,0,Y,Y,183122.76,200000,SANTA BARBARA,CA,1,Loan-83815,43
ALPHIE LOGISTICS LLC,RIVERSIDE,CA,92XXX,CORPORATION,"U.S. Bank, National Association",CINCINNATI,OH,452XX,6548,6.99,F,49XXXX,26,0,Y,UNKNOWN,15870.83,43200,RIVERSIDE,CA,1,Loan-83827,43
BRANTLEY'S ANIMAL HOUSE INC,XXXX,FL,33XXX,CORPORATION,"TD Bank, National Association",WILMINGTON,DE,198XX,18409,9.75,V,33XXXX,105,0,Y,UNKNOWN,24992.84,25000,HIGHLANDS,FL,1,Loan-83848,42
POP'S 'LLC',PUNTA GORDA,FL,33XXX,CORPORATION,"Readycap Lending, LLC",BERKELEY HEIGHTS,NJ,792XX,Readycap L-7922,6.0,V,72XXXX,93,0,Y,Y,215779.97,250000,CHARLOTTE,FL,1,Loan-83987,41
VIRGINIA FREIGHT INC,MIAMI,FL,33XXX,CORPORATION,"Wells Fargo Bank, National Association",SIOUX FALLS,SD,571XX,3511,9.25,V,48XXXX,81,1,N,UNKNOWN,5563.25,10000,MIAMI-DADE,FL,1,Loan-84040,42
5280 Insurance Group LLC,Arvada,CO,80XXX,CORPORATION,The Huntington National Bank,COLUMBUS,OH,432XX,6560,6.0,V,52XXXX,34,1,Y,UNKNOWN,34999.99,35000,JEFFERSON,CO,1,Loan-84061,43
KYLE HORN AUCTIONS,SANTEE,CA,92XXX,INDIVIDUAL,"U.S. Bank, National Association",CINCINNATI,OH,452XX,6548,7.75,V,42XXXX,84,1,Y,UNKNOWN,0.0,37500,SAN DIEGO,CA,0,Loan-84199,38
Monster Paving Inc,XXXX,PA,19XXX,CORPORATION,"TD Bank, National Association",WILMINGTON,DE,198XX,18409,7.75,V,23XXXX,120,1,Y,UNKNOWN,0.0,100000,MONTGOMERY,PA,0,Loan-84227,29
SAFFRON KOSHER INC.,MONSEY,NY,10XXX,CORPORATION,"TD Bank, National Association",WILMINGTON,DE,198XX,18409,9.75,V,72XXXX,47,0,Y,UNKNOWN,24234.0,25000,ROCKLAND,NY,1,Loan-84276,42
Tio Felix Restaurant LLC,PATERSON,NJ,75XXX,CORPORATION,"TD Bank, National Association",WILMINGTON,DE,198XX,18409,9.05,V,72XXXX,102,0,Y,UNKNOWN,24756.13,25000,PASSAIC,NJ,1,Loan-84323,42
Meade Holdings LLC,NAPLES,FL,34XXX,CORPORATION,First Internet Bank of Indiana,FISHERS,IN,460XX,34607,5.75,V,81XXXX,102,0,Y,Y,796746.67,832000,COLLIER,FL,1,Loan-84515,42
AIO TRANSPORT LLC,KISSIMMEE,FL,34XXX,CORPORATION,"Wells Fargo Bank, National Association",SIOUX FALLS,SD,571XX,3511,8.75,V,48XXXX,87,1,N,UNKNOWN,14778.84,15000,OSCEOLA,FL,1,Loan-84666,42
Cargo Transit Inc,XXXX,CA,95XXX,CORPORATION,"VelocitySBA, LLC",Costa Mesa,CA,926XX,VelocitySB-92626,6.0,V,48XXXX,96,0,Y,Y,200058.4,229000,SAN JOAQUIN,CA,1,Loan-84705,42
My Hero Dog Training LLC,Novi,MI,48XXX,CORPORATION,The Huntington National Bank,COLUMBUS,OH,432XX,6560,5.25,V,81XXXX,60,0,Y,UNKNOWN,0.0,35000,OAKLAND,MI,0,Loan-84831,36
FADRAGA GENERAL CONTRACTOR,ALBUQUERQUE,NM,87XXX,INDIVIDUAL,"U.S. Bank, National Association",CINCINNATI,OH,452XX,6548,8.75,V,23XXXX,61,1,N,UNKNOWN,23275.6,23300,BERNALILLO,NM,1,Loan-85035,43
Frost Giant LLC,EAST LANSING,MI,48XXX,CORPORATION,The Huntington National Bank,COLUMBUS,OH,432XX,6560,5.25,V,72XXXX,106,0,Y,UNKNOWN,54252.07,56000,INGHAM,MI,1,Loan-85053,43
NEW TO YOU AUTO SALES LLC,HAPPY VALLEY,OR,97XXX,CORPORATION,"Wells Fargo Bank, National Association",SIOUX FALLS,SD,571XX,3511,9.75,V,44XXXX,111,1,N,UNKNOWN,14465.48,15000,CLACKAMAS,OR,1,Loan-85483,42
Tree of Life Family Chirroprac,DAYTONA BEACH,FL,32XXX,CORPORATION,"United Midwest Savings Bank, National Association",DE GRAFF,OH,433XX,32441,6.0,V,62XXXX,106,0,Y,Y,206918.87,220000,VOLUSIA,FL,1,Loan-85569,43
Elevated by JC LLC,Fishers,IN,46XXX,CORPORATION,The Huntington National Bank,COLUMBUS,OH,432XX,6560,5.5,V,81XXXX,26,0,Y,UNKNOWN,17497.25,17500,HAMILTON,IN,1,Loan-85693,43
Elevated by JC LLC,Fishers,IN,46XXX,CORPORATION,The Huntington National Bank,COLUMBUS,OH,432XX,6560,5.25,V,81XXXX,26,0,Y,UNKNOWN,18973.17,20000,HAMILTON,IN,1,Loan-85694,43
FERSAT INTERNATIONAL TRADE IN,PLANO,TX,75XXX,CORPORATION,Texas Capital Bank,DALLAS,TX,752XX,34383,6.0,V,33XXXX,108,0,Y,Y,1589218.72,2347000,COLLIN,TX,1,Loan-85702,42
Tyeesha A Barrett,Los Angeles,CA,90XXX,INDIVIDUAL,CDC Small Business Finance Corp.,San Diego,CA,921XX,CDC Small -92106,7.75,V,45XXXX,80,0,Y,UNKNOWN,93636.14,106000,LOS ANGELES,CA,1,Loan-85905,43
A. P. Eberlein Co. Inc.,LONGMONT,CO,80XXX,CORPORATION,Live Oak Banking Company,WILMINGTON,NC,284XX,58665,5.5,V,23XXXX,97,1,Y,UNKNOWN,298582.1,300000,WELD,CO,1,Loan-85942,42
Good Trouble Partners LLC,WALNUT CREEK,CA,94XXX,CORPORATION,Live Oak Banking Company,WILMINGTON,NC,284XX,58665,5.75,V,62XXXX,98,0,Y,Y,617052.1,635000,CONTRA COSTA,CA,1,Loan-86049,41
GTB TRANSPORT,BAKERSFIELD,CA,93XXX,INDIVIDUAL,"Wells Fargo Bank, National Association",SIOUX FALLS,SD,571XX,3511,8.25,V,48XXXX,93,1,N,UNKNOWN,4812.07,5000,KERN,CA,1,Loan-86054,34
EW SERVICE INC,MIAMI BEACH,FL,33XXX,CORPORATION,"TD Bank, National Association",WILMINGTON,DE,198XX,18409,9.05,V,56XXXX,105,1,Y,UNKNOWN,24915.13,25000,MIAMI-DADE,FL,1,Loan-86324,42
Freedom Aero LLC,BROOMFIELD,CO,80XXX,PARTNERSHIP,FMS Bank,XXXX,CO,807XX,23764,5.25,V,33XXXX,101,0,Y,Y,414834.82,600000,BROOMFIELD,CO,1,Loan-86335,40
Sheridan Hotel,BRONX,NY,10XXX,CORPORATION,"Readycap Lending, LLC",BERKELEY HEIGHTS,NJ,792XX,Readycap L-7922,4.5,V,72XXXX,300,0,Y,Y,0.0,4500000,BRONX,NY,0,Loan-86475,38
MANYTONEZ LLC,SAINT PETERSBURG,FL,33XXX,CORPORATION,"TD Bank, National Association",WILMINGTON,DE,198XX,18409,9.05,V,45XXXX,87,1,Y,UNKNOWN,9904.76,10000,PINELLAS,FL,1,Loan-86695,42
Olive HB Inc.,HUNTINGTON BEACH,CA,92XXX,CORPORATION,"U.S. Bank, National Association",CINCINNATI,OH,452XX,6548,5.25,V,56XXXX,95,0,Y,UNKNOWN,400620.32,552500,ORANGE,CA,1,Loan-86736,41
WHITELEAF ENERGY SYSTEMS INC,FALMOUTH,MA,25XXX,CORPORATION,Eastern Bank,Boston,MA,211XX,32773,6.74,F,33XXXX,40,0,Y,UNKNOWN,39968.83,50000,BARNSTABLE,MA,1,Loan-86815,42
614 Fully Loaded LLC,Grove City,OH,43XXX,CORPORATION,The Huntington National Bank,COLUMBUS,OH,432XX,6560,5.25,V,72XXXX,60,0,Y,UNKNOWN,0.0,16900,FRANKLIN,OH,0,Loan-86855,39
JCM RIDERS LLC,JONESBORO,GA,30XXX,INDIVIDUAL,"Wells Fargo Bank, National Association",SIOUX FALLS,SD,571XX,3511,9.75,V,48XXXX,86,1,N,UNKNOWN,10677.48,15000,CLAYTON,GA,1,Loan-87255,41
T&A Trucking and Logistics LLC,PHILADELPHIA,PA,19XXX,CORPORATION,"TD Bank, National Association",WILMINGTON,DE,198XX,18409,9.75,V,48XXXX,46,1,Y,UNKNOWN,15000.0,15000,PHILADELPHIA,PA,1,Loan-87364,42
TC HAIDER GROUP INC,BECKER,MN,55XXX,CORPORATION,BankVista,SARTELL,MN,563XX,35406,5.0,V,49XXXX,103,0,Y,UNKNOWN,816477.6,926300,SHERBURNE,MN,1,Loan-87367,42
THE ROOFING GUY LLC,THORNTON,CO,80XXX,CORPORATION,"U.S. Bank, National Association",CINCINNATI,OH,452XX,6548,7.75,V,23XXXX,50,1,Y,UNKNOWN,28480.83,30000,ADAMS,CO,1,Loan-87377,42
Tripal Transport Ltd,SOLON,OH,44XXX,CORPORATION,The Huntington National Bank,COLUMBUS,OH,432XX,6560,5.25,V,48XXXX,44,0,Y,UNKNOWN,5250.63,46100,CUYAHOGA,OH,1,Loan-87381,42
Tripal Transport Ltd,Solon,OH,44XXX,CORPORATION,The Huntington National Bank,COLUMBUS,OH,432XX,6560,5.25,V,48XXXX,81,0,Y,UNKNOWN,19085.28,20000,CUYAHOGA,OH,1,Loan-87382,42
GAME TOWER LLC,NORTHRIDGE,CA,91XXX,CORPORATION,"U.S. Bank, National Association",CINCINNATI,OH,452XX,6548,6.99,F,45XXXX,60,0,Y,UNKNOWN,0.0,30000,LOS ANGELES,CA,0,Loan-87533,29
Ohio Hardscapes LLC,Painesville,OH,44XXX,CORPORATION,The Huntington National Bank,COLUMBUS,OH,432XX,6560,5.5,V,54XXXX,24,1,Y,UNKNOWN,11260.07,14000,LAKE,OH,1,Loan-87638,42
The Butchers & Bakers LLC,BRUNSWICK,ME,40XXX,CORPORATION,Machias Savings Bank,MACHIAS,ME,465XX,19531,2.5,F,44XXXX,55,0,Y,UNKNOWN,602181.78,718500,CUMBERLAND,ME,1,Loan-87713,42
A1 Septic Worx LLC,XXXX,FL,32XXX,CORPORATION,First Chatham Bank,SAVANNAH,GA,314XX,57252,6.0,V,56XXXX,120,0,Y,Y,0.0,1073000,BAY,FL,0,Loan-88191,26
L.A. BEAUTY SUPPLY LLC,TEMPLE,TX,76XXX,CORPORATION,"Wells Fargo Bank, National Association",SIOUX FALLS,SD,571XX,3511,9.25,V,44XXXX,87,1,N,UNKNOWN,4787.06,5000,BELL,TX,1,Loan-88350,42
Major Power LLC,LAS VEGAS,NV,89XXX,CORPORATION,Byline Bank,CHICAGO,IL,606XX,20624,6.0,V,44XXXX,105,0,Y,Y,1025760.08,1165000,CLARK,NV,1,Loan-88361,42
Akinpelumi Akinrolabu,BROWNSBURG,IN,46XXX,INDIVIDUAL,The Huntington National Bank,COLUMBUS,OH,432XX,6560,5.25,V,48XXXX,48,0,Y,UNKNOWN,30460.86,46400,HENDRICKS,IN,1,Loan-88519,42
New Path Trucking LLC,MINNEAPOLIS,MN,55XXX,CORPORATION,Granite Bank,Cold Spring,MN,563XX,5116,7.0,F,48XXXX,36,0,Y,UNKNOWN,0.0,52000,HENNEPIN,MN,0,Loan-88728,27
rei-build llc,SPRING VALLEY,NY,10XXX,CORPORATION,Manufacturers and Traders Trust Company,BUFFALO,NY,142XX,588,9.75,V,23XXXX,102,0,N,UNKNOWN,0.0,50000,ROCKLAND,NY,0,Loan-88779,36
AXEL Provisions LLC ,Houston,TX,77XXX,CORPORATION,Wallis Bank,WALLIS,TX,774XX,20845,5.25,V,31XXXX,65,0,Y,UNKNOWN,50000.0,50000,HARRIS,TX,1,Loan-88900,42
JOHN JOSEPH GRIFFIN CPA P.C.,CHICAGO,IL,60XXX,CORPORATION,"Readycap Lending, LLC",BERKELEY HEIGHTS,NJ,792XX,Readycap L-7922,6.0,V,54XXXX,120,0,N,Y,0.0,90000,COOK,IL,0,Loan-89053,20
Fourth of Five LLC,COLUMBIA,MO,65XXX,CORPORATION,The Callaway Bank,FULTON,MO,652XX,12223,5.25,V,56XXXX,120,0,Y,UNKNOWN,0.0,295000,BOONE,MO,0,Loan-89358,40
TIGER BEAR FARMS LLC,LARGO,FL,33XXX,CORPORATION,"Wells Fargo Bank, National Association",SIOUX FALLS,SD,571XX,3511,9.75,V,11XXXX,87,1,N,UNKNOWN,3989.77,5000,PINELLAS,FL,1,Loan-89580,41
DR JOHN D MOZENA DPM PC,HAPPY VALLEY,OR,97XXX,CORPORATION,Umpqua Bank,Lake Oswego,OR,970XX,17266,5.5,V,62XXXX,120,0,Y,Y,0.0,1372900,CLACKAMAS,OR,1,Loan-89700,38
MAX TRUCK LINES LLC,PEMBROKE PINES,FL,33XXX,CORPORATION,"TD Bank, National Association",WILMINGTON,DE,198XX,18409,9.75,V,48XXXX,103,0,Y,UNKNOWN,24976.2,25000,BROWARD,FL,1,Loan-89812,42
PLANET PNP LLC,LAS VEGAS,NV,89XXX,CORPORATION,Bank of Hope,LOS ANGELES,CA,900XX,26610,5.25,V,45XXXX,75,0,Y,Y,293088.35,350000,CLARK,NV,1,Loan-89848,42
Pomegranate Kids Universe Scho,LAKE FOREST,CA,92XXX,CORPORATION,CDC Small Business Finance Corp.,San Diego,CA,921XX,CDC Small -92106,7.25,V,61XXXX,120,0,Y,Y,0.0,216000,ORANGE,CA,0,Loan-89852,34
SUNSHINE HOME BUILDERS,SAN DIEGO,CA,92XXX,INDIVIDUAL,"U.S. Bank, National Association",CINCINNATI,OH,452XX,6548,6.75,V,23XXXX,44,1,Y,UNKNOWN,39964.61,40000,SAN DIEGO,CA,1,Loan-89916,41
Videsh Jewelry Corp,SOUTH RICHMOND HILL,NY,11XXX,CORPORATION,"TD Bank, National Association",WILMINGTON,DE,198XX,18409,9.75,V,44XXXX,54,0,Y,UNKNOWN,24928.69,25000,QUEENS,NY,1,Loan-89953,42
High Touch Group Inc,Portland,ME,41XXX,PARTNERSHIP,"Readycap Lending, LLC",BERKELEY HEIGHTS,NJ,792XX,Readycap L-7922,6.0,V,54XXXX,90,0,Y,Y,133727.41,150000,CUMBERLAND,ME,1,Loan-89990,41
JUNCTION BIKE COMPANY LLC,APACHE JUNCTION,AZ,85XXX,CORPORATION,Celtic Bank Corporation,SALT LAKE CITY,UT,841XX,57056,6.0,V,45XXXX,119,0,Y,Y,0.0,465300,MARICOPA,AZ,0,Loan-90025,35
Northern Lakes Data Corp,EDEN PRAIRIE,MN,55XXX,CORPORATION,BayFirst National Bank,Saint Petersburg,FL,337XX,34997,6.0,V,54XXXX,92,0,Y,Y,266843.77,250000,HENNEPIN,MN,1,Loan-90245,41
Reids BBQ LLC,SHELTON,CT,64XXX,CORPORATION,Liberty Bank,MIDDLETOWN,CT,645XX,17943,6.75,V,72XXXX,83,1,N,UNKNOWN,49999.97,50000,        ,CT,1,Loan-90279,42
AMP TRANSPORT SERVICES LLC,GILBERT,AZ,85XXX,CORPORATION,"Wells Fargo Bank, National Association",SIOUX FALLS,SD,571XX,3511,9.75,V,48XXXX,90,1,N,UNKNOWN,7242.34,7500,MARICOPA,AZ,1,Loan-90378,42
CA Solar Brokers LLC,WALNUT CREEK,CA,94XXX,CORPORATION,"U.S. Bank, National Association",CINCINNATI,OH,452XX,6548,5.25,V,23XXXX,88,0,Y,UNKNOWN,1075954.18,1179000,SAN DIEGO,CA,1,Loan-90428,41
CEO Consulting Corp.,BROOKLYN,NY,11XXX,CORPORATION,"TD Bank, National Association",WILMINGTON,DE,198XX,18409,7.05,V,45XXXX,120,1,Y,UNKNOWN,0.0,100000,KINGS,NY,0,Loan-90441,36
Chicago Empanada Mama LLC,Chicago,IL,60XXX,CORPORATION,The Huntington National Bank,COLUMBUS,OH,432XX,6560,5.25,V,72XXXX,22,0,Y,UNKNOWN,49979.87,50000,COOK,IL,1,Loan-90448,42
EZ CUT TOOL LLC,NEW HAVEN,IN,46XXX,CORPORATION,1st Source Bank,SOUTH BEND,IN,466XX,9087,5.0,V,33XXXX,103,0,Y,UNKNOWN,0.0,150000,ALLEN,IN,0,Loan-90499,27
KLS Fitness LLC,San Diego,CA,92XXX,CORPORATION,CDC Small Business Finance Corp.,San Diego,CA,921XX,CDC Small -92106,6.5,V,71XXXX,89,0,Y,Y,106158.55,120000,SAN DIEGO,CA,1,Loan-90569,42
SMARTBAGZ LLC,XXXX,NJ,80XXX,CORPORATION,"TD Bank, National Association",WILMINGTON,DE,198XX,18409,7.05,V,45XXXX,120,1,Y,UNKNOWN,0.0,100000,GLOUCESTER,NJ,0,Loan-90698,29
derrick inabinett,JACKSONVILLE,FL,32XXX,INDIVIDUAL,"TD Bank, National Association",WILMINGTON,DE,198XX,18409,9.75,V,48XXXX,91,1,Y,UNKNOWN,15000.0,15000,DUVAL,FL,1,Loan-90895,42
Evans Auto LLC,BRADENTON,FL,34XXX,CORPORATION,First Internet Bank of Indiana,FISHERS,IN,460XX,34607,6.0,V,81XXXX,91,0,Y,Y,283661.11,315000,MANATEE,FL,1,Loan-90921,41
LEVEL15 HAULING LLC,LAS VEGAS,NV,89XXX,CORPORATION,"Wells Fargo Bank, National Association",SIOUX FALLS,SD,571XX,3511,9.25,V,48XXXX,101,1,N,UNKNOWN,0.0,10000,CLARK,NV,0,Loan-91029,31
ALLEN BODNER LLC,NEW YORK,NY,11XXX,CORPORATION,BayFirst National Bank,Saint Petersburg,FL,337XX,34997,6.0,V,54XXXX,108,0,Y,Y,94183.8,100000,NEW YORK,NY,1,Loan-91267,41
GFITMPLS LLC,MINNEAPOLIS,MN,55XXX,CORPORATION,Woodlands National Bank,HINCKLEY,MN,550XX,1417,5.25,F,71XXXX,42,0,Y,UNKNOWN,92332.98,224600,HENNEPIN,MN,1,Loan-91433,42
Pit Stop Pub LLC,Kent,OH,44XXX,CORPORATION,The Huntington National Bank,COLUMBUS,OH,432XX,6560,5.25,V,72XXXX,86,0,Y,UNKNOWN,48718.56,51300,PORTAGE,OH,1,Loan-91622,42
Pit Stop Pub LLC,Kent,OH,44XXX,CORPORATION,The Huntington National Bank,COLUMBUS,OH,432XX,6560,5.5,V,72XXXX,86,1,Y,UNKNOWN,5949.24,6000,PORTAGE,OH,1,Loan-91623,42
ROOSTER TRUCKING LLC,SAINT PETERSBURG,FL,33XXX,CORPORATION,"JPMorgan Chase Bank, National Association",COLUMBUS,OH,432XX,628,9.58,V,48XXXX,103,1,Y,UNKNOWN,19794.33,20000,PINELLAS,FL,1,Loan-91653,42
Revive Physical Therapy LLC,COLUMBUS,MS,39XXX,CORPORATION,BankFirst Financial Services,COLUMBUS,MS,397XX,8870,6.0,V,62XXXX,113,0,Y,Y,105440.04,105800,LOWNDES,MS,1,Loan-92242,41
Bulk Beef Jerky LLC,JOHNSON CITY,TX,78XXX,CORPORATION,First National Bank Texas,Killeen,TX,765XX,3285,4.75,V,31XXXX,206,0,Y,UNKNOWN,94636.87,990000,BLANCO,TX,1,Loan-92422,42
Helmsman Consulting LLC,XXXX,MA,15XXX,CORPORATION,Webster Five Cents Savings Bank,WEBSTER,MA,157XX,90297,2.99,F,23XXXX,86,1,Y,UNKNOWN,196953.3,200000,WORCESTER,MA,1,Loan-92567,42
STEVEN HADLEY dba STEVE HADLEY,XXXX,MA,19XXX,INDIVIDUAL,Eastern Bank,Boston,MA,211XX,32773,5.99,F,23XXXX,45,0,Y,UNKNOWN,19690.97,25000,ESSEX,MA,1,Loan-92863,42
Bay Area Bottles LLC,Santa Cruz,CA,95XXX,CORPORATION,CDC Small Business Finance Corp.,San Diego,CA,921XX,CDC Small -92106,8.0,V,45XXXX,72,0,Y,Y,0.0,25000,SANTA CRUZ,CA,0,Loan-93022,26
Crown & Company LLC,Gainesville,FL,32XXX,CORPORATION,Dogwood State Bank,RALEIGH,NC,276XX,57095,6.0,V,56XXXX,102,0,Y,Y,547788.59,661300,ALACHUA,FL,1,Loan-93073,39
Mission Freedom LLC,MOUNT PLEASANT,TN,38XXX,CORPORATION,Byline Bank,CHICAGO,IL,606XX,20624,6.0,V,31XXXX,97,0,Y,Y,553913.19,727000,MAURY,TN,1,Loan-93281,42
Manal N Masri,Pacific Grove,CA,93XXX,INDIVIDUAL,CDC Small Business Finance Corp.,San Diego,CA,921XX,CDC Small -92106,6.5,V,61XXXX,49,0,Y,Y,39960.23,50000,MONTEREY,CA,1,Loan-93651,42
Mast Design LLC,CONCORD,MA,17XXX,CORPORATION,"TD Bank, National Association",WILMINGTON,DE,198XX,18409,9.75,V,54XXXX,93,0,N,UNKNOWN,8925.0,9000,MIDDLESEX,MA,1,Loan-93652,42
Patriot Glass & Service Inc,Burlington,MA,18XXX,CORPORATION,Northern Bank and Trust Company,WOBURN,MA,180XX,18266,6.0,V,23XXXX,98,0,Y,Y,284231.04,315000,MIDDLESEX,MA,1,Loan-93690,41
CELL FIX EXPERT LLC,FORT LAUDERDALE,FL,33XXX,CORPORATION,"TD Bank, National Association",WILMINGTON,DE,198XX,18409,7.75,V,81XXXX,120,1,Y,UNKNOWN,0.0,100000,BROWARD,FL,0,Loan-93870,35
CEPERO SULIMAN LLC,MIAMI,FL,33XXX,CORPORATION,"TD Bank, National Association",WILMINGTON,DE,198XX,18409,9.75,V,54XXXX,99,1,Y,UNKNOWN,23544.01,25000,MIAMI-DADE,FL,1,Loan-93872,42
D HOLLINGSWORTH TRUCKING LLC,DENHAM SPRINGS,LA,70XXX,CORPORATION,Essential Credit Union,BATON ROUGE,LA,708XX,Essential -70806,5.25,F,48XXXX,24,0,Y,UNKNOWN,37659.53,77000,ASCENSION,LA,1,Loan-93892,42
Colonial Plaza Liquor & Wine L,XXXX,NY,13XXX,CORPORATION,Manufacturers and Traders Trust Company,BUFFALO,NY,142XX,588,6.5,V,44XXXX,42,0,Y,UNKNOWN,65972.71,90000,BROOME,NY,1,Loan-94175,41
ANYTIME COURIER LLC,WOODSTOCK,GA,30XXX,CORPORATION,"Wells Fargo Bank, National Association",SIOUX FALLS,SD,571XX,3511,9.75,V,49XXXX,103,1,N,UNKNOWN,9902.45,10000,CHEROKEE,GA,1,Loan-94251,40
D & DS Logistics LLC,Indianapolis,IN,46XXX,CORPORATION,The Huntington National Bank,COLUMBUS,OH,432XX,6560,5.25,V,48XXXX,60,0,Y,UNKNOWN,27937.27,32800,MARION,IN,1,Loan-94437,40
H AND D SUPPLY CO.,XXXX,IL,60XXX,CORPORATION,The Huntington National Bank,COLUMBUS,OH,432XX,6560,5.5,V,23XXXX,108,1,N,UNKNOWN,116425.9,120000,COOK,IL,1,Loan-94453,40
LAKE VIEW DELIVERY INC.,MINNEAPOLIS,MN,55XXX,CORPORATION,BankVista,SARTELL,MN,563XX,35406,5.5,V,49XXXX,92,1,Y,UNKNOWN,149900.0,150000,HENNEPIN,MN,1,Loan-94460,41
77 Electrical Services,CARLSBAD,CA,92XXX,INDIVIDUAL,"U.S. Bank, National Association",CINCINNATI,OH,452XX,6548,7.75,V,23XXXX,84,1,N,UNKNOWN,0.0,12400,SAN DIEGO,CA,0,Loan-94495,37
GIVE FINANCING LLC,DENVER,CO,80XXX,CORPORATION,Cadence Bank,TUPELO,MS,388XX,11813,6.0,V,52XXXX,84,0,Y,Y,129459.76,150000,DENVER,CO,1,Loan-94541,41
Lamb Family Holdings LLC,XXXX,OR,97XXX,CORPORATION,KeyBank National Association,CLEVELAND,OH,441XX,17534,6.0,V,81XXXX,109,0,Y,Y,388418.57,476400,JOSEPHINE,OR,1,Loan-94564,41
R&G PROPERTY GROUP LLC,CHICAGO,IL,60XXX,CORPORATION,"U.S. Bank, National Association",CINCINNATI,OH,452XX,6548,4.74,F,53XXXX,0,0,Y,UNKNOWN,30094.99,50000,COOK,IL,1,Loan-94592,41
VEGAS KNIGHTS,LAS VEGAS,NV,89XXX,CORPORATION,"Wells Fargo Bank, National Association",SIOUX FALLS,SD,571XX,3511,9.75,V,49XXXX,101,1,N,UNKNOWN,9881.67,10000,CLARK,NV,1,Loan-94636,40
H2Owners LLC,WATERLOO,WI,53XXX,CORPORATION,Bank of Sun Prairie,SUN PRAIRIE,WI,535XX,13565,5.25,V,33XXXX,39,1,Y,UNKNOWN,50000.0,50000,JEFFERSON,WI,1,Loan-94678,37
Kings Highway LLC,Johnson City,TN,37XXX,CORPORATION,Bank of Tennessee,XXXX,TN,376XX,21573,6.0,V,72XXXX,86,0,Y,UNKNOWN,267999.87,304400,WASHINGTON,TN,1,Loan-94689,41
RLSM80 LLC,MIAMI,FL,33XXX,CORPORATION,"TD Bank, National Association",WILMINGTON,DE,198XX,18409,6.5,V,42XXXX,104,1,N,UNKNOWN,24184.57,25000,MIAMI-DADE,FL,1,Loan-94932,41
Zaylins World Transportation L,PHILADELPHIA,PA,19XXX,CORPORATION,"TD Bank, National Association",WILMINGTON,DE,198XX,18409,9.75,F,48XXXX,111,0,N,UNKNOWN,23998.43,25000,PHILADELPHIA,PA,1,Loan-94958,41
BEST CAR DEAL CORP,MIAMI,FL,33XXX,CORPORATION,"Wells Fargo Bank, National Association",SIOUX FALLS,SD,571XX,3511,9.25,V,44XXXX,85,1,N,UNKNOWN,4809.72,5000,MIAMI-DADE,FL,1,Loan-94980,40
WAHEGURU5 LLC,LEANDER,TX,78XXX,CORPORATION,"Wells Fargo Bank, National Association",SIOUX FALLS,SD,571XX,3511,9.25,V,72XXXX,91,1,N,UNKNOWN,9999.04,10000,WILLIAMSON,TX,1,Loan-95064,40
Evy's Tree,SANTA ROSA,CA,95XXX,CORPORATION,Redwood CU,SANTA ROSA,CA,954XX,Redwood CU-95403,5.75,V,44XXXX,95,0,Y,UNKNOWN,784056.09,800000,SONOMA,CA,1,Loan-95098,41
Ordonez Enterprises LLC,COLUMBUS,OH,43XXX,CORPORATION,BayFirst National Bank,Saint Petersburg,FL,337XX,34997,6.0,V,44XXXX,98,0,Y,Y,121626.0,135000,FRANKLIN,OH,1,Loan-95128,41
Breaking 100 LLC,EL PASO,TX,79XXX,CORPORATION,GECU,XXXX,TX,799XX,GECU-79925,6.25,F,71XXXX,60,0,N,UNKNOWN,0.0,150000,EL PASO,TX,0,Loan-95175,26
Curant Health Group Inc.,Houston,TX,77XXX,CORPORATION,"MVB Bank, Inc.",FAIRMONT,WV,265XX,34603,6.0,V,62XXXX,91,0,Y,Y,2490342.86,2935000,HARRIS,TX,1,Loan-95190,41
JABELLAC CORPORATION,AUSTIN,TX,78XXX,CORPORATION,"Wells Fargo Bank, National Association",SIOUX FALLS,SD,571XX,3511,4.4,V,45XXXX,36,0,Y,UNKNOWN,0.0,50000,TRAVIS,TX,0,Loan-95212,38
GROUP SIX PARTNERS LLC,HENDERSON,NV,89XXX,CORPORATION,"U.S. Bank, National Association",CINCINNATI,OH,452XX,6548,4.74,F,54XXXX,12,0,Y,UNKNOWN,12537.66,20000,CLARK,NV,1,Loan-95300,41
Solovision Optical Inc.,HIALEAH,FL,33XXX,CORPORATION,"JPMorgan Chase Bank, National Association",COLUMBUS,OH,432XX,628,6.7,F,42XXXX,61,0,Y,UNKNOWN,130691.38,151000,MIAMI-DADE,FL,1,Loan-95343,41
CML Auto LLC,JAMAICA,NY,11XXX,CORPORATION,"TD Bank, National Association",WILMINGTON,DE,198XX,18409,9.75,V,81XXXX,1,1,Y,UNKNOWN,24948.65,25000,QUEENS,NY,1,Loan-95381,41
NxTSTOP Inc.,Dallas,TX,75XXX,CORPORATION,"MVB Bank, Inc.",FAIRMONT,WV,265XX,34603,6.0,V,44XXXX,103,0,Y,Y,948112.05,1027000,DALLAS,TX,1,Loan-95427,41
Pirzada Ali Incorporated,XXXX,NY,11XXX,CORPORATION,"MVB Bank, Inc.",FAIRMONT,WV,265XX,34603,6.0,V,52XXXX,105,0,Y,Y,442020.08,1034900,NASSAU,NY,1,Loan-95435,41
The Dry Mill LLC,XXXX,OH,43XXX,CORPORATION,The Huntington National Bank,COLUMBUS,OH,432XX,6560,6.0,V,72XXXX,103,0,Y,Y,77454.15,100000,FRANKLIN,OH,1,Loan-95459,41
THROUGH THE FOREST COUNSELING,CAMBRIDGE,MA,21XXX,CORPORATION,BayFirst National Bank,Saint Petersburg,FL,337XX,34997,6.0,V,62XXXX,107,0,Y,Y,235825.84,250000,MIDDLESEX,MA,1,Loan-95465,41
Gentle Hands Healthcare Soluti,Cincinnati,OH,45XXX,CORPORATION,The Huntington National Bank,COLUMBUS,OH,432XX,6560,5.45,V,62XXXX,81,1,N,UNKNOWN,10126.98,10000,HAMILTON,OH,1,Loan-95524,41
MPI Enterprises LLC,CHESAPEAKE,VA,23XXX,CORPORATION,"United Midwest Savings Bank, National Association",DE GRAFF,OH,433XX,32441,6.0,V,23XXXX,97,0,Y,Y,134390.65,150000,CHESAPEAKE CITY,VA,1,Loan-95560,41
John Evans and Sunny S. Evans,XXXX,CA,92XXX,INDIVIDUAL,Enterprise Bank & Trust,CLAYTON,MO,631XX,27237,5.5,V,81XXXX,263,0,N,UNKNOWN,125892.05,367600,SAN BERNARDINO,CA,1,Loan-95678,41
Beem Beauty LLC,Medford,OR,97XXX,CORPORATION,CDC Small Business Finance Corp.,San Diego,CA,921XX,CDC Small -92106,6.5,V,45XXXX,81,0,Y,Y,0.0,50000,JACKSON,OR,1,Loan-95773,41
Samir Becirovic,Niles,IL,60XXX,INDIVIDUAL,The Huntington National Bank,COLUMBUS,OH,432XX,6560,5.25,V,48XXXX,86,1,Y,UNKNOWN,24999.3,25000,COOK,IL,1,Loan-95844,41
Wilson Directional Drilling L,PRINCETON,MO,64XXX,CORPORATION,"U.S. Bank, National Association",CINCINNATI,OH,452XX,6548,6.99,F,23XXXX,31,0,Y,UNKNOWN,8277.81,10000,MERCER,MO,1,Loan-95871,41
Craftsmen of Integrity,XXXX,WI,53XXX,CORPORATION,"United Midwest Savings Bank, National Association",DE GRAFF,OH,433XX,32441,6.0,V,56XXXX,106,0,Y,Y,142684.07,150000,FOND DU LAC,WI,1,Loan-95904,41
Atlantic Big Fish LLC,ALLENTOWN,PA,18XXX,CORPORATION,"TD Bank, National Association",WILMINGTON,DE,198XX,18409,9.75,V,54XXXX,92,1,Y,UNKNOWN,8688.36,9000,LEHIGH,PA,1,Loan-96014,41
Red Sherpa LLC,XXXX,NC,28XXX,CORPORATION,"United Midwest Savings Bank, National Association",DE GRAFF,OH,433XX,32441,6.0,V,44XXXX,107,0,Y,Y,56965.23,150000,BUNCOMBE,NC,1,Loan-96091,41
Sunmax Tan and Wellness LLC,XXXX,MO,64XXX,CORPORATION,Community Bank and Trust,XXXX,MO,648XX,13068,6.0,F,81XXXX,99,0,Y,UNKNOWN,66809.49,90000,NEWTON,MO,1,Loan-96112,40
KORCA INC.,LOS ANGELES,CA,90XXX,CORPORATION,"JPMorgan Chase Bank, National Association",COLUMBUS,OH,432XX,628,4.65,V,42XXXX,101,1,Y,UNKNOWN,205079.8,200000,LOS ANGELES,CA,1,Loan-96185,41
PARCEL PLUS LLC,XXXX,CA,93XXX,CORPORATION,"Wells Fargo Bank, National Association",SIOUX FALLS,SD,571XX,3511,8.75,V,49XXXX,97,1,N,UNKNOWN,9782.11,10000,KERN,CA,1,Loan-96300,40
SHAVEND LLC,PHOENIX,AZ,85XXX,CORPORATION,"Wells Fargo Bank, National Association",SIOUX FALLS,SD,571XX,3511,9.75,V,53XXXX,103,1,N,UNKNOWN,4815.92,5000,MARICOPA,AZ,1,Loan-96310,40
ZENITH FINANCIAL & INSURANCE S,SANTA ANA,CA,92XXX,CORPORATION,"Readycap Lending, LLC",BERKELEY HEIGHTS,NJ,792XX,Readycap L-7922,5.5,V,52XXXX,98,0,Y,Y,312978.4,350000,ORANGE,CA,1,Loan-96325,41
Delta Tango Three LLC dba Pap,MILWAUKEE,WI,53XXX,CORPORATION,Western State Bank,DEVILS LAKE,ND,583XX,9123,6.0,V,72XXXX,104,0,Y,Y,304172.31,327000,MILWAUKEE,WI,1,Loan-96364,39
IBOSS VENTURES LLC,TAMPA,FL,33XXX,CORPORATION,Cadence Bank,TUPELO,MS,388XX,11813,6.0,V,54XXXX,89,0,Y,Y,245254.95,270000,HILLSBOROUGH,FL,1,Loan-96392,39
Labbato Fite LLC,Cortland,OH,44XXX,CORPORATION,The Huntington National Bank,COLUMBUS,OH,432XX,6560,6.0,V,72XXXX,84,0,N,Y,200441.83,222200,TRUMBULL,OH,1,Loan-96408,40
PBC Family LLC,PLYMOUTH,MN,55XXX,CORPORATION,"United Midwest Savings Bank, National Association",DE GRAFF,OH,433XX,32441,6.0,V,23XXXX,102,0,Y,Y,137499.15,150000,HENNEPIN,MN,1,Loan-96425,40
Rebecca J Thanel dba The Coffe,XXXX,MN,56XXX,INDIVIDUAL,"U.S. Bank, National Association",CINCINNATI,OH,452XX,6548,5.49,F,72XXXX,41,0,Y,UNKNOWN,28366.45,30000,OTTER TAIL,MN,1,Loan-96434,40
Ash Consulting Services,BROOKLYN,NY,11XXX,CORPORATION,Manufacturers and Traders Trust Company,BUFFALO,NY,142XX,588,9.75,V,54XXXX,39,0,N,UNKNOWN,24997.5,25000,KINGS,NY,1,Loan-96480,40
Northern Colorado Bounce House,XXXX,CO,80XXX,CORPORATION,KeyBank National Association,CLEVELAND,OH,441XX,17534,6.09,V,53XXXX,90,1,N,UNKNOWN,20067.83,20000,WELD,CO,1,Loan-96567,40
ON TIME TRANSPORT AND DELIVERY,WARNER ROBINS,GA,31XXX,CORPORATION,"Wells Fargo Bank, National Association",SIOUX FALLS,SD,571XX,3511,9.25,V,48XXXX,102,1,N,UNKNOWN,9972.22,10000,HOUSTON,GA,1,Loan-96872,40
Freedom Surface Blasting LLC,XXXX,RI,28XXX,CORPORATION,"TD Bank, National Association",WILMINGTON,DE,198XX,18409,7.75,V,33XXXX,53,0,Y,UNKNOWN,24909.96,25000,PROVIDENCE,RI,1,Loan-96951,40
XIBUZZ LLC,EDEN PRAIRIE,MN,55XXX,CORPORATION,Minnwest Bank,REDWOOD FALLS,MN,562XX,16958,6.0,V,42XXXX,80,0,Y,UNKNOWN,122937.74,200000,HENNEPIN,MN,1,Loan-97011,40
26 Trades LLC,FINDLAY,OH,45XXX,CORPORATION,"U.S. Bank, National Association",CINCINNATI,OH,452XX,6548,7.75,V,42XXXX,55,1,Y,UNKNOWN,23000.0,23000,HANCOCK,OH,1,Loan-97031,40
AH Curtis Corporation,RIVERTON,UT,84XXX,CORPORATION,"United Midwest Savings Bank, National Association",DE GRAFF,OH,433XX,32441,6.0,V,22XXXX,108,0,Y,Y,142804.78,150000,SALT LAKE,UT,1,Loan-97041,40
ELB Fitness Inc.,XXXX,MN,55XXX,CORPORATION,Old National Bank,EVANSVILLE,IN,477XX,3832,6.0,V,71XXXX,97,1,N,UNKNOWN,121643.15,150000,DAKOTA,MN,1,Loan-97090,40
GRIGORIO JEWERLY,XXXX,MA,24XXX,INDIVIDUAL,Eastern Bank,Boston,MA,211XX,32773,6.74,F,44XXXX,45,0,Y,UNKNOWN,50655.28,54000,MIDDLESEX,MA,1,Loan-97103,40
GRIGORIO JEWERLY,XXXX,MA,24XXX,INDIVIDUAL,Eastern Bank,Boston,MA,211XX,32773,7.49,V,44XXXX,106,1,Y,UNKNOWN,9903.66,11000,MIDDLESEX,MA,1,Loan-97104,40
RANDOM ENTERPRISES LLC,DURANGO,CO,81XXX,CORPORATION,First Southwest Bank,ALAMOSA,CO,811XX,57741,5.25,V,72XXXX,76,0,Y,UNKNOWN,40804.74,60000,LA PLATA,CO,1,Loan-97164,40
DOING MOORE HAULING SERVICES L,BIRMINGHAM,AL,35XXX,CORPORATION,"Wells Fargo Bank, National Association",SIOUX FALLS,SD,571XX,3511,9.75,V,48XXXX,113,1,N,UNKNOWN,4909.9,5000,JEFFERSON,AL,1,Loan-97240,40
HST Electric Inc.,BROOKLYN,NY,11XXX,CORPORATION,"TD Bank, National Association",WILMINGTON,DE,198XX,18409,9.75,V,23XXXX,96,1,Y,UNKNOWN,25000.0,25000,KINGS,NY,1,Loan-97261,40
Marketing for Travel Agents LL,Minneapolis,MN,55XXX,CORPORATION,First Business Bank,MADISON,WI,537XX,15229,6.0,V,54XXXX,92,0,N,Y,654566.67,765000,HENNEPIN,MN,1,Loan-97427,40
Parker & Parker Home Solutions,VIRGINIA BEACH,VA,23XXX,CORPORATION,"United Midwest Savings Bank, National Association",DE GRAFF,OH,433XX,32441,6.0,V,81XXXX,94,0,Y,Y,137906.54,150000,VIRGINIA BEACH CITY,VA,1,Loan-97585,40
ALM SAFETY TRAINING CORP,GLENDALE,NY,11XXX,CORPORATION,Brooklyn Cooperative FCU,NEW YORK CITY,NY,112XX,Brooklyn C-11237,9.75,F,61XXXX,35,0,N,UNKNOWN,0.0,10000,QUEENS,NY,0,Loan-97626,35
DropKey Inc.,Los Angeles,CA,90XXX,CORPORATION,CDC Small Business Finance Corp.,San Diego,CA,921XX,CDC Small -92106,7.25,V,33XXXX,91,0,Y,Y,139760.47,150000,LOS ANGELES,CA,1,Loan-97680,40
Eleven 8 LLC,BRONX,NY,10XXX,CORPORATION,"TD Bank, National Association",WILMINGTON,DE,198XX,18409,9.75,V,54XXXX,109,0,N,UNKNOWN,25000.0,25000,BRONX,NY,1,Loan-97683,40
Klein Insurance Agency Inc.,XXXX,MN,56XXX,CORPORATION,Wadena State Bank,WADENA,MN,564XX,13430,5.0,F,52XXXX,96,0,Y,UNKNOWN,0.0,720000,TODD,MN,0,Loan-97896,39
CJH TRANSPORT LLC,SUNRISE,FL,33XXX,CORPORATION,"Wells Fargo Bank, National Association",SIOUX FALLS,SD,571XX,3511,9.25,V,48XXXX,111,1,N,UNKNOWN,4949.02,5000,BROWARD,FL,1,Loan-98005,40
Neosho Enterprises LLC,XXXX,MO,64XXX,CORPORATION,Guaranty Bank,SPRINGFIELD,MO,658XX,58892,6.0,V,81XXXX,156,0,Y,UNKNOWN,685851.78,900000,NEWTON,MO,1,Loan-98102,40
RAQ91 LLC,GRAND PRAIRIE,TX,75XXX,CORPORATION,"Wells Fargo Bank, National Association",SIOUX FALLS,SD,571XX,3511,9.75,V,44XXXX,89,1,N,UNKNOWN,4441.23,5000,DALLAS,TX,1,Loan-98120,40
CAFE 143 LLC,WEST PALM BEACH,FL,33XXX,CORPORATION,"Wells Fargo Bank, National Association",SIOUX FALLS,SD,571XX,3511,9.75,V,72XXXX,85,1,N,UNKNOWN,9845.77,10000,PALM BEACH,FL,1,Loan-98187,40
Copper Mountain Garage LLC,XXXX,UT,84XXX,CORPORATION,Celtic Bank Corporation,SALT LAKE CITY,UT,841XX,57056,6.0,V,42XXXX,94,0,Y,Y,680135.39,980000,SALT LAKE,UT,1,Loan-98193,40
LOYOLA FINANCIAL LLC,ABINGDON,MD,21XXX,CORPORATION,Manufacturers and Traders Trust Company,BUFFALO,NY,142XX,588,7.49,V,52XXXX,31,0,N,UNKNOWN,35476.32,50200,HARFORD,MD,1,Loan-98254,40
Seibert Brothers Trucking LLC,XXXX,OH,45XXX,CORPORATION,The Huntington National Bank,COLUMBUS,OH,432XX,6560,5.8,V,48XXXX,54,0,Y,UNKNOWN,17413.06,165700,BROWN,OH,1,Loan-98301,40
Sister Nails LLC,XXXX,OH,44XXX,CORPORATION,The Huntington National Bank,COLUMBUS,OH,432XX,6560,5.45,V,81XXXX,60,0,Y,UNKNOWN,0.0,18200,SUMMIT,OH,0,Loan-98305,32
Oh The Places You'll Dance Inc,CLARKSTON,MI,48XXX,CORPORATION,The Huntington National Bank,COLUMBUS,OH,432XX,6560,6.0,V,61XXXX,87,0,Y,Y,240926.95,250000,OAKLAND,MI,1,Loan-98447,40
SLZEE Inc,MONROE,NY,10XXX,CORPORATION,Manufacturers and Traders Trust Company,BUFFALO,NY,142XX,588,3.75,V,45XXXX,91,1,N,UNKNOWN,99569.85,100000,ORANGE,NY,1,Loan-98474,40
AROCHE'S UNITED TRANSPORTATION,MIAMI,FL,33XXX,CORPORATION,"Wells Fargo Bank, National Association",SIOUX FALLS,SD,571XX,3511,8.75,V,48XXXX,91,1,N,UNKNOWN,9485.95,10000,MIAMI-DADE,FL,1,Loan-98547,40
Paridin LLC,CYPRESS,TX,77XXX,CORPORATION,Citizens Bank,ELIZABETHTON,TN,376XX,14851,6.0,V,72XXXX,102,0,N,Y,26098.24,34000,HARRIS,TX,1,Loan-98645,40
GARRIDO CARRIERS LLC,BROWNSVILLE,TX,78XXX,CORPORATION,"Wells Fargo Bank, National Association",SIOUX FALLS,SD,571XX,3511,9.25,V,48XXXX,104,1,N,UNKNOWN,0.0,5000,CAMERON,TX,0,Loan-98746,37
LIBERTY TAX BLOCK ACCOUNTING A,NEWPORT BEACH,CA,92XXX,CORPORATION,Umpqua Bank,Lake Oswego,OR,970XX,17266,6.0,V,54XXXX,98,0,N,Y,668576.15,694000,ORANGE,CA,1,Loan-98772,39
O&#39;Brien Automotive Perform,XXXX,CA,91XXX,CORPORATION,CDC Small Business Finance Corp.,San Diego,CA,921XX,CDC Small -92106,8.0,V,81XXXX,87,0,Y,Y,69820.69,162500,LOS ANGELES,CA,1,Loan-98796,40
POBOYZ LLC,PORTLAND,OR,97XXX,CORPORATION,"U.S. Bank, National Association",CINCINNATI,OH,452XX,6548,5.24,F,72XXXX,2,0,Y,UNKNOWN,15204.87,20000,MULTNOMAH,OR,1,Loan-98805,40
ARI'S LANDSCAPING AND FLOORING,XXXX,MA,21XXX,INDIVIDUAL,Eastern Bank,Boston,MA,211XX,32773,9.74,F,23XXXX,29,0,Y,UNKNOWN,7967.72,11800,SUFFOLK,MA,1,Loan-98871,40
RP&G Delivery LLC,MIAMI,FL,33XXX,CORPORATION,"JPMorgan Chase Bank, National Association",COLUMBUS,OH,432XX,628,6.55,V,48XXXX,83,1,Y,UNKNOWN,57353.35,58000,MIAMI-DADE,FL,1,Loan-99040,40
Ferraro Amodio & Associates L,SARATOGA SPRINGS,NY,12XXX,CORPORATION,Arrow Bank National Association,GLENS FALLS,NY,128XX,7074,4.75,F,54XXXX,36,0,Y,UNKNOWN,0.0,85000,SARATOGA,NY,0,Loan-99092,36
Spoke Cycle and Fitness Studio,ROCHESTER,NY,14XXX,CORPORATION,Genesee Regional Bank,ROCHESTER,NY,146XX,26333,4.0,F,71XXXX,48,0,Y,UNKNOWN,0.0,225000,MONROE,NY,0,Loan-99160,34
CONSCIOUS CREATORS LLC,BROOKLYN,NY,11XXX,CORPORATION,Manufacturers and Traders Trust Company,BUFFALO,NY,142XX,588,6.25,V,53XXXX,41,0,N,UNKNOWN,99841.38,100000,KINGS,NY,1,Loan-99237,40
Ever's LLC,LAS VEGAS,NV,89XXX,CORPORATION,"Wells Fargo Bank, National Association",SIOUX FALLS,SD,571XX,3511,9.75,V,72XXXX,103,1,N,UNKNOWN,9899.25,10000,SNOHOMISH,WA,1,Loan-99259,40
Skyyy Is The Limit LLC,ASTORIA,NY,11XXX,CORPORATION,"TD Bank, National Association",WILMINGTON,DE,198XX,18409,9.75,V,44XXXX,52,0,N,UNKNOWN,9987.0,10000,QUEENS,NY,1,Loan-99350,39
Swim Ventures Inc.,Jacksonville,FL,32XXX,CORPORATION,The Huntington National Bank,COLUMBUS,OH,432XX,6560,6.0,V,61XXXX,120,1,Y,UNKNOWN,0.0,50000,DUVAL,FL,0,Loan-99364,39
3C2E Logistics Corp.,WAUKESHA,WI,53XXX,CORPORATION,Waukesha State Bank,WAUKESHA,WI,531XX,16160,6.0,V,48XXXX,51,0,Y,UNKNOWN,59191.24,112500,WAUKESHA,WI,1,Loan-99394,39
TSM Solutions LLC,XXXX,MD,20XXX,CORPORATION,Cadence Bank,TUPELO,MS,388XX,11813,6.0,V,54XXXX,90,0,Y,Y,322257.86,350000,PRINCE GEORGES,MD,1,Loan-99827,39
Baby Self Holdings LLC,XXXX,AR,72XXX,CORPORATION,Simmons Bank,PINE BLUFF,AR,716XX,3890,5.5,V,23XXXX,89,0,Y,UNKNOWN,590190.78,667000,SALINE,AR,1,Loan-99876,36
BIG PRICE DROPPERS LLP,RICHMOND,KY,40XXX,PARTNERSHIP,"U.S. Bank, National Association",CINCINNATI,OH,452XX,6548,7.75,V,42XXXX,67,1,Y,UNKNOWN,9925.72,10000,MADISON,KY,1,Loan-99879,39
DEDAL DESIGNS INC,EDEN PRAIRIE,MN,55XXX,CORPORATION,Bridgewater Bank,SAINT LOUIS PARK,MN,554XX,58210,4.25,F,31XXXX,60,0,Y,UNKNOWN,0.0,200000,HENNEPIN,MN,0,Loan-99900,34
FOX CAVE SOLUTIONS LLC,XXXX,NY,12XXX,CORPORATION,The Bank of Bennington,BENNINGTON,VT,520XX,30350,4.75,F,23XXXX,33,0,Y,UNKNOWN,53989.15,75000,RENSSELAER,NY,1,Loan-99914,37
VIDREX TRANSPORTATION LLC,MIAMI,FL,33XXX,CORPORATION,"Wells Fargo Bank, National Association",SIOUX FALLS,SD,571XX,3511,9.25,V,48XXXX,103,1,N,UNKNOWN,9603.85,10000,MIAMI-DADE,FL,1,Loan-100207,39
JMAR LLC,AUSTELL,GA,30XXX,CORPORATION,"Wells Fargo Bank, National Association",SIOUX FALLS,SD,571XX,3511,9.75,V,44XXXX,105,0,N,UNKNOWN,4826.59,5000,COBB,GA,1,Loan-100301,38
Nychol Lyna Woods dba Dream No,NORTH LAS VEGAS,NV,89XXX,INDIVIDUAL,CDC Small Business Finance Corp.,San Diego,CA,921XX,CDC Small -92106,8.0,V,54XXXX,107,0,Y,Y,71966.85,75000,LOS ANGELES,CA,1,Loan-100325,39
CSG Business Services LLC,MCKINNEY,TX,75XXX,CORPORATION,BayFirst National Bank,Saint Petersburg,FL,337XX,34997,5.25,V,54XXXX,91,0,N,Y,195921.52,225000,COLLIN,TX,1,Loan-100418,39
GandM L.L.C,XXXX,UT,84XXX,CORPORATION,Desert Rivers FCU,XXXX,UT,845XX,Desert Riv-84532,5.5,V,71XXXX,27,0,Y,UNKNOWN,99420.2,150000,GRAND,UT,1,Loan-100454,39
Parkway Perk LLC,Madison,MS,39XXX,CORPORATION,PriorityOne Bank,XXXX,MS,391XX,21906,6.0,F,72XXXX,51,0,Y,UNKNOWN,92426.99,118500,MADISON,MS,1,Loan-100501,39
EnviroRail Inc.,XXXX,IL,62XXX,CORPORATION,The First National Bank of Waterloo,WATERLOO,IL,622XX,3842,1.5,V,56XXXX,61,1,N,UNKNOWN,22523.7,25000,MONROE,IL,1,Loan-100629,39
INTEGRITY TIMBER FRAME LLC,XXXX,OR,97XXX,CORPORATION,"U.S. Bank, National Association",CINCINNATI,OH,452XX,6548,7.75,V,33XXXX,84,1,Y,UNKNOWN,0.0,50000,CLACKAMAS,OR,0,Loan-100657,34
1054 Realty LLC,BROOKLYN,NY,11XXX,CORPORATION,"TD Bank, National Association",WILMINGTON,DE,198XX,18409,9.75,V,53XXXX,120,1,Y,UNKNOWN,0.0,14000,KINGS,NY,0,Loan-100756,24
Moonstar Fine Arts Advisors LL,Miami,FL,33XXX,CORPORATION,The Fidelity Bank,FUQUAY VARINA,NC,275XX,11507,6.0,V,45XXXX,96,0,Y,Y,18375.9,283000,MIAMI-DADE,FL,1,Loan-100843,39
5&2 Onsite Fleet Services LLC,LUBBOCK,TX,79XXX,CORPORATION,"United Midwest Savings Bank, National Association",DE GRAFF,OH,433XX,32441,6.0,V,81XXXX,98,0,Y,Y,141241.81,150000,LUBBOCK,TX,1,Loan-100947,38
Kyle David Clothing Inc.,XXXX,NY,11XXX,CORPORATION,"TD Bank, National Association",WILMINGTON,DE,198XX,18409,9.05,V,42XXXX,101,1,Y,UNKNOWN,24603.46,25000,NASSAU,NY,1,Loan-101031,39
NoCo Home Trends Inc.,WINDSOR,CO,80XXX,        ,"United Midwest Savings Bank, National Association",DE GRAFF,OH,433XX,32441,6.0,V,56XXXX,97,0,Y,Y,136064.77,150000,WELD,CO,1,Loan-101054,39
Hart Design Group LLC,BURNSVILLE,MN,55XXX,CORPORATION,Minnwest Bank,REDWOOD FALLS,MN,562XX,16958,5.25,V,23XXXX,96,0,Y,UNKNOWN,288732.42,345000,DAKOTA,MN,1,Loan-101169,39
MIDWOOD BROOKLYN APPLIANCE REP,BROOKLYN,NY,11XXX,CORPORATION,"TD Bank, National Association",WILMINGTON,DE,198XX,18409,9.05,V,81XXXX,114,1,Y,UNKNOWN,25000.0,25000,KINGS,NY,1,Loan-101202,39
Crosby Cleaning Solutions LLC,COLUMBIA,MO,65XXX,CORPORATION,The Callaway Bank,FULTON,MO,652XX,12223,5.5,F,56XXXX,42,0,Y,UNKNOWN,63325.6,67500,BOONE,MO,1,Loan-101339,38
Crosby Cleaning Solutions LLC,COLUMBIA,MO,65XXX,CORPORATION,The Callaway Bank,FULTON,MO,652XX,12223,5.5,F,56XXXX,17,0,Y,UNKNOWN,32500.0,32500,BOONE,MO,1,Loan-101340,38
Finish Line Automotive,BROCKTON,MA,23XXX,INDIVIDUAL,Fall River Five Cents Savings Bank d/b/a BankFive,FALL RIVER,MA,272XX,23286,6.5,F,81XXXX,39,0,Y,UNKNOWN,17772.63,20000,PLYMOUTH,MA,1,Loan-101356,39
Leizure Living LLC,CONYERS,GA,30XXX,CORPORATION,Celtic Bank Corporation,SALT LAKE CITY,UT,841XX,57056,6.0,V,56XXXX,104,0,Y,Y,89023.23,96000,ROCKDALE,GA,1,Loan-101394,39
Santoro Services L.L.C.,Detroit,MI,48XXX,CORPORATION,The Huntington National Bank,COLUMBUS,OH,432XX,6560,6.0,V,56XXXX,120,0,N,UNKNOWN,0.0,100000,WAYNE,MI,0,Loan-101433,35
Texas Monarchy Services LLC,XXXX,TX,77XXX,CORPORATION,"United Midwest Savings Bank, National Association",DE GRAFF,OH,433XX,32441,6.0,V,23XXXX,106,0,Y,Y,0.0,150000,HARRIS,TX,0,Loan-101447,30
VENEGAS CONSTRUCTION CORP,BIRMINGHAM,AL,35XXX,CORPORATION,"Wells Fargo Bank, National Association",SIOUX FALLS,SD,571XX,3511,9.75,V,23XXXX,97,1,N,UNKNOWN,9579.15,10000,JEFFERSON,AL,1,Loan-101466,39
Hightech Mediator LLC,LAKEWOOD,NJ,87XXX,CORPORATION,"TD Bank, National Association",WILMINGTON,DE,198XX,18409,7.05,V,42XXXX,93,1,N,UNKNOWN,66458.79,73400,OCEAN,NJ,1,Loan-101945,39
National Pavement Partners LL,Commerce City,CO,80XXX,CORPORATION,Midwest Regional Bank,FESTUS,MO,630XX,8889,6.0,V,23XXXX,108,0,Y,Y,0.0,993000,ADAMS,CO,0,Loan-102128,29
Patriot Glass & Service Inc,Burlington,MA,18XXX,CORPORATION,Northern Bank and Trust Company,WOBURN,MA,180XX,18266,7.5,V,23XXXX,44,1,Y,UNKNOWN,25000.0,25000,MIDDLESEX,MA,1,Loan-102140,39
S.H. Nour Trucking,ANNAPOLIS,CA,95XXX,INDIVIDUAL,Redwood CU,SANTA ROSA,CA,954XX,Redwood CU-95403,5.75,F,48XXXX,66,0,Y,UNKNOWN,55643.0,60000,SONOMA,CA,1,Loan-102156,39
TAPROBANE LLC,AURORA,CO,80XXX,CORPORATION,"Wells Fargo Bank, National Association",SIOUX FALLS,SD,571XX,3511,9.25,V,44XXXX,93,1,N,UNKNOWN,8088.28,10000,ARAPAHOE,CO,1,Loan-102177,39
TOMS PERSONAL HOME SERVICE,BUTLER,NJ,74XXX,INDIVIDUAL,Manufacturers and Traders Trust Company,BUFFALO,NY,142XX,588,9.75,V,23XXXX,101,1,N,UNKNOWN,25000.0,25000,MORRIS,NJ,1,Loan-102343,39
EDDIE'S CUSTOM CABINETS OF ROC,ROCHESTER,NY,14XXX,INDIVIDUAL,ESL FCU,ROCHESTER,NY,146XX,ESL FCU-14604,6.89,F,23XXXX,32,0,Y,UNKNOWN,21985.83,27500,MONROE,NY,1,Loan-102392,39
PURE COLOUR CO LLC,LOS ANGELES,CA,90XXX,CORPORATION,"Wells Fargo Bank, National Association",SIOUX FALLS,SD,571XX,3511,9.25,V,54XXXX,90,1,N,UNKNOWN,4525.39,5000,LOS ANGELES,CA,1,Loan-102620,39
Amity Furniture Inc,XXXX,NY,11XXX,CORPORATION,"TD Bank, National Association",WILMINGTON,DE,198XX,18409,9.75,V,44XXXX,101,1,N,UNKNOWN,25000.0,25000,SUFFOLK,NY,1,Loan-102814,39
NDR LTD.,XXXX,OH,43XXX,CORPORATION,The Huntington National Bank,COLUMBUS,OH,432XX,6560,6.0,V,23XXXX,86,0,N,UNKNOWN,30117.3,30000,FAYETTE,OH,1,Loan-102874,39
Belete A. Getenet dba LAB Jani,FORNEY,TX,75XXX,INDIVIDUAL,CDC Small Business Finance Corp.,San Diego,CA,921XX,CDC Small -92106,7.25,V,56XXXX,92,0,Y,Y,45083.14,50000,ALAMEDA,CA,1,Loan-102931,39
Quad D LLC,BOCA RATON,FL,33XXX,CORPORATION,"TD Bank, National Association",WILMINGTON,DE,198XX,18409,9.05,V,31XXXX,78,0,Y,UNKNOWN,0.0,7500,PALM BEACH,FL,0,Loan-103035,31
Williams Collective LLC,Dearborn,MI,48XXX,CORPORATION,The Huntington National Bank,COLUMBUS,OH,432XX,6560,5.75,V,45XXXX,89,1,Y,UNKNOWN,24961.28,25000,WAYNE,MI,1,Loan-103325,38
Williams Collective LLC,Dearborn,MI,48XXX,CORPORATION,The Huntington National Bank,COLUMBUS,OH,432XX,6560,5.75,V,45XXXX,90,0,Y,Y,99298.32,110000,WAYNE,MI,1,Loan-103326,38
Dr. Howard Bruce Miles,TAMPA,FL,33XXX,INDIVIDUAL,Fifth Third Bank,CINCINNATI,OH,452XX,6672,6.43,V,62XXXX,103,0,N,UNKNOWN,20206.82,26000,HILLSBOROUGH,FL,1,Loan-103370,38
Pele' Coating Industries LLC,SUFFERN,NY,10XXX,CORPORATION,"TD Bank, National Association",WILMINGTON,DE,198XX,18409,9.75,V,23XXXX,106,1,N,UNKNOWN,23867.3,25000,ROCKLAND,NY,1,Loan-103421,38
SAHER AUTO REPAIR INC,DUNCANVILLE,TX,75XXX,CORPORATION,IncredibleBank,WAUSAU,WI,544XX,19772,5.75,V,81XXXX,98,0,Y,Y,266029.48,290000,DALLAS,TX,1,Loan-103446,38
Vera Appliance LLC,EL CAJON,CA,92XXX,CORPORATION,"United Midwest Savings Bank, National Association",DE GRAFF,OH,433XX,32441,6.0,V,81XXXX,93,0,Y,Y,132707.51,150000,SAN DIEGO,CA,1,Loan-103466,38
WECARE STUDIO SOLUTIONS LLC,POMPANO BEACH,FL,33XXX,CORPORATION,"Wells Fargo Bank, National Association",SIOUX FALLS,SD,571XX,3511,7.75,V,53XXXX,101,1,N,UNKNOWN,6160.37,10000,BROWARD,FL,1,Loan-103470,38
Reco Solutions Corporation,DEER PARK,NY,11XXX,CORPORATION,"TD Bank, National Association",WILMINGTON,DE,198XX,18409,7.75,V,23XXXX,94,1,Y,UNKNOWN,84645.55,85000,SUFFOLK,NY,1,Loan-103571,38
D. De la Rosa LLC,NEWARK,NJ,71XXX,CORPORATION,Manufacturers and Traders Trust Company,BUFFALO,NY,142XX,588,9.75,V,81XXXX,94,1,N,UNKNOWN,4723.21,5000,ESSEX,NJ,1,Loan-103973,38
EDSON'S RV REPAIR,XXXX,TX,75XXX,INDIVIDUAL,"Wells Fargo Bank, National Association",SIOUX FALLS,SD,571XX,3511,9.75,V,81XXXX,96,1,N,UNKNOWN,14847.47,15000,NAVARRO,TX,1,Loan-103984,38
ENVIRONMENTAL TESTING GROUP IN,ADDISON,IL,60XXX,CORPORATION,HomeTrust Bank,ASHEVILLE,NC,288XX,27677,6.0,V,56XXXX,306,0,Y,UNKNOWN,0.0,3595000,DUPAGE,IL,0,Loan-103988,27
APA KAZI GENERAL MAINTENANCE A,FORT WORTH,TX,76XXX,CORPORATION,"Wells Fargo Bank, National Association",SIOUX FALLS,SD,571XX,3511,9.75,V,48XXXX,96,1,N,UNKNOWN,9767.72,10000,TARRANT,TX,1,Loan-104093,38
Aura Management LLC,Los Angeles,CA,90XXX,CORPORATION,CDC Small Business Finance Corp.,San Diego,CA,921XX,CDC Small -92106,7.25,V,54XXXX,72,0,Y,Y,0.0,20000,LOS ANGELES,CA,0,Loan-104097,27
Divinity Pediatric Clinic PLL,XXXX,MS,39XXX,CORPORATION,Trustmark National Bank,JACKSON,MS,392XX,4988,4.25,F,62XXXX,12,1,Y,UNKNOWN,25000.0,25000,RANKIN,MS,1,Loan-104120,35
Divinity Pediatric Clinic PLL,XXXX,MS,39XXX,CORPORATION,Trustmark National Bank,JACKSON,MS,392XX,4988,4.74,F,62XXXX,48,0,Y,UNKNOWN,37513.56,39800,RANKIN,MS,1,Loan-104121,38
GraweWorx Castle Hills LLC,THE COLONY,TX,75XXX,CORPORATION,"Texas Republic Bank, National Association",XXXX,TX,750XX,3400,5.5,V,71XXXX,105,0,N,UNKNOWN,0.0,400000,DENTON,TX,0,Loan-104136,29
Ace Healthy Products LLC ,Dayton,OH,45XXX,PARTNERSHIP,The Huntington National Bank,COLUMBUS,OH,432XX,6560,5.25,V,62XXXX,105,0,Y,Y,149501.69,150000,MONTGOMERY,OH,1,Loan-104242,38
Sabrina P. Cook CPA PLLC,HICKORY,NC,28XXX,CORPORATION,"Readycap Lending, LLC",BERKELEY HEIGHTS,NJ,792XX,Readycap L-7922,8.0,V,54XXXX,84,0,N,Y,0.0,12500,CATAWBA,NC,0,Loan-104385,21
Well-Rooted Family Chiropracti,MIDDLETON,FL,34XXX,CORPORATION,"TD Bank, National Association",WILMINGTON,DE,198XX,18409,9.05,V,62XXXX,93,1,N,UNKNOWN,25000.0,25000,BROWARD,FL,1,Loan-104409,38
Alamond LLC,BROOKLYN,NY,11XXX,CORPORATION,"TD Bank, National Association",WILMINGTON,DE,198XX,18409,9.75,V,61XXXX,89,1,N,UNKNOWN,22750.8,25000,KINGS,NY,1,Loan-104431,38
Iyoyo Enterprise Transportatio,XXXX,AR,72XXX,CORPORATION,Byline Bank,CHICAGO,IL,606XX,20624,5.75,V,48XXXX,92,0,Y,Y,585129.74,1490000,SALINE,AR,1,Loan-104492,38
ELMORE HEATING & AIR CONDITION,SAN JACINTO,CA,92XXX,INDIVIDUAL,"U.S. Bank, National Association",CINCINNATI,OH,452XX,6548,6.99,F,23XXXX,48,0,Y,UNKNOWN,0.0,13000,RIVERSIDE,CA,0,Loan-104664,21
OBSIDIAN LLC,GRANDVIEW,MO,64XXX,CORPORATION,"U.S. Bank, National Association",CINCINNATI,OH,452XX,6548,7.75,V,23XXXX,55,1,Y,UNKNOWN,41614.55,50000,JACKSON,MO,1,Loan-104721,38
Risen Insurance Solutions LLC,LAKE SAINT LOUIS,MO,63XXX,CORPORATION,"SNB Bank, National Association",SHATTUCK,OK,738XX,4196,5.5,V,52XXXX,83,0,Y,Y,258140.52,350000,SAINT CHARLES,MO,1,Loan-104735,38
TOMMYS TRASH TRUCKS LLC,SAN JOSE,CA,95XXX,CORPORATION,"Wells Fargo Bank, National Association",SIOUX FALLS,SD,571XX,3511,9.75,V,56XXXX,83,1,N,UNKNOWN,10520.79,15000,SANTA CLARA,CA,1,Loan-104767,38
INFINTECK ENTERPRISE LLC,BETHEL,MN,55XXX,CORPORATION,"U.S. Bank, National Association",CINCINNATI,OH,452XX,6548,6.99,F,54XXXX,28,0,Y,UNKNOWN,29500.28,30000,ANOKA,MN,1,Loan-104844,38
SURF'S UP SOUTH SHORE,CHICAGO,IL,60XXX,CORPORATION,Celtic Bank Corporation,SALT LAKE CITY,UT,841XX,57056,6.0,V,72XXXX,92,0,Y,Y,135498.36,150000,COOK,IL,1,Loan-104908,38
Veteran Builders Group Inc.,XXXX,CA,92XXX,CORPORATION,CDC Small Business Finance Corp.,San Diego,CA,921XX,CDC Small -92106,8.0,V,23XXXX,91,0,Y,Y,106282.34,119000,ORANGE,CA,1,Loan-104919,38
KN Electrical Contractor Inc.,LINWOOD,NJ,82XXX,CORPORATION,"TD Bank, National Association",WILMINGTON,DE,198XX,18409,7.75,V,23XXXX,103,1,N,UNKNOWN,100000.0,100000,ATLANTIC,NJ,1,Loan-105015,38
MASTER LEAK DETECTION AND REPA,LANCASTER,CA,93XXX,CORPORATION,"Wells Fargo Bank, National Association",SIOUX FALLS,SD,571XX,3511,9.75,V,23XXXX,90,1,N,UNKNOWN,15000.0,15000,LOS ANGELES,CA,1,Loan-105028,38
LA TAX SERVICES LLC,BIRMINGHAM,AL,35XXX,CORPORATION,"Readycap Lending, LLC",BERKELEY HEIGHTS,NJ,792XX,Readycap L-7922,8.0,V,54XXXX,62,0,N,Y,17267.33,20500,JEFFERSON,AL,1,Loan-105367,38
Texas Outlaw Cycles,SAN ANTONIO,TX,78XXX,INDIVIDUAL,"Readycap Lending, LLC",BERKELEY HEIGHTS,NJ,792XX,Readycap L-7922,8.0,V,81XXXX,57,0,N,Y,20706.67,25000,BEXAR,TX,1,Loan-105447,37
Cadence Trucking LLC,Grand Blanc,MI,48XXX,CORPORATION,The Huntington National Bank,COLUMBUS,OH,432XX,6560,5.25,V,48XXXX,89,0,Y,UNKNOWN,112335.44,119000,GENESEE,MI,1,Loan-105516,38
Super Strong LLC,Flint,MI,48XXX,CORPORATION,The Huntington National Bank,COLUMBUS,OH,432XX,6560,5.25,V,45XXXX,89,0,Y,UNKNOWN,144490.86,90000,GENESEE,MI,1,Loan-105638,38
BN5STAX HOLDINGS LLC,EWA BEACH,HI,96XXX,CORPORATION,Central Pacific Bank,Honolulu,HI,968XX,17308,7.25,F,72XXXX,31,0,N,UNKNOWN,6592.94,10000,HONOLULU,HI,1,Loan-105690,38
Mikaela Hanson,APACHE JUNCTION,AZ,85XXX,INDIVIDUAL,"JPMorgan Chase Bank, National Association",COLUMBUS,OH,432XX,628,9.75,V,44XXXX,94,1,Y,UNKNOWN,19503.5,20000,PINAL,AZ,1,Loan-105789,38
MORGAN'S APPLIANCE REPAIR LLC,OAKLAND PARK,FL,33XXX,CORPORATION,"Wells Fargo Bank, National Association",SIOUX FALLS,SD,571XX,3511,9.75,V,81XXXX,108,1,N,UNKNOWN,7897.8,10000,BROWARD,FL,1,Loan-105793,38
POLYMER CONTOURS INC.,ALLENTOWN,PA,18XXX,CORPORATION,Berkshire Bank,PITTSFIELD,MA,120XX,23621,6.0,V,32XXXX,300,0,Y,Y,0.0,1505000,LEHIGH,PA,0,Loan-105972,34
The Jared Dalton Agency,NASHVILLE,TN,37XXX,INDIVIDUAL,"Readycap Lending, LLC",BERKELEY HEIGHTS,NJ,792XX,Readycap L-7922,6.0,V,54XXXX,108,0,Y,Y,63036.57,65000,DAVIDSON,TN,1,Loan-105999,38
BIG J'S TOWING &TRANSPORT LLC,CONYERS,GA,30XXX,CORPORATION,"Wells Fargo Bank, National Association",SIOUX FALLS,SD,571XX,3511,9.75,V,48XXXX,88,1,N,UNKNOWN,2997.85,5000,ROCKDALE,GA,1,Loan-106223,38
TML Transport LLC,BUFORD,GA,30XXX,CORPORATION,"PNC Bank, National Association",WILMINGTON,DE,198XX,6384,8.65,V,48XXXX,92,1,N,UNKNOWN,18944.62,20000,GWINNETT,GA,1,Loan-106360,36
LITTLE BLACK DIAMOND LLC,SAN DIEGO,CA,92XXX,CORPORATION,Celtic Bank Corporation,SALT LAKE CITY,UT,841XX,57056,6.0,V,44XXXX,98,0,Y,Y,68993.8,75000,SAN DIEGO,CA,1,Loan-106475,37
L.J.V. Development LLC,Everett,MA,21XXX,CORPORATION,Eastern Bank,Boston,MA,211XX,32773,6.0,F,23XXXX,85,0,N,UNKNOWN,0.0,70000,MIDDLESEX,MA,0,Loan-106794,30
Chocolate Nosh LLC,TULSA,OK,74XXX,CORPORATION,SpiritBank,TULSA,OK,741XX,4048,5.5,V,44XXXX,97,0,Y,Y,64597.8,227000,TULSA,OK,1,Loan-106902,37
Serenity Book Shop LLC,WESTERVILLE,OH,43XXX,CORPORATION,The Huntington National Bank,COLUMBUS,OH,432XX,6560,5.25,V,45XXXX,52,0,Y,UNKNOWN,57451.39,60000,FRANKLIN,OH,1,Loan-107005,36
WeddingKiss Philly Inc,PHILADELPHIA,PA,19XXX,CORPORATION,"TD Bank, National Association",WILMINGTON,DE,198XX,18409,9.75,V,72XXXX,57,0,N,UNKNOWN,25000.0,25000,PHILADELPHIA,PA,1,Loan-107036,37
The Rock Chef LLC,XXXX,MI,48XXX,CORPORATION,CDC Small Business Finance Corp.,San Diego,CA,921XX,CDC Small -92106,7.75,V,72XXXX,88,0,Y,UNKNOWN,85535.46,75600,WAYNE,MI,1,Loan-107180,36
Golden Floors Inc. dba Simple ,NORTHRIDGE,CA,91XXX,CORPORATION,Cadence Bank,TUPELO,MS,388XX,11813,6.0,V,44XXXX,84,0,Y,Y,113259.67,125000,LOS ANGELES,CA,1,Loan-107261,36
Sacred Wellness LLC,Fargo,ND,58XXX,CORPORATION,"Bremer Bank, National Association",SAINT PAUL,MN,551XX,12923,5.25,V,71XXXX,103,0,Y,UNKNOWN,96886.49,147000,CASS,ND,1,Loan-107526,37
ALLIANCE MULTISERVICE LLC,NEWARK,NJ,71XXX,CORPORATION,Manufacturers and Traders Trust Company,BUFFALO,NY,142XX,588,8.99,F,44XXXX,44,0,N,UNKNOWN,39360.91,40200,ESSEX,NJ,1,Loan-107580,36
Beana's Para Siempre Limited L,XXXX,NJ,70XXX,CORPORATION,"TD Bank, National Association",WILMINGTON,DE,198XX,18409,9.05,V,72XXXX,95,0,N,UNKNOWN,24923.62,25000,UNION,NJ,1,Loan-107584,37
Atekin 80 Inc.,XXXX,NY,11XXX,CORPORATION,"TD Bank, National Association",WILMINGTON,DE,198XX,18409,9.05,V,54XXXX,107,0,N,UNKNOWN,24945.0,25000,SUFFOLK,NY,1,Loan-108118,37
ATNetwork LLC,Detroit,MI,48XXX,CORPORATION,CDC Small Business Finance Corp.,San Diego,CA,921XX,CDC Small -92106,7.25,V,51XXXX,93,0,Y,Y,150826.33,150000,WAYNE,MI,1,Loan-108120,36
FOREVER YOUNG FACIAL REJUVENAT,XXXX,TX,77XXX,CORPORATION,"Wells Fargo Bank, National Association",SIOUX FALLS,SD,571XX,3511,9.75,V,81XXXX,99,1,N,UNKNOWN,0.0,10000,GALVESTON,TX,0,Loan-108158,30
Baber's Ice Cream LLC,LEXINGTON,KY,40XXX,CORPORATION,"Community Trust Bank, Inc.",PIKEVILLE,KY,415XX,2720,5.0,V,72XXXX,47,0,Y,UNKNOWN,43698.99,75000,FAYETTE,KY,1,Loan-108300,36
LAMBS MEDICAL SUPPLY OF INDIAN,INDIANAPOLIS,IN,46XXX,CORPORATION,Centier Bank,WHITING,IN,463XX,12854,6.5,V,42XXXX,66,1,Y,UNKNOWN,49843.29,50000,SHELBY,IN,1,Loan-108364,37
SK8-BRD-BMX Inc.,XXXX,CA,91XXX,CORPORATION,CDC Small Business Finance Corp.,San Diego,CA,921XX,CDC Small -92106,7.25,V,45XXXX,67,0,Y,Y,49625.86,50000,LOS ANGELES,CA,1,Loan-108423,36
Brazelton Local LLC,XXXX,MO,63XXX,CORPORATION,The Huntington National Bank,COLUMBUS,OH,432XX,6560,6.0,V,72XXXX,92,0,Y,Y,205897.66,211000,SAINT CHARLES,MO,1,Loan-108493,37
FENIX TRANSPORTATION LLC,COLORADO SPRINGS,CO,80XXX,CORPORATION,"Wells Fargo Bank, National Association",SIOUX FALLS,SD,571XX,3511,9.25,V,48XXXX,90,1,N,UNKNOWN,9796.57,10000,EL PASO,CO,1,Loan-108524,37
MG&G LLC,Geneva,IL,60XXX,CORPORATION,The Huntington National Bank,COLUMBUS,OH,432XX,6560,5.5,V,44XXXX,104,1,Y,UNKNOWN,20660.14,20000,KANE,IL,1,Loan-108579,36
Prince Expediting LLC,XXXX,WI,54XXX,CORPORATION,The Fahey Banking Company,MARION,OH,433XX,2068,6.0,V,48XXXX,102,0,Y,UNKNOWN,64063.86,182000,LOGAN,OH,1,Loan-108602,36
Ventura Naples LLC,Orlando,FL,32XXX,CORPORATION,Midwest Regional Bank,FESTUS,MO,630XX,8889,6.0,V,53XXXX,104,0,Y,Y,274587.42,297000,ORANGE,FL,1,Loan-108824,36
Aureo Investments & Services L,MIAMI,FL,33XXX,CORPORATION,"TD Bank, National Association",WILMINGTON,DE,198XX,18409,9.75,V,48XXXX,92,1,N,UNKNOWN,24943.12,25000,MIAMI-DADE,FL,1,Loan-108870,36
East Coast Builders Group LLC,XXXX,CT,60XXX,CORPORATION,Manufacturers and Traders Trust Company,BUFFALO,NY,142XX,588,5.75,V,23XXXX,108,1,Y,UNKNOWN,0.0,200000,HARTFORD,CT,0,Loan-108918,15
Abel's Workshop LLC,ALBANY,OR,97XXX,CORPORATION,"Readycap Lending, LLC",BERKELEY HEIGHTS,NJ,792XX,Readycap L-7922,8.0,V,45XXXX,75,0,N,Y,23676.35,25000,LINN,OR,1,Loan-109027,37
Cameo Marketing LLC,DENTON,TX,76XXX,CORPORATION,"United Midwest Savings Bank, National Association",DE GRAFF,OH,433XX,32441,6.0,V,54XXXX,104,0,Y,Y,141777.75,150000,DENTON,TX,1,Loan-109067,36
M&M Fleet LLC,Middleburg Heights,OH,44XXX,CORPORATION,The Huntington National Bank,COLUMBUS,OH,432XX,6560,5.85,V,48XXXX,84,0,Y,UNKNOWN,99578.81,123000,CUYAHOGA,OH,1,Loan-109135,36
RICHARD J NOVAK LTD,XXXX,NY,11XXX,CORPORATION,Manufacturers and Traders Trust Company,BUFFALO,NY,142XX,588,9.75,V,54XXXX,100,1,N,UNKNOWN,24476.13,35000,SUFFOLK,NY,1,Loan-109172,36
VEGAS PLUS PROPERTY MANAGEMENT,LAS VEGAS,NV,89XXX,CORPORATION,"U.S. Bank, National Association",CINCINNATI,OH,452XX,6548,7.75,V,53XXXX,50,1,Y,UNKNOWN,0.0,50000,CLARK,NV,1,Loan-109198,37
IMPERIAL ELECTRIC CO LLC,ELK GROVE,CA,95XXX,CORPORATION,"U.S. Bank, National Association",CINCINNATI,OH,452XX,6548,6.99,F,23XXXX,60,0,Y,UNKNOWN,0.0,50000,SACRAMENTO,CA,0,Loan-109293,35
KDNY Jeans Company Inc.,XXXX,NY,11XXX,CORPORATION,"TD Bank, National Association",WILMINGTON,DE,198XX,18409,9.05,V,42XXXX,106,1,N,UNKNOWN,14996.5,15000,NASSAU,NY,1,Loan-109309,36
La Fuerza LLC,Wilmington,NC,28XXX,CORPORATION,The Huntington National Bank,COLUMBUS,OH,432XX,6560,5.75,V,54XXXX,34,1,Y,UNKNOWN,21571.0,25000,NEW HANOVER,NC,1,Loan-109314,36
ISOURCE USA INC,ASTORIA,NY,11XXX,CORPORATION,Manufacturers and Traders Trust Company,BUFFALO,NY,142XX,588,7.75,V,42XXXX,47,0,N,UNKNOWN,98340.0,100000,QUEENS,NY,1,Loan-109483,36
LIONHEART HELPING HANDS,STOCKBRIDGE,GA,30XXX,CORPORATION,"Wells Fargo Bank, National Association",SIOUX FALLS,SD,571XX,3511,9.25,V,48XXXX,101,1,N,UNKNOWN,23515.36,25000,HENRY,GA,1,Loan-109501,37
PTI Medical Group Inc,SARASOTA,FL,34XXX,CORPORATION,Pinnacle Bank,NASHVILLE,TN,372XX,35583,6.0,V,62XXXX,240,0,Y,Y,1891858.5,1965000,SARASOTA,FL,1,Loan-109742,36
Honest5 LLC,XXXX,MD,21XXX,CORPORATION,Manufacturers and Traders Trust Company,BUFFALO,NY,142XX,588,6.5,V,31XXXX,90,0,Y,UNKNOWN,0.0,50000,WICOMICO,MD,0,Loan-109872,29
Scott Fick Plumbing Heating An,XXXX,PA,19XXX,CORPORATION,Manufacturers and Traders Trust Company,BUFFALO,NY,142XX,588,7.75,V,23XXXX,92,1,N,UNKNOWN,0.0,50000,BERKS,PA,0,Loan-109939,35
Quinoa Bars Inc.,BROOKLYN,NY,11XXX,CORPORATION,"TD Bank, National Association",WILMINGTON,DE,198XX,18409,9.75,F,72XXXX,36,0,N,UNKNOWN,0.0,20000,KINGS,NY,0,Loan-110103,25
1.	OZ â€“ Oswell LLC,CARSON CITY,NV,89XXX,CORPORATION,"United Midwest Savings Bank, National Association",DE GRAFF,OH,433XX,32441,6.0,V,23XXXX,89,0,Y,Y,131341.07,150000,CARSON CITY,NV,1,Loan-110153,35
EURO BY DESIGN WINDOWS AND DOO,DAVENPORT,FL,33XXX,CORPORATION,HomeTrust Bank,ASHEVILLE,NC,288XX,27677,6.0,V,44XXXX,101,0,Y,Y,173564.37,297500,POLK,FL,1,Loan-110205,36
Iminov Realty LLC,FORT LAUDERDALE,FL,33XXX,CORPORATION,"TD Bank, National Association",WILMINGTON,DE,198XX,18409,9.75,V,53XXXX,102,1,N,UNKNOWN,24931.77,25000,BROWARD,FL,1,Loan-110221,36
MN Mac & Cheese LLC,SAINT PAUL,MN,55XXX,CORPORATION,Citizens Bank,ELIZABETHTON,TN,376XX,14851,6.0,V,72XXXX,104,0,Y,Y,359536.39,469200,WASHINGTON,MN,1,Loan-110267,36
Flavors of the Isle LLC,Cincinnati,OH,45XXX,CORPORATION,The Huntington National Bank,COLUMBUS,OH,432XX,6560,5.25,V,72XXXX,86,0,Y,UNKNOWN,52813.14,56000,HAMILTON,OH,1,Loan-110389,36
REPC Enterprise LLC,Albuquerque,NM,87XXX,CORPORATION,CDC Small Business Finance Corp.,San Diego,CA,921XX,CDC Small -92106,8.0,V,62XXXX,115,0,Y,Y,206263.7,210000,BERNALILLO,NM,1,Loan-110461,35
DCIB LLC,BAYTOWN,TX,77XXX,CORPORATION,"Readycap Lending, LLC",BERKELEY HEIGHTS,NJ,792XX,Readycap L-7922,8.0,V,45XXXX,60,0,N,Y,21143.9,25000,HARRIS,TX,1,Loan-110558,36
Keystone Rampworks LLC,WILKES BARRE,PA,18XXX,CORPORATION,Manufacturers and Traders Trust Company,BUFFALO,NY,142XX,588,9.75,V,71XXXX,103,1,N,UNKNOWN,0.0,7000,LUZERNE,PA,0,Loan-110605,30
Salt Lake City Window Cleaning,SOUTH JORDAN,UT,84XXX,CORPORATION,"Readycap Lending, LLC",BERKELEY HEIGHTS,NJ,792XX,Readycap L-7922,6.0,V,56XXXX,87,0,Y,Y,89628.28,105000,SALT LAKE,UT,1,Loan-110890,36
TRAWLER LOGISTICS LLC,GLEN BURNIE,MD,21XXX,CORPORATION,"Wells Fargo Bank, National Association",SIOUX FALLS,SD,571XX,3511,9.75,V,48XXXX,103,1,N,UNKNOWN,19796.29,20000,ANNE ARUNDEL,MD,1,Loan-111147,36
Vido's Health & Beauty USA LLC,Frisco,TX,75XXX,CORPORATION,"Capital Bank, National Association",ROCKVILLE,MD,208XX,35278,6.0,V,45XXXX,106,0,Y,Y,139668.65,150000,COLLIN,TX,1,Loan-111150,36
Bayardo Windows Services LLC,MIAMI,FL,33XXX,CORPORATION,"TD Bank, National Association",WILMINGTON,DE,198XX,18409,9.05,V,23XXXX,50,0,N,UNKNOWN,24690.34,25000,MIAMI-DADE,FL,1,Loan-111183,36
DUROS FAMILY LLC,XXXX,PA,19XXX,CORPORATION,"Wells Fargo Bank, National Association",SIOUX FALLS,SD,571XX,3511,9.75,V,33XXXX,89,1,N,UNKNOWN,19998.89,20000,BERKS,PA,1,Loan-111207,36
ECG Ventures Inc,TYLER,TX,75XXX,CORPORATION,First Internet Bank of Indiana,FISHERS,IN,460XX,34607,6.0,V,71XXXX,110,0,Y,Y,593563.71,600000,SMITH,TX,1,Loan-111210,36
JOHN FESENKO,SAN FRANCISCO,CA,94XXX,INDIVIDUAL,"Wells Fargo Bank, National Association",SIOUX FALLS,SD,571XX,3511,9.25,V,71XXXX,91,1,N,UNKNOWN,4927.49,5000,SAN FRANCISCO,CA,1,Loan-111253,36
Mustard Seed Home Garden and G,XXXX,WY,82XXX,CORPORATION,Platte Valley Bank,TORRINGTON,WY,822XX,5442,4.5,V,44XXXX,66,0,Y,UNKNOWN,0.0,60000,NATRONA,WY,0,Loan-111278,32
Nunez Flooring LLC,IRVING,TX,75XXX,CORPORATION,Cadence Bank,TUPELO,MS,388XX,11813,6.0,V,23XXXX,88,0,Y,Y,332853.27,350000,DALLAS,TX,1,Loan-111284,36
B. Haven Wellness LLC,BILLINGS,MT,59XXX,CORPORATION,Montana Community Development Corp.,Missoula,MT,598XX,Montana Co-59802,9.0,F,81XXXX,99,0,Y,UNKNOWN,13050.0,13200,YELLOWSTONE,MT,1,Loan-111384,36
Buckeye Freight Line LLC,Cleveland,OH,44XXX,CORPORATION,The Huntington National Bank,COLUMBUS,OH,432XX,6560,6.7,V,48XXXX,67,0,Y,UNKNOWN,35908.28,137000,CUYAHOGA,OH,1,Loan-111395,36
Allen Bodner LLC,BROOKLYN,NY,11XXX,CORPORATION,BayFirst National Bank,Saint Petersburg,FL,337XX,34997,6.0,V,54XXXX,114,0,Y,Y,98567.01,50000,NEW YORK,NY,1,Loan-111553,36
NuSet Inc,XXXX,CA,90XXX,CORPORATION,PCR Small Business Development,Los Angeles,CA,900XX,PCR Small -90010,6.5,V,33XXXX,53,0,Y,Y,225656.41,250000,LOS ANGELES,CA,1,Loan-111671,35
TJD Technologies LLC,Jacksonville,FL,32XXX,CORPORATION,"Readycap Lending, LLC",BERKELEY HEIGHTS,NJ,792XX,Readycap L-7922,6.0,V,54XXXX,99,0,Y,Y,71355.26,78500,DUVAL,FL,1,Loan-111726,36
Fruitopia LLC,NEW YORK,NY,10XXX,CORPORATION,"TD Bank, National Association",WILMINGTON,DE,198XX,18409,9.75,V,72XXXX,108,0,N,UNKNOWN,9950.0,10000,NEW YORK,NY,1,Loan-111798,36
Ivy League LLC,OVERLAND PARK,KS,66XXX,CORPORATION,"Wells Fargo Bank, National Association",SIOUX FALLS,SD,571XX,3511,5.95,F,62XXXX,87,0,Y,UNKNOWN,409480.41,476000,JOHNSON,KS,1,Loan-111819,36
MKE MCKENXIE LLC,XXXX,MD,20XXX,CORPORATION,CDC Small Business Finance Corp.,San Diego,CA,921XX,CDC Small -92106,9.25,V,45XXXX,108,0,Y,UNKNOWN,53388.6,56100,PRINCE GEORGES,MD,1,Loan-111850,35
Foreign Snax Corp,BROOKLYN,NY,11XXX,CORPORATION,"TD Bank, National Association",WILMINGTON,DE,198XX,18409,9.75,F,44XXXX,47,0,Y,UNKNOWN,9174.8,10000,KINGS,NY,1,Loan-111982,36
Perspective Media,FLINT,MI,48XXX,INDIVIDUAL,The Huntington National Bank,COLUMBUS,OH,432XX,6560,5.25,V,54XXXX,41,0,Y,UNKNOWN,18171.52,20000,GENESEE,MI,1,Loan-112050,35
L & Z LLC,MOORE,SC,29XXX,CORPORATION,"Wells Fargo Bank, National Association",SIOUX FALLS,SD,571XX,3511,9.25,V,72XXXX,100,1,N,UNKNOWN,19597.99,20000,SPARTANBURG,SC,1,Loan-112378,36
Law Office of Jay T. Alkam Es,ANAHEIM,CA,92XXX,CORPORATION,"Readycap Lending, LLC",BERKELEY HEIGHTS,NJ,792XX,Readycap L-7922,6.0,V,54XXXX,92,0,Y,Y,60272.57,83500,ORANGE,CA,1,Loan-112379,35
Murray Clinics LLC,XXXX,VA,24XXX,CORPORATION,"United Midwest Savings Bank, National Association",DE GRAFF,OH,433XX,32441,6.0,V,62XXXX,98,0,Y,Y,117888.62,125000,CHARLESTON,SC,1,Loan-112393,35
Praedium Valuation LLC,CHICAGO,IL,60XXX,CORPORATION,Merchants Bank of Indiana,CARMEL,IN,460XX,8056,5.75,V,53XXXX,107,0,Y,Y,1992695.67,2075900,COOK,IL,1,Loan-112405,36
Forged in Bricks LLC,Peoria,AZ,85XXX,CORPORATION,CDC Small Business Finance Corp.,San Diego,CA,921XX,CDC Small -92106,7.25,V,45XXXX,100,0,Y,UNKNOWN,224733.78,225000,MARICOPA,AZ,1,Loan-112769,35
Miller GraphicsLLC,XXXX,VA,22XXX,CORPORATION,Customers Bank,Malvern,PA,193XX,34444,6.0,V,42XXXX,97,0,Y,Y,228064.85,250000,ROCKINGHAM,VA,1,Loan-112832,36
VELARDE TRUCKING LLC,EL PASO,TX,79XXX,CORPORATION,"Wells Fargo Bank, National Association",SIOUX FALLS,SD,571XX,3511,8.75,V,48XXXX,97,1,N,UNKNOWN,9916.68,10000,EL PASO,TX,1,Loan-112908,36
Yung Mogul NYC LLC,XXXX,NY,11XXX,CORPORATION,"TD Bank, National Association",WILMINGTON,DE,198XX,18409,9.75,V,45XXXX,54,0,Y,UNKNOWN,9988.33,10000,QUEENS,NY,1,Loan-113147,36
Zmoonhae Inc.,LOS ANGELES,CA,90XXX,CORPORATION,Bank of Hope,LOS ANGELES,CA,900XX,26610,5.25,V,42XXXX,68,0,Y,UNKNOWN,135528.79,150000,LOS ANGELES,CA,1,Loan-113148,36
BE UNSTOPPABLE FITNESS AND NUT,SPOKANE,WA,99XXX,CORPORATION,Banner Bank,WALLA WALLA,WA,993XX,28489,6.25,F,81XXXX,30,0,Y,UNKNOWN,40400.82,50600,SPOKANE,WA,1,Loan-113167,36
MARISCAL AUTOMOTIVE GROUP INC,XXXX,TX,79XXX,CORPORATION,"Wells Fargo Bank, National Association",SIOUX FALLS,SD,571XX,3511,9.75,V,44XXXX,90,1,N,UNKNOWN,9432.33,10000,EL PASO,TX,1,Loan-113271,36
Marwan Zeidan,San Francisco,CA,94XXX,INDIVIDUAL,CDC Small Business Finance Corp.,San Diego,CA,921XX,CDC Small -92106,8.0,V,81XXXX,92,0,Y,Y,74362.07,80000,SAN FRANCISCO,CA,1,Loan-113272,35
Brainstemology LLC,WOODINVILLE,WA,98XXX,CORPORATION,Banner Bank,WALLA WALLA,WA,993XX,28489,5.5,V,44XXXX,96,1,Y,UNKNOWN,74883.0,75000,KING,WA,1,Loan-113583,35
5 Star Transport LLC,XXXX,MS,39XXX,CORPORATION,Trustmark National Bank,JACKSON,MS,392XX,4988,5.35,F,48XXXX,72,0,Y,UNKNOWN,0.0,62200,SIMPSON,MS,0,Loan-113762,34
G7 LOGISTICS LLC,MINNEAPOLIS,MN,55XXX,CORPORATION,"Wells Fargo Bank, National Association",SIOUX FALLS,SD,571XX,3511,9.75,V,48XXXX,107,1,N,UNKNOWN,14000.13,15000,HENNEPIN,MN,1,Loan-113827,36
J&C Global TruckingLLC,MIAMI,FL,33XXX,CORPORATION,"TD Bank, National Association",WILMINGTON,DE,198XX,18409,9.75,V,48XXXX,97,1,N,UNKNOWN,22866.76,25000,MIAMI-DADE,FL,1,Loan-113843,35
Oh The Pawsabilities LLC,Brooklyn Park,MN,55XXX,CORPORATION,The Huntington National Bank,COLUMBUS,OH,432XX,6560,5.75,V,81XXXX,107,1,Y,UNKNOWN,29500.0,15000,HENNEPIN,MN,1,Loan-113897,35
ROLLEN TRANSPORT LLC,WARNER ROBINS,GA,31XXX,CORPORATION,"Wells Fargo Bank, National Association",SIOUX FALLS,SD,571XX,3511,9.25,V,48XXXX,91,1,N,UNKNOWN,19751.81,20000,BIBB,GA,1,Loan-113919,36
TAQUERIA MORELIA & MEXICAN GRI,PORTLAND,TN,37XXX,CORPORATION,"U.S. Bank, National Association",CINCINNATI,OH,452XX,6548,6.49,F,72XXXX,41,0,Y,UNKNOWN,31132.84,33800,SUMNER,TN,1,Loan-113950,35
Cadence Trucking LLC,XXXX,MI,48XXX,CORPORATION,The Huntington National Bank,COLUMBUS,OH,432XX,6560,5.25,V,48XXXX,30,0,Y,UNKNOWN,33018.75,34000,GENESEE,MI,1,Loan-114012,35
Christian Brothers Transportat,SPRING HILL,TN,37XXX,CORPORATION,Trustmark National Bank,JACKSON,MS,392XX,4988,5.75,F,48XXXX,48,0,Y,UNKNOWN,57230.0,72500,WILLIAMSON,TN,1,Loan-114018,35
DESIRE CA LLC,XXXX,CA,95XXX,CORPORATION,"Wells Fargo Bank, National Association",SIOUX FALLS,SD,571XX,3511,8.75,V,44XXXX,90,1,N,UNKNOWN,13840.06,15000,NEVADA,CA,1,Loan-114029,36
Keystone Southern Stud Weld L,Irving,TX,75XXX,CORPORATION,The Huntington National Bank,COLUMBUS,OH,432XX,6560,5.5,V,33XXXX,120,0,Y,Y,0.0,1209300,DALLAS,TX,0,Loan-114085,34
Outset Landscapes LLC,XXXX,FL,32XXX,CORPORATION,Lake Michigan CU,GRAND RAPIDS,MI,495XX,Lake Michi-49512,6.0,V,56XXXX,120,0,Y,Y,1648095.87,1779300,CLAY,FL,1,Loan-114119,35
THE DAHLIA CENTER LLC,MEDINA,OH,44XXX,CORPORATION,The Huntington National Bank,COLUMBUS,OH,432XX,6560,5.25,V,62XXXX,48,1,N,UNKNOWN,50125.0,50000,MEDINA,OH,1,Loan-114178,35
Three Little Birds Trucking LL,ROCHESTER,MN,55XXX,CORPORATION,Minnwest Bank,REDWOOD FALLS,MN,562XX,16958,5.5,V,48XXXX,91,0,Y,UNKNOWN,322411.85,808700,OLMSTED,MN,1,Loan-114183,35
Mi-Box of Manatee and Sarasota,PALMETTO,FL,34XXX,CORPORATION,Live Oak Banking Company,WILMINGTON,NC,284XX,58665,5.0,V,53XXXX,312,0,Y,UNKNOWN,0.0,1714000,MANATEE,FL,0,Loan-114351,32
EP Freight LLC,MERIDEN,CT,64XXX,CORPORATION,"TD Bank, National Association",WILMINGTON,DE,198XX,18409,9.75,V,48XXXX,43,0,N,UNKNOWN,24955.0,25000,NEW HAVEN,CT,1,Loan-114497,35
Key Hotel Management LLC,TROY,MI,48XXX,CORPORATION,Citizens Bank,ELIZABETHTON,TN,376XX,14851,5.25,V,72XXXX,304,0,Y,Y,0.0,4250000,OAKLAND,MI,0,Loan-114534,33
SAGAT TRANSPORTATION LLC,XXXX,VA,20XXX,CORPORATION,"Wells Fargo Bank, National Association",SIOUX FALLS,SD,571XX,3511,10.0,V,48XXXX,98,1,N,UNKNOWN,14992.0,15000,PRINCE WILLIAM,VA,1,Loan-114569,34
BRUNOS LOGISTICS CORP,XXXX,IL,60XXX,CORPORATION,"JPMorgan Chase Bank, National Association",COLUMBUS,OH,432XX,628,8.8,V,48XXXX,95,1,Y,UNKNOWN,39767.32,40000,COOK,IL,1,Loan-114627,35
Central Flyway Logistics Corp,XXXX,TX,75XXX,CORPORATION,Byline Bank,CHICAGO,IL,606XX,20624,6.25,V,48XXXX,101,0,Y,UNKNOWN,936445.39,975000,ANGELINA,TX,1,Loan-114633,35
SAINT MINA & SAINT LUCINDA LL,PLANO,TX,75XXX,CORPORATION,Hanmi Bank,LOS ANGELES,CA,900XX,24170,5.25,V,72XXXX,111,0,Y,Y,366675.71,431000,COLLIN,TX,1,Loan-114745,35
Tropical Breeze Enterprise LLC,LONG BEACH,CA,90XXX,CORPORATION,"JPMorgan Chase Bank, National Association",COLUMBUS,OH,432XX,628,11.08,F,54XXXX,44,0,Y,UNKNOWN,8689.97,10000,LOS ANGELES,CA,1,Loan-114963,35
9 FLAGS SOLAR ENERGY LLC,NACOGDOCHES,TX,75XXX,CORPORATION,"Commercial Bank of Texas, N.A.",NACOGDOCHES,TX,759XX,1209,5.25,V,22XXXX,15,1,Y,UNKNOWN,149090.75,150000,NACOGDOCHES,TX,1,Loan-114986,34
BEST DEAL APPLIANCES & FURNITU,PATERSON,NJ,75XXX,CORPORATION,Manufacturers and Traders Trust Company,BUFFALO,NY,142XX,588,7.25,V,42XXXX,102,0,N,UNKNOWN,0.0,80000,PASSAIC,NJ,0,Loan-114996,32
Carl Preston CCAS Trucking LLC,XXXX,FL,34XXX,INDIVIDUAL,"Readycap Lending, LLC",BERKELEY HEIGHTS,NJ,792XX,Readycap L-7922,8.25,V,48XXXX,65,0,N,Y,18794.11,20500,OSCEOLA,FL,1,Loan-115008,35
DARK COTTAGE LLC,RICHMOND,VA,23XXX,CORPORATION,Manufacturers and Traders Trust Company,BUFFALO,NY,142XX,588,6.99,F,44XXXX,60,0,N,UNKNOWN,0.0,75000,RICHMOND CITY,VA,0,Loan-115022,16
Wild Wolf Transportation Group,HOUSTON,TX,77XXX,CORPORATION,Bank of Hope,LOS ANGELES,CA,900XX,26610,6.25,V,48XXXX,39,0,Y,UNKNOWN,196218.34,250000,HARRIS,TX,1,Loan-115173,35
BKK Enterprises LLC,SAN MATEO,CA,94XXX,CORPORATION,"United Midwest Savings Bank, National Association",DE GRAFF,OH,433XX,32441,6.25,V,56XXXX,95,0,Y,Y,133883.77,150000,SAN MATEO,CA,1,Loan-115191,34
DOOR FACTORY INC,HOLLYWOOD,FL,33XXX,CORPORATION,Cadence Bank,TUPELO,MS,388XX,11813,6.25,V,32XXXX,97,0,Y,Y,331346.98,350000,BROWARD,FL,1,Loan-115221,34
Val Com Appraisal LLC,XXXX,CA,92XXX,CORPORATION,"Readycap Lending, LLC",BERKELEY HEIGHTS,NJ,792XX,Readycap L-7922,6.25,V,53XXXX,107,0,Y,Y,129390.73,135000,ORANGE,CA,1,Loan-115359,35
Gypsy Trucking LLC,Lorain,OH,44XXX,CORPORATION,The Huntington National Bank,COLUMBUS,OH,432XX,6560,5.5,V,48XXXX,70,0,Y,UNKNOWN,19999.76,38500,LORAIN,OH,1,Loan-115432,34
Ironclad Trucking LLC,Springfield,MO,65XXX,CORPORATION,OMB Bank,SPRINGFIELD,MO,658XX,8252,5.5,V,48XXXX,55,0,Y,UNKNOWN,115021.25,157100,GREENE,MO,1,Loan-115441,35
Midwest Diners LLC,XXXX,WI,53XXX,CORPORATION,Citizens Bank,MUKWONAGO,WI,531XX,13055,6.25,F,72XXXX,90,0,Y,UNKNOWN,0.0,50000,MILWAUKEE,WI,0,Loan-115478,18
Clarity and Wellness LLC,MARLTON,NJ,80XXX,CORPORATION,"TD Bank, National Association",WILMINGTON,DE,198XX,18409,9.75,F,62XXXX,28,0,N,UNKNOWN,7781.1,10000,BURLINGTON,NJ,1,Loan-115588,35
Pure Skin By Lara Corporation,XXXX,NJ,78XXX,CORPORATION,"TD Bank, National Association",WILMINGTON,DE,198XX,18409,9.3,V,81XXXX,54,0,Y,UNKNOWN,20370.82,25000,MORRIS,NJ,1,Loan-115705,35
PORTLAND TRUCKING COMPANY LLC,GRESHAM,OR,97XXX,CORPORATION,"U.S. Bank, National Association",CINCINNATI,OH,452XX,6548,6.25,V,48XXXX,87,1,Y,UNKNOWN,186344.28,200000,MULTNOMAH,OR,1,Loan-115881,33
BROWN AND DAUGHTERS GROUP LLC,MARIETTA,GA,30XXX,CORPORATION,"United Midwest Savings Bank, National Association",DE GRAFF,OH,433XX,32441,6.25,V,81XXXX,106,0,Y,Y,142325.15,150000,COBB,GA,1,Loan-115973,34
BUD MASON CONSULTING LLC,HENDERSON,NV,89XXX,CORPORATION,"Wells Fargo Bank, National Association",SIOUX FALLS,SD,571XX,3511,10.0,V,54XXXX,120,1,N,UNKNOWN,0.0,15000,CLARK,NV,0,Loan-115974,34
MEZA POULTRY LLC,EL MONTE,CA,91XXX,CORPORATION,"Wells Fargo Bank, National Association",SIOUX FALLS,SD,571XX,3511,10.0,V,31XXXX,93,1,N,UNKNOWN,9366.07,10000,LOS ANGELES,CA,1,Loan-116056,33
Ready Willing and Able Truckin,XXXX,NY,11XXX,CORPORATION,"TD Bank, National Association",WILMINGTON,DE,198XX,18409,9.3,V,48XXXX,108,0,Y,UNKNOWN,15000.0,15000,QUEENS,NY,1,Loan-116080,35
Raul Figueroa,SANTA BARBARA,CA,93XXX,INDIVIDUAL,Montecito Bank & Trust,SANTA BARBARA,CA,931XX,21956,8.75,F,23XXXX,46,0,Y,UNKNOWN,69920.75,75000,SANTA BARBARA,CA,1,Loan-116290,35
Selfie Space LLC,Peoria,IL,61XXX,CORPORATION,Commerce Bank,KANSAS CITY,MO,641XX,24998,6.25,F,54XXXX,59,0,N,UNKNOWN,128909.82,150000,PEORIA,IL,1,Loan-116312,35
TEAlicious Drinks and Desserts,XXXX,WA,98XXX,INDIVIDUAL,Celtic Bank Corporation,SALT LAKE CITY,UT,841XX,57056,6.25,V,72XXXX,99,0,Y,Y,135810.09,150000,PIERCE,WA,1,Loan-116327,35
EQUITY ECONOMIC SERVICES LLC,MIAMI,FL,33XXX,CORPORATION,"Wells Fargo Bank, National Association",SIOUX FALLS,SD,571XX,3511,9.0,V,54XXXX,107,1,N,UNKNOWN,9978.7,10000,MIAMI-DADE,FL,1,Loan-116398,35
Alpine Laser LLC,Bloomington,MN,55XXX,CORPORATION,Platinum Bank,OAKDALE,MN,551XX,58511,6.25,V,33XXXX,120,1,Y,UNKNOWN,0.0,350000,HENNEPIN,MN,0,Loan-116514,30
Nail Haven & Spa LLC,Cleveland,OH,44XXX,CORPORATION,The Huntington National Bank,COLUMBUS,OH,432XX,6560,5.5,V,81XXXX,91,0,Y,UNKNOWN,70076.48,100000,CUYAHOGA,OH,1,Loan-116626,34
Olivetree Services LLC,Fayetteville,NC,28XXX,CORPORATION,HomeTrust Bank,ASHEVILLE,NC,288XX,27677,6.25,V,23XXXX,104,0,Y,Y,337720.89,350000,CUMBERLAND,NC,1,Loan-116630,35
XTREME BULL RIDES LLC ,XXXX,OH,44XXX,CORPORATION,The Huntington National Bank,COLUMBUS,OH,432XX,6560,6.25,V,71XXXX,107,0,N,Y,90586.85,120000,STARK,OH,1,Loan-116708,34
IMP Enterprises Inc.,CARROLLTON,TX,75XXX,CORPORATION,Umpqua Bank,Lake Oswego,OR,970XX,17266,6.0,V,44XXXX,91,0,Y,Y,616597.07,685300,DALLAS,TX,1,Loan-116802,34
Josie's Cleaning,LAGUNA HILLS,CA,92XXX,INDIVIDUAL,"Readycap Lending, LLC",BERKELEY HEIGHTS,NJ,792XX,Readycap L-7922,8.25,V,81XXXX,73,0,N,Y,23439.91,25000,ORANGE,CA,1,Loan-116814,35
BRAIDSBLACKWAY LLC,New Orleans,LA,70XXX,CORPORATION,"Readycap Lending, LLC",BERKELEY HEIGHTS,NJ,792XX,Readycap L-7922,8.25,V,81XXXX,76,0,N,Y,24347.01,25000,ORLEANS,LA,1,Loan-116948,35
Loma Brands LLC,Chicago,IL,60XXX,CORPORATION,The Huntington National Bank,COLUMBUS,OH,432XX,6560,5.75,V,45XXXX,95,0,N,UNKNOWN,10307.23,12000,COOK,IL,1,Loan-117033,34
Think Green Fun LLC,San Diego,CA,92XXX,CORPORATION,Celtic Bank Corporation,SALT LAKE CITY,UT,841XX,57056,6.25,V,45XXXX,120,0,Y,Y,0.0,100000,SAN DIEGO,CA,0,Loan-117106,33
WALISYS INC,XXXX,NY,11XXX,INDIVIDUAL,"TD Bank, National Association",WILMINGTON,DE,198XX,18409,10.0,V,54XXXX,98,0,N,UNKNOWN,20000.0,20000,NASSAU,NY,1,Loan-117116,35
JPC Online Holdings LLC,SIOUX FALLS,SD,57XXX,CORPORATION,Northeast Bank,LEWISTON,ME,424XX,19690,6.25,V,44XXXX,94,0,N,Y,21896.47,25000,MINNEHAHA,SD,1,Loan-117220,34
KADUCEUS HOLDINGS INC.,HOUSTON,TX,77XXX,CORPORATION,BayFirst National Bank,Saint Petersburg,FL,337XX,34997,6.25,V,61XXXX,108,0,Y,Y,332307.31,350000,HARRIS,TX,1,Loan-117222,35
RLP Trucking LLC,FLORENCE,SC,29XXX,CORPORATION,"TD Bank, National Association",WILMINGTON,DE,198XX,18409,9.05,F,48XXXX,36,0,N,UNKNOWN,0.0,15000,FLORENCE,SC,0,Loan-117274,24
Valerie's Jewelry LLC,SOUTH RICHMOND HILL,NY,11XXX,CORPORATION,"TD Bank, National Association",WILMINGTON,DE,198XX,18409,9.5,F,44XXXX,31,0,N,UNKNOWN,18523.38,25000,QUEENS,NY,1,Loan-117317,34
Ashlar Group LLC,Idaho Falls,ID,83XXX,CORPORATION,"Zions Bank, A Division of",SALT LAKE CITY,UT,841XX,2270,6.0,V,56XXXX,105,0,Y,UNKNOWN,210140.22,217000,BONNEVILLE,ID,1,Loan-117354,34
CNG MOVING & HAULING CORP.,HOLLYWOOD,FL,33XXX,CORPORATION,"United Midwest Savings Bank, National Association",DE GRAFF,OH,433XX,32441,6.25,V,48XXXX,102,0,Y,Y,143300.74,150000,BROWARD,FL,1,Loan-117379,34
Medina Realty Inc,MINNEAPOLIS,MN,55XXX,CORPORATION,Cadence Bank,TUPELO,MS,388XX,11813,6.25,V,53XXXX,88,0,Y,Y,186909.25,200000,HENNEPIN,MN,1,Loan-117469,34
ANJ Business Holdings LLC,XXXX,FL,34XXX,CORPORATION,"CRF Small Business Loan Company, LLC",MINNEAPOLIS,MN,554XX,CRF Small -55402,6.25,V,56XXXX,104,0,Y,Y,202176.1,226500,SARASOTA,FL,1,Loan-117594,34
Sunmax Tan and Wellness LLC,XXXX,MO,64XXX,CORPORATION,Community Bank and Trust,XXXX,MO,648XX,13068,9.25,F,81XXXX,44,0,Y,UNKNOWN,19669.68,20000,NEWTON,MO,1,Loan-117759,35
Chisel L.L.C.,XXXX,MI,48XXX,CORPORATION,The Huntington National Bank,COLUMBUS,OH,432XX,6560,5.5,V,81XXXX,59,0,Y,UNKNOWN,37290.61,40000,OAKLAND,MI,1,Loan-117828,34
KMCOOL LLC,WEST HOLLYWOOD,CA,90XXX,CORPORATION,"United Midwest Savings Bank, National Association",DE GRAFF,OH,433XX,32441,6.25,V,56XXXX,94,0,Y,Y,134263.8,150000,LOS ANGELES,CA,1,Loan-117905,34
Tailored Wigs By Taylor J LLC,Richmond,VA,23XXX,CORPORATION,"Readycap Lending, LLC",BERKELEY HEIGHTS,NJ,792XX,Readycap L-7922,8.25,V,42XXXX,75,0,N,Y,14654.71,15000,RICHMOND CITY,VA,1,Loan-118001,34
The Culberson Learning Station,XXXX,TX,76XXX,CORPORATION,"Wells Fargo Bank, National Association",SIOUX FALLS,SD,571XX,3511,6.5,F,61XXXX,90,0,Y,UNKNOWN,152040.48,154100,TARRANT,TX,1,Loan-118005,34
TRYCYCLE LLC,COLUMBIA,MO,65XXX,CORPORATION,The Bank of Missouri,PERRYVILLE,MO,637XX,1617,5.25,V,71XXXX,100,0,Y,UNKNOWN,592358.7,611100,BOONE,MO,1,Loan-118020,34
Lakeside Ventures LLC,Minnetonka,MN,55XXX,CORPORATION,Bridgewater Bank,SAINT LOUIS PARK,MN,554XX,58210,5.5,V,72XXXX,60,0,Y,UNKNOWN,191181.42,240000,HENNEPIN,MN,1,Loan-118141,34
Sepoli LLC,Napa,CA,94XXX,CORPORATION,CDC Small Business Finance Corp.,San Diego,CA,921XX,CDC Small -92106,6.75,V,31XXXX,96,0,Y,Y,80575.87,88500,NAPA,CA,1,Loan-118205,34
ALA VISTA GP LLC,LAKE CITY,FL,32XXX,CORPORATION,"TD Bank, National Association",WILMINGTON,DE,198XX,18409,9.05,F,54XXXX,24,0,N,UNKNOWN,0.0,25000,COLUMBIA,FL,0,Loan-118262,30
JUMP RESTAURANT BRANDS LLC,Milton,GA,30XXX,CORPORATION,"Patriot Bank, National Association",STAMFORD,CT,690XX,33928,6.0,V,72XXXX,106,0,N,Y,103695.28,100000,FULTON,GA,1,Loan-118364,34
Olympus AXV Solutions Inc.,MONTEREY PARK,CA,91XXX,CORPORATION,"PNC Bank, National Association",WILMINGTON,DE,198XX,6384,7.1,V,22XXXX,4,1,Y,UNKNOWN,150000.0,150000,LOS ANGELES,CA,1,Loan-118397,34
MCM DYNAMICS LLC,XXXX,NY,11XXX,CORPORATION,"Wells Fargo Bank, National Association",SIOUX FALLS,SD,571XX,3511,9.0,V,42XXXX,94,1,N,UNKNOWN,13653.94,15000,SUFFOLK,NY,1,Loan-118615,35
Michigan Pure Cleaning Service,Taylor,MI,48XXX,CORPORATION,The Huntington National Bank,COLUMBUS,OH,432XX,6560,6.1,V,56XXXX,46,0,Y,UNKNOWN,14705.44,15000,WAYNE,MI,1,Loan-118620,34
Poolscapes and More LLC,Pittsburgh,PA,15XXX,CORPORATION,The Huntington National Bank,COLUMBUS,OH,432XX,6560,5.5,V,54XXXX,102,1,N,UNKNOWN,123791.32,125000,ALLEGHENY,PA,1,Loan-118642,34
United States Parking,Los Angeles,CA,90XXX,CORPORATION,Celtic Bank Corporation,SALT LAKE CITY,UT,841XX,57056,6.25,V,81XXXX,110,0,Y,Y,144682.64,150000,LOS ANGELES,CA,1,Loan-118703,34
NYLYB INTERNATIONAL LIMITED LI,WASHINGTON,DC,20XXX,CORPORATION,Manufacturers and Traders Trust Company,BUFFALO,NY,142XX,588,8.0,V,44XXXX,65,0,Y,UNKNOWN,137817.72,150000,DISTRICT OF COLUMBIA,DC,1,Loan-118821,33
2 BROTHERS TRANSPORT LLC,ALLENTOWN,PA,18XXX,CORPORATION,"Wells Fargo Bank, National Association",SIOUX FALLS,SD,571XX,3511,10.0,V,48XXXX,105,1,N,UNKNOWN,9858.62,10000,LEHIGH,PA,1,Loan-118886,34
C&G Transportation LLC,HATTIESBURG,MS,39XXX,CORPORATION,Trustmark National Bank,JACKSON,MS,392XX,4988,6.5,F,48XXXX,27,0,Y,UNKNOWN,14333.74,30000,FORREST,MS,1,Loan-118919,34
Cake n Shake LLC,LOCUST GROVE,GA,30XXX,CORPORATION,"Readycap Lending, LLC",BERKELEY HEIGHTS,NJ,792XX,Readycap L-7922,6.25,V,72XXXX,111,0,Y,Y,169604.19,173500,HENRY,GA,1,Loan-118921,33
Hamilton Mercado Inc,PATERSON,NJ,75XXX,CORPORATION,"TD Bank, National Association",WILMINGTON,DE,198XX,18409,10.0,V,72XXXX,113,0,N,UNKNOWN,25000.0,25000,PASSAIC,NJ,1,Loan-119166,34
NEWWAVE STRATEGIES LLC,NEW BRAUNFELS,TX,78XXX,CORPORATION,Five Star Bank,Rancho Cordova,CA,956XX,35361,6.0,V,54XXXX,114,0,Y,Y,97648.12,100000,ORANGE,CA,1,Loan-119221,34
Pacific One Collision and Rest,XXXX,WA,98XXX,CORPORATION,Kitsap Bank,XXXX,WA,983XX,6161,5.75,V,81XXXX,96,1,Y,UNKNOWN,0.0,60000,KING,WA,0,Loan-119231,30
Keep Safe Investment LLC,XXXX,MN,55XXX,        ,Falcon National Bank,FOLEY,MN,563XX,57603,5.25,V,52XXXX,274,0,Y,UNKNOWN,271198.26,392000,HENNEPIN,MN,1,Loan-119413,34
Nu Ascent LLC,MIAMI,FL,33XXX,CORPORATION,"TD Bank, National Association",WILMINGTON,DE,198XX,18409,10.0,V,48XXXX,55,0,N,UNKNOWN,19934.19,20000,MIAMI-DADE,FL,1,Loan-119442,34
esGlobal Products LLC,STATEN ISLAND,NY,10XXX,CORPORATION,"TD Bank, National Association",WILMINGTON,DE,198XX,18409,9.75,F,45XXXX,16,0,Y,UNKNOWN,25000.0,25000,RICHMOND,NY,1,Loan-119554,34
AAA CONSULTANT LLC,ELK GROVE,CA,95XXX,CORPORATION,"U.S. Bank, National Association",CINCINNATI,OH,452XX,6548,6.99,F,53XXXX,35,0,Y,UNKNOWN,39082.9,50000,SACRAMENTO,CA,1,Loan-119697,34
Extensive Enterprises LLC,CHICAGO,IL,60XXX,CORPORATION,"JPMorgan Chase Bank, National Association",COLUMBUS,OH,432XX,628,10.33,F,61XXXX,84,0,Y,UNKNOWN,0.0,42000,COOK,IL,0,Loan-119753,8
WHITHAM GROUP LLC,WINDSOR,CA,95XXX,CORPORATION,BayFirst National Bank,Saint Petersburg,FL,337XX,34997,6.25,V,56XXXX,97,0,Y,Y,142001.62,150000,SONOMA,CA,1,Loan-119871,34
BRAIDSBLACKWAY LLC,Slidell,LA,70XXX,CORPORATION,Celtic Bank Corporation,SALT LAKE CITY,UT,841XX,57056,8.25,V,81XXXX,115,0,Y,Y,24847.93,25000,SAINT TAMMANY,LA,1,Loan-119899,34
I & H Properties Inc,SPRING VALLEY,NY,10XXX,CORPORATION,"TD Bank, National Association",WILMINGTON,DE,198XX,18409,9.3,V,53XXXX,49,0,N,UNKNOWN,23643.7,25000,ROCKLAND,NY,1,Loan-119960,34
McGlone Consulting LLC,WILMINGTON,DE,19XXX,CORPORATION,"TD Bank, National Association",WILMINGTON,DE,198XX,18409,9.75,V,54XXXX,51,0,N,UNKNOWN,20000.0,20000,NEW CASTLE,DE,1,Loan-119999,34
108 PLLC,SIOUX FALLS,SD,57XXX,CORPORATION,Minnwest Bank,REDWOOD FALLS,MN,562XX,16958,6.25,V,62XXXX,105,0,Y,UNKNOWN,188983.92,288000,MINNEHAHA,SD,1,Loan-120077,34
LX2 Entertainment Corp.,XXXX,NY,11XXX,CORPORATION,"Readycap Lending, LLC",BERKELEY HEIGHTS,NJ,792XX,Readycap L-7922,6.25,V,71XXXX,99,0,Y,Y,0.0,350000,NASSAU,NY,0,Loan-120188,25
Rome Leite is The Right Color,DANBURY,CT,68XXX,INDIVIDUAL,Manufacturers and Traders Trust Company,BUFFALO,NY,142XX,588,10.0,V,23XXXX,39,0,N,UNKNOWN,24964.42,25000,FAIRFIELD,CT,1,Loan-120240,34
SKIN PRO LLC,OXNARD,CA,93XXX,CORPORATION,First Savings Bank,Jeffersonville,IN,471XX,29961,6.25,V,45XXXX,105,0,Y,Y,992028.35,1007500,VENTURA,CA,1,Loan-120248,34
Sunset Group Realty Inc.,Oak Park,CA,91XXX,CORPORATION,Celtic Bank Corporation,SALT LAKE CITY,UT,841XX,57056,6.25,V,53XXXX,103,0,Y,Y,131253.84,150000,VENTURA,CA,1,Loan-120446,34
Delta Tango Four LLC,Racine,WI,53XXX,CORPORATION,Western State Bank,DEVILS LAKE,ND,583XX,9123,6.25,V,72XXXX,111,0,Y,Y,435111.11,450000,RACINE,WI,1,Loan-120513,33
Harley Logistics LLC,XXXX,MD,21XXX,CORPORATION,"TD Bank, National Association",WILMINGTON,DE,198XX,18409,9.75,F,48XXXX,32,0,N,UNKNOWN,12950.02,15000,BALTIMORE,MD,1,Loan-120534,33
TNW Creations LLC,PFLUGERVILLE,TX,78XXX,CORPORATION,"Readycap Lending, LLC",BERKELEY HEIGHTS,NJ,792XX,Readycap L-7922,6.25,V,54XXXX,102,0,Y,Y,93773.81,101400,TRAVIS,TX,1,Loan-120616,34
WE THE PEOPLE LOGISTICS LLC,PROVO,UT,84XXX,CORPORATION,"Wells Fargo Bank, National Association",SIOUX FALLS,SD,571XX,3511,8.5,V,48XXXX,105,1,N,UNKNOWN,13812.62,15000,UTAH,UT,1,Loan-120628,34
Meraki Care LLC,Beaumont,CA,92XXX,CORPORATION,CDC Small Business Finance Corp.,San Diego,CA,921XX,CDC Small -92106,8.25,V,62XXXX,101,0,Y,Y,207668.58,222000,RIVERSIDE,CA,1,Loan-120759,33
BLUE JAY TRANSPORTATION LLC,BAKERSFIELD,CA,93XXX,CORPORATION,"Wells Fargo Bank, National Association",SIOUX FALLS,SD,571XX,3511,10.0,V,48XXXX,93,1,N,UNKNOWN,7499.66,7500,KERN,CA,1,Loan-120875,34
Tricake Cupcakes & Treats LLC,Flint,MI,48XXX,CORPORATION,The Huntington National Bank,COLUMBUS,OH,432XX,6560,6.0,V,44XXXX,62,0,Y,UNKNOWN,28260.43,25000,GENESEE,MI,1,Loan-121046,33
Code 1 Maintenance LLC,TUCSON,AZ,85XXX,CORPORATION,Five Star Bank,Rancho Cordova,CA,956XX,35361,6.0,V,61XXXX,96,0,Y,Y,311532.9,350000,PIMA,AZ,1,Loan-121107,34
GRM LLC,BALTIMORE,MD,21XXX,CORPORATION,"TD Bank, National Association",WILMINGTON,DE,198XX,18409,7.3,V,23XXXX,81,0,Y,UNKNOWN,0.0,150000,BALTIMORE CITY,MD,0,Loan-121138,31
SAUCEGE LLC,PONTE VEDRA,FL,32XXX,CORPORATION,"Wells Fargo Bank, National Association",SIOUX FALLS,SD,571XX,3511,10.0,V,72XXXX,110,1,N,UNKNOWN,14908.64,15000,SAINT JOHNS,FL,1,Loan-121239,34
A&L STINGRAY ENTERPRISES LLC,EL PASO,TX,79XXX,CORPORATION,"Wells Fargo Bank, National Association",SIOUX FALLS,SD,571XX,3511,10.0,V,48XXXX,120,1,N,UNKNOWN,9680.12,10000,EL PASO,TX,1,Loan-121297,34
BOSHART LLC,XXXX,PA,17XXX,PARTNERSHIP,Manufacturers and Traders Trust Company,BUFFALO,NY,142XX,588,5.75,V,56XXXX,60,0,Y,UNKNOWN,0.0,100000,DAUPHIN,PA,0,Loan-121330,29
MC EXPRESS TRANSPORT LLC,APOPKA,FL,32XXX,CORPORATION,"JPMorgan Chase Bank, National Association",COLUMBUS,OH,432XX,628,6.25,V,48XXXX,120,1,Y,UNKNOWN,179920.35,180000,ORANGE,FL,1,Loan-121416,33
Seaberry Decorative Concrete D,GARLAND,TX,75XXX,CORPORATION,PeopleFund,Austin,TX,787XX,PeopleFund-78702,5.0,F,23XXXX,64,0,Y,UNKNOWN,113417.71,126500,DALLAS,TX,1,Loan-121462,34
Tucan services Corp,LAWRENCE,MA,18XXX,CORPORATION,"TD Bank, National Association",WILMINGTON,DE,198XX,18409,10.0,V,23XXXX,94,1,N,UNKNOWN,14596.77,15000,ESSEX,MA,1,Loan-121488,34
OUR WAY LOGISTICS LLC,CLEVELAND,OH,44XXX,CORPORATION,The Huntington National Bank,COLUMBUS,OH,432XX,6560,6.15,V,48XXXX,84,0,N,UNKNOWN,0.0,165700,CUYAHOGA,OH,0,Loan-121649,23
Smooth City LLC,Vancouver,WA,98XXX,CORPORATION,The Huntington National Bank,COLUMBUS,OH,432XX,6560,6.0,V,81XXXX,89,1,Y,UNKNOWN,24969.05,25000,CLARK,WA,1,Loan-121687,33
Synovation Integrated Partners,Queen Creek,AZ,85XXX,CORPORATION,CDC Small Business Finance Corp.,San Diego,CA,921XX,CDC Small -92106,8.25,V,62XXXX,95,0,Y,Y,65772.7,72000,PINAL,AZ,1,Loan-121694,34
Aderica Investments Co,CYPRESS,TX,77XXX,CORPORATION,"JPMorgan Chase Bank, National Association",COLUMBUS,OH,432XX,628,9.33,F,56XXXX,33,0,Y,UNKNOWN,64519.58,90000,HARRIS,TX,1,Loan-121746,33
LMS ENTERPRISES INC,MADISON,MS,39XXX,CORPORATION,Northeast Bank,LEWISTON,ME,424XX,19690,6.25,V,81XXXX,102,0,N,Y,23124.07,25000,MADISON,MS,1,Loan-121868,33
LUMPIA BAR LLC,PERRY,GA,31XXX,CORPORATION,"Wells Fargo Bank, National Association",SIOUX FALLS,SD,571XX,3511,9.5,V,72XXXX,105,1,N,UNKNOWN,14642.93,15000,HOUSTON,GA,1,Loan-121872,34
Athir Niqabs LLC,PLYMOUTH MEETING,PA,19XXX,CORPORATION,"TD Bank, National Association",WILMINGTON,DE,198XX,18409,10.0,V,42XXXX,104,1,N,UNKNOWN,10000.0,10000,MONTGOMERY,PA,1,Loan-122010,33
CEDRIC'S TRUCKING LLC,PLANTATION,FL,33XXX,CORPORATION,"PNC Bank, National Association",WILMINGTON,DE,198XX,6384,8.9,V,48XXXX,45,1,N,UNKNOWN,19500.0,20000,BROWARD,FL,1,Loan-122294,33
Chris Fowler,COSTA MESA,CA,92XXX,INDIVIDUAL,Cadence Bank,TUPELO,MS,388XX,11813,6.25,V,52XXXX,91,0,Y,Y,163895.37,175000,ORANGE,CA,1,Loan-122296,33
LONNIE'S LLC,XXXX,MA,23XXX,CORPORATION,Eastern Bank,Boston,MA,211XX,32773,7.24,V,45XXXX,108,1,Y,UNKNOWN,42878.87,50000,BRISTOL,MA,1,Loan-122398,34
M & Z LOGISTICS 21 LLC,WINTER HAVEN,FL,33XXX,CORPORATION,"Wells Fargo Bank, National Association",SIOUX FALLS,SD,571XX,3511,10.0,V,48XXXX,107,1,N,UNKNOWN,14723.72,15000,POLK,FL,1,Loan-122401,34
My Legal Team Inc.,LONG BEACH,CA,90XXX,CORPORATION,Comerica Bank,DALLAS,TX,752XX,983,5.25,V,54XXXX,120,0,Y,UNKNOWN,44706.0,57000,LOS ANGELES,CA,1,Loan-122422,33
AL NOWADAYS,GRANADA HILLS,CA,91XXX,CORPORATION,"Wells Fargo Bank, National Association",SIOUX FALLS,SD,571XX,3511,10.0,V,54XXXX,111,1,N,UNKNOWN,5000.0,5000,LOS ANGELES,CA,1,Loan-122526,34
KC'S CUSTOMS,XXXX,WA,98XXX,CORPORATION,"Wells Fargo Bank, National Association",SIOUX FALLS,SD,571XX,3511,9.5,V,45XXXX,95,1,N,UNKNOWN,9800.09,10000,OKANOGAN,WA,1,Loan-122623,34
Muhammad Faisal,HOUSTON,TX,77XXX,INDIVIDUAL,"Wells Fargo Bank, National Association",SIOUX FALLS,SD,571XX,3511,10.0,V,42XXXX,95,1,N,UNKNOWN,13989.62,15000,HARRIS,TX,1,Loan-122657,34
Reifman Law Firm P.L.L.C.,Southfield,MI,48XXX,CORPORATION,CDC Small Business Finance Corp.,San Diego,CA,921XX,CDC Small -92106,7.5,V,54XXXX,102,0,Y,Y,186021.17,200000,OAKLAND,MI,1,Loan-122690,33
LOADED DAIQUIRIS TO GO LLC,HOUSTON,TX,77XXX,CORPORATION,"Wells Fargo Bank, National Association",SIOUX FALLS,SD,571XX,3511,10.0,V,72XXXX,100,1,N,UNKNOWN,14603.0,15000,HARRIS,TX,1,Loan-122999,34
Nitsrik L.L.C.,SPRINGFIELD,PA,19XXX,CORPORATION,Manufacturers and Traders Trust Company,BUFFALO,NY,142XX,588,8.0,V,23XXXX,64,0,N,UNKNOWN,0.0,100000,DELAWARE,PA,0,Loan-123002,15
Bellan Logistics L.L.C.,DURHAM,NC,27XXX,CORPORATION,Granite Bank,Cold Spring,MN,563XX,5116,7.75,F,48XXXX,14,0,Y,UNKNOWN,25226.29,105000,MOWER,MN,1,Loan-123040,34
DAZZLING MASSAGE LLC,HIALEAH,FL,33XXX,CORPORATION,"Wells Fargo Bank, National Association",SIOUX FALLS,SD,571XX,3511,10.0,V,81XXXX,102,1,N,UNKNOWN,11774.9,15000,MIAMI-DADE,FL,1,Loan-123067,34
Civarrii LLC,ALEXANDRIA,VA,22XXX,CORPORATION,"TD Bank, National Association",WILMINGTON,DE,198XX,18409,10.0,F,45XXXX,48,0,N,UNKNOWN,22985.0,25000,FAIRFAX,VA,1,Loan-123249,33
Epic Contract and Permanent Pl,TORRANCE,CA,90XXX,CORPORATION,Cadence Bank,TUPELO,MS,388XX,11813,6.75,V,54XXXX,99,0,Y,Y,344843.89,350000,LOS ANGELES,CA,1,Loan-123274,32
THREE LOCAL JOKERS TRANSPORTAT,FORNEY,TX,75XXX,CORPORATION,"Readycap Lending, LLC",BERKELEY HEIGHTS,NJ,792XX,Readycap L-7922,8.75,V,48XXXX,76,0,N,Y,24572.84,25000,KAUFMAN,TX,1,Loan-123379,33
Elite Global Staffing Agency L,ORLANDO,FL,32XXX,CORPORATION,"JPMorgan Chase Bank, National Association",COLUMBUS,OH,432XX,628,6.583,V,56XXXX,95,1,Y,UNKNOWN,12441.33,15000,ORANGE,FL,1,Loan-123445,32
WINGLESS ANGELS SERVICE LLC,NORTH RICHLAND HILLS,TX,76XXX,CORPORATION,"Readycap Lending, LLC",BERKELEY HEIGHTS,NJ,792XX,Readycap L-7922,8.75,V,49XXXX,75,0,N,Y,24385.44,25000,TARRANT,TX,1,Loan-123578,33
3GIRLSCHAI INC,MINNEAPOLIS,MN,55XXX,CORPORATION,"U.S. Bank, National Association",CINCINNATI,OH,452XX,6548,8.65,F,72XXXX,36,0,N,UNKNOWN,0.0,25000,HENNEPIN,MN,0,Loan-123592,26
Nerdnik LLC,Everett,WA,98XXX,CORPORATION,The Huntington National Bank,COLUMBUS,OH,432XX,6560,6.5,V,54XXXX,94,1,Y,UNKNOWN,24150.2,25000,SNOHOMISH,WA,1,Loan-123708,32
Nerdnik LLC,Everett,WA,98XXX,CORPORATION,The Huntington National Bank,COLUMBUS,OH,432XX,6560,6.5,V,54XXXX,120,0,Y,UNKNOWN,208404.47,210500,SNOHOMISH,WA,1,Loan-123709,32
Play It all Forward LLC,BRENTWOOD,CA,94XXX,CORPORATION,CDC Small Business Finance Corp.,San Diego,CA,921XX,CDC Small -92106,8.25,V,42XXXX,90,0,Y,Y,112899.53,120000,CLARK,NV,1,Loan-123725,33
Stillman Agency LLC,XXXX,MI,49XXX,CORPORATION,1st Source Bank,SOUTH BEND,IN,466XX,9087,6.75,F,52XXXX,39,0,Y,UNKNOWN,82990.59,90000,KALAMAZOO,MI,1,Loan-123752,33
Victory Investments LLC,Sacramento,CA,95XXX,CORPORATION,CDC Small Business Finance Corp.,San Diego,CA,921XX,CDC Small -92106,8.0,V,44XXXX,88,0,Y,Y,0.0,125000,SACRAMENTO,CA,1,Loan-123780,33
FUTURE FITNESS LLC,XXXX,NJ,70XXX,CORPORATION,"United Midwest Savings Bank, National Association",DE GRAFF,OH,433XX,32441,6.75,V,81XXXX,100,0,Y,Y,138381.28,150000,UNION,NJ,1,Loan-123856,32
PURCELL QUALITY INC.,MAPLEWOOD,MN,55XXX,CORPORATION,Cadence Bank,TUPELO,MS,388XX,11813,6.75,V,23XXXX,120,0,Y,Y,327990.54,350000,RAMSEY,MN,1,Loan-123931,32
The Plant Zoo LLC,COLUMBUS,OH,43XXX,CORPORATION,"Readycap Lending, LLC",BERKELEY HEIGHTS,NJ,792XX,Readycap L-7922,8.75,V,44XXXX,72,0,N,Y,14620.37,15500,FRANKLIN,OH,1,Loan-123979,33
Bior Nail & Brows Lounge LLC,Columbus,OH,43XXX,CORPORATION,The Huntington National Bank,COLUMBUS,OH,432XX,6560,6.0,V,81XXXX,120,0,Y,UNKNOWN,0.0,140000,FRANKLIN,OH,0,Loan-124032,28
JAM BUILDERS L.L.C.,Murrieta,CA,92XXX,CORPORATION,CDC Small Business Finance Corp.,San Diego,CA,921XX,CDC Small -92106,8.5,V,23XXXX,98,0,Y,Y,231922.11,250000,RIVERSIDE,CA,1,Loan-124095,33
AZ Food LLC,CHANTILLY,VA,20XXX,CORPORATION,Citizens Bank,ELIZABETHTON,TN,376XX,14851,6.75,V,72XXXX,111,0,Y,Y,174813.12,252500,FAIRFAX,VA,1,Loan-124242,33
NEEL HAIR SALON LLC,STERLING HEIGHTS,MI,48XXX,CORPORATION,The Huntington National Bank,COLUMBUS,OH,432XX,6560,6.0,V,81XXXX,46,1,N,UNKNOWN,49182.74,50000,MACOMB,MI,1,Loan-124335,33
SULTRY F&B LIMITED,Pittsburgh,PA,15XXX,CORPORATION,The Huntington National Bank,COLUMBUS,OH,432XX,6560,6.0,V,72XXXX,105,1,N,UNKNOWN,49999.28,50000,ALLEGHENY,PA,1,Loan-124374,33
E-shop Labo Llc,CERRITOS,CA,90XXX,CORPORATION,"JPMorgan Chase Bank, National Association",COLUMBUS,OH,432XX,628,9.83,F,54XXXX,60,0,Y,UNKNOWN,50754.71,60000,LOS ANGELES,CA,1,Loan-124475,32
HAPPENING HOWELL'S TRANSPORT L,XXXX,NY,12XXX,CORPORATION,"Wells Fargo Bank, National Association",SIOUX FALLS,SD,571XX,3511,9.5,V,48XXXX,94,1,N,UNKNOWN,24781.72,25000,ORANGE,NY,1,Loan-124497,32
Legend Hot Chicken,BUENA PARK,CA,90XXX,INDIVIDUAL,Bank of Hope,LOS ANGELES,CA,900XX,26610,8.0,V,72XXXX,54,0,Y,UNKNOWN,67057.56,70000,LOS ANGELES,CA,1,Loan-124537,33
The George Group LLC,LAFAYETTE,LA,70XXX,INDIVIDUAL,Cadence Bank,TUPELO,MS,388XX,11813,6.75,V,53XXXX,91,0,Y,Y,234932.35,250000,RAPIDES,LA,1,Loan-124609,32
Virtuous Cleaning Atlanta LLC.,XXXX,GA,30XXX,CORPORATION,"Readycap Lending, LLC",BERKELEY HEIGHTS,NJ,792XX,Readycap L-7922,6.75,V,56XXXX,103,0,Y,Y,50288.54,53500,FULTON,GA,1,Loan-124624,33
Beach Bike Boys LLC,XXXX,NJ,77XXX,CORPORATION,Manufacturers and Traders Trust Company,BUFFALO,NY,142XX,588,10.5,V,53XXXX,99,1,Y,UNKNOWN,14499.6,15000,MONMOUTH,NJ,1,Loan-124662,32
Beach Bike Boys LLC,XXXX,NJ,77XXX,CORPORATION,Manufacturers and Traders Trust Company,BUFFALO,NY,142XX,588,6.5,V,53XXXX,42,0,Y,UNKNOWN,119357.29,150000,MONMOUTH,NJ,1,Loan-124663,32
Data Canopy Colocation LLC,COLUMBIA,MD,21XXX,CORPORATION,Firstrust Savings Bank,CONSHOHOCKEN,PA,194XX,26647,6.5,V,51XXXX,102,0,Y,Y,0.0,3100000,HOWARD,MD,0,Loan-124691,12
F8 ENTERPRISES L.L.C.,LAS VEGAS,NV,89XXX,CORPORATION,BayFirst National Bank,Saint Petersburg,FL,337XX,34997,6.75,V,48XXXX,102,0,Y,Y,141260.38,150000,CLARK,NV,1,Loan-124710,33
LUMINOUS VENTURES INC.,PALMETTO,FL,34XXX,CORPORATION,Live Oak Banking Company,WILMINGTON,NC,284XX,58665,6.04,V,33XXXX,145,0,Y,UNKNOWN,1470614.98,2000000,MANATEE,FL,1,Loan-124753,33
Synergy Contractors Group LLC,GIG HARBOR,WA,98XXX,CORPORATION,Umpqua Bank,Lake Oswego,OR,970XX,17266,6.5,V,23XXXX,92,0,Y,Y,343031.13,500000,KING,WA,1,Loan-124803,33
Synergy Contractors Group LLC,KENT,WA,98XXX,CORPORATION,Umpqua Bank,Lake Oswego,OR,970XX,17266,6.5,V,23XXXX,55,0,Y,UNKNOWN,303853.57,300000,KING,WA,1,Loan-125028,33
US Mattress Factory Inc,PHILADELPHIA,PA,19XXX,CORPORATION,"TD Bank, National Association",WILMINGTON,DE,198XX,18409,8.5,V,44XXXX,84,0,N,UNKNOWN,0.0,100000,PHILADELPHIA,PA,0,Loan-125043,31
2XP VENTURES LLC,NAPLES,FL,34XXX,CORPORATION,"Newtek Small Business Finance, Inc.",LAKE SUCCESS,NY,110XX,Newtek Sma-11042,10.5,V,54XXXX,112,0,Y,UNKNOWN,45000.0,45000,COLLIER,FL,1,Loan-125057,33
Nexus Building and Design,Santa Ana,CA,92XXX,CORPORATION,"Lendistry SBLC, LLC",Los Angeles,CA,900XX,Lendistry -90021,6.75,V,23XXXX,103,0,Y,Y,182887.96,190000,ORANGE,CA,1,Loan-125221,32
WISE MIND IOWA LLC,IOWA CITY,IA,52XXX,CORPORATION,MidWestOne Bank,IOWA CITY,IA,522XX,14843,5.25,V,62XXXX,91,0,Y,UNKNOWN,313753.35,350000,JOHNSON,IA,1,Loan-125278,33
E.F. Engineering Inc,Bloomington,MN,55XXX,CORPORATION,Highland Bank,St. Paul,MN,551XX,16111,6.75,V,33XXXX,60,1,Y,UNKNOWN,166096.59,150000,HENNEPIN,MN,1,Loan-125336,33
LAJUNKAWAY LLC,CHATSWORTH,CA,91XXX,CORPORATION,"U.S. Bank, National Association",CINCINNATI,OH,452XX,6548,6.9,F,56XXXX,42,0,Y,UNKNOWN,13063.78,15000,LOS ANGELES,CA,1,Loan-125594,33
M&M Fleet LLC,Middleburg Heights,OH,44XXX,CORPORATION,The Huntington National Bank,COLUMBUS,OH,432XX,6560,6.6,V,48XXXX,84,0,N,UNKNOWN,37220.74,65200,CUYAHOGA,OH,1,Loan-125602,32
CAHILL AUTO APPRAISAL SERVICES,Santa Clarita,CA,91XXX,CORPORATION,Celtic Bank Corporation,SALT LAKE CITY,UT,841XX,57056,6.75,V,44XXXX,101,0,Y,Y,120155.45,130000,LOS ANGELES,CA,1,Loan-125706,33
Intellect Earth LLC,Minnetonka,MN,55XXX,CORPORATION,The Huntington National Bank,COLUMBUS,OH,432XX,6560,6.0,V,54XXXX,84,0,Y,UNKNOWN,38786.7,50000,HENNEPIN,MN,1,Loan-125758,32
THERAPEUTIC CHANGE PLLC,VANCOUVER,WA,98XXX,CORPORATION,Northeast Bank,LEWISTON,ME,424XX,19690,6.75,V,62XXXX,98,0,N,Y,9664.67,22600,CLARK,WA,1,Loan-125835,32
DLU LLC,Kent,OH,44XXX,CORPORATION,Luminate Bank,Minneapolis,MN,554XX,16635,6.75,V,72XXXX,101,0,Y,UNKNOWN,769524.46,702000,PORTAGE,OH,1,Loan-125958,32
ELITE LEGAL GROUP LLC,GLENDALE,CA,91XXX,CORPORATION,Cadence Bank,TUPELO,MS,388XX,11813,6.75,V,54XXXX,98,0,Y,Y,317033.48,325000,LOS ANGELES,CA,1,Loan-125964,32
EXCITEMENT HOMES L.L.C.,LAKE CHARLES,LA,70XXX,CORPORATION,Cadence Bank,TUPELO,MS,388XX,11813,6.75,V,32XXXX,92,0,Y,Y,140935.19,350000,CALCASIEU,LA,1,Loan-125969,32
FRESH AND SMOOTH LLC,COLORADO SPRINGS,CO,80XXX,CORPORATION,"Wells Fargo Bank, National Association",SIOUX FALLS,SD,571XX,3511,9.5,V,81XXXX,100,1,N,UNKNOWN,14313.53,15000,EL PASO,CO,1,Loan-125979,33
wallingford gulf llc,BERLIN,CT,60XXX,CORPORATION,Webster Bank National Association,WATERBURY,CT,670XX,18221,7.0,V,81XXXX,105,1,Y,UNKNOWN,34600.71,50000,NEW HAVEN,CT,1,Loan-126368,32
A+ Prestige General Contractin,Chicago,IL,60XXX,CORPORATION,The Huntington National Bank,COLUMBUS,OH,432XX,6560,6.25,V,23XXXX,94,1,Y,UNKNOWN,35625.0,35500,COOK,IL,1,Loan-126645,32
SIMPLICITY WEIGHT LOSS LLC,PHOENIX,AZ,85XXX,CORPORATION,Cadence Bank,TUPELO,MS,388XX,11813,6.75,V,62XXXX,91,0,Y,Y,191907.98,200000,MARICOPA,AZ,1,Loan-126826,32
Sabella Hair Boutique LLC,TOMS RIVER,NJ,87XXX,CORPORATION,"TD Bank, National Association",WILMINGTON,DE,198XX,18409,9.05,F,81XXXX,48,0,Y,UNKNOWN,0.0,25000,OCEAN,NJ,0,Loan-127086,32
AOTMP,BLOOMINGTON,IN,47XXX,CORPORATION,Celtic Bank Corporation,SALT LAKE CITY,UT,841XX,57056,6.75,V,61XXXX,111,0,Y,Y,144891.19,150000,MARION,IN,1,Loan-127156,33
Colby West LLC,SEATTLE,WA,98XXX,CORPORATION,Commencement Bank,XXXX,WA,984XX,58446,6.5,F,45XXXX,85,0,Y,UNKNOWN,0.0,67600,KING,WA,0,Loan-127199,25
Valley Environmental Resources,PEORIA,AZ,85XXX,CORPORATION,Live Oak Banking Company,WILMINGTON,NC,284XX,58665,6.75,V,45XXXX,125,0,Y,UNKNOWN,2418403.17,3020000,MARICOPA,AZ,1,Loan-127388,32
Betsabeti LLC,HIALEAH,FL,33XXX,CORPORATION,"TD Bank, National Association",WILMINGTON,DE,198XX,18409,9.8,V,23XXXX,104,1,N,UNKNOWN,25000.0,25000,MIAMI-DADE,FL,1,Loan-127438,32
DNA Trucking Solutions LLC,SIMPSONVILLE,SC,29XXX,CORPORATION,"TD Bank, National Association",WILMINGTON,DE,198XX,18409,10.5,V,48XXXX,99,1,N,UNKNOWN,9962.43,10000,GREENVILLE,SC,1,Loan-127478,32
Golden Goose Eco System LLC,XXXX,NC,28XXX,CORPORATION,"TD Bank, National Association",WILMINGTON,DE,198XX,18409,11.25,V,54XXXX,46,0,Y,UNKNOWN,14213.96,15000,BRUNSWICK,NC,1,Loan-127510,32
MATTHEW T BRUNS TRUCKING LLC,XXXX,OH,45XXX,CORPORATION,"PNC Bank, National Association",WILMINGTON,DE,198XX,6384,10.5,V,48XXXX,120,1,N,UNKNOWN,0.0,25000,MONTGOMERY,OH,0,Loan-127562,26
Bernal Ventures LLC,XXXX,MN,55XXX,CORPORATION,The First State Bank of Rosemount,XXXX,MN,550XX,9769,5.5,F,72XXXX,62,0,Y,UNKNOWN,220262.28,270000,DAKOTA,MN,1,Loan-127738,33
GHOST TRUCKING LLC,BALTIMORE,MD,21XXX,CORPORATION,"Wells Fargo Bank, National Association",SIOUX FALLS,SD,571XX,3511,10.0,V,48XXXX,97,1,N,UNKNOWN,19999.74,20000,BALTIMORE CITY,MD,1,Loan-127846,32
Second Stories LLC,WARMINSTER,PA,19XXX,CORPORATION,"TD Bank, National Association",WILMINGTON,DE,198XX,18409,10.0,V,45XXXX,120,1,N,UNKNOWN,5999.31,6000,BUCKS,PA,1,Loan-128026,32
Staten 3D Innovation Inc,STATEN ISLAND,NY,10XXX,CORPORATION,"TD Bank, National Association",WILMINGTON,DE,198XX,18409,11.25,V,45XXXX,101,1,N,UNKNOWN,24939.64,25000,RICHMOND,NY,1,Loan-128044,32
K4 Mobile Detailing LLC,CANTON,OH,44XXX,CORPORATION,The Huntington National Bank,COLUMBUS,OH,432XX,6560,6.75,V,81XXXX,60,0,Y,UNKNOWN,50130.0,100100,SUMMIT,OH,1,Loan-128152,31
K4 Mobile Detailing LLC,CANTON,OH,44XXX,CORPORATION,The Huntington National Bank,COLUMBUS,OH,432XX,6560,7.5,V,81XXXX,97,0,Y,UNKNOWN,16992.3,17000,SUMMIT,OH,1,Loan-128153,31
Gibbons Restaurants Inc,CHESTER,VA,23XXX,CORPORATION,First National Bank of Pennsylvania,GREENVILLE,PA,161XX,7888,6.75,V,72XXXX,107,0,Y,UNKNOWN,504083.7,546000,CHESTERFIELD,VA,1,Loan-128273,31
Pacesetters Leadership Develop,ESCONDIDO,CA,92XXX,CORPORATION,Cadence Bank,TUPELO,MS,388XX,11813,6.75,V,54XXXX,92,0,Y,Y,338049.71,350000,SAN DIEGO,CA,1,Loan-128337,31
Motto Mortgage Priority,PORTLAND,OR,97XXX,CORPORATION,"Readycap Lending, LLC",BERKELEY HEIGHTS,NJ,792XX,Readycap L-7922,7.5,V,52XXXX,103,0,Y,Y,328267.36,350000,CLACKAMAS,OR,1,Loan-128678,32
Q-VISION OPTICS INCORPORATED,ARLINGTON HEIGHTS,IL,60XXX,CORPORATION,Bank of Hope,LOS ANGELES,CA,900XX,26610,8.5,V,42XXXX,41,0,Y,UNKNOWN,130763.15,150000,COOK,IL,1,Loan-128703,32
Rutledge Financial Partners LL,MATTHEWS,NC,28XXX,CORPORATION,BayFirst National Bank,Saint Petersburg,FL,337XX,34997,7.5,V,52XXXX,112,0,Y,Y,95949.88,98000,UNION,NC,1,Loan-128711,32
Mafys US Inc.,LAS VEGAS,NV,89XXX,CORPORATION,Cadence Bank,TUPELO,MS,388XX,11813,7.5,V,44XXXX,91,0,Y,Y,346228.48,350000,CLARK,NV,1,Loan-129066,31
High Exposure Nutrition LLC,XXXX,CA,96XXX,CORPORATION,CDC Small Business Finance Corp.,San Diego,CA,921XX,CDC Small -92106,9.5,V,45XXXX,120,0,Y,Y,75382.02,80000,NEVADA,CA,1,Loan-129249,31
VLM TRANSPORTATION LLC,ROSWELL,GA,30XXX,CORPORATION,"Wells Fargo Bank, National Association",SIOUX FALLS,SD,571XX,3511,11.25,V,48XXXX,104,1,N,UNKNOWN,14654.77,15000,FULTON,GA,1,Loan-129365,31
Body Work LLC,XXXX,OH,44XXX,CORPORATION,The Huntington National Bank,COLUMBUS,OH,432XX,6560,6.75,V,62XXXX,33,0,Y,UNKNOWN,21109.99,24000,SUMMIT,OH,1,Loan-129406,31
CNB Services LLC,XXXX,SC,29XXX,CORPORATION,"United Midwest Savings Bank, National Association",DE GRAFF,OH,433XX,32441,7.5,V,23XXXX,102,0,Y,Y,139939.85,150000,YORK,SC,1,Loan-129412,31
Law Office of Kevin R. McSpadd,Los Angeles,CA,90XXX,CORPORATION,Celtic Bank Corporation,SALT LAKE CITY,UT,841XX,57056,7.5,V,54XXXX,92,0,Y,Y,88417.78,100000,LOS ANGELES,CA,1,Loan-129502,32
PRIME METAL CORP.,LONGWOOD,FL,32XXX,CORPORATION,BayFirst National Bank,Saint Petersburg,FL,337XX,34997,7.5,V,33XXXX,102,0,Y,Y,139100.55,150000,SEMINOLE,FL,1,Loan-129545,31
Crush City Inc.,HOUSTON,TX,77XXX,CORPORATION,"Zions Bank, A Division of",SALT LAKE CITY,UT,841XX,2270,5.75,F,71XXXX,107,0,Y,UNKNOWN,802910.37,743000,HARRIS,TX,1,Loan-129665,30
Hardcore Power Washing,GLENDALE,CA,91XXX,INDIVIDUAL,Cadence Bank,TUPELO,MS,388XX,11813,7.5,V,81XXXX,105,0,Y,Y,348142.31,350000,LOS ANGELES,CA,1,Loan-129699,31
Itsy Bitsy Play and Cafe LLC,CHICAGO,IL,60XXX,CORPORATION,The Huntington National Bank,COLUMBUS,OH,432XX,6560,7.25,V,71XXXX,91,1,Y,UNKNOWN,25000.0,25000,COOK,IL,1,Loan-129710,32
CRYSTAL'S MOBILE CAR DETAIL,XXXX,CA,94XXX,INDIVIDUAL,"Readycap Lending, LLC",BERKELEY HEIGHTS,NJ,792XX,Readycap L-7922,7.5,V,45XXXX,107,0,Y,Y,51056.98,53500,CONTRA COSTA,CA,1,Loan-129879,32
Hope Renewed LLC,WINTER HAVEN,FL,33XXX,CORPORATION,"Readycap Lending, LLC",BERKELEY HEIGHTS,NJ,792XX,Readycap L-7922,7.5,V,54XXXX,100,0,Y,Y,73996.32,79500,POLK,FL,1,Loan-129913,32
MICHELLE'S DECOR & PLANNING L,PORTSMOUTH,VA,23XXX,CORPORATION,Northeast Bank,LEWISTON,ME,424XX,19690,7.5,V,54XXXX,115,0,N,UNKNOWN,15000.0,15000,PORTSMOUTH CITY,VA,1,Loan-129963,32
Decor and Insulate Glass of Fl,HIALEAH,FL,33XXX,CORPORATION,BayFirst National Bank,Saint Petersburg,FL,337XX,34997,7.5,V,23XXXX,111,0,Y,Y,145460.47,150000,MIAMI-DADE,FL,1,Loan-130040,32
Northern Lakes Data Corp.,EDEN PRAIRIE,MN,55XXX,CORPORATION,BayFirst National Bank,Saint Petersburg,FL,337XX,34997,7.5,V,54XXXX,102,0,Y,Y,141887.76,150000,HENNEPIN,MN,1,Loan-130043,32
CHANTHIDA PRAK LLC,KENT,WA,98XXX,CORPORATION,"U.S. Bank, National Association",CINCINNATI,OH,452XX,6548,7.0,V,72XXXX,84,1,Y,UNKNOWN,0.0,24000,KING,WA,0,Loan-130105,13
JCL Decorating Services,XXXX,NY,11XXX,INDIVIDUAL,BayFirst National Bank,Saint Petersburg,FL,337XX,34997,7.5,V,23XXXX,109,0,Y,Y,234049.89,239000,NASSAU,NY,1,Loan-130152,32
KTS Advocacy LLC,CINCINNATI,OH,45XXX,CORPORATION,"PNC Bank, National Association",WILMINGTON,DE,198XX,6384,10.15,V,62XXXX,100,1,N,UNKNOWN,21560.04,20000,HAMILTON,OH,1,Loan-130163,32
Spates Accounting and Bookkeep,Euclid,OH,44XXX,CORPORATION,The Huntington National Bank,COLUMBUS,OH,432XX,6560,6.75,V,54XXXX,84,0,Y,UNKNOWN,0.0,50000,CUYAHOGA,OH,0,Loan-130234,28
The UPS Store #5241,XXXX,AZ,86XXX,CORPORATION,Celtic Bank Corporation,SALT LAKE CITY,UT,841XX,57056,7.5,V,56XXXX,97,0,Y,Y,453873.81,510000,MOHAVE,AZ,1,Loan-130254,32
EVG Business Assets LLC,YAKIMA,WA,98XXX,CORPORATION,BayFirst National Bank,Saint Petersburg,FL,337XX,34997,7.5,V,54XXXX,103,0,Y,Y,140148.1,150000,YAKIMA,WA,1,Loan-130356,32
GENREVIBE LLC,INGLEWOOD,CA,90XXX,CORPORATION,"Wells Fargo Bank, National Association",SIOUX FALLS,SD,571XX,3511,9.25,V,54XXXX,99,1,N,UNKNOWN,9952.57,15000,LOS ANGELES,CA,1,Loan-130376,32
Gulf Coast Asphalt LLC,SAINT LOUIS,MO,63XXX,CORPORATION,"Newtek Small Business Finance, Inc.",LAKE SUCCESS,NY,110XX,Newtek Sma-11042,7.5,V,32XXXX,112,0,Y,Y,275821.77,350000,SAINT LOUIS,MO,1,Loan-130384,31
Jy Establishment Food Service ,CYPRESS,TX,77XXX,CORPORATION,Citizens Bank,ELIZABETHTON,TN,376XX,14851,7.5,V,72XXXX,106,0,Y,Y,467701.48,523500,HARRIS,TX,1,Loan-130400,31
KIRKLAND EMPIRE LLC,NORTH HOLLYWOOD,CA,91XXX,CORPORATION,"Wells Fargo Bank, National Association",SIOUX FALLS,SD,571XX,3511,11.25,V,48XXXX,106,0,N,UNKNOWN,14340.18,15000,LOS ANGELES,CA,1,Loan-130404,31
Pelatron Inc.,CLEARFIELD,UT,84XXX,CORPORATION,BayFirst National Bank,Saint Petersburg,FL,337XX,34997,7.5,V,54XXXX,114,0,Y,Y,0.0,150000,DAVIS,UT,0,Loan-130453,20
Iris Custom Solutions LLC,AURORA,IL,60XXX,CORPORATION,First American Bank,ELK GROVE VILLAGE,IL,600XX,3657,5.75,V,81XXXX,24,1,Y,UNKNOWN,0.0,1600000,DUPAGE,IL,0,Loan-130629,23
Tot's BBQ LLC,FINDLAY,OH,45XXX,CORPORATION,The Huntington National Bank,COLUMBUS,OH,432XX,6560,6.75,V,72XXXX,95,0,Y,UNKNOWN,117231.36,86200,HANCOCK,OH,1,Loan-130721,31
Unik Adv LLC,XXXX,NY,10XXX,INDIVIDUAL,BayFirst National Bank,Saint Petersburg,FL,337XX,34997,7.5,V,54XXXX,107,0,Y,Y,145490.84,150000,WESTCHESTER,NY,1,Loan-130730,32
WALDSCRAFT,XXXX,CA,94XXX,CORPORATION,"Wells Fargo Bank, National Association",SIOUX FALLS,SD,571XX,3511,10.25,V,44XXXX,96,1,N,UNKNOWN,9044.9,20000,MARIN,CA,1,Loan-130736,32
Frederick Electric CO. LLC,XXXX,MD,21XXX,CORPORATION,BayFirst National Bank,Saint Petersburg,FL,337XX,34997,7.5,V,23XXXX,115,0,Y,Y,149571.52,150000,WASHINGTON,MD,1,Loan-130809,32
Lebanon Halal Meat Market Inc,Dearborn,MI,48XXX,CORPORATION,The Huntington National Bank,COLUMBUS,OH,432XX,6560,6.75,V,48XXXX,108,1,N,UNKNOWN,24879.65,25000,WAYNE,MI,1,Loan-131490,31
WBG? SPORTS AND FITNESS LLC,SILVER SPRING,MD,20XXX,CORPORATION,Manufacturers and Traders Trust Company,BUFFALO,NY,142XX,588,11.25,V,81XXXX,100,1,N,UNKNOWN,25000.0,25000,MONTGOMERY,MD,1,Loan-131583,31
Business Mind Technology Syste,MIAMI,FL,33XXX,CORPORATION,BayFirst National Bank,Saint Petersburg,FL,337XX,34997,7.5,V,54XXXX,101,0,Y,Y,86330.51,94000,MIAMI-DADE,FL,1,Loan-131627,32
The Wooden Door Home Interiors,OLIVE BRANCH,MS,38XXX,CORPORATION,BankFirst Financial Services,COLUMBUS,MS,397XX,8870,7.5,V,44XXXX,95,0,Y,Y,0.0,221100,DESOTO,MS,0,Loan-132043,25
METROPROPERTYSOLUTIONS LLC,NEWARK,NJ,71XXX,CORPORATION,Manufacturers and Traders Trust Company,BUFFALO,NY,142XX,588,8.5,V,53XXXX,103,0,N,UNKNOWN,34991.99,35000,ESSEX,NJ,1,Loan-132224,31
Shop & Smile LLC,Brooklyn,NY,11XXX,CORPORATION,FinWise Bank,SANDY,UT,841XX,35323,7.5,V,45XXXX,110,0,Y,Y,419432.28,1000000,KINGS,NY,1,Loan-132288,31
The Stone Dude LLC,TOMS RIVER,NJ,87XXX,CORPORATION,BayFirst National Bank,Saint Petersburg,FL,337XX,34997,7.5,V,23XXXX,107,0,Y,Y,284042.11,293400,OCEAN,NJ,1,Loan-132365,31
Motor N' LLC,XXXX,NH,38XXX,CORPORATION,"TD Bank, National Association",WILMINGTON,DE,198XX,18409,11.25,V,81XXXX,54,0,N,UNKNOWN,24889.56,25000,ROCKINGHAM,NH,1,Loan-132469,31
VIOLET ORCHID BEAUTY CORP,BRAINTREE,MA,21XXX,CORPORATION,Eastern Bank,Boston,MA,211XX,32773,9.99,F,81XXXX,41,0,Y,UNKNOWN,74021.73,97500,NORFOLK,MA,1,Loan-132514,31
Coast to Coast Property Soluti,LAS VEGAS,NV,89XXX,CORPORATION,First Internet Bank of Indiana,FISHERS,IN,460XX,34607,7.5,V,72XXXX,95,0,Y,Y,1796125.19,2014000,CLARK,NV,1,Loan-132565,31
Lendingbridge Inc.,Burbank,CA,91XXX,CORPORATION,"Lendistry SBLC, LLC",Los Angeles,CA,900XX,Lendistry -90021,8.25,V,52XXXX,121,0,Y,Y,291459.03,300000,LOS ANGELES,CA,1,Loan-132625,31
WOLVES LLC,HENDERSON,NV,89XXX,CORPORATION,"Wells Fargo Bank, National Association",SIOUX FALLS,SD,571XX,3511,9.25,V,54XXXX,120,1,N,UNKNOWN,0.0,15000,CLARK,NV,0,Loan-132686,28
ECB Investment Group LLC,North Canton,OH,44XXX,CORPORATION,The Huntington National Bank,COLUMBUS,OH,432XX,6560,7.75,V,62XXXX,180,0,Y,UNKNOWN,0.0,350000,STARK,OH,0,Loan-132744,30
Outsideah Boston LLC,XXXX,MA,20XXX,CORPORATION,"TD Bank, National Association",WILMINGTON,DE,198XX,18409,11.25,V,72XXXX,109,1,N,UNKNOWN,15000.0,15000,NORFOLK,MA,1,Loan-132808,31
Ink Freely Inc.,HOLLYWOOD,FL,33XXX,CORPORATION,BayFirst National Bank,Saint Petersburg,FL,337XX,34997,8.25,V,81XXXX,101,0,Y,Y,139866.2,150000,BROWARD,FL,1,Loan-132945,31
MW MINI MELTS LLC,Brandon,SD,57XXX,CORPORATION,First Bank & Trust,BROOKINGS,SD,570XX,3973,7.05,F,44XXXX,94,0,Y,UNKNOWN,166431.36,179500,MINNEHAHA,SD,1,Loan-132983,31
Wheel Trends LLC,FONTANA,CA,92XXX,CORPORATION,BayFirst National Bank,Saint Petersburg,FL,337XX,34997,8.25,V,45XXXX,102,0,Y,Y,139145.26,150000,SAN BERNARDINO,CA,1,Loan-133057,31
Ellison Transport LLC,XXXX,TX,78XXX,CORPORATION,BayFirst National Bank,Saint Petersburg,FL,337XX,34997,8.25,V,48XXXX,101,0,Y,Y,142300.96,150000,BEXAR,TX,1,Loan-133123,31
TOMAGAN STUDIO LLC,VALLEJO,CA,94XXX,CORPORATION,"Wells Fargo Bank, National Association",SIOUX FALLS,SD,571XX,3511,6.0,V,45XXXX,98,1,N,UNKNOWN,14387.58,15000,SOLANO,CA,1,Loan-133225,31
Wicked Goddess Body Art LLC,FAIRFAX,VA,22XXX,CORPORATION,"Readycap Lending, LLC",BERKELEY HEIGHTS,NJ,792XX,Readycap L-7922,10.25,V,81XXXX,84,0,N,Y,0.0,25000,FAIRFAX,VA,0,Loan-133240,30
Imperishable Crown LLC,CLOVIS,CA,93XXX,CORPORATION,BayFirst National Bank,Saint Petersburg,FL,337XX,34997,8.25,V,53XXXX,103,0,Y,Y,139585.37,150000,FRESNO,CA,1,Loan-133247,31
Latchkey LLC,PHILADELPHIA,PA,19XXX,CORPORATION,"JPMorgan Chase Bank, National Association",COLUMBUS,OH,432XX,628,8.023,V,45XXXX,120,1,Y,UNKNOWN,0.0,30000,PHILADELPHIA,PA,0,Loan-133536,18
D HOLLINGSWORTH TRUCKING LLC,GONZALES,LA,70XXX,CORPORATION,Essential Credit Union,BATON ROUGE,LA,708XX,Essential -70806,5.75,F,48XXXX,35,0,N,UNKNOWN,17604.33,20000,ASCENSION,LA,1,Loan-133672,31
D HOLLINGSWORTH TRUCKING LLC,DENHAM SPRINGS,LA,70XXX,CORPORATION,Essential Credit Union,BATON ROUGE,LA,708XX,Essential -70806,7.5,V,48XXXX,95,1,N,UNKNOWN,29999.14,30000,ASCENSION,LA,1,Loan-133673,31
LA TRANSPORTATION L.L.C.,AURORA,CO,80XXX,CORPORATION,"Wells Fargo Bank, National Association",SIOUX FALLS,SD,571XX,3511,12.0,V,48XXXX,107,1,N,UNKNOWN,4945.14,5000,ARAPAHOE,CO,1,Loan-133723,30
Nutrition By TBP LLC,XXXX,OH,45XXX,CORPORATION,The Huntington National Bank,COLUMBUS,OH,432XX,6560,8.25,V,62XXXX,47,0,Y,UNKNOWN,25125.0,25000,WARREN,OH,1,Loan-133753,31
Ocean's Treasure and Herbs Tra,NEW YORK,NY,10XXX,CORPORATION,"TD Bank, National Association",WILMINGTON,DE,198XX,18409,12.0,V,45XXXX,120,1,N,UNKNOWN,0.0,25000,NEW YORK,NY,0,Loan-133756,21
Jaye Brooke's Grove LLC,LUBBOCK,TX,79XXX,CORPORATION,Peoples Bank,LUBBOCK,TX,794XX,19788,7.5,V,44XXXX,90,0,Y,UNKNOWN,0.0,120000,LUBBOCK,TX,0,Loan-133916,29
Young Star Logistics LLC,Kent,WA,98XXX,CORPORATION,KeyBank National Association,CLEVELAND,OH,441XX,17534,8.49,V,48XXXX,84,0,Y,UNKNOWN,0.0,50200,KING,WA,0,Loan-134214,18
JT SUPREME DISTRIBUTORS INC.,FLUSHING,NY,11XXX,CORPORATION,Manufacturers and Traders Trust Company,BUFFALO,NY,142XX,588,10.0,V,42XXXX,107,1,N,UNKNOWN,99654.53,100000,QUEENS,NY,1,Loan-134321,31
MAD Squared & Sons Inc.,ROCHESTER,NY,14XXX,CORPORATION,Tompkins Community Bank,ITHACA,NY,148XX,609,6.75,F,72XXXX,67,0,Y,UNKNOWN,63515.6,100000,MONROE,NY,1,Loan-134544,30
Narwhal Water LLC,XXXX,MD,21XXX,CORPORATION,"PNC Bank, National Association",WILMINGTON,DE,198XX,6384,5.87,F,33XXXX,68,0,Y,UNKNOWN,109488.18,120000,HARFORD,MD,1,Loan-134556,31
Tot's BBQ LLC,XXXX,OH,45XXX,CORPORATION,The Huntington National Bank,COLUMBUS,OH,432XX,6560,7.5,V,72XXXX,96,1,Y,UNKNOWN,9974.72,10000,HANCOCK,OH,1,Loan-134614,30
Zzini Restaurant Group Inc.,Lexington,KY,40XXX,CORPORATION,Stock Yards Bank & Trust Company,LOUISVILLE,KY,402XX,258,6.25,V,72XXXX,104,0,Y,UNKNOWN,523793.18,668700,FAYETTE,KY,1,Loan-134626,30
Americargo Loadgistics LLC,SAN ANTONIO,TX,78XXX,CORPORATION,BayFirst National Bank,Saint Petersburg,FL,337XX,34997,8.25,V,42XXXX,111,0,Y,Y,119266.9,123000,BEXAR,TX,1,Loan-134639,30
EasyLivingInternet Cafe LLC,CHICAGO,IL,60XXX,CORPORATION,"Readycap Lending, LLC",BERKELEY HEIGHTS,NJ,792XX,Readycap L-7922,10.25,V,81XXXX,68,0,N,Y,22971.7,25000,COOK,IL,1,Loan-134679,31
KAPAO INC,XXXX,NY,11XXX,CORPORATION,Manufacturers and Traders Trust Company,BUFFALO,NY,142XX,588,10.0,V,72XXXX,60,0,N,UNKNOWN,0.0,100000,NASSAU,NY,0,Loan-134711,26
UNITED AUTO SOLUTIONS INCORPOR,ROCHESTER,NY,14XXX,CORPORATION,Manufacturers and Traders Trust Company,BUFFALO,NY,142XX,588,12.0,V,44XXXX,105,1,N,UNKNOWN,24997.16,25000,MONROE,NY,1,Loan-134801,31
ALONEWOVES LLC,SPRINGBORO,OH,45XXX,CORPORATION,"U.S. Bank, National Association",CINCINNATI,OH,452XX,6548,6.74,F,45XXXX,9,0,Y,UNKNOWN,26151.19,40000,WARREN,OH,1,Loan-134833,30
Glitter Nail Academy Inc.,Oak Park,IL,60XXX,CORPORATION,Celtic Bank Corporation,SALT LAKE CITY,UT,841XX,57056,8.25,V,61XXXX,98,0,Y,Y,138977.41,150000,COOK,IL,1,Loan-134905,30
INK TO THINK LLC,MC LEAN,VA,22XXX,CORPORATION,"Wells Fargo Bank, National Association",SIOUX FALLS,SD,571XX,3511,10.0,V,54XXXX,120,1,N,UNKNOWN,0.0,10000,FAIRFAX,VA,0,Loan-134918,26
Patriot Axe Throwing LLC,XXXX,SC,29XXX,CORPORATION,"TD Bank, National Association",WILMINGTON,DE,198XX,18409,11.3,V,71XXXX,53,0,N,UNKNOWN,23344.26,25000,GREENVILLE,SC,1,Loan-135143,31
RGS EXCAVATING LLC,XXXX,MO,63XXX,CORPORATION,"U.S. Bank, National Association",CINCINNATI,OH,452XX,6548,7.75,F,23XXXX,48,0,N,UNKNOWN,0.0,25000,FRANKLIN,MO,0,Loan-135159,24
GROVEWAY PHARMACY INC.,HOUSTON,TX,77XXX,CORPORATION,BayFirst National Bank,Saint Petersburg,FL,337XX,34997,8.25,V,44XXXX,102,0,Y,Y,107094.86,114000,HARRIS,TX,1,Loan-135213,31
Charlene K Corporation,LOS ANGELES,CA,90XXX,CORPORATION,BayFirst National Bank,Saint Petersburg,FL,337XX,34997,8.25,V,44XXXX,100,0,Y,Y,45899.31,50000,LOS ANGELES,CA,1,Loan-135263,31
Seatrading LLC,SAINT PAUL,MN,55XXX,CORPORATION,Bravera Bank,DICKINSON,ND,586XX,22559,7.5,V,42XXXX,50,0,N,UNKNOWN,24996.1,25000,RAMSEY,MN,1,Loan-135382,31
Unique Destiny Inc.,PALMDALE,CA,93XXX,CORPORATION,BayFirst National Bank,Saint Petersburg,FL,337XX,34997,8.25,V,62XXXX,100,0,Y,Y,97029.49,102000,LOS ANGELES,CA,1,Loan-135409,30
Ga Plastering Inc.,LAWRENCEVILLE,GA,30XXX,CORPORATION,BayFirst National Bank,Saint Petersburg,FL,337XX,34997,8.25,V,23XXXX,110,0,Y,Y,145474.46,150000,GWINNETT,GA,1,Loan-135714,31
A3B Enterprises LLC,STRONGSVILLE,OH,44XXX,CORPORATION,Growth Capital Corp.,Cleveland,OH,441XX,Growth Cap-44114,11.5,V,81XXXX,98,0,Y,Y,83833.14,90000,CUYAHOGA,OH,1,Loan-135916,27
Hogan Family Enterprise LLC,XXXX,WI,53XXX,CORPORATION,The Huntington National Bank,COLUMBUS,OH,432XX,6560,8.0,V,33XXXX,91,1,Y,UNKNOWN,25000.0,25000,WAUKESHA,WI,1,Loan-135998,31
Fiore Nail Bar LLC,Flower Mound,TX,75XXX,CORPORATION,Midwest Regional Bank,FESTUS,MO,630XX,8889,8.25,V,81XXXX,123,0,Y,Y,0.0,350000,DENTON,TX,0,Loan-136179,28
RLS Management LLC,NOBLESVILLE,IN,46XXX,CORPORATION,BayFirst National Bank,Saint Petersburg,FL,337XX,34997,8.25,V,23XXXX,99,0,Y,Y,137859.3,150000,HAMILTON,IN,1,Loan-136265,30
RNM Transport LLC,DOVER,DE,19XXX,CORPORATION,"TD Bank, National Association",WILMINGTON,DE,198XX,18409,12.0,V,48XXXX,101,1,N,UNKNOWN,20000.0,20000,KENT,DE,1,Loan-136266,30
A & R Home Services LLC,MESA,AZ,85XXX,CORPORATION,"United Midwest Savings Bank, National Association",DE GRAFF,OH,433XX,32441,8.25,V,23XXXX,104,0,Y,Y,140937.98,150000,WASHINGTON,TN,1,Loan-136582,30
FRONTERIZOS TRUCKING CORP,LAREDO,TX,78XXX,CORPORATION,"PNC Bank, National Association",WILMINGTON,DE,198XX,6384,10.0,V,48XXXX,12,1,N,UNKNOWN,48435.19,50000,WEBB,TX,1,Loan-136654,30
Svetlana Mihova PA,MIAMI,FL,33XXX,CORPORATION,"TD Bank, National Association",WILMINGTON,DE,198XX,18409,11.25,F,53XXXX,36,0,Y,UNKNOWN,0.0,42000,MIAMI-DADE,FL,0,Loan-136783,29
The 624 Group LLC,XXXX,TX,77XXX,CORPORATION,The Huntington National Bank,COLUMBUS,OH,432XX,6560,8.0,V,23XXXX,98,1,Y,UNKNOWN,49999.0,50000,GALVESTON,TX,1,Loan-136787,30
The 624 Group LLC,XXXX,TX,77XXX,CORPORATION,The Huntington National Bank,COLUMBUS,OH,432XX,6560,8.0,V,23XXXX,97,0,Y,UNKNOWN,506162.38,705000,GALVESTON,TX,1,Loan-136788,31
Stay Hydrated Studios LLC,XXXX,WA,98XXX,CORPORATION,"Readycap Lending, LLC",BERKELEY HEIGHTS,NJ,792XX,Readycap L-7922,8.25,V,51XXXX,109,0,Y,Y,294673.8,303500,PIERCE,WA,1,Loan-137007,30
Math Rocks!,XXXX,TX,78XXX,INDIVIDUAL,"Readycap Lending, LLC",BERKELEY HEIGHTS,NJ,792XX,Readycap L-7922,10.25,V,61XXXX,76,0,N,Y,18202.82,19000,UVALDE,TX,1,Loan-137345,30
Dominguez Hoops LLC,SAN ANTONIO,TX,78XXX,CORPORATION,First Internet Bank of Indiana,FISHERS,IN,460XX,34607,8.25,V,71XXXX,138,0,Y,Y,606326.35,705000,BEXAR,TX,1,Loan-137473,29
Sofabeds Warehouse Corp,XXXX,NY,11XXX,CORPORATION,"TD Bank, National Association",WILMINGTON,DE,198XX,18409,6.5,V,45XXXX,51,0,N,UNKNOWN,24990.02,25000,QUEENS,NY,1,Loan-137601,30
LTR Associates LLC,SUMMERVILLE,SC,29XXX,CORPORATION,"Readycap Lending, LLC",BERKELEY HEIGHTS,NJ,792XX,Readycap L-7922,8.25,V,48XXXX,108,0,Y,Y,62610.69,64000,BERKELEY,SC,1,Loan-137900,30
Queen Monaco LLC,FORT LEE,NJ,70XXX,CORPORATION,"TD Bank, National Association",WILMINGTON,DE,198XX,18409,12.0,V,42XXXX,98,1,N,UNKNOWN,24946.46,25000,BERGEN,NJ,1,Loan-137934,30
ROBERT GOUDEAU,BUCKEYE,AZ,85XXX,INDIVIDUAL,"U.S. Bank, National Association",CINCINNATI,OH,452XX,6548,6.49,F,23XXXX,0,0,Y,UNKNOWN,3620.33,5000,MARICOPA,AZ,1,Loan-137945,30
Robinson Automotive Group LLC,XXXX,AL,35XXX,CORPORATION,Northeast Bank,LEWISTON,ME,424XX,19690,8.25,V,44XXXX,108,0,N,Y,21654.96,25000,TUSCALOOSA,AL,1,Loan-137946,30
Rare Breed Customs LLC,XXXX,LA,71XXX,CORPORATION,Centric FCU,XXXX,LA,712XX,Centric FC-71292,8.25,F,33XXXX,98,1,N,UNKNOWN,100000.0,125000,OUACHITA,LA,1,Loan-138114,30
Advantage Consulting,TUJUNGA,CA,91XXX,INDIVIDUAL,Cadence Bank,TUPELO,MS,388XX,11813,8.25,V,54XXXX,103,0,Y,Y,195000.0,195000,LOS ANGELES,CA,1,Loan-138178,30
CMA Construction LLC,XXXX,LA,70XXX,CORPORATION,BayFirst National Bank,Saint Petersburg,FL,337XX,34997,9.25,V,23XXXX,105,0,Y,Y,144243.14,150000,CALCASIEU,LA,1,Loan-138219,30
Diamond Little People Academy ,OAKLAND,CA,94XXX,CORPORATION,BayFirst National Bank,Saint Petersburg,FL,337XX,34997,8.25,V,62XXXX,99,0,Y,Y,111966.35,122000,ALAMEDA,CA,1,Loan-138230,30
Li Luxury Lineup LLC,CONYERS,GA,30XXX,PARTNERSHIP,Cadence Bank,TUPELO,MS,388XX,11813,8.25,V,48XXXX,99,0,Y,Y,286107.06,295000,ROCKDALE,GA,1,Loan-138306,30
PERFECT 10 LIFESTYLE LLC,MIAMI,FL,33XXX,CORPORATION,Northeast Bank,LEWISTON,ME,424XX,19690,8.25,V,45XXXX,108,0,N,Y,23805.87,25000,MIAMI-DADE,FL,1,Loan-138339,30
Crown Management Service LLC,HILLSIDE,NJ,72XXX,CORPORATION,Manufacturers and Traders Trust Company,BUFFALO,NY,142XX,588,7.49,F,23XXXX,40,0,N,UNKNOWN,56271.82,60200,UNION,NJ,1,Loan-138457,30
Ego Esthetics LLC,KATY,TX,77XXX,CORPORATION,The Huntington National Bank,COLUMBUS,OH,432XX,6560,7.5,V,81XXXX,56,0,Y,UNKNOWN,38268.54,40000,FRANKLIN,OH,1,Loan-138716,29
Simon's Pineapple Whip Yogurt,Murrieta,CA,92XXX,INDIVIDUAL,"AMPAC Tri-State CDC, Inc.",Ontario,CA,917XX,AMPAC Tri--91764,8.25,V,72XXXX,105,0,Y,Y,128261.4,135000,RIVERSIDE,CA,1,Loan-138845,28
AUTO LAND SALES LLC,MOBILE,AL,36XXX,CORPORATION,"Wells Fargo Bank, National Association",SIOUX FALLS,SD,571XX,3511,12.0,V,44XXXX,99,1,N,UNKNOWN,14846.76,15000,MOBILE,AL,1,Loan-138897,30
Foster Family Services LLC,Belleville,MI,48XXX,CORPORATION,The Huntington National Bank,COLUMBUS,OH,432XX,6560,7.5,V,62XXXX,93,0,Y,UNKNOWN,47971.15,50000,WAYNE,MI,1,Loan-138938,30
The Berg Haus,XXXX,CO,80XXX,CORPORATION,BayFirst National Bank,Saint Petersburg,FL,337XX,34997,8.25,V,72XXXX,100,0,Y,Y,140191.99,150000,DOUGLAS,CO,1,Loan-139083,29
Tyeesha A Barrett,Los Angeles,CA,90XXX,INDIVIDUAL,CDC Small Business Finance Corp.,San Diego,CA,921XX,CDC Small -92106,10.25,V,45XXXX,101,0,Y,Y,73630.59,75000,LOS ANGELES,CA,1,Loan-139104,30
Astonishing Wellness Inc,YONKERS,NY,10XXX,CORPORATION,"TD Bank, National Association",WILMINGTON,DE,198XX,18409,12.0,V,81XXXX,100,1,N,UNKNOWN,4961.36,5000,WESTCHESTER,NY,1,Loan-139125,30
Elizabeth Mateer LLC,SEATTLE,WA,98XXX,CORPORATION,"Readycap Lending, LLC",BERKELEY HEIGHTS,NJ,792XX,Readycap L-7922,10.25,V,62XXXX,84,0,N,Y,0.0,13000,KING,WA,0,Loan-139162,19
Glazner Performance Ventures I,DENTON,TX,76XXX,CORPORATION,American National Bank & Trust,XXXX,TX,763XX,22373,7.5,V,61XXXX,105,0,Y,UNKNOWN,289017.74,345000,DENTON,TX,1,Loan-139179,29
MEZZA MEDITERRANEAN GRILL LLC,XXXX,NJ,86XXX,CORPORATION,"PNC Bank, National Association",WILMINGTON,DE,198XX,6384,10.9,V,72XXXX,101,1,N,UNKNOWN,19801.22,20000,MERCER,NJ,1,Loan-139222,29
TNC Management LLC,ABILENE,TX,79XXX,CORPORATION,Live Oak Banking Company,WILMINGTON,NC,284XX,58665,6.75,V,56XXXX,95,0,Y,Y,4632999.92,4800000,TAYLOR,TX,1,Loan-139275,30
Productive Flourishing LLC,PORTLAND,OR,97XXX,CORPORATION,BayFirst National Bank,Saint Petersburg,FL,337XX,34997,9.25,V,54XXXX,114,0,Y,Y,133705.38,134800,MULTNOMAH,OR,1,Loan-139297,30
AUTOHUB LLC,HONOLULU,HI,96XXX,CORPORATION,Cadence Bank,TUPELO,MS,388XX,11813,8.25,V,44XXXX,104,0,Y,Y,343954.66,350000,HONOLULU,HI,1,Loan-139507,30
H-M AUTO,SURPRISE,AZ,85XXX,CORPORATION,"Wells Fargo Bank, National Association",SIOUX FALLS,SD,571XX,3511,11.5,V,42XXXX,98,1,N,UNKNOWN,19286.63,20000,MARICOPA,AZ,1,Loan-139592,30
Michael Berg Insurance Agency,LUBBOCK,TX,79XXX,CORPORATION,BayFirst National Bank,Saint Petersburg,FL,337XX,34997,8.25,V,52XXXX,108,0,Y,Y,145548.35,150000,LUBBOCK,TX,1,Loan-139634,29
R.E.A.D. Worldwide LLC,CHICAGO,IL,60XXX,CORPORATION,Cadence Bank,TUPELO,MS,388XX,11813,8.25,V,61XXXX,95,0,Y,Y,241615.54,250000,COOK,IL,1,Loan-139662,30
Texas Crispy Chicken & Burger ,BROOKLYN,NY,11XXX,CORPORATION,"TD Bank, National Association",WILMINGTON,DE,198XX,18409,12.0,V,72XXXX,58,0,N,UNKNOWN,24998.47,25000,KINGS,NY,1,Loan-139695,30
Express Kitchen Installation I,BROOKLYN,NY,11XXX,CORPORATION,Manufacturers and Traders Trust Company,BUFFALO,NY,142XX,588,3.0,V,44XXXX,105,1,N,UNKNOWN,49686.12,50000,KINGS,NY,1,Loan-139810,30
HOMESTYLE KITCHEN & BBQ LLC,ATLANTA,GA,30XXX,CORPORATION,"Wells Fargo Bank, National Association",SIOUX FALLS,SD,571XX,3511,11.5,V,72XXXX,103,1,N,UNKNOWN,14846.32,15000,FULTON,GA,1,Loan-139842,30
ODYSSEY WINE GROUP LLC,DORAL,FL,33XXX,CORPORATION,"Wells Fargo Bank, National Association",SIOUX FALLS,SD,571XX,3511,12.0,V,42XXXX,120,1,N,UNKNOWN,0.0,15000,MIAMI-DADE,FL,0,Loan-139916,28
Shack's Food Express Truck LLC,CHATTANOOGA,TN,37XXX,CORPORATION,"Readycap Lending, LLC",BERKELEY HEIGHTS,NJ,792XX,Readycap L-7922,10.25,V,72XXXX,79,0,N,UNKNOWN,25000.0,25000,RUTHERFORD,TN,1,Loan-139944,29
6251 Inc.,Chicago,IL,60XXX,CORPORATION,The Huntington National Bank,COLUMBUS,OH,432XX,6560,7.7,V,72XXXX,60,0,N,UNKNOWN,0.0,4700,COOK,IL,0,Loan-140008,25
ABS NETWORK LLC,XXXX,NJ,88XXX,CORPORATION,Live Oak Banking Company,WILMINGTON,NC,284XX,58665,8.0,V,72XXXX,94,0,Y,Y,3648719.85,3700000,MIDDLESEX,NJ,1,Loan-140010,30
Braces @ Brick P.A.,BRICK,NJ,87XXX,CORPORATION,BayFirst National Bank,Saint Petersburg,FL,337XX,34997,9.25,V,62XXXX,114,0,Y,Y,148494.37,150000,OCEAN,NJ,1,Loan-140050,30
DC Power Associates LLC,XXXX,PA,19XXX,CORPORATION,Northeast Bank,LEWISTON,ME,424XX,19690,8.25,V,23XXXX,111,0,N,Y,23528.22,25000,DELAWARE,PA,1,Loan-140073,30
Jeffrey D. Stimpfig dba JDs Ou,XXXX,CA,90XXX,INDIVIDUAL,CDC Small Business Finance Corp.,San Diego,CA,921XX,CDC Small -92106,10.25,V,56XXXX,101,0,Y,Y,141344.95,150000,LOS ANGELES,CA,1,Loan-140113,30
Myrtle Merchandise Inc,BROOKLYN,NY,11XXX,CORPORATION,Manufacturers and Traders Trust Company,BUFFALO,NY,142XX,588,3.75,V,42XXXX,101,1,N,UNKNOWN,29950.44,30000,KINGS,NY,1,Loan-140141,30
SELVA NEGRA LLC,LOS ANGELES,CA,90XXX,CORPORATION,Northeast Bank,LEWISTON,ME,424XX,19690,8.25,V,49XXXX,100,0,N,Y,22687.79,25000,LOS ANGELES,CA,1,Loan-140176,30
Exclude Barriers LLC,XXXX,PA,19XXX,CORPORATION,"MVB Bank, Inc.",FAIRMONT,WV,265XX,34603,8.25,V,23XXXX,105,0,Y,Y,2450113.9,2555000,MONTGOMERY,PA,1,Loan-140297,30
GI Environmental Vacuum Servic,HOUSTON,TX,77XXX,CORPORATION,BayFirst National Bank,Saint Petersburg,FL,337XX,34997,9.25,V,56XXXX,114,0,Y,Y,149090.82,150000,HARRIS,TX,1,Loan-140309,30
Madre Design Studio Corp.,DORAL,FL,33XXX,CORPORATION,"Readycap Lending, LLC",BERKELEY HEIGHTS,NJ,792XX,Readycap L-7922,10.25,V,54XXXX,79,0,N,Y,24965.29,25000,MIAMI-DADE,FL,1,Loan-140363,30
HLM GROUP LLC,BUFORD,GA,30XXX,CORPORATION,BayFirst National Bank,Saint Petersburg,FL,337XX,34997,9.25,V,52XXXX,120,0,Y,Y,0.0,80000,GWINNETT,GA,0,Loan-140477,17
CreditFixInc,MIRAMAR,FL,33XXX,CORPORATION,"TD Bank, National Association",WILMINGTON,DE,198XX,18409,12.0,V,54XXXX,96,1,N,UNKNOWN,14713.82,15000,BROWARD,FL,1,Loan-140553,29
Orchid Energy Solutions LLC,WYOMING,MI,49XXX,CORPORATION,BayFirst National Bank,Saint Petersburg,FL,337XX,34997,9.25,V,42XXXX,103,0,Y,Y,143105.69,150000,KENT,MI,1,Loan-140949,30
TLC Bookkeeping,XXXX,ME,44XXX,CORPORATION,"TD Bank, National Association",WILMINGTON,DE,198XX,18409,12.0,V,54XXXX,76,0,N,UNKNOWN,0.0,25000,HANCOCK,ME,0,Loan-141006,19
Alessandro Vasini LLC,Miami Beach,FL,33XXX,CORPORATION,"SouthState Bank, National Association",WINTER HAVEN,FL,338XX,33555,8.25,V,54XXXX,98,0,Y,Y,344895.58,350000,MIAMI-DADE,FL,1,Loan-141042,30
Candidus Inc.,XXXX,GA,30XXX,CORPORATION,Celtic Bank Corporation,SALT LAKE CITY,UT,841XX,57056,8.25,V,33XXXX,110,0,Y,Y,144691.23,150000,MADISON,GA,1,Loan-141074,29
LA CABANA SALVADORENA,Bronx,NY,10XXX,CORPORATION,Celtic Bank Corporation,SALT LAKE CITY,UT,841XX,57056,8.25,V,72XXXX,109,0,Y,Y,135299.9,140000,BRONX,NY,1,Loan-141162,29
Pro Lawncare and Lighting Inco,BELVIDERE,IL,61XXX,CORPORATION,BayFirst National Bank,Saint Petersburg,FL,337XX,34997,9.25,V,56XXXX,98,0,Y,Y,138078.33,150000,MCHENRY,IL,1,Loan-141220,30
SMP Tech Inc.,BROOKLYN,NY,11XXX,CORPORATION,"TD Bank, National Association",WILMINGTON,DE,198XX,18409,12.75,V,54XXXX,107,1,N,UNKNOWN,8993.36,9000,KINGS,NY,1,Loan-141248,29
Spacemates Utah LLC,LOGAN,UT,84XXX,CORPORATION,Community Bank & Trust-West Georgia,LAGRANGE,GA,302XX,25796,8.25,V,72XXXX,105,0,Y,Y,590278.59,620000,CACHE,UT,1,Loan-141250,29
PROPELLA ELECTRIC LLC,REDMOND,WA,98XXX,CORPORATION,BayFirst National Bank,Saint Petersburg,FL,337XX,34997,9.25,V,33XXXX,154,0,Y,Y,138497.46,150000,KING,WA,1,Loan-141470,30
CDL Foods LLC,XXXX,MO,63XXX,CORPORATION,First State Community Bank,XXXX,MO,636XX,17323,7.5,V,72XXXX,97,0,Y,UNKNOWN,91892.58,140000,FRANKLIN,MO,1,Loan-141591,29
WEFIXIT LLC,DANBURY,CT,68XXX,CORPORATION,Manufacturers and Traders Trust Company,BUFFALO,NY,142XX,588,9.5,V,81XXXX,60,0,N,UNKNOWN,0.0,15000,FAIRFIELD,CT,0,Loan-141820,20
Eternal Harmony Vegan Wellness,CHICAGO,IL,60XXX,CORPORATION,"Readycap Lending, LLC",BERKELEY HEIGHTS,NJ,792XX,Readycap L-7922,8.25,V,32XXXX,72,0,N,UNKNOWN,23686.22,25000,COOK,IL,1,Loan-141894,29
CRECER FASHION INC.,CHULA VISTA,CA,91XXX,CORPORATION,Stearns Bank National Association,SAINT CLOUD,MN,563XX,10988,12.75,V,42XXXX,100,0,Y,UNKNOWN,23784.11,25000,SAN DIEGO,CA,1,Loan-142086,29
Wine Country Store LLC,WALLA WALLA,WA,99XXX,CORPORATION,Banner Bank,WALLA WALLA,WA,993XX,28489,7.25,V,45XXXX,278,0,Y,UNKNOWN,1390458.21,1364000,WALLA WALLA,WA,1,Loan-142246,29
Cocojuana LLC,MIAMI,FL,33XXX,CORPORATION,"TD Bank, National Association",WILMINGTON,DE,198XX,18409,12.0,F,32XXXX,9,0,Y,UNKNOWN,16989.96,20000,MIAMI-DADE,FL,1,Loan-142289,28
JOYRIDE MOTORS LLC,XXXX,VA,22XXX,CORPORATION,"Wells Fargo Bank, National Association",SIOUX FALLS,SD,571XX,3511,13.25,V,44XXXX,99,1,N,UNKNOWN,14979.12,15000,SPOTSYLVANIA,VA,1,Loan-142331,29
Pegasus Masonry LLC,Parker,TX,75XXX,CORPORATION,Umpqua Bank,Lake Oswego,OR,970XX,17266,9.0,V,23XXXX,100,0,Y,Y,1448670.31,1521100,COLLIN,TX,1,Loan-142375,29
We Be Book'N LLC,MONROE,WA,98XXX,CORPORATION,Banner Bank,WALLA WALLA,WA,993XX,28489,6.5,F,45XXXX,99,0,Y,UNKNOWN,65272.87,75000,SNOHOMISH,WA,1,Loan-142433,29
CATALYST TRADE INC.,PORTLAND,OR,97XXX,CORPORATION,Community Bank & Trust-West Georgia,LAGRANGE,GA,302XX,25796,9.0,V,42XXXX,106,0,Y,Y,497569.95,510500,MULTNOMAH,OR,1,Loan-142478,29
MYO Investments Inc.,FORT WORTH,TX,76XXX,CORPORATION,BayFirst National Bank,Saint Petersburg,FL,337XX,34997,10.0,V,22XXXX,110,0,Y,Y,142494.79,150000,TARRANT,TX,1,Loan-142573,29
NIGHT AND DAY CONSTRUCTION IN,XXXX,FL,33XXX,CORPORATION,BayFirst National Bank,Saint Petersburg,FL,337XX,34997,10.0,V,23XXXX,120,0,Y,Y,0.0,150000,BROWARD,FL,0,Loan-142578,21
T&R Enterprise USA Inc.,LILBURN,GA,30XXX,CORPORATION,BayFirst National Bank,Saint Petersburg,FL,337XX,34997,10.0,V,42XXXX,115,0,Y,Y,148245.85,150000,GWINNETT,GA,1,Loan-142620,29
AP Services LLC,XXXX,RI,29XXX,CORPORATION,"TD Bank, National Association",WILMINGTON,DE,198XX,18409,10.75,V,81XXXX,120,0,N,UNKNOWN,0.0,70000,PROVIDENCE,RI,0,Loan-142654,25
APG LOGISTICS LLC,CHARLOTTE,NC,28XXX,CORPORATION,"Wells Fargo Bank, National Association",SIOUX FALLS,SD,571XX,3511,12.75,V,48XXXX,110,1,N,UNKNOWN,9650.21,10000,MECKLENBURG,NC,1,Loan-142656,29
IN TIME LLC,NAPERVILLE,IL,60XXX,CORPORATION,"JPMorgan Chase Bank, National Association",COLUMBUS,OH,432XX,628,10.7,V,48XXXX,99,1,Y,UNKNOWN,99890.2,100000,WILL,IL,1,Loan-142865,29
African Rich LLC,Gilbert,AZ,85XXX,CORPORATION,CDC Small Business Finance Corp.,San Diego,CA,921XX,CDC Small -92106,11.0,V,45XXXX,102,0,Y,Y,67775.89,70000,MARICOPA,AZ,1,Loan-142904,29
ROGUE TACOS & CATERING INC,PORTLAND,PA,18XXX,CORPORATION,"PNC Bank, National Association",WILMINGTON,DE,198XX,6384,10.75,V,72XXXX,46,0,N,UNKNOWN,80303.08,90000,MONROE,PA,1,Loan-143029,28
BB & Family LLC,XXXX,TX,76XXX,CORPORATION,SpiritBank,TULSA,OK,741XX,4048,7.75,V,72XXXX,114,0,Y,UNKNOWN,237686.39,237300,JOHNSON,TX,1,Loan-143096,28
ROUENERGY HERBAL SUPPLEMENTS L,LOS ANGELES,CA,90XXX,CORPORATION,"U.S. Bank, National Association",CINCINNATI,OH,452XX,6548,9.74,F,42XXXX,8,0,Y,UNKNOWN,13869.67,18000,LOS ANGELES,CA,1,Loan-143193,29
DRIFTWOOD BAY CONCEPTS INC.,SAINT PETERSBURG,FL,33XXX,CORPORATION,Northeast Bank,LEWISTON,ME,424XX,19690,9.0,V,72XXXX,111,0,N,Y,143565.63,250000,PINELLAS,FL,1,Loan-143291,28
Sendy's Music Inc.,BROOKLYN,NY,11XXX,CORPORATION,"TD Bank, National Association",WILMINGTON,DE,198XX,18409,12.75,V,71XXXX,104,1,N,UNKNOWN,21000.0,21000,KINGS,NY,1,Loan-143394,28
Y & G EXPRESS LLC,XXXX,NJ,70XXX,INDIVIDUAL,BayFirst National Bank,Saint Petersburg,FL,337XX,34997,10.0,V,48XXXX,109,0,Y,Y,147217.26,150000,BERGEN,NJ,1,Loan-143427,29
PEABODY'S PARLOR LLC,Indianapolis,IN,46XXX,CORPORATION,The Huntington National Bank,COLUMBUS,OH,432XX,6560,8.85,V,81XXXX,48,0,N,UNKNOWN,43807.3,50000,MARION,IN,1,Loan-143570,28
TEJANO XPRESS LLC,XXXX,TX,78XXX,CORPORATION,"Wells Fargo Bank, National Association",SIOUX FALLS,SD,571XX,3511,12.75,V,48XXXX,112,1,N,UNKNOWN,14866.34,15000,WILLACY,TX,1,Loan-143609,29
PASSIVE LEGACY LLC,ORLANDO,FL,32XXX,CORPORATION,"Wells Fargo Bank, National Association",SIOUX FALLS,SD,571XX,3511,10.75,V,44XXXX,98,1,N,UNKNOWN,14154.16,15000,ORANGE,FL,1,Loan-143733,29
1A Trade LLC,POMPANO BEACH,FL,33XXX,CORPORATION,BayFirst National Bank,Saint Petersburg,FL,337XX,34997,10.0,V,42XXXX,105,0,Y,Y,142875.74,150000,BROWARD,FL,1,Loan-143799,29
A&A GREENE TRANSPORT LLC,DOUGLASVILLE,GA,30XXX,CORPORATION,"Wells Fargo Bank, National Association",SIOUX FALLS,SD,571XX,3511,12.75,V,48XXXX,120,1,N,UNKNOWN,4711.62,5000,DOUGLAS,GA,1,Loan-143808,29
AZ WATER SYSTEMS LLC,GILBERT,AZ,85XXX,CORPORATION,BayFirst National Bank,Saint Petersburg,FL,337XX,34997,10.0,V,23XXXX,100,0,Y,Y,138306.47,150000,MARICOPA,AZ,1,Loan-143833,29
National Supply Inc.,ONTARIO,CA,91XXX,CORPORATION,BayFirst National Bank,Saint Petersburg,FL,337XX,34997,10.0,V,45XXXX,100,0,Y,Y,144284.92,150000,SAN BERNARDINO,CA,1,Loan-143985,29
Sherdor Motor Lines LLC,XXXX,PA,19XXX,CORPORATION,Manufacturers and Traders Trust Company,BUFFALO,NY,142XX,588,12.75,V,48XXXX,103,1,N,UNKNOWN,31503.22,32000,BUCKS,PA,1,Loan-144028,28
SRG 2MB LLC,SPRING,TX,77XXX,CORPORATION,BayFirst National Bank,Saint Petersburg,FL,337XX,34997,9.0,V,53XXXX,110,0,Y,Y,343126.64,350000,MONTGOMERY,TX,1,Loan-144039,27
R Davis Services Inc.,STAFFORD,TX,77XXX,CORPORATION,BayFirst National Bank,Saint Petersburg,FL,337XX,34997,10.0,V,42XXXX,105,0,Y,Y,142694.46,150000,FORT BEND,TX,1,Loan-144226,29
REIDS ELECTRICAL SPECIALISTS I,XXXX,PA,19XXX,CORPORATION,Stearns Bank National Association,SAINT CLOUD,MN,563XX,10988,11.75,V,23XXXX,107,0,N,UNKNOWN,24288.72,25000,DELAWARE,PA,1,Loan-144229,28
AMG TRUCKING INC,PASADENA,CA,91XXX,CORPORATION,BayFirst National Bank,Saint Petersburg,FL,337XX,34997,9.0,V,48XXXX,105,0,Y,Y,95717.89,312000,LOS ANGELES,CA,1,Loan-144303,29
CARIBE AGENCIA CORP,MIAMI,FL,33XXX,CORPORATION,"TD Bank, National Association",WILMINGTON,DE,198XX,18409,10.05,V,48XXXX,104,1,N,UNKNOWN,18191.74,45000,MIAMI-DADE,FL,1,Loan-144322,28
Exquisite Tapas Lounge LLC,XXXX,CA,92XXX,CORPORATION,CDC Small Business Finance Corp.,San Diego,CA,921XX,CDC Small -92106,10.75,V,72XXXX,92,0,Y,UNKNOWN,305887.36,315700,RIVERSIDE,CA,1,Loan-144371,28
FORTUNE TRUCKING LLC,RENO,NV,89XXX,CORPORATION,"Readycap Lending, LLC",BERKELEY HEIGHTS,NJ,792XX,Readycap L-7922,9.0,V,48XXXX,105,0,Y,Y,98508.68,103500,WASHOE,NV,1,Loan-144378,28
Armaks Enterprises Corp.,XXXX,NY,11XXX,CORPORATION,BayFirst National Bank,Saint Petersburg,FL,337XX,34997,10.0,V,48XXXX,110,0,Y,Y,102709.16,105300,SUFFOLK,NY,1,Loan-144540,29
Breakers Coffee Company LLC,San Diego,CA,92XXX,CORPORATION,CDC Small Business Finance Corp.,San Diego,CA,921XX,CDC Small -92106,11.0,V,72XXXX,111,0,Y,Y,145305.08,150000,SAN DIEGO,CA,1,Loan-144555,28
CHIVA COCO,RIALTO,CA,92XXX,INDIVIDUAL,"U.S. Bank, National Association",CINCINNATI,OH,452XX,6548,6.74,F,72XXXX,21,0,Y,UNKNOWN,7745.8,10000,SAN BERNARDINO,CA,1,Loan-144566,29
Perfect 10 Painting LLC,Meridian,ID,83XXX,CORPORATION,Celtic Bank Corporation,SALT LAKE CITY,UT,841XX,57056,10.0,V,23XXXX,97,0,Y,Y,30656.96,35000,ADA,ID,1,Loan-144651,29
Angie's At Your Service Virtua,VINELAND,NJ,83XXX,CORPORATION,Northeast Bank,LEWISTON,ME,424XX,19690,9.0,V,56XXXX,109,0,N,Y,14458.9,15000,CUMBERLAND,NJ,1,Loan-144737,28
Iron Dragon Pastries LLC,SAGINAW,MI,48XXX,CORPORATION,The Huntington National Bank,COLUMBUS,OH,432XX,6560,8.25,V,72XXXX,35,0,Y,UNKNOWN,11327.89,13400,SAGINAW,MI,1,Loan-144819,28
NOTARIA NEW JERSEY,Newark,NJ,71XXX,CORPORATION,Celtic Bank Corporation,SALT LAKE CITY,UT,841XX,57056,9.0,V,54XXXX,111,0,Y,Y,92852.17,95000,ESSEX,NJ,1,Loan-144862,28
STONE TRANSPORT LLC,SUWANEE,GA,30XXX,CORPORATION,"PNC Bank, National Association",WILMINGTON,DE,198XX,6384,12.75,V,48XXXX,8,1,N,UNKNOWN,19872.86,20000,GWINNETT,GA,1,Loan-144911,28
Halima Sisters LLC,COLUMBUS,OH,43XXX,CORPORATION,"Readycap Lending, LLC",BERKELEY HEIGHTS,NJ,792XX,Readycap L-7922,11.0,V,81XXXX,74,0,N,UNKNOWN,25082.74,25000,FRANKLIN,OH,1,Loan-145054,28
WMK Logistics Inc,MODESTO,CA,95XXX,CORPORATION,BayFirst National Bank,Saint Petersburg,FL,337XX,34997,10.0,V,48XXXX,109,0,Y,Y,146256.66,150000,STANISLAUS,CA,1,Loan-145182,29
JD Torres LLC,SAN DIEGO,CA,92XXX,CORPORATION,BayFirst National Bank,Saint Petersburg,FL,337XX,34997,10.0,V,72XXXX,109,0,Y,Y,145276.02,150000,SAN DIEGO,CA,1,Loan-145280,28
LOVING HOME CARE 1 LLC,PHOENIX,AZ,85XXX,CORPORATION,"Wells Fargo Bank, National Association",SIOUX FALLS,SD,571XX,3511,12.75,V,62XXXX,99,1,N,UNKNOWN,6866.85,15000,MARICOPA,AZ,1,Loan-145312,29
MG CONTRACTORS LTD,LAREDO,TX,78XXX,PARTNERSHIP,BayFirst National Bank,Saint Petersburg,FL,337XX,34997,10.0,V,23XXXX,120,0,Y,Y,0.0,150000,WEBB,TX,0,Loan-145536,17
MONEYCUZ LLC,XXXX,AZ,85XXX,CORPORATION,"Wells Fargo Bank, National Association",SIOUX FALLS,SD,571XX,3511,12.75,V,81XXXX,99,1,N,UNKNOWN,8872.48,10000,MARICOPA,AZ,1,Loan-145540,29
MSHELDONLLC,BROOKLYN,NY,11XXX,CORPORATION,"Wells Fargo Bank, National Association",SIOUX FALLS,SD,571XX,3511,11.25,V,56XXXX,99,1,N,UNKNOWN,9929.81,10000,KINGS,NY,1,Loan-145543,29
ADAMS DOORS AND CONTRACTING LL,XXXX,MO,63XXX,CORPORATION,"U.S. Bank, National Association",CINCINNATI,OH,452XX,6548,8.24,F,23XXXX,14,0,N,UNKNOWN,7360.68,10000,SAINT LOUIS,MO,1,Loan-145650,28
Curing Crack Chiropractic LLC,PERRY,IA,50XXX,CORPORATION,Lincoln Savings Bank,Reinbeck,IA,506XX,14207,9.0,V,62XXXX,109,0,Y,Y,45913.65,50000,POLK,IA,1,Loan-145679,28
ELLIOTT MESS CLEAN-UP L L C,FEDERAL WAY,WA,98XXX,CORPORATION,"U.S. Bank, National Association",CINCINNATI,OH,452XX,6548,9.24,V,56XXXX,57,1,Y,UNKNOWN,18000.0,18000,KING,WA,1,Loan-145697,29
Planters Plus LLC,HOLLAND,MI,49XXX,CORPORATION,BayFirst National Bank,Saint Petersburg,FL,337XX,34997,10.0,V,42XXXX,100,0,Y,Y,143545.67,150000,OTTAWA,MI,1,Loan-145769,29
RC Custom Coolers LLC,CLEARWATER,FL,33XXX,CORPORATION,"TD Bank, National Association",WILMINGTON,DE,198XX,18409,6.5,V,45XXXX,105,1,N,UNKNOWN,24642.5,25000,PINELLAS,FL,1,Loan-145783,28
SUITE SKIN ESTHETICS LLC,BUFORD,GA,30XXX,CORPORATION,"Wells Fargo Bank, National Association",SIOUX FALLS,SD,571XX,3511,12.75,V,81XXXX,108,1,N,UNKNOWN,9903.78,10000,GWINNETT,GA,1,Loan-145812,29
DAHLONEGA MARKETPLACE LLC,XXXX,GA,30XXX,CORPORATION,Celtic Bank Corporation,SALT LAKE CITY,UT,841XX,57056,10.0,V,81XXXX,104,0,Y,Y,38130.72,40000,LUMPKIN,GA,1,Loan-145895,28
LOBANA ENGINEERING INC.,MOORPARK,CA,93XXX,CORPORATION,Stearns Bank National Association,SAINT CLOUD,MN,563XX,10988,10.75,V,54XXXX,95,0,Y,UNKNOWN,20000.0,20000,VENTURA,CA,1,Loan-145946,28
GLOBAL CUSTOM PAINT LLC,BOERNE,TX,78XXX,CORPORATION,"Wells Fargo Bank, National Association",SIOUX FALLS,SD,571XX,3511,11.25,V,81XXXX,101,1,N,UNKNOWN,8452.38,10000,KENDALL,TX,1,Loan-146080,28
Hart Design Group LLC,BURNSVILLE,MN,55XXX,CORPORATION,Minnwest Bank,REDWOOD FALLS,MN,562XX,16958,7.25,V,23XXXX,107,1,Y,UNKNOWN,199689.0,200000,DAKOTA,MN,1,Loan-146289,28
Janes Construction,SACRAMENTO,CA,95XXX,INDIVIDUAL,"Readycap Lending, LLC",BERKELEY HEIGHTS,NJ,792XX,Readycap L-7922,11.0,V,23XXXX,67,0,N,Y,23230.1,25000,SACRAMENTO,CA,1,Loan-146301,28
KAIZEN GLOBAL PARTNERS LLC,AVON,OH,44XXX,CORPORATION,The Huntington National Bank,COLUMBUS,OH,432XX,6560,8.25,V,56XXXX,94,0,N,UNKNOWN,80009.2,80000,LORAIN,OH,1,Loan-146312,27
Shamburger Insurance Group LL,XXXX,NC,28XXX,CORPORATION,BayFirst National Bank,Saint Petersburg,FL,337XX,34997,10.0,V,52XXXX,120,0,Y,Y,0.0,72000,CABARRUS,NC,0,Loan-146389,21
VNJ LLC,ORLANDO,FL,32XXX,CORPORATION,BayFirst National Bank,Saint Petersburg,FL,337XX,34997,10.0,V,48XXXX,114,0,Y,Y,147855.25,150000,ORANGE,FL,1,Loan-146416,28
Masterclass Enterprises LLC,POMPANO BEACH,FL,33XXX,CORPORATION,"TD Bank, National Association",WILMINGTON,DE,198XX,18409,12.75,V,48XXXX,105,1,N,UNKNOWN,24986.34,25000,BROWARD,FL,1,Loan-146559,28
ONE ON ONE MARKETING INC,SUN VALLEY,CA,91XXX,CORPORATION,"U.S. Bank, National Association",CINCINNATI,OH,452XX,6548,6.74,F,54XXXX,28,0,N,UNKNOWN,37237.44,40000,LOS ANGELES,CA,1,Loan-146583,28
CANDICE THIEM,SAN DIEGO,CA,92XXX,INDIVIDUAL,"U.S. Bank, National Association",CINCINNATI,OH,452XX,6548,6.49,F,53XXXX,40,0,Y,UNKNOWN,39739.94,45000,SAN DIEGO,CA,1,Loan-146688,28
My Brothers Trucking LLC,XXXX,RI,29XXX,CORPORATION,"TD Bank, National Association",WILMINGTON,DE,198XX,18409,12.75,V,48XXXX,105,1,N,UNKNOWN,25000.0,25000,PROVIDENCE,RI,1,Loan-146776,27
Lemar Industries Inc.,SANTA FE SPRINGS,CA,90XXX,CORPORATION,BayFirst National Bank,Saint Petersburg,FL,337XX,34997,10.0,V,54XXXX,109,0,Y,Y,144279.09,150000,LOS ANGELES,CA,1,Loan-146973,28
Wayne Investments LLC,CHINO,CA,91XXX,CORPORATION,Comerica Bank,DALLAS,TX,752XX,983,8.0,V,81XXXX,104,1,Y,UNKNOWN,65216.0,69000,SAN BERNARDINO,CA,1,Loan-147051,28
BAYLOR CONSTRUCTION GROUP LLC,XXXX,MD,20XXX,CORPORATION,Manufacturers and Traders Trust Company,BUFFALO,NY,142XX,588,7.49,F,23XXXX,46,1,N,UNKNOWN,46565.44,50200,CHARLES,MD,1,Loan-147083,28
California Corner Stores Corp.,Cypress,CA,90XXX,CORPORATION,CDC Small Business Finance Corp.,San Diego,CA,921XX,CDC Small -92106,10.25,V,42XXXX,113,0,Y,Y,216750.0,216000,ORANGE,CA,1,Loan-147096,27
The Spliff Experience LLC,XXXX,NJ,70XXX,CORPORATION,Cadence Bank,TUPELO,MS,388XX,11813,9.0,V,81XXXX,103,0,Y,Y,298657.58,305000,UNION,NJ,1,Loan-147251,27
ABC CARGO INC,Fishers,IN,46XXX,CORPORATION,The Huntington National Bank,COLUMBUS,OH,432XX,6560,9.35,V,48XXXX,84,0,Y,UNKNOWN,0.0,200500,HAMILTON,IN,0,Loan-147285,26
Emerald Valley Gardens LLC,XXXX,ME,44XXX,CORPORATION,"TD Bank, National Association",WILMINGTON,DE,198XX,18409,12.75,V,11XXXX,99,1,N,UNKNOWN,703.66,25000,PENOBSCOT,ME,1,Loan-147345,28
Humboldt Hand Wash LLC,XXXX,CA,95XXX,CORPORATION,Arcata Economic Development Corporation,XXXX,CA,955XX,Arcata Eco-95501,7.5,F,81XXXX,96,0,Y,UNKNOWN,44507.8,48000,HUMBOLDT,CA,1,Loan-147375,27
PRIME METAL CORP.,LONGWOOD,FL,32XXX,CORPORATION,BayFirst National Bank,Saint Petersburg,FL,337XX,34997,10.0,V,33XXXX,105,0,Y,Y,143824.19,150000,SEMINOLE,FL,1,Loan-147429,28
Northwestern Medivan Inc.,CHICAGO,IL,60XXX,CORPORATION,The Huntington National Bank,COLUMBUS,OH,432XX,6560,8.5,V,42XXXX,40,0,Y,UNKNOWN,43901.11,50100,COOK,IL,1,Loan-147604,27
Northwestern Medivan Inc.,CHICAGO,IL,60XXX,CORPORATION,The Huntington National Bank,COLUMBUS,OH,432XX,6560,8.5,V,42XXXX,40,0,Y,UNKNOWN,44580.57,50900,COOK,IL,1,Loan-147605,27
Northwestern Medivan Inc.,Chicago,IL,60XXX,CORPORATION,The Huntington National Bank,COLUMBUS,OH,432XX,6560,8.25,V,42XXXX,99,1,Y,UNKNOWN,50140.15,100000,COOK,IL,1,Loan-147606,27
SAVAGE SURFACE CLEANING LLC,GLENDALE,AZ,85XXX,CORPORATION,"Wells Fargo Bank, National Association",SIOUX FALLS,SD,571XX,3511,12.25,V,23XXXX,98,1,N,UNKNOWN,9816.61,10000,MARICOPA,AZ,1,Loan-147633,28
Sour Grapes LLC,ASHEVILLE,NC,28XXX,CORPORATION,BayFirst National Bank,Saint Petersburg,FL,337XX,34997,10.0,V,42XXXX,105,0,Y,Y,145140.88,150000,BUNCOMBE,NC,1,Loan-147695,28
CARBON AND BONE INC,Los Angeles,CA,90XXX,CORPORATION,Celtic Bank Corporation,SALT LAKE CITY,UT,841XX,57056,9.0,V,54XXXX,94,0,Y,Y,0.0,51000,LOS ANGELES,CA,1,Loan-147744,28
PJMM LLC,VANCOUVER,WA,98XXX,CORPORATION,Banner Bank,WALLA WALLA,WA,993XX,28489,7.0,F,72XXXX,60,0,Y,UNKNOWN,124297.93,150500,CLARK,WA,1,Loan-147849,28
Home Appraising Group Inc.,XXXX,PA,19XXX,CORPORATION,Pathward National Association,SIOUX FALLS,SD,571XX,30776,9.0,V,53XXXX,101,0,N,UNKNOWN,998432.78,1022000,DELAWARE,PA,1,Loan-148002,28
Onyx National Inc,Tempe,AZ,85XXX,CORPORATION,"Lendistry SBLC, LLC",Los Angeles,CA,900XX,Lendistry -90021,9.0,V,44XXXX,111,0,Y,Y,430064.56,477000,MARICOPA,AZ,1,Loan-148051,28
Rain Commercial Cleaning LLC,HIALEAH,FL,33XXX,CORPORATION,"TD Bank, National Association",WILMINGTON,DE,198XX,18409,12.05,V,56XXXX,104,1,N,UNKNOWN,25000.0,25000,MIAMI-DADE,FL,1,Loan-148062,28
Zuniga Insurance Agency LLC,CHICAGO,IL,60XXX,CORPORATION,"Readycap Lending, LLC",BERKELEY HEIGHTS,NJ,792XX,Readycap L-7922,9.0,V,52XXXX,109,0,Y,Y,100668.89,103500,COOK,IL,1,Loan-148129,28
Global Investment and Developm,GLENDALE,CA,91XXX,CORPORATION,BayFirst National Bank,Saint Petersburg,FL,337XX,34997,10.0,V,53XXXX,108,0,Y,Y,80793.71,83300,LOS ANGELES,CA,1,Loan-148210,28
DYLAN PECKENPAUGH REALTOR LLC,Seattle,WA,98XXX,CORPORATION,Celtic Bank Corporation,SALT LAKE CITY,UT,841XX,57056,10.0,V,53XXXX,105,0,Y,Y,47231.09,50000,KING,WA,1,Loan-148431,28
Eilenberger's Inc.,XXXX,TX,75XXX,CORPORATION,BayFirst National Bank,Saint Petersburg,FL,337XX,34997,10.0,V,72XXXX,103,0,Y,Y,142496.89,150000,ANDERSON,TX,1,Loan-148435,28
Hickory Family Pharmacy,HICKORY,NC,28XXX,CORPORATION,"MVB Bank, Inc.",FAIRMONT,WV,265XX,34603,8.5,V,45XXXX,105,0,N,Y,823240.52,858000,CATAWBA,NC,1,Loan-148463,27
Janchi LLC,XXXX,CA,91XXX,CORPORATION,BMO Bank National Association,Chicago,IL,606XX,16571,9.0,V,72XXXX,108,0,Y,UNKNOWN,0.0,170700,VENTURA,CA,0,Loan-148478,13
BOULEVARD PHARMACY INC.,BEVERLY HILLS,CA,90XXX,CORPORATION,"U.S. Bank, National Association",CINCINNATI,OH,452XX,6548,6.25,F,45XXXX,94,0,Y,UNKNOWN,4376649.42,4634000,LOS ANGELES,CA,1,Loan-148623,28
Squirrel + Rabbit Coffee Bar a,Chattanooga,TN,37XXX,CORPORATION,"Brightbridge, Inc.",Chattanooga,TN,374XX,Brightbrid-37402,10.0,V,72XXXX,99,0,Y,UNKNOWN,89363.13,94100,HAMILTON,TN,1,Loan-148764,27
Bear and Masha LLC,Centennial,CO,80XXX,CORPORATION,The Huntington National Bank,COLUMBUS,OH,432XX,6560,8.25,V,44XXXX,101,1,Y,UNKNOWN,48477.4,50000,ARAPAHOE,CO,1,Loan-149020,27
Cornell McCarty,Milwaukee,WI,53XXX,INDIVIDUAL,The Huntington National Bank,COLUMBUS,OH,432XX,6560,8.5,V,81XXXX,107,1,Y,UNKNOWN,14065.3,14000,MILWAUKEE,WI,1,Loan-149044,27
First j Productions inc.,WOODLAND HILLS,CA,91XXX,CORPORATION,Cadence Bank,TUPELO,MS,388XX,11813,9.0,V,51XXXX,99,0,Y,Y,346902.86,350000,LOS ANGELES,CA,1,Loan-149080,28
GROVEWAY PHARMACY INC.,HOUSTON,TX,77XXX,CORPORATION,BayFirst National Bank,Saint Petersburg,FL,337XX,34997,10.0,V,44XXXX,105,0,Y,Y,105712.62,110000,HARRIS,TX,1,Loan-149093,28
DIGISEG 1811 LLC,DORAL,FL,33XXX,CORPORATION,BayFirst National Bank,Saint Petersburg,FL,337XX,34997,10.0,V,42XXXX,110,0,Y,Y,147346.91,150000,MIAMI-DADE,FL,1,Loan-149318,28
SUN STOPPERS LLC,NOTTINGHAM,MD,21XXX,CORPORATION,BayFirst National Bank,Saint Petersburg,FL,337XX,34997,10.0,V,81XXXX,109,0,Y,Y,145671.39,149000,BALTIMORE,MD,1,Loan-149556,28
MANIFEST DESTINY ENTERPRISES L,MARICOPA,AZ,85XXX,CORPORATION,Mountain America FCU,SANDY,UT,840XX,Mountain A-84070,13.0,V,45XXXX,59,1,N,UNKNOWN,15000.0,15000,PINAL,AZ,1,Loan-149686,28
P & M WOOD WORKS CORP,MIAMI,FL,33XXX,CORPORATION,"Wells Fargo Bank, National Association",SIOUX FALLS,SD,571XX,3511,12.25,V,23XXXX,100,1,N,UNKNOWN,14407.28,15000,MIAMI-DADE,FL,1,Loan-149713,28
Grits and Toppings,Los Angeles,CA,90XXX,CORPORATION,CDC Small Business Finance Corp.,San Diego,CA,921XX,CDC Small -92106,11.0,V,44XXXX,103,0,Y,Y,96735.3,100000,LOS ANGELES,CA,1,Loan-150148,27
Sorangi Enterprise Inc.,Kennesaw,GA,30XXX,CORPORATION,"Readycap Lending, LLC",BERKELEY HEIGHTS,NJ,792XX,Readycap L-7922,9.0,V,48XXXX,113,0,Y,Y,1115997.09,1290000,COBB,GA,1,Loan-150285,27
T Matos Transport Corp,MIAMI,FL,33XXX,CORPORATION,"TD Bank, National Association",WILMINGTON,DE,198XX,18409,12.75,V,48XXXX,102,1,N,UNKNOWN,12377.75,12500,MIAMI-DADE,FL,1,Loan-150294,27
Tradevco Inc.,DEARBORN,MI,48XXX,CORPORATION,BayFirst National Bank,Saint Petersburg,FL,337XX,34997,10.0,V,42XXXX,104,0,Y,Y,142118.95,150000,WAYNE,MI,1,Loan-150315,27
Myra Harbor Cafe LLC,FORT LAUDERDALE,FL,33XXX,CORPORATION,"Readycap Lending, LLC",BERKELEY HEIGHTS,NJ,792XX,Readycap L-7922,9.0,V,72XXXX,105,0,Y,Y,75184.0,79000,BROWARD,FL,1,Loan-150439,27
Soju House LLC,Chicago,IL,60XXX,CORPORATION,The Huntington National Bank,COLUMBUS,OH,432XX,6560,9.0,V,72XXXX,60,0,N,UNKNOWN,0.0,100000,COOK,IL,0,Loan-150476,3
ARAndrews Construction Inc,LUBBOCK,TX,79XXX,CORPORATION,BayFirst National Bank,Saint Petersburg,FL,337XX,34997,10.75,V,23XXXX,116,0,Y,UNKNOWN,150150.0,150000,LUBBOCK,TX,1,Loan-150517,27
EMILOKAN LLC,XXXX,IL,60XXX,CORPORATION,"United Midwest Savings Bank, National Association",DE GRAFF,OH,433XX,32441,9.75,V,23XXXX,99,0,Y,Y,127625.85,150000,WILL,IL,1,Loan-150556,27
The Vine LLC,XXXX,TN,37XXX,CORPORATION,"Capital Bank, National Association",ROCKVILLE,MD,208XX,35278,9.75,V,23XXXX,114,0,N,Y,97548.89,100000,DAVIDSON,TN,1,Loan-150679,27
Chicago Empanada Mama LLC,Chicago,IL,60XXX,CORPORATION,The Huntington National Bank,COLUMBUS,OH,432XX,6560,9.0,V,72XXXX,97,0,Y,UNKNOWN,378272.68,300000,COOK,IL,1,Loan-150773,27
Level Up Construction LLC,CHERRY HILL,NJ,80XXX,CORPORATION,Manufacturers and Traders Trust Company,BUFFALO,NY,142XX,588,10.0,V,23XXXX,107,1,N,UNKNOWN,99902.44,100000,CAMDEN,NJ,1,Loan-151318,27
OUTDOORSMITH LLC,FAIRMONT,WV,26XXX,CORPORATION,The Huntington National Bank,COLUMBUS,OH,432XX,6560,9.25,V,23XXXX,84,0,N,UNKNOWN,0.0,58700,MARION,WV,0,Loan-151343,22
Silhouette Diva Studio,VALLEY STREAM,NY,11XXX,CORPORATION,"Bank of America, National Association",CHARLOTTE,NC,282XX,3510,9.75,V,45XXXX,103,0,N,UNKNOWN,239478.15,250000,NASSAU,NY,1,Loan-151377,25
WMP Transportation,SAN JACINTO,CA,92XXX,CORPORATION,"Readycap Lending, LLC",BERKELEY HEIGHTS,NJ,792XX,Readycap L-7922,9.75,V,48XXXX,103,0,Y,Y,143854.79,150000,RIVERSIDE,CA,1,Loan-151407,26
Galaxy Home Health LLC,XXXX,WA,98XXX,CORPORATION,"Readycap Lending, LLC",BERKELEY HEIGHTS,NJ,792XX,Readycap L-7922,9.75,V,62XXXX,102,0,Y,Y,0.0,52500,KING,WA,0,Loan-151496,23
Ultimate Fleet Service Inc.,ELK GROVE VILLAGE,IL,60XXX,CORPORATION,BayFirst National Bank,Saint Petersburg,FL,337XX,34997,10.75,V,48XXXX,109,0,Y,Y,145305.26,150000,COOK,IL,1,Loan-151825,27
Retro Freight LLC,LEMON GROVE,CA,91XXX,CORPORATION,"Readycap Lending, LLC",BERKELEY HEIGHTS,NJ,792XX,Readycap L-7922,9.75,V,48XXXX,115,0,Y,Y,141926.31,159000,SAN DIEGO,CA,1,Loan-152021,27
THE CLASSIC TRUCK WASH INC,MIAMI,FL,33XXX,CORPORATION,Northeast Bank,LEWISTON,ME,424XX,19690,9.75,V,81XXXX,110,0,N,Y,102515.99,105800,MIAMI-DADE,FL,1,Loan-152036,26
Eatery Investment Group,Chandler,AZ,85XXX,CORPORATION,Midwest Regional Bank,FESTUS,MO,630XX,8889,9.75,V,72XXXX,104,0,Y,Y,175574.03,212000,MARICOPA,AZ,1,Loan-152144,27
XTown Shippers LLC,CHINO,CA,91XXX,CORPORATION,"United Midwest Savings Bank, National Association",DE GRAFF,OH,433XX,32441,9.75,V,56XXXX,99,0,Y,Y,137313.63,150000,SAN BERNARDINO,CA,1,Loan-152338,27
Beach Boys Inspections LLC,GEORGETOWN,SC,29XXX,CORPORATION,"United Midwest Savings Bank, National Association",DE GRAFF,OH,433XX,32441,9.75,V,54XXXX,105,0,Y,Y,142915.04,150000,GEORGETOWN,SC,1,Loan-152374,27
RATZYS ART INC.,MONSEY,NY,10XXX,CORPORATION,Manufacturers and Traders Trust Company,BUFFALO,NY,142XX,588,10.0,V,45XXXX,104,1,N,UNKNOWN,95000.0,95000,ROCKLAND,NY,1,Loan-152531,27
SIMPLY SAY'D PHOTOGRAPHY LLC,AVONDALE,AZ,85XXX,CORPORATION,Mountain America FCU,SANDY,UT,840XX,Mountain A-84070,13.5,V,54XXXX,59,1,N,UNKNOWN,19745.21,20000,MARICOPA,AZ,1,Loan-152544,27
Anton Enterprises LLC,Franklin,IN,46XXX,CORPORATION,DeMotte State Bank,XXXX,IN,463XX,15883,7.0,V,72XXXX,98,0,Y,UNKNOWN,396490.76,360000,JOHNSON,IN,1,Loan-152609,23
Frozen PW LLC,Peoria,AZ,85XXX,CORPORATION,Midwest Regional Bank,FESTUS,MO,630XX,8889,9.75,V,44XXXX,123,0,Y,Y,0.0,622000,MARICOPA,AZ,0,Loan-152689,20
SRA Trucking L.L.C.,XXXX,NJ,83XXX,CORPORATION,"TD Bank, National Association",WILMINGTON,DE,198XX,18409,13.3,V,48XXXX,105,1,N,UNKNOWN,24932.49,25000,CUMBERLAND,NJ,1,Loan-152816,27
J.A.K. FITNESS ENTERPRISES LL,XXXX,IL,60XXX,CORPORATION,"United Midwest Savings Bank, National Association",DE GRAFF,OH,433XX,32441,9.75,V,71XXXX,104,0,Y,Y,141422.12,150000,WILL,IL,1,Loan-152964,27
MEZEI'S MENSWEAR INC,MONSEY,NY,10XXX,CORPORATION,Manufacturers and Traders Trust Company,BUFFALO,NY,142XX,588,11.5,V,45XXXX,120,1,N,UNKNOWN,0.0,100000,ROCKLAND,NY,0,Loan-152990,23
Lyda Lemon LLC,AUSTIN,TX,78XXX,CORPORATION,Cadence Bank,TUPELO,MS,388XX,11813,9.5,V,72XXXX,104,0,Y,UNKNOWN,0.0,350000,TRAVIS,TX,0,Loan-153100,20
AMARIS HEALTH CARE INC,DALLAS,TX,75XXX,CORPORATION,Cadence Bank,TUPELO,MS,388XX,11813,9.75,V,62XXXX,109,0,Y,Y,348864.65,350000,DALLAS,TX,1,Loan-153119,27
12 Kids LLC,LEES SUMMIT,MO,64XXX,CORPORATION,Bank of Franklin County,WASHINGTON,MO,630XX,35543,9.0,V,72XXXX,40,0,Y,UNKNOWN,228618.56,245000,JACKSON,MO,1,Loan-153503,27
Code Guru LLC,PRINCETON,NJ,85XXX,CORPORATION,First Chatham Bank,SAVANNAH,GA,314XX,57252,9.75,V,61XXXX,109,0,Y,Y,179130.9,311000,MERCER,NJ,1,Loan-153549,27
Hormaza Trucking,SAN DIEGO,CA,92XXX,CORPORATION,BayFirst National Bank,Saint Petersburg,FL,337XX,34997,10.75,V,48XXXX,111,0,Y,Y,125005.65,128000,SAN BERNARDINO,CA,1,Loan-153604,27
Knot and Pine LLC,XXXX,UT,84XXX,CORPORATION,BayFirst National Bank,Saint Petersburg,FL,337XX,34997,10.75,V,81XXXX,120,0,Y,Y,0.0,150000,UTAH,UT,0,Loan-153621,12
24-7LABORATORIES LLC,TAMPA,FL,33XXX,CORPORATION,BayFirst National Bank,Saint Petersburg,FL,337XX,34997,10.75,V,62XXXX,112,0,Y,Y,63025.36,64000,HILLSBOROUGH,FL,1,Loan-153734,27
Iceland Cooling Inc.,BROOKLYN,NY,11XXX,CORPORATION,"TD Bank, National Association",WILMINGTON,DE,198XX,18409,13.5,V,23XXXX,104,1,N,UNKNOWN,24985.3,25000,KINGS,NY,1,Loan-153835,27
Chin Global LLC,XXXX,NY,11XXX,CORPORATION,"TD Bank, National Association",WILMINGTON,DE,198XX,18409,13.5,V,54XXXX,108,1,N,UNKNOWN,25000.0,25000,NASSAU,NY,1,Loan-154174,26
LSK INVESTMENT CORPORATION,HONOLULU,HI,96XXX,CORPORATION,Central Pacific Bank,Honolulu,HI,968XX,17308,10.0,V,72XXXX,77,0,N,UNKNOWN,0.0,50000,HONOLULU,HI,0,Loan-154231,18
Latin Angels Productions Inc.,MIAMI BEACH,FL,33XXX,CORPORATION,BayFirst National Bank,Saint Petersburg,FL,337XX,34997,10.75,V,51XXXX,105,0,Y,Y,143268.72,150000,MIAMI-DADE,FL,1,Loan-154395,27
THE CREATIVE SCHOOL LLC,PHILADELPHIA,PA,19XXX,CORPORATION,"Wells Fargo Bank, National Association",SIOUX FALLS,SD,571XX,3511,13.0,V,62XXXX,101,1,N,UNKNOWN,29755.72,30000,PHILADELPHIA,PA,1,Loan-154471,27
AMERICAN PIE PIZZERIA CO.,XXXX,WI,54XXX,CORPORATION,MidWestOne Bank,IOWA CITY,IA,522XX,14843,9.5,V,72XXXX,100,0,Y,UNKNOWN,117559.39,135000,POLK,WI,1,Loan-154502,27
T.K. FULLER ENTERPRISES INC.,XXXX,NY,11XXX,CORPORATION,"Wells Fargo Bank, National Association",SIOUX FALLS,SD,571XX,3511,13.5,V,71XXXX,100,1,N,UNKNOWN,9999.22,10000,NEW YORK,NY,1,Loan-154651,27
TOP-TECH INSPECTIONS LLC,SAN JACINTO,CA,92XXX,CORPORATION,"U.S. Bank, National Association",CINCINNATI,OH,452XX,6548,8.24,F,54XXXX,35,0,Y,UNKNOWN,20089.56,25000,RIVERSIDE,CA,1,Loan-154655,27
DNK CLEANING SERVICES LLC,XXXX,PA,19XXX,CORPORATION,"TD Bank, National Association",WILMINGTON,DE,198XX,18409,13.5,V,56XXXX,55,0,N,UNKNOWN,24651.24,25000,BUCKS,PA,1,Loan-154856,26
Nellie's Fish & Shrimp Fry LLC,Detroit,MI,48XXX,CORPORATION,The Huntington National Bank,COLUMBUS,OH,432XX,6560,9.5,V,72XXXX,97,0,Y,UNKNOWN,0.0,25000,WAYNE,MI,1,Loan-154892,25
WINDREACH VETERINARY SERVICES,XXXX,OH,45XXX,CORPORATION,The Huntington National Bank,COLUMBUS,OH,432XX,6560,10.25,V,54XXXX,100,0,N,UNKNOWN,62562.46,76500,CLARK,OH,1,Loan-154944,25
Anicet Enterprise LLC,NEW YORK,NY,10XXX,CORPORATION,"TD Bank, National Association",WILMINGTON,DE,198XX,18409,13.5,V,54XXXX,112,1,N,UNKNOWN,25000.0,25000,NEW YORK,NY,1,Loan-154952,26
Watkins Auto Sales I LLC,JACKSON,MS,39XXX,CORPORATION,BayFirst National Bank,Saint Petersburg,FL,337XX,34997,10.25,V,44XXXX,106,0,Y,Y,332642.41,350000,HINDS,MS,1,Loan-155092,26
Budget Garage Doors & Services,TUCSON,AZ,85XXX,CORPORATION,BayFirst National Bank,Saint Petersburg,FL,337XX,34997,10.25,V,23XXXX,101,0,Y,Y,146910.59,158000,PIMA,AZ,1,Loan-155127,26
guzman builders llc,MIAMI,FL,33XXX,CORPORATION,"TD Bank, National Association",WILMINGTON,DE,198XX,18409,12.0,V,23XXXX,80,0,N,UNKNOWN,0.0,100000,MIAMI-DADE,FL,0,Loan-155566,24
PERFECT HOME CONSTRUCTION L.L.,LAS VEGAS,NV,89XXX,CORPORATION,BayFirst National Bank,Saint Petersburg,FL,337XX,34997,11.25,V,23XXXX,102,0,Y,Y,141233.7,150000,CLARK,NV,1,Loan-155639,26
Color Splash Studio LLC,XXXX,SD,57XXX,CORPORATION,Black Hills FCU,Rapid City,SD,577XX,Black Hill-57702,9.5,V,31XXXX,96,0,Y,UNKNOWN,173961.2,196400,MINNEHAHA,SD,1,Loan-156144,26
Construction Consultants LLC,XXXX,WV,26XXX,CORPORATION,"Clear Mountain Bank, Inc.",BRUCETON MILLS,WV,265XX,2443,7.75,F,23XXXX,71,0,Y,UNKNOWN,0.0,50600,MARION,WV,0,Loan-156145,13
WELCOME TO THE CORE LLC,CLEVELAND,OH,44XXX,CORPORATION,"U.S. Bank, National Association",CINCINNATI,OH,452XX,6548,9.99,F,72XXXX,35,0,Y,UNKNOWN,32860.21,40000,CUYAHOGA,OH,1,Loan-156275,25
Marbridge Restoration LLC,Miami,FL,33XXX,CORPORATION,The Huntington National Bank,COLUMBUS,OH,432XX,6560,9.5,V,56XXXX,103,1,Y,UNKNOWN,100000.0,100000,MIAMI-DADE,FL,1,Loan-156399,26
Nectar Donut Inc.,Denver,CO,80XXX,CORPORATION,Tandem Bank,XXXX,GA,300XX,59178,11.25,V,62XXXX,114,0,Y,Y,149203.03,150000,DENVER,CO,1,Loan-156412,26
E. Martinez Construction Inc.,XXXX,CA,94XXX,CORPORATION,"Readycap Lending, LLC",BERKELEY HEIGHTS,NJ,792XX,Readycap L-7922,10.25,V,23XXXX,101,0,Y,Y,196156.91,203500,CONTRA COSTA,CA,1,Loan-156537,25
GXT 33 INC.,BROOKLYN,NY,11XXX,CORPORATION,"JPMorgan Chase Bank, National Association",COLUMBUS,OH,432XX,628,11.1,V,23XXXX,103,1,Y,UNKNOWN,200000.0,200000,KINGS,NY,1,Loan-156555,26
LUCE DEL SOLE LLC,XXXX,PA,15XXX,CORPORATION,"JPMorgan Chase Bank, National Association",COLUMBUS,OH,432XX,628,12.75,V,72XXXX,106,1,Y,UNKNOWN,50000.0,50000,WESTMORELAND,PA,1,Loan-156585,25
Northern Lakes Data Corp.,EDEN PRAIRIE,MN,55XXX,CORPORATION,BayFirst National Bank,Saint Petersburg,FL,337XX,34997,11.25,V,54XXXX,108,0,Y,Y,88210.04,89500,HENNEPIN,MN,1,Loan-156602,26
NDO LLC,XXXX,NY,11XXX,CORPORATION,"TD Bank, National Association",WILMINGTON,DE,198XX,18409,14.0,V,45XXXX,105,1,N,UNKNOWN,23506.34,25000,QUEENS,NY,1,Loan-156793,26
A&Z GLASS & DOOR DESIGN LLC,PATERSON,NJ,75XXX,CORPORATION,"PNC Bank, National Association",WILMINGTON,DE,198XX,6384,14.0,V,23XXXX,120,1,N,UNKNOWN,0.0,25000,PASSAIC,NJ,0,Loan-156875,19
Goddess LLC,San Diego,CA,92XXX,CORPORATION,CDC Small Business Finance Corp.,San Diego,CA,921XX,CDC Small -92106,12.25,V,72XXXX,100,0,Y,UNKNOWN,171737.5,170100,SAN DIEGO,CA,1,Loan-156945,25
OVER THE TOP ROOFING & REMODEL,LAWRENCEBURG,IN,47XXX,CORPORATION,"U.S. Bank, National Association",CINCINNATI,OH,452XX,6548,9.99,V,23XXXX,66,1,Y,UNKNOWN,23159.17,25000,DEARBORN,IN,1,Loan-157017,26
Chouman Transportation Service,Dearborn,MI,48XXX,CORPORATION,The Huntington National Bank,COLUMBUS,OH,432XX,6560,9.5,V,48XXXX,103,0,Y,UNKNOWN,12125.0,12000,WAYNE,MI,1,Loan-157129,26
TUALATIN VALLEY PLUMBING LLC,XXXX,OR,97XXX,CORPORATION,Umpqua Bank,Lake Oswego,OR,970XX,17266,10.0,V,23XXXX,103,1,N,UNKNOWN,24937.28,25000,CLACKAMAS,OR,1,Loan-157281,25
GreenHalo Builds LLC,STILLWATER,MN,55XXX,CORPORATION,Hiawatha National Bank,HAGER CITY,WI,540XX,13058,9.0,V,23XXXX,97,0,Y,UNKNOWN,135809.56,200000,WASHINGTON,MN,1,Loan-157385,26
Jalene Peaspanen,XXXX,AL,35XXX,INDIVIDUAL,Northeast Bank,LEWISTON,ME,424XX,19690,10.25,V,32XXXX,109,0,N,Y,24009.57,25000,SAINT CLAIR,AL,1,Loan-157414,26
Jones & Sons Plumbing and Air,Safety Harbor,FL,34XXX,CORPORATION,"Lendistry SBLC, LLC",Los Angeles,CA,900XX,Lendistry -90021,10.5,V,23XXXX,114,0,Y,Y,2637185.67,2700000,PINELLAS,FL,1,Loan-157416,26
Zzini Restaurant Group Inc.,CLEVELAND,OH,44XXX,CORPORATION,Stock Yards Bank & Trust Company,LOUISVILLE,KY,402XX,258,8.0,V,72XXXX,14,1,Y,UNKNOWN,154862.53,125000,FAYETTE,KY,1,Loan-157517,25
Moca Holding Real Estate LLC,XXXX,MI,48XXX,CORPORATION,The Huntington National Bank,COLUMBUS,OH,432XX,6560,9.75,V,53XXXX,300,0,Y,UNKNOWN,0.0,702000,WAYNE,MI,0,Loan-157820,22
Quest Education L.L.C.,LAS VEGAS,NV,89XXX,CORPORATION,BayFirst National Bank,Saint Petersburg,FL,337XX,34997,11.25,V,61XXXX,105,0,Y,Y,143585.8,150000,CLARK,NV,1,Loan-157847,26
R & M PROJECTS LLC,XXXX,AL,36XXX,CORPORATION,"Wells Fargo Bank, National Association",SIOUX FALLS,SD,571XX,3511,13.0,V,71XXXX,103,1,N,UNKNOWN,24468.3,25000,BALDWIN,AL,1,Loan-157849,26
Rivers Logistics LLC,Las Vegas,NV,89XXX,CORPORATION,"United Midwest Savings Bank, National Association",DE GRAFF,OH,433XX,32441,10.25,V,56XXXX,102,0,Y,Y,142593.96,150000,CLARK,NV,1,Loan-157852,25
IQ Works Solutions LLC,XXXX,PA,19XXX,CORPORATION,"TD Bank, National Association",WILMINGTON,DE,198XX,18409,12.0,V,56XXXX,120,1,N,UNKNOWN,0.0,25000,BUCKS,PA,0,Loan-158021,20
GRATEFUL BILL INC,MIDDLETOWN,NY,10XXX,CORPORATION,"PNC Bank, National Association",WILMINGTON,DE,198XX,6384,12.0,V,48XXXX,12,1,N,UNKNOWN,49746.87,50000,ORANGE,NY,1,Loan-158227,25
K&S Sigman LLC,XXXX,TX,76XXX,CORPORATION,"United Midwest Savings Bank, National Association",DE GRAFF,OH,433XX,32441,10.25,V,23XXXX,106,0,Y,Y,147426.16,150000,PARKER,TX,1,Loan-158256,25
DONALD WAYNE EDWARDS,HUMBLE,TX,77XXX,INDIVIDUAL,"JPMorgan Chase Bank, National Association",COLUMBUS,OH,432XX,628,12.25,F,81XXXX,68,0,Y,UNKNOWN,55605.63,60000,HARRIS,TX,1,Loan-158445,26
Drift Current LLC,XXXX,TX,77XXX,CORPORATION,"United Midwest Savings Bank, National Association",DE GRAFF,OH,433XX,32441,10.25,V,23XXXX,111,0,Y,Y,146408.65,150000,CHAMBERS,TX,1,Loan-158630,25
Liosbel Plumbing Repair Inc,MIAMI,FL,33XXX,CORPORATION,"JPMorgan Chase Bank, National Association",COLUMBUS,OH,432XX,628,14.5,F,23XXXX,76,0,Y,UNKNOWN,29562.27,30000,MIAMI-DADE,FL,1,Loan-158685,25
Take Go Mart Inc,FAIRFIELD,NJ,70XXX,CORPORATION,"TD Bank, National Association",WILMINGTON,DE,198XX,18409,13.3,V,44XXXX,103,1,N,UNKNOWN,25000.0,25000,ESSEX,NJ,1,Loan-158776,25
Ezraz Inc.,SPRING VALLEY,NY,10XXX,CORPORATION,Manufacturers and Traders Trust Company,BUFFALO,NY,142XX,588,12.0,V,56XXXX,107,1,N,UNKNOWN,100000.0,100000,ROCKLAND,NY,1,Loan-159286,25
SK CLARK GROUP LLC,XXXX,IL,62XXX,CORPORATION,"United Midwest Savings Bank, National Association",DE GRAFF,OH,433XX,32441,10.25,V,56XXXX,102,0,Y,Y,143063.45,150000,SAINT CLAIR,IL,1,Loan-159573,24
Tampa Tommy Holdings Limited L,XXXX,FL,33XXX,CORPORATION,"United Midwest Savings Bank, National Association",DE GRAFF,OH,433XX,32441,10.5,V,81XXXX,107,0,Y,Y,278049.75,342000,HILLSBOROUGH,FL,1,Loan-159789,24
Coastal Consulting LLC,XXXX,AL,36XXX,CORPORATION,"United Midwest Savings Bank, National Association",DE GRAFF,OH,433XX,32441,10.25,V,23XXXX,108,0,Y,Y,96889.62,100000,BALDWIN,AL,1,Loan-159858,24
SHAYA'S DISTRIBUTORS INC,BROOKLYN,NY,11XXX,CORPORATION,Manufacturers and Traders Trust Company,BUFFALO,NY,142XX,588,10.0,V,48XXXX,107,1,N,UNKNOWN,70000.0,70000,KINGS,NY,1,Loan-160184,25
Clutch City Rebs LLC,Kingwood,TX,77XXX,CORPORATION,Frost Bank,SAN ANTONIO,TX,782XX,5510,9.75,V,72XXXX,75,1,Y,UNKNOWN,50000.0,50000,HARRIS,TX,1,Loan-160260,24
Money Line Holding LLC,CLARKSTON,MI,48XXX,CORPORATION,Celtic Bank Corporation,SALT LAKE CITY,UT,841XX,57056,10.25,V,54XXXX,102,0,Y,UNKNOWN,142300.77,150000,OAKLAND,MI,1,Loan-160331,25
WMK Logistics Inc,MODESTO,CA,95XXX,CORPORATION,BayFirst National Bank,Saint Petersburg,FL,337XX,34997,11.25,V,48XXXX,112,0,Y,Y,150031.1,150000,STANISLAUS,CA,1,Loan-160396,25
Faid & Rana Inc.,XXXX,MI,48XXX,CORPORATION,BayFirst National Bank,Saint Petersburg,FL,337XX,34997,11.25,V,44XXXX,115,0,Y,Y,149986.92,150000,WAYNE,MI,1,Loan-160461,25
MIRANDA CONSULTING SERVICES LL,SAN MATEO,CA,94XXX,CORPORATION,"Wells Fargo Bank, National Association",SIOUX FALLS,SD,571XX,3511,12.5,V,54XXXX,100,1,N,UNKNOWN,24200.54,25000,SAN MATEO,CA,1,Loan-160522,24
KIRK SMITH UNLIMITED ENTERPRIS,XXXX,FL,34XXX,CORPORATION,"United Midwest Savings Bank, National Association",DE GRAFF,OH,433XX,32441,10.25,V,81XXXX,109,0,Y,Y,145242.18,150000,PINELLAS,FL,1,Loan-160698,25
Jorke's LLC.,XXXX,CA,92XXX,CORPORATION,BayFirst National Bank,Saint Petersburg,FL,337XX,34997,11.25,V,45XXXX,102,0,Y,Y,141010.86,150000,ORANGE,CA,1,Loan-160893,25
Oksana Putyatina,Los Angeles,CA,90XXX,INDIVIDUAL,CDC Small Business Finance Corp.,San Diego,CA,921XX,CDC Small -92106,12.5,V,31XXXX,106,0,N,Y,48565.79,50000,LOS ANGELES,CA,1,Loan-160932,25
Digital Cafe LLC,CHICAGO,IL,60XXX,CORPORATION,Fifth Third Bank,CINCINNATI,OH,452XX,6672,8.04,F,51XXXX,300,0,N,UNKNOWN,0.0,750000,COOK,IL,0,Loan-161046,22
Ideal Home Mortgage and Realty,LAKEWOOD,CA,90XXX,CORPORATION,BayFirst National Bank,Saint Petersburg,FL,337XX,34997,11.25,V,53XXXX,106,0,Y,Y,42639.35,44300,ORANGE,CA,1,Loan-161076,25
Rychom Enterprises LLC,LA PUENTE,CA,91XXX,CORPORATION,FFB Bank,FRESNO,CA,937XX,58090,9.5,V,33XXXX,101,0,Y,Y,1925483.94,2086000,LOS ANGELES,CA,1,Loan-161161,24
702 Breaker$ LLC,LAS VEGAS,NV,89XXX,CORPORATION,BayFirst National Bank,Saint Petersburg,FL,337XX,34997,11.25,V,45XXXX,115,0,Y,Y,150150.0,150000,CLARK,NV,1,Loan-161230,25
PRO Lawncare and Lighting Inco,XXXX,IL,60XXX,CORPORATION,BayFirst National Bank,Saint Petersburg,FL,337XX,34997,11.25,V,56XXXX,104,0,Y,Y,100866.06,106400,MCHENRY,IL,1,Loan-161831,25
22VENTURESENT LLC,PHILADELPHIA,PA,19XXX,CORPORATION,"Wells Fargo Bank, National Association",SIOUX FALLS,SD,571XX,3511,12.5,V,49XXXX,120,1,N,UNKNOWN,0.0,15000,PHILADELPHIA,PA,0,Loan-161909,19
D&S Appliances Inc,JERSEY CITY,NJ,73XXX,CORPORATION,Manufacturers and Traders Trust Company,BUFFALO,NY,142XX,588,10.0,V,44XXXX,87,0,N,UNKNOWN,0.0,100000,HUDSON,NJ,0,Loan-161949,16
NAZZ CONSTRUCTION INC,Anaheim,CA,92XXX,CORPORATION,Celtic Bank Corporation,SALT LAKE CITY,UT,841XX,57056,10.25,V,23XXXX,107,0,Y,Y,142414.59,150000,ORANGE,CA,1,Loan-162034,24
RICPLUS TRUCKING LLC,ORLANDO,FL,32XXX,CORPORATION,"Wells Fargo Bank, National Association",SIOUX FALLS,SD,571XX,3511,13.0,V,48XXXX,98,1,N,UNKNOWN,9872.37,10000,ORANGE,FL,1,Loan-162066,24
A & A Martinez Inc.,Houston,TX,77XXX,CORPORATION,"Zions Bank, A Division of",SALT LAKE CITY,UT,841XX,2270,14.0,V,23XXXX,108,1,N,UNKNOWN,8900.0,10000,HARRIS,TX,1,Loan-162129,24
Imperial Custom Concrete LLC,Commerce City,CO,80XXX,CORPORATION,Celtic Bank Corporation,SALT LAKE CITY,UT,841XX,57056,10.25,V,23XXXX,111,0,Y,Y,145174.84,150000,ADAMS,CO,1,Loan-162219,24
New Wave Energy Solution and C,XXXX,CA,91XXX,CORPORATION,"Lendistry SBLC, LLC",Los Angeles,CA,900XX,Lendistry -90021,10.5,V,23XXXX,105,0,Y,Y,675205.14,827300,LOS ANGELES,CA,1,Loan-162275,24
Project Remedies Inc.,XXXX,CA,90XXX,CORPORATION,BayFirst National Bank,Saint Petersburg,FL,337XX,34997,11.25,V,51XXXX,106,0,Y,Y,28044.77,29000,LOS ANGELES,CA,1,Loan-162291,25
MARTINEZ CONTRACTORS LLC,VINELAND,NJ,83XXX,CORPORATION,"PNC Bank, National Association",WILMINGTON,DE,198XX,6384,10.5,V,23XXXX,103,1,N,UNKNOWN,96853.47,100000,CUMBERLAND,NJ,1,Loan-162471,24
1111 AUTO SALES LLC,AUBURN,WA,98XXX,CORPORATION,"Wells Fargo Bank, National Association",SIOUX FALLS,SD,571XX,3511,13.5,V,44XXXX,111,1,N,UNKNOWN,24870.11,25000,KING,WA,1,Loan-162564,24
CMA Construction LLC,XXXX,LA,70XXX,CORPORATION,BayFirst National Bank,Saint Petersburg,FL,337XX,34997,11.25,V,23XXXX,118,0,Y,Y,147693.96,150000,CALCASIEU,LA,1,Loan-162624,24
CREPAS INC.,LOS ANGELES,CA,90XXX,CORPORATION,BayFirst National Bank,Saint Petersburg,FL,337XX,34997,11.25,V,44XXXX,103,0,Y,Y,140624.45,150000,LOS ANGELES,CA,1,Loan-162632,25
ORCHID INDUSTRIES INC.,HOLLAND,MI,49XXX,CORPORATION,BayFirst National Bank,Saint Petersburg,FL,337XX,34997,11.25,V,42XXXX,110,0,Y,Y,117506.35,119800,OTTAWA,MI,1,Loan-162753,24
Yukon Transport LLC,PATERSON,NJ,75XXX,CORPORATION,Northeast Bank,LEWISTON,ME,424XX,19690,10.25,V,48XXXX,108,0,N,Y,243529.39,250000,PASSAIC,NJ,1,Loan-163055,24
BEVERAGE LO-NO DISTRIBUTION IN,SALT LAKE CITY,UT,84XXX,CORPORATION,"U.S. Bank, National Association",CINCINNATI,OH,452XX,6548,9.99,F,42XXXX,13,0,N,UNKNOWN,8569.63,24500,SALT LAKE,UT,1,Loan-163264,24
Comfort Specialists LLC,XXXX,NJ,78XXX,CORPORATION,BayFirst National Bank,Saint Petersburg,FL,337XX,34997,11.5,V,23XXXX,110,0,Y,Y,146014.48,150000,MORRIS,NJ,1,Loan-163279,24
Emek Renovation Corp.,BROOKLYN,NY,11XXX,CORPORATION,"JPMorgan Chase Bank, National Association",COLUMBUS,OH,432XX,628,14.0,F,23XXXX,74,0,Y,UNKNOWN,48924.53,50000,KINGS,NY,1,Loan-163504,24
RJ Heating & Cooling LLC,STATEN ISLAND,NY,10XXX,CORPORATION,"TD Bank, National Association",WILMINGTON,DE,198XX,18409,14.25,F,23XXXX,60,0,N,UNKNOWN,0.0,25000,RICHMOND,NY,0,Loan-163848,21
ARB Group Inc dba SAV Marketpl,XXXX,IL,60XXX,CORPORATION,First Internet Bank of Indiana,FISHERS,IN,460XX,34607,10.25,V,45XXXX,72,0,Y,Y,645665.64,815000,MCHENRY,IL,1,Loan-163921,16
DD Baker LLC,Wadsworth,OH,44XXX,CORPORATION,"United Midwest Savings Bank, National Association",DE GRAFF,OH,433XX,32441,10.5,V,23XXXX,107,0,Y,Y,138665.79,150000,MEDINA,OH,1,Loan-163966,24
Fallie Trucking LLC,NORTH CHESTERFIELD,VA,23XXX,CORPORATION,BayFirst National Bank,Saint Petersburg,FL,337XX,34997,10.5,V,48XXXX,110,0,Y,Y,229840.8,265000,CHESTERFIELD,VA,1,Loan-163984,24
GNP4 Inc dba SAV Marketplace,BELVIDERE,IL,61XXX,CORPORATION,First Internet Bank of Indiana,FISHERS,IN,460XX,34607,10.5,V,45XXXX,72,0,Y,Y,234645.56,285000,BOONE,IL,1,Loan-163991,16
Beautiful by Abbie Inc.,SAN DIEGO,CA,92XXX,CORPORATION,Banner Bank,WALLA WALLA,WA,993XX,28489,8.0,F,81XXXX,48,0,Y,UNKNOWN,36609.71,40000,SAN DIEGO,CA,1,Loan-164145,24
Mucho Mucho Holdings LLC,JACKSONVILLE,FL,32XXX,CORPORATION,Central Bank,TAMPA,FL,336XX,58377,10.75,V,23XXXX,110,0,Y,UNKNOWN,357135.37,350000,DUVAL,FL,1,Loan-164260,24
YEEHAW WOODWORKS,INGLEWOOD,CA,90XXX,CORPORATION,"Bank of America, National Association",CHARLOTTE,NC,282XX,3510,10.5,V,23XXXX,93,1,N,UNKNOWN,0.0,100000,LOS ANGELES,CA,0,Loan-164347,18
VICTORY CARE TRANSPORT,ALAMEDA,CA,94XXX,INDIVIDUAL,"U.S. Bank, National Association",CINCINNATI,OH,452XX,6548,8.99,F,48XXXX,37,0,Y,UNKNOWN,34528.62,40000,ALAMEDA,CA,1,Loan-165362,23
H&J SALES AND CONSTRUCTION LLC,BELLEVUE,NE,68XXX,CORPORATION,"U.S. Bank, National Association",CINCINNATI,OH,452XX,6548,9.74,V,23XXXX,66,1,Y,UNKNOWN,19985.72,20000,SARPY,NE,1,Loan-165449,24
E.O.M. LLC,Cleveland Heights,OH,44XXX,CORPORATION,The Huntington National Bank,COLUMBUS,OH,432XX,6560,10.5,V,81XXXX,108,0,Y,UNKNOWN,0.0,174000,CUYAHOGA,OH,0,Loan-165638,18
The Wicked Group Inc,SANTA CLARA,CA,95XXX,CORPORATION,BayFirst National Bank,Saint Petersburg,FL,337XX,34997,11.5,V,72XXXX,105,0,Y,Y,142592.32,150000,SANTA CLARA,CA,1,Loan-165756,24
Vape Scape,HOBBS,NM,88XXX,INDIVIDUAL,BayFirst National Bank,Saint Petersburg,FL,337XX,34997,11.5,V,42XXXX,105,0,Y,Y,69329.22,73000,LEA,NM,1,Loan-166026,24
Frank Express Inc.,LAKE ELSINORE,CA,92XXX,CORPORATION,"JPMorgan Chase Bank, National Association",COLUMBUS,OH,432XX,628,12.8,V,48XXXX,100,1,Y,UNKNOWN,34963.17,50000,RIVERSIDE,CA,1,Loan-166125,23
SERVICE PROVIDER SOLUTIONS LL,XXXX,OH,44XXX,CORPORATION,The Huntington National Bank,COLUMBUS,OH,432XX,6560,9.75,V,23XXXX,101,1,N,UNKNOWN,32839.79,50000,PORTAGE,OH,1,Loan-166264,24
Business Mind Techonolgy Syste,Milwaukee,WI,53XXX,CORPORATION,BayFirst National Bank,Saint Petersburg,FL,337XX,34997,11.5,V,54XXXX,108,0,Y,Y,44604.3,46000,MILWAUKEE,WI,1,Loan-166348,24
Global Janitorial Management L,DOUGLASVILLE,GA,30XXX,CORPORATION,BayFirst National Bank,Saint Petersburg,FL,337XX,34997,10.5,V,56XXXX,109,0,Y,Y,72606.54,75000,DOUGLAS,GA,1,Loan-166624,24
SIERRA VERDE RESOURCES LLC,DEARBORN,MI,48XXX,CORPORATION,BayFirst National Bank,Saint Petersburg,FL,337XX,34997,11.5,V,52XXXX,108,0,Y,Y,144530.61,150000,WAYNE,MI,1,Loan-166710,24
W Investment D LLC,Columbus,OH,43XXX,CORPORATION,The Huntington National Bank,COLUMBUS,OH,432XX,6560,10.5,V,72XXXX,120,0,Y,UNKNOWN,0.0,280000,FRANKLIN,OH,0,Loan-166751,21
STRAGORA COMPANY,CHICAGO,IL,60XXX,CORPORATION,"PNC Bank, National Association",WILMINGTON,DE,198XX,6384,14.25,V,48XXXX,105,1,N,UNKNOWN,29851.22,30000,COOK,IL,1,Loan-166928,23
A.S. Research LLC,COLORADO SPRINGS,CO,80XXX,CORPORATION,"Heritage Bank, Inc.",Burlington,KY,410XX,33119,11.5,V,54XXXX,105,0,Y,Y,147731.12,150000,EL PASO,CO,1,Loan-166993,22
CNS Transportation Inc.,WAKE FOREST,NC,27XXX,CORPORATION,BayFirst National Bank,Saint Petersburg,FL,337XX,34997,11.5,V,49XXXX,112,0,Y,Y,147839.0,150000,WAKE,NC,1,Loan-167037,24
Keys Transportation LLC,RENTON,WA,98XXX,CORPORATION,BayFirst National Bank,Saint Petersburg,FL,337XX,34997,11.5,V,48XXXX,108,0,Y,Y,145338.71,150000,KING,WA,1,Loan-167370,24
mr friendly mart,HOUSTON,TX,77XXX,CORPORATION,BayFirst National Bank,Saint Petersburg,FL,337XX,34997,11.5,V,44XXXX,120,0,Y,Y,0.0,150000,HARRIS,TX,0,Loan-167405,19
QUEEN MONACO LLC,FORT LEE,NJ,70XXX,CORPORATION,Manufacturers and Traders Trust Company,BUFFALO,NY,142XX,588,10.75,V,45XXXX,105,1,N,UNKNOWN,63916.16,64000,BERGEN,NJ,1,Loan-167662,23
Lake Manassas Dental Center P,GAINESVILLE,VA,20XXX,CORPORATION,BayFirst National Bank,Saint Petersburg,FL,337XX,34997,11.5,V,62XXXX,117,0,Y,UNKNOWN,150150.0,150000,PRINCE WILLIAM,VA,1,Loan-167852,24
SMART SECURITY SOLUTIONS INC.,Skokie,IL,60XXX,CORPORATION,"Readycap Lending, LLC",BERKELEY HEIGHTS,NJ,792XX,Readycap L-7922,10.5,V,56XXXX,120,0,Y,Y,0.0,258500,COOK,IL,0,Loan-167930,15
Sour Grapes LLC,ASHEVILLE,NC,28XXX,CORPORATION,BayFirst National Bank,Saint Petersburg,FL,337XX,34997,11.5,V,42XXXX,110,0,Y,Y,147743.06,150000,BUNCOMBE,NC,1,Loan-167933,24
Dynamic Chiropractic and Rehab,XXXX,MN,55XXX,CORPORATION,The Bank of Elk River,ELK RIVER,MN,553XX,1607,9.75,V,62XXXX,120,0,N,UNKNOWN,18235.67,25000,HENNEPIN,MN,1,Loan-168043,23
Property Management Beach Citi,Irvine,CA,92XXX,CORPORATION,"United Midwest Savings Bank, National Association",DE GRAFF,OH,433XX,32441,10.5,V,53XXXX,101,0,Y,Y,140374.09,150000,ORANGE,CA,1,Loan-168136,23
Multiply&Flourish LLC,XXXX,NY,11XXX,CORPORATION,"TD Bank, National Association",WILMINGTON,DE,198XX,18409,13.8,V,54XXXX,53,0,N,UNKNOWN,25000.0,25000,SUFFOLK,NY,1,Loan-168340,23
NATURAL-GINGER CORP.,MEDLEY,FL,33XXX,CORPORATION,BayFirst National Bank,Saint Petersburg,FL,337XX,34997,11.75,V,31XXXX,112,0,Y,Y,146593.1,150000,MIAMI-DADE,FL,1,Loan-168753,23
UNIVERSAL PLASTICS RECYCLING I,GLENDORA,CA,91XXX,CORPORATION,East West Bank,PASADENA,CA,911XX,31628,10.0,V,42XXXX,104,0,Y,UNKNOWN,441205.16,450000,LOS ANGELES,CA,1,Loan-168809,22
Jennaca Holdings Inc,Las Vegas,NV,89XXX,CORPORATION,Community Bank & Trust-West Georgia,LAGRANGE,GA,302XX,25796,11.0,V,56XXXX,108,0,Y,Y,925923.21,1000000,CLARK,NV,1,Loan-168937,23
Trash N Dash LLC,HOUSTON,TX,77XXX,CORPORATION,BayFirst National Bank,Saint Petersburg,FL,337XX,34997,11.75,V,56XXXX,110,0,Y,Y,147898.82,150000,HARRIS,TX,1,Loan-169241,23
MR. GROCERY CORP.,BROOKLYN,NY,11XXX,CORPORATION,Brooklyn Cooperative FCU,NEW YORK CITY,NY,112XX,Brooklyn C-11237,14.5,F,44XXXX,60,0,Y,UNKNOWN,0.0,20000,KINGS,NY,0,Loan-169263,15
Kennedy's Bistro and Market LL,XXXX,PA,18XXX,CORPORATION,Manufacturers and Traders Trust Company,BUFFALO,NY,142XX,588,11.0,V,72XXXX,59,0,N,UNKNOWN,0.0,25000,BRADFORD,PA,0,Loan-169365,19
JSL TRUCKING INC,XXXX,CA,91XXX,CORPORATION,"PNC Bank, National Association",WILMINGTON,DE,198XX,6384,12.5,V,48XXXX,102,1,N,UNKNOWN,98999.06,100000,SAN DIEGO,CA,1,Loan-169565,23
SCKD ENTERPRISES LLC,SAINT CLOUD,FL,34XXX,CORPORATION,BayFirst National Bank,Saint Petersburg,FL,337XX,34997,11.75,V,45XXXX,109,0,Y,Y,92542.99,94300,OSCEOLA,FL,1,Loan-169627,23
David K. Larkins Inc.,Los Angeles,CA,90XXX,CORPORATION,"Zions Bank, A Division of",SALT LAKE CITY,UT,841XX,2270,10.25,V,54XXXX,120,1,N,UNKNOWN,0.0,200000,LOS ANGELES,CA,0,Loan-169737,10
GARDEL CUTLERY INC.,WAKEFIELD,MA,18XXX,CORPORATION,BayFirst National Bank,Saint Petersburg,FL,337XX,34997,11.75,V,81XXXX,120,0,Y,Y,0.0,150000,MIDDLESEX,MA,0,Loan-169750,16
Three Angels Enterprises L.L.C,WEST JORDAN,UT,84XXX,CORPORATION,BayFirst National Bank,Saint Petersburg,FL,337XX,34997,11.75,V,53XXXX,120,0,Y,Y,99847.77,106000,SALT LAKE,UT,1,Loan-169858,23
ZoRaK Corp,XXXX,CA,91XXX,CORPORATION,Five Star Bank,Rancho Cordova,CA,956XX,35361,10.75,V,72XXXX,126,0,Y,Y,0.0,218000,LOS ANGELES,CA,0,Loan-169875,13
Ahin Cosmetics Inc.,WHITTIER,CA,90XXX,CORPORATION,BayFirst National Bank,Saint Petersburg,FL,337XX,34997,11.75,V,45XXXX,106,0,Y,Y,144298.38,150000,LOS ANGELES,CA,1,Loan-169886,23
Haesol Inc.,LOS ANGELES,CA,90XXX,CORPORATION,BayFirst National Bank,Saint Petersburg,FL,337XX,34997,11.75,V,32XXXX,109,0,Y,Y,146241.55,150000,LOS ANGELES,CA,1,Loan-170140,23
Lakewood Lines & Charter LLC,LAKEWOOD,NJ,87XXX,CORPORATION,"TD Bank, National Association",WILMINGTON,DE,198XX,18409,12.5,V,48XXXX,120,1,N,UNKNOWN,0.0,76500,OCEAN,NJ,0,Loan-170167,9
Euphoric Hair Experience LLC,RUTLAND,VT,57XXX,CORPORATION,Heritage Family FCU,Rutland,VT,570XX,Heritage F-5701,8.5,F,81XXXX,53,0,N,UNKNOWN,24661.59,25000,RUTLAND,VT,1,Loan-170559,23
Porschea Charm School LLC,XXXX,FL,33XXX,CORPORATION,"TD Bank, National Association",WILMINGTON,DE,198XX,18409,14.5,V,54XXXX,106,1,N,UNKNOWN,25000.0,25000,MIAMI-DADE,FL,1,Loan-170637,23
SCAGLIA MOTORSPORTS LLC,XXXX,CA,92XXX,CORPORATION,"Wells Fargo Bank, National Association",SIOUX FALLS,SD,571XX,3511,14.5,V,81XXXX,104,1,N,UNKNOWN,9481.81,10000,ORANGE,CA,1,Loan-170651,22
PM Solutions Consulting LLC,LAS VEGAS,NV,89XXX,CORPORATION,BayFirst National Bank,Saint Petersburg,FL,337XX,34997,11.75,V,54XXXX,120,0,Y,Y,0.0,100000,CLARK,NV,0,Loan-170846,13
Axe Capital LLC,CHICAGO,IL,60XXX,CORPORATION,The Huntington National Bank,COLUMBUS,OH,432XX,6560,10.5,V,54XXXX,120,1,N,UNKNOWN,90124.3,90000,COOK,IL,1,Loan-171362,22
JOURNCORPS LLC,XXXX,AZ,85XXX,CORPORATION,"United Midwest Savings Bank, National Association",DE GRAFF,OH,433XX,32441,10.75,V,23XXXX,109,0,Y,Y,145934.56,150000,MARICOPA,AZ,1,Loan-171465,22
MARVS CARS,LAKEWOOD,NJ,87XXX,CORPORATION,"Wells Fargo Bank, National Association",SIOUX FALLS,SD,571XX,3511,14.5,V,44XXXX,100,1,N,UNKNOWN,18601.95,20000,OCEAN,NJ,1,Loan-171491,21
SKY WEST DIGITIAL LLC,SIMI VALLEY,CA,93XXX,CORPORATION,"JPMorgan Chase Bank, National Association",COLUMBUS,OH,432XX,628,14.25,V,54XXXX,102,1,Y,UNKNOWN,38997.48,40000,VENTURA,CA,1,Loan-171551,22
Multiworks Callej Sander Corp.,BROOKLYN,NY,11XXX,CORPORATION,"TD Bank, National Association",WILMINGTON,DE,198XX,18409,14.5,F,23XXXX,51,0,N,UNKNOWN,24428.14,25000,KINGS,NY,1,Loan-171740,22
SOHILA KHALAF MOHAMED KHALAF,VAN NUYS,CA,91XXX,INDIVIDUAL,"JPMorgan Chase Bank, National Association",COLUMBUS,OH,432XX,628,11.6,V,44XXXX,104,1,Y,UNKNOWN,150000.0,150000,LOS ANGELES,CA,1,Loan-171807,22
Wagah & Wagah Inc,DEER PARK,NY,11XXX,CORPORATION,"JPMorgan Chase Bank, National Association",COLUMBUS,OH,432XX,628,12.1,V,42XXXX,120,1,Y,UNKNOWN,200000.0,200000,SUFFOLK,NY,1,Loan-171835,22
Nexus Facilities Management I,WHITE PLAINS,NY,10XXX,CORPORATION,"JPMorgan Chase Bank, National Association",COLUMBUS,OH,432XX,628,14.25,V,56XXXX,103,1,Y,UNKNOWN,20000.0,20000,WESTCHESTER,NY,1,Loan-172031,22
KOR Transportation inc,XXXX,IL,60XXX,CORPORATION,"PNC Bank, National Association",WILMINGTON,DE,198XX,6384,11.9,V,48XXXX,6,1,N,UNKNOWN,16931.71,20000,MCHENRY,IL,1,Loan-172239,22
Valiant Mak Inc,XXXX,CA,94XXX,CORPORATION,Cadence Bank,TUPELO,MS,388XX,11813,10.75,V,81XXXX,100,0,Y,UNKNOWN,208148.31,215000,SAN MATEO,CA,1,Loan-172335,22
Olga Karnakova DDS Inc.,LOS ANGELES,CA,90XXX,CORPORATION,BayFirst National Bank,Saint Petersburg,FL,337XX,34997,11.75,V,62XXXX,108,0,Y,Y,144218.38,150000,LOS ANGELES,CA,1,Loan-172897,22
A Step Ahead Transportation In,HOLLYWOOD,FL,33XXX,CORPORATION,"TD Bank, National Association",WILMINGTON,DE,198XX,18409,13.5,V,48XXXX,107,1,N,UNKNOWN,23892.5,25000,BROWARD,FL,1,Loan-173370,22
IRBUSINESS INC,LOS ANGELES,CA,90XXX,CORPORATION,BayFirst National Bank,Saint Petersburg,FL,337XX,34997,11.75,V,54XXXX,112,0,Y,Y,149248.31,150000,LOS ANGELES,CA,1,Loan-173655,22
McDonagh Properties Inc.,BRONX,NY,10XXX,CORPORATION,"JPMorgan Chase Bank, National Association",COLUMBUS,OH,432XX,628,14.7,F,53XXXX,84,0,Y,UNKNOWN,0.0,20000,BRONX,NY,0,Loan-174153,17
D-Moye Enterpises Inc,HOUSTON,TX,77XXX,CORPORATION,Cadence Bank,TUPELO,MS,388XX,11813,10.75,V,72XXXX,100,0,Y,Y,957192.01,1355000,HARRIS,TX,1,Loan-174330,21
PURE AIRSOFT,XXXX,NY,14XXX,INDIVIDUAL,ESL FCU,ROCHESTER,NY,146XX,ESL FCU-14604,6.89,F,45XXXX,60,0,Y,UNKNOWN,0.0,50000,MONROE,NY,0,Loan-174840,19
Yulian Service Corp,XXXX,FL,33XXX,CORPORATION,"TD Bank, National Association",WILMINGTON,DE,198XX,18409,12.8,V,48XXXX,110,1,N,UNKNOWN,25000.0,25000,MIAMI-DADE,FL,1,Loan-174892,22
Aurora Global Solutions LLC,BROWNSVILLE,TN,38XXX,CORPORATION,BayFirst National Bank,Saint Petersburg,FL,337XX,34997,11.75,V,42XXXX,111,0,Y,Y,83773.82,85000,HAYWOOD,TN,1,Loan-175157,22
MGL Associates Inc,CHULA VISTA,CA,91XXX,CORPORATION,BayFirst National Bank,Saint Petersburg,FL,337XX,34997,11.75,V,44XXXX,115,0,Y,Y,150150.0,150000,SAN DIEGO,CA,1,Loan-175273,22
Poshman LLC,Detroit,MI,48XXX,CORPORATION,The Huntington National Bank,COLUMBUS,OH,432XX,6560,10.0,V,81XXXX,101,0,Y,UNKNOWN,53030.0,52900,WAYNE,MI,1,Loan-175295,21
WORK ZONE LLC,LOS ANGELES,CA,90XXX,CORPORATION,"Heritage Bank, Inc.",Burlington,KY,410XX,33119,11.75,V,51XXXX,107,0,Y,Y,125963.5,132700,LOS ANGELES,CA,1,Loan-175569,21
Phountain Water Filtration Inc,XXXX,NY,11XXX,CORPORATION,"TD Bank, National Association",WILMINGTON,DE,198XX,18409,11.5,V,22XXXX,65,0,N,UNKNOWN,0.0,25000,SUFFOLK,NY,0,Loan-175706,17
PRECISE HAULING SERVICES LLC,INDIANAPOLIS,IN,46XXX,CORPORATION,Everwise Credit Union,SOUTH BEND,IN,466XX,Everwise C-46601,10.5,V,48XXXX,49,0,Y,UNKNOWN,72186.73,120000,HENDRICKS,IN,1,Loan-176220,22
BRABUS LLC,GRESHAM,OR,97XXX,CORPORATION,Umpqua Bank,Lake Oswego,OR,970XX,17266,13.0,V,48XXXX,101,1,N,UNKNOWN,17700.0,17700,MULTNOMAH,OR,1,Loan-176325,21
Icon Freight Logistics,TRACY,CA,95XXX,CORPORATION,BayFirst National Bank,Saint Petersburg,FL,337XX,34997,11.75,V,48XXXX,109,0,Y,Y,146715.28,150000,SAN JOAQUIN,CA,1,Loan-176661,22
JWP Express INc.,XXXX,IL,60XXX,CORPORATION,BayFirst National Bank,Saint Petersburg,FL,337XX,34997,11.75,V,48XXXX,108,0,Y,Y,144376.6,150000,KANE,IL,1,Loan-176936,22
LAKE EFFECT COFFEE COMPANY,MILWAUKEE,WI,53XXX,CORPORATION,"U.S. Bank, National Association",CINCINNATI,OH,452XX,6548,7.74,F,72XXXX,36,0,N,UNKNOWN,0.0,10000,MILWAUKEE,WI,0,Loan-176944,18
NorthStar Orthodontics Inc,PARK RAPIDS,MN,56XXX,CORPORATION,BayFirst National Bank,Saint Petersburg,FL,337XX,34997,11.75,V,33XXXX,110,0,Y,Y,145825.97,150000,HUBBARD,MN,1,Loan-177078,22
5R Group Inc.,CHULA VISTA,CA,91XXX,CORPORATION,BayFirst National Bank,Saint Petersburg,FL,337XX,34997,11.75,V,53XXXX,106,0,Y,Y,120659.26,126000,SAN DIEGO,CA,1,Loan-177316,21
BIRAS INVESTMENTS LLC,HOUSTON,TX,77XXX,CORPORATION,BayFirst National Bank,Saint Petersburg,FL,337XX,34997,11.75,V,44XXXX,107,0,Y,Y,145488.56,150000,HARRIS,TX,1,Loan-177349,21
Love Vintage Inc.,LOS ANGELES,CA,90XXX,CORPORATION,BayFirst National Bank,Saint Petersburg,FL,337XX,34997,11.75,V,42XXXX,104,0,Y,Y,141453.87,150000,LOS ANGELES,CA,1,Loan-177474,22
EPIPHANY GLOBAL LLC,HENDERSON,NV,89XXX,CORPORATION,"U.S. Bank, National Association",CINCINNATI,OH,452XX,6548,9.74,F,33XXXX,44,0,Y,UNKNOWN,18935.43,20000,CLARK,NV,1,Loan-177702,21
STEADY HANDZ PAINTING LLC,MILWAUKEE,WI,53XXX,CORPORATION,"U.S. Bank, National Association",CINCINNATI,OH,452XX,6548,9.74,F,23XXXX,41,0,Y,UNKNOWN,20000.0,20000,MILWAUKEE,WI,1,Loan-177860,21
DM DETAILING LLC,XXXX,MO,65XXX,CORPORATION,"U.S. Bank, National Association",CINCINNATI,OH,452XX,6548,8.74,F,81XXXX,36,0,N,UNKNOWN,0.0,20000,LAWRENCE,MO,0,Loan-177969,17
ONE DROP LLC,DENVER,CO,80XXX,CORPORATION,"Wells Fargo Bank, National Association",SIOUX FALLS,SD,571XX,3511,14.75,V,54XXXX,108,1,N,UNKNOWN,19797.56,20000,DENVER,CO,1,Loan-178266,21
Expedited Goods LLC,XXXX,FL,33XXX,CORPORATION,"TD Bank, National Association",WILMINGTON,DE,198XX,18409,13.05,V,45XXXX,108,1,N,UNKNOWN,24912.63,25000,BROWARD,FL,1,Loan-178426,21
Angel & Son Auto Repair LLC,ORLANDO,FL,32XXX,CORPORATION,"Readycap Lending, LLC",BERKELEY HEIGHTS,NJ,792XX,Readycap L-7922,11.0,V,81XXXX,110,0,Y,Y,146945.4,149000,ORANGE,FL,1,Loan-178588,21
Xpress Car Inc,SPARKS,NV,89XXX,CORPORATION,BayFirst National Bank,Saint Petersburg,FL,337XX,34997,12.0,V,48XXXX,109,0,Y,Y,144869.02,150000,WASHOE,NV,1,Loan-178785,21
Kim-Exteriors LLC,GREER,SC,29XXX,INDIVIDUAL,"TD Bank, National Association",WILMINGTON,DE,198XX,18409,11.05,V,23XXXX,74,0,N,UNKNOWN,0.0,250000,GREENVILLE,SC,0,Loan-178902,18
General Freight Corporation,PORTLAND,OR,97XXX,CORPORATION,BayFirst National Bank,Saint Petersburg,FL,337XX,34997,12.0,V,48XXXX,113,0,Y,Y,147115.67,150000,MULTNOMAH,OR,1,Loan-179103,21
KMB GROCERIES INC,XXXX,NY,12XXX,CORPORATION,Manufacturers and Traders Trust Company,BUFFALO,NY,142XX,588,12.75,V,72XXXX,108,1,N,UNKNOWN,99913.19,100000,DUTCHESS,NY,1,Loan-180000,21
RUSTIK SAGE BOUTIQUE LLC,XXXX,UT,84XXX,CORPORATION,Northeast Bank,LEWISTON,ME,424XX,19690,11.0,V,45XXXX,109,0,N,Y,108713.7,111400,SANPETE,UT,1,Loan-180300,20
Goliath Trucking Enterprises I,XXXX,CA,92XXX,CORPORATION,First Internet Bank of Indiana,FISHERS,IN,460XX,34607,11.0,V,48XXXX,120,0,Y,Y,0.0,920000,ORANGE,CA,0,Loan-180609,15
Our Beloved Homecare LLC,Apple Valley,CA,92XXX,CORPORATION,CDC Small Business Finance Corp.,San Diego,CA,921XX,CDC Small -92106,13.0,V,62XXXX,100,0,Y,UNKNOWN,140902.79,205500,SAN BERNARDINO,CA,1,Loan-180690,20
Jill Temple dba Esales Califor,XXXX,CA,94XXX,INDIVIDUAL,"U.S. Bank, National Association",CINCINNATI,OH,452XX,6548,10.24,V,45XXXX,70,1,N,UNKNOWN,9728.63,30000,CONTRA COSTA,CA,1,Loan-181392,20
SquareOne Trading Inc.,XXXX,PA,18XXX,CORPORATION,BayFirst National Bank,Saint Petersburg,FL,337XX,34997,12.0,V,45XXXX,114,0,Y,Y,149145.0,150000,LEHIGH,PA,1,Loan-181473,21
Fenson Contracting LLC,XXXX,OH,45XXX,CORPORATION,BayFirst National Bank,Saint Petersburg,FL,337XX,34997,12.0,V,23XXXX,120,0,Y,Y,0.0,150000,PUTNAM,OH,0,Loan-181856,19
KELLICO LIMITED LIABILITY COMP,MINNETONKA,MN,55XXX,CORPORATION,"U.S. Bank, National Association",CINCINNATI,OH,452XX,6548,8.74,F,72XXXX,21,0,N,UNKNOWN,8943.87,10000,HENNEPIN,MN,1,Loan-182157,20
Marine Power Services Inc.,FORT LAUDERDALE,FL,33XXX,CORPORATION,"Readycap Lending, LLC",BERKELEY HEIGHTS,NJ,792XX,Readycap L-7922,11.0,V,33XXXX,120,0,Y,Y,0.0,450000,BROWARD,FL,0,Loan-182177,15
BLAIR CAREER SERVICES LLC,Lombard,IL,60XXX,CORPORATION,"United Midwest Savings Bank, National Association",DE GRAFF,OH,433XX,32441,11.0,V,56XXXX,103,0,Y,Y,0.0,150000,DUPAGE,IL,1,Loan-182495,20
JPV ENTERTAINMENT LLC,BRONX,NY,10XXX,CORPORATION,Cadence Bank,TUPELO,MS,388XX,11813,11.0,V,71XXXX,107,0,Y,UNKNOWN,350000.0,350000,BRONX,NY,1,Loan-182539,20
SH & YM,LOS ANGELES,CA,90XXX,CORPORATION,BayFirst National Bank,Saint Petersburg,FL,337XX,34997,12.0,V,42XXXX,109,0,Y,Y,146462.55,150000,LOS ANGELES,CA,1,Loan-182741,20
The Wicked Group Inc,SANTA CLARA,CA,95XXX,CORPORATION,BayFirst National Bank,Saint Petersburg,FL,337XX,34997,12.0,V,72XXXX,108,0,Y,Y,114281.33,119000,SANTA CLARA,CA,1,Loan-182768,20
ILASHLEIGH LLC,LAWRENCEVILLE,GA,30XXX,CORPORATION,"JPMorgan Chase Bank, National Association",COLUMBUS,OH,432XX,628,15.1,F,32XXXX,71,0,Y,UNKNOWN,28667.75,30000,GWINNETT,GA,1,Loan-182851,20
Blue Rapid Express LLC,PERRIS,CA,92XXX,CORPORATION,BayFirst National Bank,Saint Petersburg,FL,337XX,34997,12.0,V,48XXXX,109,0,Y,Y,98661.96,102000,RIVERSIDE,CA,1,Loan-182971,20
APC Supplies and Services LLC,XXXX,NY,11XXX,CORPORATION,"TD Bank, National Association",WILMINGTON,DE,198XX,18409,11.05,V,42XXXX,120,1,Y,UNKNOWN,0.0,80000,QUEENS,NY,0,Loan-183363,15
Maid Easy LLC,PHOENIX,AZ,85XXX,CORPORATION,Northeast Bank,LEWISTON,ME,424XX,19690,11.0,V,56XXXX,104,0,N,Y,23072.37,25000,MARICOPA,AZ,1,Loan-183474,20
SHANE D WILES,AUBURN HILLS,MI,48XXX,INDIVIDUAL,"JPMorgan Chase Bank, National Association",COLUMBUS,OH,432XX,628,14.75,V,23XXXX,108,1,Y,UNKNOWN,39939.29,40000,OAKLAND,MI,1,Loan-183732,20
Wright Management Solutions L,LAKE CHARLES,LA,70XXX,CORPORATION,BayFirst National Bank,Saint Petersburg,FL,337XX,34997,12.0,V,48XXXX,105,0,Y,Y,146412.55,150000,CALCASIEU,LA,1,Loan-183767,20
JVR US TRUCK AND SERVICES LLC,XXXX,CT,60XXX,CORPORATION,"Wells Fargo Bank, National Association",SIOUX FALLS,SD,571XX,3511,14.75,V,48XXXX,103,1,N,UNKNOWN,14868.17,15000,        ,CT,1,Loan-184094,19
Port Logistics Solutions Corp,DORAL,FL,33XXX,CORPORATION,BayFirst National Bank,Saint Petersburg,FL,337XX,34997,12.0,V,54XXXX,114,0,Y,Y,149745.88,150000,MIAMI-DADE,FL,1,Loan-184147,20
BLUE PHOENIX ROOFING LLC,FRANKLIN,VA,23XXX,CORPORATION,"PNC Bank, National Association",WILMINGTON,DE,198XX,6384,14.75,V,23XXXX,17,1,N,UNKNOWN,19758.58,20000,SOUTHAMPTON,VA,1,Loan-184238,20
PEGAUNICORN EXPRESS INC.,BELLFLOWER,CA,90XXX,CORPORATION,BayFirst National Bank,Saint Petersburg,FL,337XX,34997,12.0,V,48XXXX,112,0,Y,Y,148461.72,150000,LOS ANGELES,CA,1,Loan-184335,20
Zaahh Inc.,XXXX,CA,94XXX,CORPORATION,"Heritage Bank, Inc.",Burlington,KY,410XX,33119,12.0,V,31XXXX,103,0,Y,Y,143066.19,150000,MARIN,CA,1,Loan-185764,20
Elite Intelligence Inc.,FORT LAUDERDALE,FL,33XXX,CORPORATION,Pinnacle Bank,NASHVILLE,TN,372XX,35583,11.25,V,56XXXX,114,0,Y,Y,1920546.43,1935000,BROWARD,FL,1,Loan-186117,19
Okikx Systems Inc.,FARMINGTON,UT,84XXX,CORPORATION,"Heritage Bank, Inc.",Burlington,KY,410XX,33119,12.25,V,48XXXX,108,0,Y,Y,94168.18,98000,DAVIS,UT,1,Loan-187521,19
THE CACTUS COMPANY,XXXX,NC,28XXX,CORPORATION,The Huntington National Bank,COLUMBUS,OH,432XX,6560,10.5,V,72XXXX,70,0,N,UNKNOWN,50219.57,100000,SUMMIT,OH,1,Loan-187561,18
BLUMLINE RESEARCH LLC,BERKELEY,CA,94XXX,CORPORATION,"JPMorgan Chase Bank, National Association",COLUMBUS,OH,432XX,628,15.0,V,54XXXX,105,1,Y,UNKNOWN,49965.3,50000,ALAMEDA,CA,1,Loan-187959,18
DS IT Solutions Inc,PHOENIX,AZ,85XXX,INDIVIDUAL,Cadence Bank,TUPELO,MS,388XX,11813,11.25,V,54XXXX,120,0,Y,UNKNOWN,0.0,225000,MARICOPA,AZ,0,Loan-187978,7
PRECISION EXPRESS LLC.,BAKERSFIELD,CA,93XXX,CORPORATION,BayFirst National Bank,Saint Petersburg,FL,337XX,34997,12.25,V,48XXXX,104,0,Y,Y,45229.7,47100,KERN,CA,1,Loan-188291,19
DJT Enterprises LLC,SURPRISE,AZ,85XXX,CORPORATION,Pathward National Association,SIOUX FALLS,SD,571XX,30776,11.25,V,48XXXX,105,0,Y,UNKNOWN,690550.58,765000,MARICOPA,AZ,1,Loan-188406,18
Milk Jar Cookies LLC,LOS ANGELES,CA,90XXX,CORPORATION,BayFirst National Bank,Saint Petersburg,FL,337XX,34997,13.25,V,72XXXX,115,0,Y,Y,152097.51,150000,LOS ANGELES,CA,1,Loan-188813,19
Arham's Food and Catering Inc.,Naperville,IL,60XXX,CORPORATION,The Huntington National Bank,COLUMBUS,OH,432XX,6560,10.5,V,72XXXX,103,0,Y,UNKNOWN,11941.38,12000,WILL,IL,1,Loan-189216,18
RUSH MASONRY INC.,NEW ORLEANS,LA,70XXX,CORPORATION,BayFirst National Bank,Saint Petersburg,FL,337XX,34997,12.25,V,23XXXX,107,0,Y,Y,145344.8,150000,JEFFERSON,LA,1,Loan-189671,19
Sangfroid Strategy LLC,CLEVELAND,OH,44XXX,CORPORATION,Cadence Bank,TUPELO,MS,388XX,11813,11.25,V,54XXXX,120,0,Y,UNKNOWN,0.0,350000,CUYAHOGA,OH,0,Loan-189684,14
Springs Realty LLC,COLORADO SPRINGS,CO,80XXX,CORPORATION,BayFirst National Bank,Saint Petersburg,FL,337XX,34997,13.25,V,53XXXX,109,0,N,Y,145553.82,150000,EL PASO,CO,1,Loan-189721,19
Andolini Import Corp,DORAL,FL,33XXX,CORPORATION,"TD Bank, National Association",WILMINGTON,DE,198XX,18409,13.0,V,42XXXX,120,1,N,UNKNOWN,0.0,25000,MIAMI-DADE,FL,0,Loan-189847,16
AZ Water Systems LLC,GILBERT,AZ,85XXX,CORPORATION,BayFirst National Bank,Saint Petersburg,FL,337XX,34997,13.25,V,23XXXX,110,0,N,Y,66835.81,150000,MARICOPA,AZ,1,Loan-190009,19
S.A.F.E. Enterprises LLC,XXXX,KY,40XXX,CORPORATION,Fifth Third Bank,CINCINNATI,OH,452XX,6672,8.68,F,23XXXX,105,0,Y,UNKNOWN,492697.48,757400,HENRY,KY,1,Loan-190719,19
Mike Robbins Custom Homes L.L,SPRINGFIELD,MO,65XXX,CORPORATION,BayFirst National Bank,Saint Petersburg,FL,337XX,34997,12.25,V,23XXXX,116,0,Y,Y,37783.9,37800,GREENE,MO,1,Loan-191055,19
MAD CITY MOBILITY LLC,MIDDLETON,WI,53XXX,CORPORATION,BayFirst National Bank,Saint Petersburg,FL,337XX,34997,13.25,V,48XXXX,120,0,N,Y,144848.05,150000,DANE,WI,1,Loan-191195,19
ARCH + DESIGN CONSULTANTS LLC,STATEN ISLAND,NY,10XXX,CORPORATION,"PNC Bank, National Association",WILMINGTON,DE,198XX,6384,13.0,V,54XXXX,111,1,N,UNKNOWN,49227.4,50000,RICHMOND,NY,1,Loan-191539,17
FIRE LOOP LLC,IRVINE,CA,92XXX,CORPORATION,Northeast Bank,LEWISTON,ME,424XX,19690,11.25,V,71XXXX,113,0,N,Y,24859.52,25000,ORANGE,CA,1,Loan-191593,18
Morning Starr Solutions Llc,NAPERVILLE,IL,60XXX,CORPORATION,"JPMorgan Chase Bank, National Association",COLUMBUS,OH,432XX,628,15.25,F,56XXXX,83,0,Y,UNKNOWN,0.0,10000,DUPAGE,IL,0,Loan-191653,10
MENOS PLACE LLC,MESA,AZ,85XXX,CORPORATION,Northeast Bank,LEWISTON,ME,424XX,19690,11.25,V,72XXXX,105,0,N,Y,0.0,50000,MARICOPA,AZ,1,Loan-192090,18
VEHICLE SOURCE GROUP INC.,LAS VEGAS,NV,89XXX,CORPORATION,BayFirst National Bank,Saint Petersburg,FL,337XX,34997,13.25,V,44XXXX,116,0,Y,Y,149562.82,150000,CLARK,NV,1,Loan-192143,18
Fitzmaurice Hand Institute PL,SCOTTSDALE,AZ,85XXX,CORPORATION,BayFirst National Bank,Saint Petersburg,FL,337XX,34997,12.25,V,62XXXX,112,0,Y,Y,148717.09,150000,MARICOPA,AZ,1,Loan-192479,18
Keys Transportation LLC,RENTON,WA,98XXX,CORPORATION,BayFirst National Bank,Saint Petersburg,FL,337XX,34997,13.25,V,48XXXX,113,0,Y,Y,148130.73,150000,KING,WA,1,Loan-192518,18
Safari Transportation Services,COLORADO SPRINGS,CO,80XXX,CORPORATION,BayFirst National Bank,Saint Petersburg,FL,337XX,34997,13.25,V,48XXXX,111,0,N,Y,150150.0,150000,EL PASO,CO,1,Loan-192831,18
Denim Culture Inc.,SAN FRANCISCO,CA,94XXX,CORPORATION,BayFirst National Bank,Saint Petersburg,FL,337XX,34997,13.25,V,54XXXX,111,0,N,Y,148087.53,150000,SAN FRANCISCO,CA,1,Loan-192930,18
TAYLOR'D EVENTS,LAKE ELSINORE,CA,92XXX,INDIVIDUAL,BayFirst National Bank,Saint Petersburg,FL,337XX,34997,13.25,V,72XXXX,107,0,Y,Y,71898.52,74000,RIVERSIDE,CA,1,Loan-193185,18
QUALICARE MEDICAL SUPPLIES LLC,XXXX,MD,20XXX,CORPORATION,Manufacturers and Traders Trust Company,BUFFALO,NY,142XX,588,15.0,V,42XXXX,85,0,N,UNKNOWN,0.0,30000,PRINCE GEORGES,MD,0,Loan-193336,13
NOVA CARE MULTICLINIC LLC,PHOENIX,AZ,85XXX,CORPORATION,"Wells Fargo Bank, National Association",SIOUX FALLS,SD,571XX,3511,14.5,V,62XXXX,109,1,N,UNKNOWN,15000.0,15000,MARICOPA,AZ,1,Loan-193841,18
EST 1984,TUJUNGA,CA,91XXX,CORPORATION,"U.S. Bank, National Association",CINCINNATI,OH,452XX,6548,10.49,V,54XXXX,108,1,N,UNKNOWN,19097.37,19100,LOS ANGELES,CA,1,Loan-194286,17
Credo Pharmacy LLC,LAS VEGAS,NV,89XXX,CORPORATION,Byline Bank,CHICAGO,IL,606XX,20624,11.25,V,45XXXX,107,1,Y,UNKNOWN,4003.08,150000,CLARK,NV,1,Loan-194555,18
RGI Irrigation and Landscape ,FEDERAL WAY,WA,98XXX,CORPORATION,BayFirst National Bank,Saint Petersburg,FL,337XX,34997,13.25,V,56XXXX,111,0,N,Y,147581.05,150000,KING,WA,1,Loan-195054,18
XPRESS CAR INC,SPARKS,NV,89XXX,CORPORATION,BayFirst National Bank,Saint Petersburg,FL,337XX,34997,13.25,V,48XXXX,115,0,N,Y,150107.34,150000,WASHOE,NV,1,Loan-195758,18
FOUR SEASONS ANTIQUES & ART L,BIRMINGHAM,AL,35XXX,CORPORATION,Northeast Bank,LEWISTON,ME,424XX,19690,11.25,V,45XXXX,120,0,N,Y,0.0,50000,JEFFERSON,AL,0,Loan-196595,12
R DAVIS SERVICES INC.,HOUSTON,TX,77XXX,CORPORATION,BayFirst National Bank,Saint Petersburg,FL,337XX,34997,13.25,V,23XXXX,116,0,Y,UNKNOWN,150063.75,150000,HARRIS,TX,1,Loan-197001,17
Better Second Half LLC,SAINT PETERS,MO,63XXX,CORPORATION,BayFirst National Bank,Saint Petersburg,FL,337XX,34997,13.25,V,71XXXX,111,0,N,Y,64475.82,66100,SAINT CHARLES,MO,1,Loan-197368,17
2011 THAI  LLC,MESA,AZ,85XXX,CORPORATION,BayFirst National Bank,Saint Petersburg,FL,337XX,34997,13.25,V,72XXXX,120,0,N,Y,0.0,150000,MARICOPA,AZ,0,Loan-198043,17
VLADU MARKETING,GLENDALE,CA,91XXX,INDIVIDUAL,Cadence Bank,TUPELO,MS,388XX,11813,11.25,V,54XXXX,120,0,Y,UNKNOWN,344877.51,350000,LOS ANGELES,CA,1,Loan-198656,17
B&N LEGAL INTERPETING INC.,NEW YORK,NY,10XXX,CORPORATION,"JPMorgan Chase Bank, National Association",COLUMBUS,OH,432XX,628,15.0,V,54XXXX,108,1,Y,UNKNOWN,49157.46,50000,NEW YORK,NY,1,Loan-198734,17
PRIME FINANCIAL CONSULTING INC,ANAHEIM,CA,92XXX,CORPORATION,BayFirst National Bank,Saint Petersburg,FL,337XX,34997,13.25,V,54XXXX,113,0,Y,Y,148350.52,150000,ORANGE,CA,1,Loan-199041,17
Sidner Karate Academy Inc. Ch,COLORADO SPRINGS,CO,80XXX,CORPORATION,"Associated Bank, National Association",GREEN BAY,WI,543XX,5296,12.0,F,61XXXX,46,0,Y,UNKNOWN,89041.95,100000,HENNEPIN,MN,1,Loan-199091,17
Sidner Karate Academy Inc. Ch,COLORADO SPRINGS,CO,80XXX,CORPORATION,"Associated Bank, National Association",GREEN BAY,WI,543XX,5296,11.0,V,61XXXX,108,1,Y,UNKNOWN,85166.02,100000,HENNEPIN,MN,1,Loan-199092,16
ZTOZZ,DEERFIELD BEACH,FL,33XXX,CORPORATION,"Readycap Lending, LLC",BERKELEY HEIGHTS,NJ,792XX,Readycap L-7922,11.25,V,44XXXX,112,0,Y,Y,998512.0,997500,BROWARD,FL,1,Loan-199663,17
PANTIS PHOTOGRAPHY,SHERMAN OAKS,CA,91XXX,INDIVIDUAL,Cadence Bank,TUPELO,MS,388XX,11813,11.25,V,54XXXX,100,0,Y,UNKNOWN,349995.69,350000,LOS ANGELES,CA,1,Loan-199747,17
FREE CHOICE LLC,XXXX,CA,93XXX,CORPORATION,"Wells Fargo Bank, National Association",SIOUX FALLS,SD,571XX,3511,13.0,V,45XXXX,120,1,N,UNKNOWN,0.0,15000,KERN,CA,0,Loan-201263,11
loving my lashes eyelash bouti,TOWSON,MD,21XXX,CORPORATION,"JPMorgan Chase Bank, National Association",COLUMBUS,OH,432XX,628,14.75,V,81XXXX,107,1,Y,UNKNOWN,18646.55,20000,BALTIMORE,MD,1,Loan-201541,17
FORK FANTASY RESTAURANT LLC,CHICAGO,IL,60XXX,CORPORATION,"U.S. Bank, National Association",CINCINNATI,OH,452XX,6548,9.74,F,72XXXX,45,0,Y,UNKNOWN,19655.4,20000,COOK,IL,1,Loan-201700,17
M & M Cycling Inc.,PORTLAND,OR,97XXX,CORPORATION,BayFirst National Bank,Saint Petersburg,FL,337XX,34997,13.25,V,45XXXX,120,0,N,Y,0.0,150000,MULTNOMAH,OR,0,Loan-202951,16
AHIN COSMETICS INC.,WHITTIER,CA,90XXX,CORPORATION,BayFirst National Bank,Saint Petersburg,FL,337XX,34997,13.25,V,45XXXX,113,0,N,Y,147699.7,150000,LOS ANGELES,CA,1,Loan-202974,16
Genna Express Inc.,XXXX,IL,60XXX,CORPORATION,The Huntington National Bank,COLUMBUS,OH,432XX,6560,10.5,V,49XXXX,109,1,Y,UNKNOWN,20050.2,20000,COOK,IL,1,Loan-203024,16
DENTAL INNOVATIONS P.A.,SHAWNEE,KS,66XXX,CORPORATION,BayFirst National Bank,Saint Petersburg,FL,337XX,34997,13.25,V,62XXXX,114,0,N,Y,148598.83,150000,JOHNSON,KS,1,Loan-203201,16
Surfas Incorporated,Los Angeles,CA,90XXX,CORPORATION,Mortgage Capital Development Corporation,Oakland,CA,946XX,Mortgage C-94612,11.25,V,42XXXX,120,0,Y,Y,0.0,350000,LOS ANGELES,CA,0,Loan-203344,15
Armata Lines INC,BARRINGTON,IL,60XXX,CORPORATION,BayFirst National Bank,Saint Petersburg,FL,337XX,34997,13.25,V,48XXXX,112,0,N,Y,146977.78,150000,COOK,IL,1,Loan-203388,15
Home Solution Ha LLC,KISSIMMEE,FL,34XXX,CORPORATION,"JPMorgan Chase Bank, National Association",COLUMBUS,OH,432XX,628,15.0,F,23XXXX,72,0,Y,UNKNOWN,39080.48,40000,OSCEOLA,FL,1,Loan-203467,16
MD AIR SOLUTIONS INC.,VALENCIA,CA,91XXX,CORPORATION,BayFirst National Bank,Saint Petersburg,FL,337XX,34997,13.25,V,23XXXX,115,0,N,Y,148680.71,150000,LOS ANGELES,CA,1,Loan-203975,16
Sustainable Exports BD LLC,STERLING HEIGHTS,MI,48XXX,CORPORATION,The Huntington National Bank,COLUMBUS,OH,432XX,6560,10.5,V,31XXXX,48,0,Y,UNKNOWN,25792.44,25000,MACOMB,MI,1,Loan-205139,16
PCAM Services Inc.,ISSAQUAH,WA,98XXX,CORPORATION,"Heritage Bank, Inc.",Burlington,KY,410XX,33119,12.25,V,62XXXX,111,0,Y,Y,147445.83,150000,KING,WA,1,Loan-205430,15
C.D.WEBSTER INC,MONROE,LA,71XXX,CORPORATION,BayFirst National Bank,Saint Petersburg,FL,337XX,34997,13.25,V,48XXXX,115,0,N,Y,149436.43,150000,OUACHITA,LA,1,Loan-205872,16
Wright Management Solutions L,LAKE CHARLES,LA,70XXX,CORPORATION,BayFirst National Bank,Saint Petersburg,FL,337XX,34997,13.25,V,48XXXX,110,0,N,Y,124847.68,125700,CALCASIEU,LA,1,Loan-206942,16
Zeppelin Comics LLC,XXXX,CA,94XXX,CORPORATION,BayFirst National Bank,Saint Petersburg,FL,337XX,34997,13.25,V,45XXXX,115,0,N,Y,95938.25,96000,SOLANO,CA,1,Loan-206946,16
Hot Shot Expedite Inc.,SCHAUMBURG,IL,60XXX,CORPORATION,BayFirst National Bank,Saint Petersburg,FL,337XX,34997,13.25,V,48XXXX,117,0,N,Y,150000.0,150000,COOK,IL,1,Loan-208159,16
Tri-Cities Fence dba All Star ,KENNEWICK,WA,99XXX,CORPORATION,Community First Bank,KENNEWICK,WA,993XX,34627,9.5,F,23XXXX,54,0,Y,UNKNOWN,58000.0,75000,FRANKLIN,WA,1,Loan-210101,15
XICOMM LLC,SAN FRANCISCO,CA,94XXX,CORPORATION,BayFirst National Bank,Saint Petersburg,FL,337XX,34997,13.25,V,51XXXX,114,0,N,UNKNOWN,150150.0,150000,SAN FRANCISCO,CA,1,Loan-211448,15
Jes Lambiase Fitness Llc,XXXX,NY,10XXX,CORPORATION,"JPMorgan Chase Bank, National Association",COLUMBUS,OH,432XX,628,15.5,F,71XXXX,84,0,Y,UNKNOWN,0.0,50000,WESTCHESTER,NY,0,Loan-212862,11
Birch Construction Inc,XXXX,MN,56XXX,CORPORATION,"Heritage Bank, Inc.",Burlington,KY,410XX,33119,12.25,V,23XXXX,115,0,Y,Y,0.0,150000,BECKER,MN,1,Loan-214406,14
NUVE LLC,CHICAGO,IL,60XXX,CORPORATION,"Readycap Lending, LLC",BERKELEY HEIGHTS,NJ,792XX,Readycap L-7922,11.25,V,92XXXX,114,0,N,Y,15937.2,16000,COOK,IL,1,Loan-214596,14
HF TRUCKING LLC,LONG BEACH,CA,90XXX,CORPORATION,BayFirst National Bank,Saint Petersburg,FL,337XX,34997,13.25,V,48XXXX,113,0,Y,Y,53671.08,54800,LOS ANGELES,CA,1,Loan-215559,14
Es Tas Bar and Grill,XXXX,IA,50XXX,CORPORATION,"Heritage Bank, Inc.",Burlington,KY,410XX,33119,12.25,V,72XXXX,111,0,Y,Y,149571.71,150000,STORY,IA,1,Loan-215863,14
PRO Lawncare and Lighting Inco,BELVIDERE,IL,61XXX,CORPORATION,The Huntington National Bank,COLUMBUS,OH,432XX,6560,11.25,V,56XXXX,108,1,Y,UNKNOWN,75000.0,75000,MCHENRY,IL,1,Loan-216552,13
GREAT BITES,HUNTINGTON BEACH,CA,92XXX,CORPORATION,"Readycap Lending, LLC",BERKELEY HEIGHTS,NJ,792XX,Readycap L-7922,15.0,V,72XXXX,114,0,N,Y,49605.08,50000,ORANGE,CA,1,Loan-218860,12
TRIBALI FOODS Inc.,XXXX,CA,91XXX,CORPORATION,"Heritage Bank, Inc.",Burlington,KY,410XX,33119,12.25,V,42XXXX,109,0,Y,Y,148742.62,150000,LOS ANGELES,CA,1,Loan-218984,13
Zoie Transports Corp.,SANFORD,FL,32XXX,CORPORATION,"JPMorgan Chase Bank, National Association",COLUMBUS,OH,432XX,628,15.0,V,48XXXX,111,1,Y,UNKNOWN,24932.49,25000,SEMINOLE,FL,1,Loan-218997,13
VIPER CONSULTING LLC,PHOENIX,AZ,85XXX,CORPORATION,Northeast Bank,LEWISTON,ME,424XX,19690,11.25,V,54XXXX,114,0,Y,Y,148769.12,150000,MARICOPA,AZ,1,Loan-219200,13
Meriel Investments Inc.,HOUSTON,TX,77XXX,CORPORATION,BayFirst National Bank,Saint Petersburg,FL,337XX,34997,13.25,V,62XXXX,120,0,N,Y,0.0,150000,HARRIS,TX,0,Loan-219341,4
Sleep Cycle,TORRANCE,CA,90XXX,CORPORATION,BayFirst National Bank,Saint Petersburg,FL,337XX,34997,13.25,V,44XXXX,120,0,N,Y,148993.17,150000,LOS ANGELES,CA,1,Loan-224745,12
LA Pain dba Beverly Hills Adva,LOS ANGELES,CA,90XXX,CORPORATION,"Lendistry SBLC, LLC",Los Angeles,CA,900XX,Lendistry -90021,11.5,V,62XXXX,120,0,Y,Y,0.0,500000,LOS ANGELES,CA,0,Loan-226116,7
JUST N TIME TRUCKING LLC,FONTANA,CA,92XXX,CORPORATION,Northeast Bank,LEWISTON,ME,424XX,19690,11.25,V,48XXXX,113,0,N,Y,49763.67,50000,SAN BERNARDINO,CA,1,Loan-227983,12
Precise Air Systems Inc.,LOS ANGELES,CA,90XXX,CORPORATION,BayFirst National Bank,Saint Petersburg,FL,337XX,34997,11.25,V,23XXXX,72,0,Y,UNKNOWN,0.0,1635000,LOS ANGELES,CA,0,Loan-228057,11
ARK Low Voltage LLC,LAKE CITY,CO,81XXX,CORPORATION,BayFirst National Bank,Saint Petersburg,FL,337XX,34997,13.25,V,23XXXX,114,0,N,Y,107046.05,108100,EL PASO,CO,1,Loan-229447,12
Genna Express Inc.,XXXX,IL,60XXX,CORPORATION,"JPMorgan Chase Bank, National Association",COLUMBUS,OH,432XX,628,15.5,F,49XXXX,78,0,Y,UNKNOWN,20000.0,20000,COOK,IL,1,Loan-231762,11
PHOENIX TECHNOLOGY SOLUTIONS ,COLUMBIA,MD,21XXX,CORPORATION,BayFirst National Bank,Saint Petersburg,FL,337XX,34997,13.25,V,61XXXX,120,0,N,Y,0.0,150000,HOWARD,MD,0,Loan-233468,9
Bella Rose Styling,BOYNTON BEACH,FL,33XXX,CORPORATION,"Readycap Lending, LLC",BERKELEY HEIGHTS,NJ,792XX,Readycap L-7922,15.0,V,81XXXX,120,0,N,Y,0.0,50000,PALM BEACH,FL,0,Loan-234150,4
MKV Wholesale,TUSTIN,CA,92XXX,INDIVIDUAL,"Lendistry SBLC, LLC",Los Angeles,CA,900XX,Lendistry -90021,13.0,V,42XXXX,113,0,Y,UNKNOWN,127700.0,127700,ORANGE,CA,1,Loan-235072,11
Prolevel Concrete LLC,SLIDELL,LA,70XXX,CORPORATION,"Readycap Lending, LLC",BERKELEY HEIGHTS,NJ,792XX,Readycap L-7922,15.0,V,23XXXX,113,0,N,Y,49463.37,50000,SAINT TAMMANY,LA,1,Loan-238400,9
Jessica L Sanchez,XXXX,WI,53XXX,INDIVIDUAL,CDC Small Business Finance Corp.,San Diego,CA,921XX,CDC Small -92106,11.25,V,56XXXX,78,0,N,Y,40000.0,40000,WALWORTH,WI,1,Loan-247189,9
Cuvee Consulting LLC,SHELBY TOWNSHIP,MI,48XXX,CORPORATION,The Huntington National Bank,COLUMBUS,OH,432XX,6560,10.5,V,42XXXX,60,0,Y,UNKNOWN,0.0,60000,MACOMB,MI,0,Loan-250251,6
MOON INTERNATIONAL INC.,Corona,CA,92XXX,CORPORATION,Celtic Bank Corporation,SALT LAKE CITY,UT,841XX,57056,11.25,V,54XXXX,120,0,Y,Y,0.0,150000,RIVERSIDE,CA,0,Loan-250452,6
WickedKewl LLC,XXXX,IL,60XXX,CORPORATION,Celtic Bank Corporation,SALT LAKE CITY,UT,841XX,57056,11.25,V,53XXXX,117,0,Y,Y,100276.99,100000,LOS ANGELES,CA,1,Loan-255057,7
ABBEY ROAD BUILDERS LLC,BATON ROUGE,LA,70XXX,CORPORATION,"Readycap Lending, LLC",BERKELEY HEIGHTS,NJ,792XX,Readycap L-7922,15.0,V,23XXXX,120,0,N,Y,0.0,50000,EAST BATON ROUGE,LA,0,Loan-263834,4
TPG PAYROLL & HR SERVICES INC,XXXX,CA,91XXX,CORPORATION,"Lendistry SBLC, LLC",Los Angeles,CA,900XX,Lendistry -90021,12.0,V,54XXXX,120,0,Y,UNKNOWN,0.0,300000,SAN BERNARDINO,CA,0,Loan-292938,0
