PC-1,PC-2,PC-3,PC-4,PC-5,PC-6,PC-7,PC-8,PC-9,PC-10,PC-11,PC-12,PC-13,PC-14,PC-15
5.302374067056279,0.560472127030879,-1.0496866329688075,0.7045543735163231,0.18034002643413127,-0.6361440288610694,0.5799018183829849,0.3031530669327493,-0.6951266374137293,0.727682032390067,-0.6710671753533819,-0.0706286759059028,-0.1052459435584816,0.04215504407516095,0.018924096543319495
-2.0411752220183477,-1.1941545197032832,-0.6277410505489198,1.0868253800503915,-1.110991843868315,0.8042057060409233,1.4633260600982516,0.8497173852491067,-0.559499791281622,-0.6871925028678012,-0.13181681469751497,-0.11399144749286746,0.4553264519034558,0.27413568717333775,0.03356787013391734
-2.571246927655443,-1.403021428547237,-0.2971008212925552,1.5079858923914842,-0.31741723112087017,-0.6072406336219569,0.823915522535361,-0.5015155031859873,0.6928177974474498,-0.6084670448647489,0.19839870100486276,0.22798899295870326,0.1494113295273843,-0.17160792816557202,-0.05491198625482176
4.828158360131331,-2.27939337658092,-0.22923599643180997,-0.7880455832073443,-0.3384773564099982,-1.7705152086940905,-0.274213780090254,0.39412614161816445,-2.10131050622091,0.3307237732703409,0.25594178596773853,-0.29566091059738797,-0.0927076265615902,0.0624662599710783,0.014535676759967524
-2.8014697262408674,-1.53797734099748,0.2621980787257085,-0.04294261207914568,-0.6839393360893259,0.4959767996665012,-0.13258407796270405,-1.3715050512827165,-0.6751439585414964,-0.17340409572800572,0.12339244478490136,-0.07050154316563376,-0.12199072215960174,0.055814239633755106,-0.005593696221250239
3.5242228405017504,-3.5591022094122873,-0.0709650713120521,0.6678068317340806,0.5390125801261519,0.2231070395925261,-0.07733350231878272,0.6394640534432112,-0.168651688686749,-0.3667379963259145,0.28543541119779314,-0.13715527350311427,-0.025916297944782257,-0.19068911361932028,0.02945959619738593
-2.2783892086922584,1.0302786606729897,-0.3236790219800899,-0.19020344590724214,1.2548956671095026,1.3543407126447136,0.6167819610610615,-0.8951713656515292,0.09077837440395067,-0.04521105452057357,-0.043981669674281465,-0.06281829909310047,-0.1601421022104077,0.11215007891088329,-0.05245131667580979
-2.2587310776725538,-0.2393666325851186,-0.42337075795169427,0.45877182712414766,-0.024338424304982675,0.676763697518248,-0.2066191652804163,-0.6202755813269267,-1.3115735260494754,-0.3660869397572272,0.1133298949926956,-0.0785403665475736,0.07145515174455305,0.028343514822533764,0.012692361805263029
0.7369894882208001,5.263201706860839,0.16676570928427548,2.46616170063255,-1.2013051574426061,1.2067341640565465,-0.16344160533497443,-0.17623499758432443,-0.0809594674954866,0.332462022455779,-0.28900673027916246,0.08007326829929112,0.2987722585593346,-0.35382085183097345,0.00972219054236722
-1.144632233746924,0.2801208527629633,-1.5136068772145783,-1.5942788083725659,-0.5415251762924996,-0.13726762636506695,1.16448599936098,1.1250355712796873,-0.9801712922310706,-1.2495096422800813,0.095306020797261,0.5080303208397382,0.34218191110256946,0.6154086033934925,0.05427527496997522
3.4570030751072713,-3.3182196987162773,-0.5926011393562809,0.07823995197990846,-1.6367886456347889,0.32218000269089986,-0.28740480916521016,-5.1733793741307044e-05,0.02567548910389933,-0.15188549365746523,0.15369641348129412,1.1929918082341153,-0.08311498456264471,-0.3124975741900891,-0.06417609147832276
-2.7346287564413965,-0.775478697723391,-1.942004174651926,-1.6143203381204443,-0.012006896075104911,1.1370921448527396,-0.6225465566881655,0.6386808813745628,0.46963920224042877,0.5537991241778102,-0.3479602244914983,0.8460184838923853,-0.46671713669224996,0.8608920229688594,-0.04900301755549716
-1.3636473022706364,4.287312841679979,-1.9033693180917415,2.0728476176698623,1.628152053983678,0.8377745595406112,0.685901325331562,-0.5910227652426192,0.421413305770737,-0.23904320411102656,-0.2128742825272517,0.006239481678014802,0.020250399045681627,0.05040706732338626,0.00999647193175201
-2.2784111740566657,-0.38568210119692026,-0.8751991662561689,0.19474206031823504,0.17024910169721974,0.6108657594624038,0.30714775161721375,0.16146816137880998,-0.5371046938325326,-0.839437302359495,-1.0810217346970001,0.1812715383901697,0.18562566082930854,-0.5973477732031551,0.005262517549892846
1.3912864612511058,3.3886196937848676,1.1088652103486,-0.3081295766062525,-1.0108479969452242,1.2862601277036796,0.21633685360516855,-0.09220688583844194,-0.06648887832443234,0.04589982264729252,-0.20890423309232647,0.15775927440155535,-0.034588069016501126,0.41101097949452053,0.0031945633881697594
-2.2029627512477234,0.7649322927039026,-0.7170231121433217,2.188520275069912,1.2576142348301702,-0.04637223686742353,1.0761258824927522,0.5825283061060855,-0.6574614049606238,0.03782278319279559,0.0653319633335272,-0.17633344191018266,-0.19495987498599238,0.060103883425423096,-0.024626091827837922
-2.1072157602168167,1.5414083683482085,0.816380146296857,-2.0660264483087962,-0.8393696231473012,0.3057507457593467,-0.2763317957170114,0.05445037024740171,1.2597139734940512,-0.9251775970688194,-0.13470966523609323,0.0016883197829836993,-0.18684549324346916,0.016362946754756913,-0.004032350148978751
4.438434026879497,-2.0133507481650477,-0.06943097588762627,-0.08319760537559834,-0.6043536136706559,-0.215303759966891,2.27017022381439,0.7722966727241336,0.15225689738208237,-2.1486362885589787,-0.010552229402308495,0.4369645354094015,-0.0036104192213152614,0.013296216996968535,-0.013185065335891961
-3.7138845515279684,-0.8907806107312093,-0.7251815185633639,0.3955888999637661,0.2489542763751108,0.032514723960403336,0.44415463552938594,0.17213046236297103,-0.17516498715112822,-0.732654131729839,-0.4779160951083139,-0.23409274642576086,-0.055106400182562375,-0.10956042009333368,8.52221893356958e-06
-2.1759854278662365,1.3233031624039304,-1.0769241024143357,1.4514736011618266,0.5636593359062209,-0.8435762400104461,-0.3638453763220787,-1.2044503220891976,-0.30810334077237583,-0.48782926415865663,0.12618099228218538,-0.09471786770113624,-0.14117134516735652,0.025938836463728618,0.07111040274844281
-3.7175768552472714,-2.1819989673048426,-0.2189297948760191,-0.3531283356467094,-1.167983733593002,0.10232983103533844,0.5405721219911379,0.016772509137729652,-0.7065140150877267,-0.4396773195203802,-0.8604205670420213,-0.11590130631367848,0.10582073438329337,-0.11435608775947693,-0.008806328285544151
-2.3160107659399434,1.3310380481738102,0.7573937586398687,1.873880592005779,-0.9391242114145529,-0.24623737753918817,0.1689918512707503,1.548828807023003,-0.10247586920948765,-0.1151528807964523,0.00149835827209098,-0.20374741470259958,-0.2240562357283503,0.07417739269579136,-0.02773102118773015
4.409163325627921,0.5112862236634477,-1.710248636268363,-1.1209245823384544,1.1743113185984462,-0.3471600310618361,-0.2769204015333818,-0.09779333363310407,0.7293542229897034,-0.8781319083464885,-0.13102485992038637,-0.06539014082112196,-0.08970269780492704,-0.16108399702625004,0.005444284982937432
4.539349032930259,-3.4769385163792075,0.7936531519738628,0.33407905402383176,-1.2755064026560503,-0.5260807807900135,0.6234215430299264,-0.5668638781016402,-0.40478984973031956,1.0245595674121106,0.5361705060452431,0.12407670909928409,-0.09100261534316925,0.0572554896215096,-0.009154017002153939
5.348683343039353,0.26899406197479836,-2.0412481143078214,2.0002368739272773,0.9755746926528809,0.35789882622353963,-0.6359489755385779,0.3688373152663479,0.45429926113371877,-1.4129294109744388,0.5106126766285788,0.05692188834107889,0.14128220458508353,0.027622704770815035,-0.05927266478995642
-2.131650530114974,0.674141319273144,-1.1080864041993228,0.8924487286497855,0.4944052179149633,-1.5155673508675107,-0.04260757699524342,-0.15494043729278917,-1.1704782068583608,-0.5636810577799976,0.085285325102293,-0.2331955121173279,-0.18871318803981124,0.026477636928421394,-0.03244689406301801
-3.077916215578088,-1.3084838524370155,-1.4053558163245,-0.9313445650420182,-0.28898461314361623,0.5867415489662822,-1.044799872142172,0.3272921307075182,-0.691352948815555,0.7533726659535922,0.2725308286361925,-0.5755985552665267,-0.015663495020689186,0.05376420628672067,0.01638128726163607
1.4531087699974177,3.8356701734835545,0.8319993269279764,0.6432607947716695,-1.1309264716135075,1.2158285772779212,-0.08680728882917207,-0.2715473564890325,-0.071440355335612,-0.005133800015782831,-0.17846192768254954,0.19086201889970014,-0.02714274955832665,0.39201731985691823,-6.17222418252952e-05
-0.4306195968969455,2.601671585691945,-3.2334426529317715,1.3306513149593628,-0.10494696249908342,0.26592922402884134,0.12058578635627162,0.7520573640891972,1.0372977743986471,0.4526504813569672,-1.2266201402732122,0.24164736174958001,0.28041541238635953,0.2936048914693223,0.039478614686491185
-1.9534922308591613,-1.7008395162799088,-1.4565364167252475,0.7919563540115728,-1.0734820868919406,-0.635911991485404,0.5805095179886663,0.6333304220387141,1.2631408329145153,0.6853010914153641,-0.26980292040423415,-0.2988629766255346,-0.017345762864161597,-0.12764647696652887,0.012861882657249055
-0.6514190734922425,-2.2694748383995975,-0.8903425957819171,0.8605966524524973,-0.7196203706740784,-1.193160846448624,-0.6534741189271039,-0.7260617933676536,1.007311605647944,0.3253658786378942,-0.13389110674376714,-0.42899596211229496,0.022883438637865447,-0.1271900143945639,-0.00023375150736429026
3.67795540041782,-2.382565671850487,-0.5280303941360553,-1.238869554207084,-1.5531695144780673,1.297022916415001,-0.23876320023612657,-0.8750067082687558,0.6271284072964148,-0.4385649756572453,-0.8709651765542104,-0.05049847858840836,-0.0320545927936463,-0.18825805458129752,-0.03062267011518643
-1.9069411282325406,3.024849937156462,0.3506282381617056,-2.4500813792362157,-0.44156837771895996,1.1731094071990729,0.6417246149779704,0.9254477512117831,1.1851391961109736,-0.7557469484281942,1.0036911233970227,0.0346903188303784,-0.29037181213351165,0.15787388536234143,-0.019309695195486094
-2.542423730064318,-1.07556602547664,-0.32265439260660667,0.10867854220839118,-1.0073062014741083,-0.8573720189596415,0.5415888292069296,-0.3475021302010207,-0.9959054891806853,-0.2220835527516189,0.432060940839397,-0.0692545403042146,-0.21059895083692098,0.0595150015811777,-0.040596657033324594
0.020148603813811228,-0.4521069312788243,3.2800378749566756,0.6657602956830353,1.6946272991063043,-0.08941393558241306,-0.1448097313154199,-0.19382161237044288,0.300039172852767,0.4663853350624314,0.22614793129518287,0.04750790737464164,0.41111111723805116,-0.42806910421824307,-0.06561264123659565
-0.009425067819123445,1.0931643212903226,-2.347662849798009,1.4105427087852098,-0.5634797535159196,0.9832926508457001,-0.8351315758085841,-0.09267510732813929,0.06908282852207948,0.06907539867594613,0.46729195489058206,-0.22570178063910787,1.916124840744596,0.7778062617825003,-0.050285720276345085
5.280706895286244,0.7774586556422038,-0.6764091831362968,1.677791569658728,-1.635353786606585,-0.9366763472176425,-1.4067044240327533,1.13126710465274,1.4051558440330256,-1.6203916189459566,0.44332557796992794,0.07447368140954644,0.1063290443219583,0.010892720582774601,-0.061817679721404624
-2.2526754218947356,0.3881198834022219,0.9430276543398881,0.1860563128280811,0.351110330624438,-1.0807130374949117,-1.112693696130925,0.7772280018275646,0.3520823015308025,-1.0745067413197942,-1.7547855121731746,-0.32156028683494675,-0.04376395747487985,-0.171577347796494,0.024543220115316414
1.0863755371407349,1.1016324666731796,2.0224177092977955,-0.17868134361635707,-1.1466356102087167,-0.10039740976429368,-0.10203836293472729,-0.6468897729808081,0.2564126781452595,0.005497410452545801,-0.32715400459474486,0.18049817852934966,0.028254980098730315,0.3186551549400594,-0.05294624670751591
1.3132771508479233,1.71603996627839,2.199200644373486,0.01355445276677647,1.5847651949414532,0.12243252939653448,0.028192745063466113,0.02728275378070305,0.34396306694295975,0.014142763502316004,-0.07971877443532302,0.14793556595668583,0.035366884260226786,0.33632880989523667,0.05402926113427403
-2.987870102019362,-1.3365243930723252,-1.0444179406409029,2.03150079304704,-0.7346358567508154,-0.7703973382893091,0.08339268243874778,0.6257320732266702,-1.145922350175029,-0.7606165003199787,0.28145273256466763,0.5643487573967526,0.14878700319540095,0.18525949375675715,-0.01759717301337238
4.132014067643876,-1.1709271038588576,0.9598971651401664,-0.13568237291897578,-1.067350617954872,-0.5367942231829177,-0.12348098251218932,1.6429428032337543,1.2360272286879865,-0.35935962756323986,-0.03227136641942285,-0.21176979441951352,-0.2441974966178421,-0.0030185416447174596,0.004215361393783515
4.071658065494926,0.04466653908365492,-1.654151694316949,-0.305960592316884,-0.31575318740279956,1.26822044614251,0.4611316815953427,0.7544660633077713,-0.0004906962160022288,-0.43368537476327185,0.31259023205185227,-0.10000114154015136,-0.13453643616134162,-0.07596490832343955,0.058198626250425795
-1.52500536082742,-1.2752242287495066,-1.4644729273096055,0.9396882923844245,1.737381806547833,0.12762632141306485,-1.457627877044081,1.4356768904667507,-1.61454530674296,0.7780188175408034,-0.005182894170039115,0.5111703029619882,0.13039206403940012,-0.1433425262598385,-0.00949123967407902
5.186322186548942,-0.5749060813597819,-1.797990454891876,1.4560491919451721,0.011905202847472873,0.13562576153565487,-0.6082260325149904,0.017013957103351296,0.6370201283877046,-1.3335841727389754,-0.07848208055078379,0.22001588188255763,0.16116952257988895,-0.030332362978573384,-0.04760031944308322
3.7201748482677464,-1.7291215897689813,-0.9722513992815636,0.23596954291885508,-0.3855587953882075,1.261935688647268,0.46588474543079383,1.1246086172568097,-0.4343040009908607,-0.27538880832785434,-0.2240863844412731,-0.2552865701005441,-0.07404282741310689,-0.12864199581977853,0.006828574585143623
-3.259091055491709,-0.9885455495166139,-2.406356629773603,-1.998086574516639,1.552356723204185,-1.0485990323493684,-2.6382984066984667,0.7623725902391161,-1.0044766455621934,-0.16062967436176018,-0.43926143108255994,0.8702897246653155,0.0435653335137379,-0.30818236257981796,0.0026893374754174606
-1.8472294223592243,-2.805331345320547,-0.8127171026606121,0.7043109388298032,0.4208857597818333,-0.1023572382462139,-0.5143387344959514,0.5735254463742427,0.33420677313253105,0.37953579520194664,0.7894023578567695,-0.2665545168226622,0.0012808818545451128,-0.10022264043134697,-0.014703246043723098
0.8183873828876793,-0.20527785837915014,2.9539671112400274,-0.4871092803587105,0.001076746482190638,1.2179816399214904,0.28735015302540146,0.029558892680150495,-0.07789519793674632,0.30850546162338377,-0.19634171542406714,0.12281590802507157,0.04586255207500618,0.3579535025479922,-0.0052299478220690435
5.08986053183725,-0.12815631766454438,-2.3184827515776805,4.506456514086461,-1.8452343325090799,0.053075547977959214,-0.06678546803840008,0.1620108655747754,0.8921954921013324,-0.9963050668163795,0.2410766950134102,0.20471556606691665,0.1389079799472495,-0.030377388354568047,-0.02343828906048968
-1.8388690700937436,0.4950648365910366,-0.27023594532422485,-1.3324822962025031,1.2687220686736582,1.7244247503118215,0.9379295784303722,-0.49337598642750813,0.22870927205904296,-0.4532997605170331,0.22627555638338162,0.11135918856241196,-0.1749144625572958,0.05471468112126621,-0.05374099864272055
3.9174995005113984,-1.5288854266996688,-0.8352049289105457,-1.6079792475110628,0.5560385400010427,1.244014559276971,-1.0347864713797923,-0.33039302033322243,-0.30914258457672533,-0.840160574708757,-0.10162226741079741,-0.09599902409115832,-0.0445963892542412,-0.14778818762477436,-0.2345765408482553
-2.5503825684736046,-0.5056679479533774,0.5459274785076658,-0.13445810175253176,0.35244576088985347,0.9331317385225639,-1.1568255221857193,1.2990791663461412,2.1184020415723084,0.3920471753666163,0.31832307306261115,-0.3301110230747264,0.1062215072480858,0.10732485771607826,0.009994264791462024
4.179502474734441,0.3135391978014914,-1.4943839246561326,0.7562338594583375,0.30287478405299195,1.3081052500491457,0.4033195986928805,0.1549999149414612,0.934201927432033,-0.32253932349126824,-0.1686516637762301,-0.010265175562644141,-0.09084544026954039,-0.13632758052516464,0.07012766274338883
3.5772875473493158,-2.773176157420794,-0.2618644617838938,0.10658186489964672,-0.31342314850827535,1.0939101638464162,1.2381732577599804,1.0239583032870083,0.4617022056353615,0.04546078604816757,-0.3580985618940119,-0.1755551072164044,-0.06338448695886569,-0.1478990895126855,0.018879013383022374
-0.5593198104994215,0.2084960608122619,-2.6882321098029593,-1.2816607898793326,-0.5125465533596228,-0.880654844617997,-0.47227926394947606,2.145439561376784,-1.6959051723804215,1.8870537445658615,-0.1682834247978125,4.247275251426637,-0.8684744544469518,-0.29980158755895386,0.05953582902336252
0.011458801378845251,0.5379376821616979,0.29773099466156655,-0.5362369246189674,-0.3862861718732211,-0.6122001254267149,-2.5645801148083374,0.027921369068989926,0.6333044938434406,0.13394541475445673,-0.020036641820398854,-0.46706555424651164,0.044107274743927394,0.10547387296669584,-0.245416820049033
-2.6776101188955863,-2.5974615252687627,1.2338292206561619,0.3790448221100535,2.2243200526954134,0.3011674447419823,0.6794587701626194,-0.24494894177465584,-0.3443155058853316,0.0791329006842767,0.25086052660442804,-0.1442423482511179,-0.12568699306088146,0.041631672320856364,0.022549071367058356
-3.215779214419929,-0.6974789584634931,1.7505203257768243,0.6360584077817715,-1.0379821368692612,0.629719989211414,-0.26374894195728676,0.26382801048983734,1.2171381305461524,-0.37835065182370764,-0.509066539168068,-0.08880062784734902,-0.09208409678554973,-0.05335190735445136,-0.01989744391782103
-1.1555011719853523,-1.0233820448070112,-0.9536284475304144,-0.012689340447421371,-0.05807872348029974,1.6362924118491082,-0.23848870087981,-0.3287279692630105,0.8670986665905629,0.8243004516114507,-0.3577971125818419,-0.24300735716344143,-0.08180807775103122,0.06681248027879598,0.09965795285036484
-1.507644238908826,-1.944125600370372,-0.9472609638548439,-0.8357898386907556,-0.5267615036313215,-1.5058568613997214,-0.29057542303261363,-0.23902920693475835,0.5325791568705058,0.6604385784717393,0.2070555054071847,-0.47022672777883057,0.10895196277652183,-0.017712174165517104,-0.007251182614532949
-2.492776427149236,-0.4344085984914168,2.0044381271270315,-0.13960944944224116,-0.9203102711887415,-0.06783264481157292,-0.37854214987797785,-0.2837578177938925,1.013034001193519,-0.21531232622932334,0.5378086888114306,0.0736399720703228,-0.20391476316210838,0.07534470144657186,-0.041294438052820404
4.982483418812905,2.1862392125558348,0.7666609568786658,1.886379879840358,-1.4044816311541264,-2.416635890937286,0.5531339258510009,1.2597082760088356,-0.8932859582260313,-0.893397912306503,-0.42953075704068494,0.28607748947970907,-0.2585421615090976,-0.004248766068315486,-0.05020751307658353
0.4744967592916667,3.1344204212369795,1.3850820402036355,-1.2977677397539702,-0.7485648636042702,1.0561250218419933,0.5134183693920531,0.0028354238258331277,-0.0035175530628314133,0.3613703161866085,-0.16564885354636438,-0.010286967240528438,0.28287914221908994,-0.29701407245835054,0.01308532136009101
4.866681477804425,0.7823021518047883,0.0173540734773798,-2.27027292241264,-0.37736193533183626,0.2985979101817473,0.8646275458956968,-1.0057036020389887,-1.8400776396750405,-0.9168944829860759,1.4291594965848888,0.7454789733305067,-0.3350387238540237,0.17685430867894636,-0.04046884662708512
-0.6758098619273136,0.03591079330926772,-2.4087916039689676,-1.2984665256551216,-0.8368667489019254,-0.3892614313832653,0.08734517037571805,0.5435002406664506,1.2474009903523637,0.7543744110427337,0.07292086216768448,2.7326020433408535,0.3893637860516853,0.38563049130399774,0.06777013393094587
-0.5128040776580827,-0.5831654493109784,0.7971491636019421,-0.6335550091165998,-0.5677043063999084,-1.2966973033467335,1.6655143156782901,-1.522387097936208,0.1053637110294888,0.840760773929089,-0.9045033913187259,-0.009852841078284713,-0.520987114171311,-0.32947399545679223,0.01970768216905509
5.214063206059542,-0.5811918727794028,-0.09574204471307615,-0.7269721319660944,2.0714107752005346,-0.1965500695399831,0.39046627144174795,0.3137436188201255,-0.7396778824465104,0.6750274809882351,0.08065764779471885,0.008616356919840001,-0.10093356361641295,0.08411420445517438,-0.046747995463437164
-3.897817728079017,0.5130462346205384,0.9000429049792225,-1.3572055607458884,0.16950997936564988,-0.4687774303660702,-0.914236075677209,0.6904300898904836,0.6981747890009754,-0.8349885714735308,-0.12018289649482328,0.11914238115066372,-0.12475661687454251,-0.05525923912266997,-0.05703291641053019
-2.488168239086842,-0.756500933202386,2.1282842053496247,-0.3468413784468952,0.2379722185239976,-0.45085444505535677,-0.4722022961791801,0.36750914886161046,0.528803675171811,-0.29932605927585676,-0.14402138497248662,-0.12397254117843662,-0.16040664205461835,0.03224500755714742,0.004578681554030356
-3.433103702638368,-2.4622271865658583,0.5265026717334362,1.0360424863490085,-0.023462819886965414,1.547096432219715,0.43588088910785316,-0.8471939267455573,0.42293359334921465,-0.37632691396386414,0.03252597360968555,0.06640679209883579,0.4811112955289696,-0.16055352906238574,-0.002683642838272493
-2.157346814821869,-1.910977226550961,-0.6320477228033585,-0.6788894502913372,-0.23775695067725977,-0.40629072915449127,-0.23671160308518008,-0.20063547380650737,0.28447163006388504,1.1941573221859725,0.04512305373603778,-0.4989985005170149,-0.06221518175486006,0.07233235906693035,0.010467413059234792
4.808323555881584,-2.8376357444426636,0.8466028584833307,1.2469215955666504,0.33021101132935315,-0.7486676960432409,-0.3046704325062347,-1.5687749341683537,0.3621706209770388,0.7874212948753181,-0.3978472309107789,0.03074292438948306,0.0022087818547575633,-0.03911592319257001,-0.014951458481403994
0.16420452585599143,0.4172362214325833,-1.2982757677324077,0.48582944678828877,2.208695804132204,-0.2680643821531241,-0.7315173300238105,-0.027326323064043603,0.21024668539468921,0.6001266188611893,0.3027707723998632,-0.3686631444131915,0.03462827589887932,0.12000385675956547,-0.05625504976749009
-3.0828527607755136,-2.6162340996654594,-1.2059409653808404,0.6403798861676322,-0.6555253926657968,-0.14142083666953975,-0.8047640755149305,0.7059179274891059,-0.40320281176674005,0.6214745021213801,0.29257705097864417,-0.4985514942978668,0.08064645919803609,-0.07723884922465107,0.023579175151614954
1.249263801984605,2.410677024399229,1.6626092614686223,0.43881732090103653,-0.2491552407978248,1.2105573636829061,0.007908662335491201,-0.10887905166359821,-0.06055832841985925,0.09603542648662715,0.2664205091443598,0.20853576054168418,-0.011533713541887841,0.39753029109142524,0.04430505051293052
0.427495537796172,3.0374463403523504,-0.6767674148388283,-0.6018659204444785,-0.32840486509917455,-0.8281789549833461,-0.23265619274074634,1.5523086742029888,1.5140108091506213,0.603362838366482,-0.17914062353135135,-0.5540256319821388,-0.06464638991293224,0.19155514734388351,0.016302826751754852
-2.603561082716398,-0.6040338061227275,2.05704879881256,1.014754499686577,-0.3471416904957264,-1.574066390907207,0.20397609234388264,0.08727813692306038,1.65694560349885,-0.03776186404892411,0.20522925874964987,-0.003446910132899522,-0.14368886590220542,0.009655116145818723,-0.05895103207136473
0.659311301513422,-1.064003757789414,3.0979437972670096,-0.22280639327452706,-1.2263300617064181,0.22080062791511645,0.4377103764232817,-0.29591280025776867,0.1887275333851272,0.3328552829296208,0.510412840330984,0.24906041333746953,0.019094639290434617,0.35614046883691947,-0.016275099947387392
1.403357039391044,-1.4177622461713617,0.7945049500022356,-0.20438962677487862,1.8565959360227526,0.8951038083330198,0.7967735939806184,-0.3310535409315395,-0.6131257709736788,-0.833372140352044,-0.05833002743463085,0.29220200237402216,0.6313512809011791,1.007903547190686,0.07582330335100844
0.08481827339546921,0.7930223711458504,0.6000072705458677,0.7588439340882294,1.5471121661393221,0.05440224882310152,-2.1097176984643555,0.69981017495534,0.9391510161024204,0.4232690778164947,-0.2489117367451822,-0.5098429183390703,0.07230590112685231,0.09552171717941822,0.056537465166384866
0.6613375317461259,4.0047639234654415,0.5238240992892149,-1.3453794511791992,-0.9903923504485758,-1.0025765112107738,1.3530276340204581,1.3206629083248351,-0.4520289383589538,0.2386135509126543,0.7580225655949004,-0.1115474874731898,0.19133302086502296,-0.24722447497207245,-0.008352982969286625
-1.4473253858495374,-1.582929391079159,2.118022434188592,-0.25133394498007006,-0.5372138123325958,1.2838047329342506,-0.5249389572352585,0.7238205328627936,0.2635221746004338,-0.9787205661347964,0.26351387714668223,0.06628636933729815,-0.1285828869123676,-0.061150095046841255,-0.015017715350218282
-3.632903638828685,-0.7538885907634304,-1.1263277613380445,-1.4352438239936087,-0.42028637599267227,-0.9076742097108332,-0.28604166612312465,-0.26065381150099287,-0.6643334913024785,-1.1667365706659556,-0.22742415574721658,-0.01243667840565138,-0.086675981260121,-0.12133413750573835,0.04940353163890777
0.6084586818489539,2.4327013341284007,1.7084886657881562,-2.2702863320856346,0.1783623819436303,-1.419069614833739,-0.07254499067225514,-0.8588220935924424,0.6331102526110528,-0.10629501744464212,1.5955061656126726,0.2683292358928406,0.24421669044291433,-0.2970613336138581,-0.03397424366981927
1.4649009622177065,-2.00892091295749,-1.5429778549736923,0.021397567599699796,1.0330152053637143,1.2131649260976989,-0.7045313262195059,1.5774989559061465,-0.13681629557691688,0.29980472257212026,-0.2945849152951841,3.3491719902763695,-0.09391954766931646,-0.5750815665266938,0.010746712308396845
-2.5026851197630307,-0.33533179759307064,-0.7031259817394979,-1.3381621301490492,0.26466850501101813,-1.0814624341337753,0.4222767566425598,-0.9400858901399771,0.7701342803389353,-1.081633619784011,0.006171610199707904,0.20175623770858556,0.7713067336175062,-0.20125995922786533,0.061344358548319086
-2.53574664355681,-1.2481144449701636,-0.1419782074113362,0.17068750241819108,-0.37598543311432453,-0.7636651314302955,0.1359290106432381,-0.5403374836914829,-1.0816772684904559,-0.33504060626011356,0.6153708357193064,-0.11349242590952366,-0.19306853715875055,0.061266172311400274,-0.04702857334746239
-2.1191884521273883,0.5647326261717385,-0.695734120819324,-0.7215519144533806,0.016531301525565256,0.9272524401075097,0.5171358540618366,-0.13979500745597834,-1.1749696354990644,-0.2581572511290593,-0.08297785736113336,-0.04437912301618177,0.028691974691201202,0.06708076572553871,-0.05399096859461403
5.174501430459825,-1.1862428536469782,-1.1628179041445628,-1.0923183101295448,0.9999008117027982,0.11187836368162696,0.4856967670959197,0.6535034688871639,0.9321298409098773,-1.2145296036933986,0.3872073483351796,0.08655427541381855,0.11119702509638238,0.06491132013733943,-0.04695926190149923
3.7928977176460905,-1.3556729318015899,-0.8185793517897495,0.729367674238721,-0.657594269965342,1.8193227218445935,0.6264344367340143,0.18753818833487507,0.7357489371446311,-0.07996027524500288,-0.2647895145320822,-0.028733983556053305,-0.07158534006934075,-0.13956878863895958,0.010976090113434644
4.7218302302631034,-2.595955650034737,0.8142805257655714,-0.30678884679099566,-0.43154347812071336,0.7351177145422334,0.38815583438318735,-1.0332496185424143,-0.08434875810277276,0.97282815480161,-0.12104805143908501,-0.04312272055443642,-0.062087401767017665,0.079101712884265,0.016016346881077673
4.755654727127167,-2.5548832582398076,0.23009642035806355,1.2011939378646146,0.18876873217714435,-1.3722139653466796,0.7190061563810952,0.6876372288422108,-1.0879650940817776,0.8826263607957114,0.0075325228586467854,-0.24041830532177896,-0.06906603259537925,0.03245348684034034,0.03485702876961317
-3.462274388578923,-1.2102718342452223,-0.8699225857939175,1.6432188350454477,-1.9581174453670251,0.34854341268711964,1.1840191758514826,0.5967213636400994,-0.48918190227107433,-0.12692852281117584,-0.9319063675203046,0.2865215935493086,-0.22510713949891287,-0.13606937637203634,0.043803556984190806
-1.8150084966096816,4.584503998482177,-0.7138026204251655,0.561075847350241,-1.3154243498418756,0.16106017861512845,0.021194704632053585,0.4127319698087953,1.4232986717396519,-0.8506952774958711,0.9952908114497487,0.10975225220527952,-0.23013753230693385,-0.029240929842342035,-0.024253954500972407
4.677496396889605,-0.6613708085480587,-0.7330970940254982,-0.6000277960140432,-1.1015647051555812,0.14241983869914643,1.2809249998897214,-0.2368045477387585,0.1423486088602024,-2.4759435917867716,0.14537981170597022,0.7477318980519785,-0.023887186479708,0.009108349906283328,-0.05312413924045387
4.7457177806470625,-2.493838350671191,0.5162161681135109,1.0440212732966654,-1.2783351982002724,-0.7638970152361744,1.2139737884878101,-0.7290211883995881,0.5516175737134947,1.1686991634455688,-0.08910816971257457,-0.013974814055312812,-0.08219855182593112,0.03970536835417737,0.04187422315056467
-1.5211521135346695,0.8968456478622469,-1.8767349433872509,0.602210660218485,-0.9908917481115099,0.17310256664617785,0.34225857781606994,0.5267895422481903,-1.095188218408726,-1.1681551549755418,-0.4436627125133658,0.18697218131959228,-0.10505416943769001,-0.04827721509914828,0.057647536269890734
4.788150755480078,-2.9562230972939383,0.7654900197285284,0.5209800153080353,0.6952767537567162,-1.3022204466980827,0.45408710968136645,-0.3074960906864636,-0.25623974743821426,0.8115091704256086,0.12059286475807286,-0.19653024674455086,-0.04746413872412608,0.03029006061175188,-0.0024714562140830095
-2.110166081371312,1.5266717320771934,0.9433365088000192,-1.7132281490946204,1.403884851020604,1.0303817443998153,-0.8014050127016771,1.1850810745473315,-0.10933691940510148,-1.08327901545096,0.9718731169291699,-0.10710486035857117,-0.198156509667079,0.08918499176137719,-0.02744834621316811
-2.73189775698318,-0.7980175047220139,-0.027078405016728507,1.3761807648097277,-0.14918163095942127,0.976130439065892,0.2328458866888882,-0.6296166863573738,-0.8490799408612959,0.017337523733357514,0.0005076796773942557,-0.16488927632957132,-0.12154197379854809,0.06408232023471043,-0.034996328367827706
0.06631143221261038,0.3429435723878347,-0.308233306416017,-0.5447474299931666,0.6802938695845779,-1.6530680850645716,1.0690449561599684,-0.778330524128358,0.1873256937122027,-0.44232640004582996,-0.06478440242591098,0.38472994008660844,-0.04652157412668549,-0.04733063451500219,-0.04945938967969979
-1.3899186325736028,-1.1350689031024859,-0.6312871994779481,2.1616271071509843,0.4643899377551373,-0.8255643055136512,0.9033085794848014,0.5626472053482496,-0.04982358584784924,-1.0060700559775109,0.07465174114847413,0.11335380241584984,0.007787226206633607,-0.019039834982896534,-0.054681691151293316
1.4536799898036303,2.719400434036689,1.698116162860377,0.02221851622930776,1.3596928912445043,0.5948269201874732,-0.18152176509347243,-0.0273540453417324,0.18179899940586813,-0.05466776444327798,-0.8684716274033139,0.0698943298292547,0.05083104887561393,0.31831601838150864,0.01679919428552068
4.237003346141366,0.9766373719171173,-1.949922803279709,0.4721900860054027,-0.6767339175264045,1.7270699315867102,-0.15853063513933857,-0.38245694938512126,0.6589457080507221,-0.508371733768713,-0.15090661085978196,0.03680410496211517,-0.10421929500606293,-0.12084093806124435,0.005565139544217758
-1.8571834387684742,2.344233073742557,0.39801761623354154,0.01209923414422065,1.409834827129656,-0.8598309133617397,-1.0068324754581015,0.6855327388196066,0.7172745122600167,-1.2248544343116812,1.00458748601742,0.04640621465810657,-0.18758705140307597,3.64843093277889e-05,-0.029520610500912266
0.008840796226234016,-2.025001423773738,0.26305324096793137,-0.4432099180397634,1.3846486707965173,1.094050974662847,-0.40193148961467484,-0.7915987313282709,0.49736628687020784,1.0704363618418793,0.6352043090846,-0.2906304095566402,0.12183267833857045,0.07190085254878832,-0.02591168136529053
-2.4969812107826477,-0.4307238454794786,0.2262296774260979,-0.4581997492821454,1.911521183115573,1.227782330999358,-0.24631108907186308,-0.8961872235999129,-0.6711961467848162,-0.23196778236346552,-0.8433216978604103,-0.20831205908496706,-0.07442432211597695,0.03237058342118336,-0.043243088793208886
-1.3453196821288143,1.7482971346676721,-0.3270537521937152,0.02299221897600129,0.97557389642249,-1.724037010569807,-0.023675563599363077,-1.4392733897239953,-1.3333344880697053,0.8272641018080689,-1.0735935217726822,0.03167284948869367,-0.8460020792953996,0.2734717039957988,0.004853548397823563
-0.4920765107346363,0.6337599696522747,2.1050129528987593,-1.4654730244112573,-0.908844137056014,-0.5129439808842601,-0.43730431591089103,-0.24903515517250688,-0.6604030945316832,0.2645635170195811,-0.07847786392122844,-0.10886621330522325,-0.5587585030093367,-0.24225476290658537,0.04403595548739546
4.358518450277774,1.2028296634610465,-2.1576167015727874,0.2798138706307389,-0.8053338977944652,0.5849074852374743,-0.2906873043415793,-0.7303516843687681,0.9828075003025647,-0.6954156855458591,0.2279622940018984,0.11373474625272001,-0.12269934207360758,-0.13249046692165006,0.0028320275055913682
-0.09006836941461804,-0.5157223124764896,-1.5265876561539422,-0.5764004017058714,0.6890058506546796,-0.6045076607429906,-0.38030503496060963,0.2627271863341437,0.40157066191973545,0.028249816576978413,-0.035375068168726584,-0.24208029198934725,1.946851654904316,0.7148490023199409,-0.034854371545774365
-2.1500733861531787,1.212643116474725,0.8738253449930384,-2.0061657307539527,0.037836704707948254,0.348228358217451,-1.0603648700992314,0.30539348917437237,0.37239316200755007,-1.1524270215813779,0.12521380135632504,0.00027541867233815687,-0.16675965201924464,0.006474626420398852,-0.01580705415743388
-1.9485393462742935,-0.989217710884679,-2.0714224309276075,-0.7015756159654987,-0.8984148574627925,-0.7327944873850942,0.19658266296715424,0.97011209733513,0.7044404674304345,0.243064502642665,-0.1274661307866365,-0.18132129157053836,0.24434271705513122,-0.8631411398535876,0.0449691509527494
0.674920783299791,-1.2598300935871687,2.78557632547219,-0.20742256036575898,-1.4267550880509243,-1.3444479536838565,0.2581274719879548,0.07233713373012482,-0.2892316643511286,0.09267751996103986,0.5819096336324526,0.1518287551234531,0.016695731344212747,0.3229104218243823,-0.021307657685572547
-1.5979774401911864,1.930706462120507,-2.8193169506354465,-0.8342532738932986,1.5741542516935532,-1.553353093687028,-0.39791461402121175,1.1669944950138518,0.047460889915159093,1.015026126634836,-0.04511078247292463,1.2051062854414771,-0.19466083918510296,-0.11063972367046582,0.011137352528343854
-1.884682404243541,-1.476188555829281,-0.5644734132677012,0.5140176892688126,1.8006080240710176,0.9939123895341404,-0.7926317450592971,0.16692365591187408,-0.02869724770865334,0.9755672909909112,0.33608541546116083,-0.551623770762433,0.16462285982197564,-0.32632534565535065,0.0705059984357781
5.050589792962818,-2.1311124868564173,-0.5034985839583489,-0.5934306580267927,1.5822930268216888,0.5582438168302937,-0.016685323317398727,-0.010703950009915225,1.3173972077546066,-1.1647683537426918,-0.7756850768995772,-0.02013305708962168,0.21240645865437024,-0.02543271212571603,-0.0253455459436046
0.7144167368854317,5.220611978328671,0.11094804448469453,2.3985728641593527,-1.6562811835568567,1.0931528315988746,-0.11365733448047823,-0.2537626602732317,-0.057513411156022376,0.33250823068200785,-0.30760711827491866,0.0703372323189208,0.2934335026088272,-0.35264898714743387,0.009821274136296698
-2.5830754237475224,-1.5729497059106972,0.1866099471138834,0.7742644264639862,1.3977377857639477,0.6009270242997957,0.4065531896814123,-0.033505069734964074,-0.3263753568107916,-0.4453931796080113,-0.04541749589224346,0.07610522766070041,-0.08759947165632445,-0.07934870522738585,-0.004734271015971988
-3.2351355011538705,0.3502562069086568,-1.059592884699999,-0.49690601743355445,-0.27695353790597665,-0.3428631676951647,0.17070365055157186,-0.8720600018140672,0.21093993095393693,-0.7710604669791206,0.028341578234466428,-0.049317929557702506,-0.03421089592094411,-0.08099024974056425,0.08064162592954444
0.38346899380684407,2.8596797848767284,1.0277979649721491,0.35054635960817493,-1.1877692738698165,0.4733908468591308,-0.8748967912651835,-0.27257604283537396,-0.9927534496937893,0.02448957906724729,-0.08091863526646764,0.02476299180121841,0.3274266507948169,-0.3705469436671479,-0.008805175144496493
-2.6716847523220126,0.6260718073976037,-0.0956370424935922,-1.9275031141873662,-1.5838864301778095,0.4634767519526448,-0.809121682534197,0.8908011290377786,2.105383327440905,0.5924264151062943,0.29077870331403666,-0.2096177654268679,-0.11794055985611007,-0.007703174776332748,-0.05049013488839893
0.7722593410484917,-1.2413195836692568,2.9459509649496924,-0.4118784745202544,-0.4492075254356649,-1.7592102142177577,0.47500406492339475,0.20554796706310008,0.10607913077642334,0.11688356942275727,-0.06172534576386593,0.08303700617192639,0.04892112131014216,0.2789985061059737,-0.029054425598993055
0.6099175093875568,3.554314689527495,1.0670336956915174,0.06485163611492256,-0.6265148948213096,-0.29521303242513397,0.8651450207765977,0.19034710822960332,0.5519234221353837,0.41957744872247804,-0.6087439165572099,-0.03238183285185639,0.3013019119833624,-0.370292224997217,0.018725529591809138
4.322669384370007,-0.8874822984202123,0.7428826286752086,-1.244869366444628,0.13964222214374677,-1.5555386608079735,-0.8541337062161619,1.7211528428405103,0.7129452493343509,-0.8224483835132794,-0.07880023068496117,-0.312416365113227,-0.22983644937704084,-0.0248603149411889,-0.049270863331902386
-2.4388576465461513,-0.37731243024238426,-0.6331514344833168,-0.3522765600977615,2.083577729399015,1.9453065431293055,1.404746599055903,0.15378558850772828,3.1054592926507683,1.5676210810723819,-0.2384747387737048,0.4062184423375932,-0.02520144838479446,-0.040992330643788974,0.0425280835521614
-0.03985977585861944,-2.0622355910776387,-0.40439718082739795,1.8108971574238237,0.39464635529209197,-0.639187895730403,-0.79573584449785,-0.43972452636697873,-0.029689361803542202,0.9857949529423138,0.6401004404776383,-0.07874784580987557,0.13188898522740555,-0.037058852461060526,-0.06692258714061523
-0.4242959050937263,-2.7730878417820906,-0.012593280423699948,-0.38294625372043545,-0.33828916780090357,-0.9567736668255042,-0.31157245811815637,-1.2222100992547815,1.185747045038764,0.9246586056198107,0.37764551637350385,-0.027547024545240856,0.048668973824099,0.06088898038716821,-0.031210889742088306
-2.2721441768732746,1.2615469996865478,1.3345629929180192,-0.7137680874845583,0.5543699086845685,1.9125745443376712,1.2638286046925267,1.8590120005885136,1.1441141373751298,-0.21013392748690934,-0.4367248381830587,-0.18524462341141776,-0.183523718749187,0.06282519815154156,0.10720015346570512
-0.8481393597647131,-0.06370552625833847,-1.6909402392271664,0.10102196762681892,0.18067578569481868,-0.4865491025191139,-0.6031732049687246,-0.3757287976717947,0.8689265405654212,0.36830774128210697,-0.27896517333829235,-0.4669535721856112,-0.08673249110856891,0.03871678150331391,0.048652724072193065
0.38777338563146335,2.2787300863691264,1.7415474413739127,-0.7513247704839401,-0.3700432365353087,0.635612235084168,-0.5501574457570985,-0.7815722538462158,-0.06730938356675215,0.12491673010329643,0.00048508717746861135,0.08759347681195956,0.33415751918176473,-0.35769229521073803,-0.005276281883726548
-1.899768326550535,1.9352734215151655,1.1599906379151612,-2.121432700616134,1.2584909476912736,1.4809906267714807,-1.1395147757965178,0.5506145391551625,-0.46882939743570334,-0.736006500038944,0.420838412361136,-0.11643511198427223,0.3020155773550223,0.09761340572426412,-0.01153599696888709
-1.1733956875242637,-0.620758647238029,-1.7402737351940434,-1.151654493211339,0.7364721844916724,-2.877794075795018,-0.057851258030700355,0.9474658695079055,-0.042781666208860925,0.3868352505421297,0.04289304651077563,-0.7458483083841906,0.08900381752681047,-0.014195721283859472,-0.1921781964293108
-2.7447705656933383,-1.1212346458543947,0.16010086337367802,0.11363535877366615,0.06930503185624126,0.8747371715074572,0.2511064120380907,-0.6069214203609515,-0.9382084991773878,-0.06288185469632304,-0.07010191619320216,-0.18153332045452567,-0.12551454409567975,0.07413328330623219,0.002310723439579776
-2.4956419995082286,-0.1546865136544079,0.013718641204482823,-0.3967092479954041,0.2960778788893389,1.003181744815754,0.36336078340770717,-1.33255997521099,0.09515998065657205,-0.05282453776492308,-1.0720071470565324,-0.15520081091956836,-0.09919360150896987,0.0319153184212396,-0.034741729793642415
5.1881477540902985,-0.42787599073813,-0.5557717179986091,-0.712768364231235,0.05613095917494437,-1.055938292196256,0.5041766494670172,-0.06270266314214387,-0.6610983136720194,0.5703239022792006,0.34859236191452453,-0.10021474048835174,-0.13731180183952016,0.10612784416353711,-0.054914079672143366
-2.531787720917277,-0.47914487465734223,2.279584408414519,-0.11539639378383709,0.12385566102932394,1.2718384870780728,-0.7789730948903808,-0.15672948079728136,0.554764944619557,-0.20250065955743757,0.6534988852783473,0.061874382502513314,-0.18592355823576562,0.1046804532108239,-0.04534743674726806
-0.7604961756165709,3.3492909582970793,-3.2642582817618777,0.46211394494172664,-0.5968910369712458,0.4604263102707109,-0.0454313561439252,0.457709448472516,0.10084170789948019,0.5868407542637692,1.1507216861394587,-0.46307804349504056,-0.03176755917702426,0.1611224975114885,-0.02100155243213856
-2.123206935320958,2.258067824794643,-1.6922136098583134,-0.594073618264191,-1.2972304607620622,-0.03406071909311836,-0.06833464663565529,-1.29220139749603,-0.613796120921696,-0.5258771437443213,-0.34026967269877445,-0.10674499922068229,-0.195863824916928,0.0866029901566482,-0.00834715603899409
-2.680494251433759,-2.0083879608692,0.5159581846992294,1.4078584198614432,0.19138530642474666,-0.19859624489626737,0.6823569016354423,-0.46245187816362743,-0.4028692307195278,0.06872967869321168,0.10272727427985703,-0.1452209500757187,-0.14490006216062543,0.02332531413693792,0.022456756703662404
-2.968624133115635,1.4488754916254791,-1.0323599261783611,1.4834256584294303,1.567766696928563,1.596538088226195,-0.5214646375161809,-1.1483089467011032,0.30150220145762097,-0.7335274431212391,0.13878755848967916,-0.009927370240445627,0.09134981354453883,-0.04133548979476499,0.07715249481240286
-3.5487007920740115,-4.373941002692684,1.1049462460618356,1.2913293748540746,0.5388042068236183,-0.056140058712125906,0.9204649103948802,-0.5009266345308402,1.3039061992258683,-0.6911180576970726,0.3210291964249828,0.029002340634409013,0.07286183137790614,-0.05904863235052409,-0.006354797827439712
-2.3587076030022196,0.3407762793353166,-0.3778844279604675,-0.6196828206793628,0.5983964905746599,-0.02221648617340799,0.4904818491601072,-0.8364006207519612,-0.18651857623575752,-0.22900048044534946,-0.23569454590350863,-0.16153453235399132,-0.1506058942262852,0.07098739265591704,-0.051804957038374934
-2.770791641201662,-0.899635051179295,2.104570479841119,0.38587930171189455,-0.054538855272143305,-0.3093677538613472,-0.22138104714386572,0.8438486595612171,0.12605821924363328,-0.14856074291336796,1.4049987134968158,-0.02926159177257323,-0.19162888940174594,0.12213314135495655,-0.0384123173578777
4.057953612068982,-1.4124761583731509,-0.9649434494824243,-1.0737795081513495,0.8094257127840991,-0.8568603813922424,0.03412887821861704,0.1839515240732954,0.584257701133376,-0.7139868425351075,0.16606784957441978,-0.0861739907880216,-0.0786245923004946,-0.17285212530415484,0.08979757200899297
1.0258602181486047,0.8575939479114214,2.0953879733328415,2.5264807835139305,1.0491038765012353,0.12136046448049553,-0.7095488292659999,0.5626208843459746,-0.8890248359691577,0.014602781709762876,-0.603328443651949,-0.034645623332018566,0.10670937981581916,0.25575879944413205,-0.005426219955850448
-2.3587915867826155,0.7311678762487743,-0.974247343709923,0.7235041260831605,-0.33270878882377874,-0.6399846501306385,0.16031554429279007,-0.7071861800644832,-0.6727466413019672,-0.33367368227885935,0.010611552667441473,-0.13736099978703545,-0.16192893670642466,0.05033440731559101,-0.02864080636917339
0.14658872421339497,-0.7353911085276286,-0.7116495336497468,-1.71541197440266,-0.9915678620173328,0.7882129770778585,0.29334511191303736,-0.768118749440925,0.635455734378849,1.103244410734009,-0.24444450618034452,-0.25530974430775655,0.06734180756871797,0.07514727393345579,-0.038508885997344124
3.538170214597059,-3.2513290173452454,-0.04701197192858314,-0.2537954893068454,0.35258502063820896,1.4038844462006055,-0.38088966704450755,0.19504227094919158,-0.2517017191369953,-0.4092140794274977,0.16953612069597992,-0.09597919019067361,-0.031041439277334833,-0.1549675846844133,0.1988209134514811
-2.7245251104657937,-0.28712950261717596,-1.103231483081108,0.8347469474879285,-0.22538181759907427,-1.0746901517942364,0.9440559322087033,0.39706989388579256,0.008527504233205974,-0.5670672629102762,-0.08754497695372337,0.4930204607228712,-0.184699795647346,-0.278226804853502,0.012027519478174337
-2.25196085373931,0.9473004165625034,1.238452300623516,-1.5449240230104921,-0.2120130917282389,1.1773800856547152,-0.32701860999648613,0.32220613129804093,1.0055356912073965,-0.7670933712558416,-0.3697399511248255,-0.046718521195700496,-0.15191965936977925,0.008220493898244724,0.003961840286010451
5.061453761170155,1.2284721213586152,0.5916617926666061,1.0690778300120212,0.3754163549244403,0.1692493507169841,2.0471420097931716,-2.2060606407556818,1.4270423589463554,-0.1984381446894727,-0.3944315254132408,0.7884110327135464,-0.22463556516615005,0.018601928734117396,0.07101128846987424
-1.30457118773831,-0.390393596957193,-1.5469350404527404,-2.243799852877605,-0.055199247872513735,0.5589144973162539,-1.3961404421006796,-0.5162855897830201,-0.3340661920629025,0.4567358122669177,-0.2815657379601006,0.027203575948471198,0.09973720077104967,-0.024007038543984824,0.005804535392049864
0.1213490345975341,0.23658126575779037,2.5391253106118525,-0.6753323674650921,1.2594984497355721,-0.7460245870778441,-0.18988276007115948,0.6423756328769417,-0.8414273367041603,0.15848974198084984,0.36255432228115564,-0.12207093206878297,0.35993424613284813,-0.3815877174356835,0.07996638343179241
2.164886806028751,-0.05850429045562788,-2.0203353199004637,0.13670062230555802,-0.5674240277870158,-1.5668983966252348,-0.1289735047345475,0.16338462288002098,0.48705800867699267,-0.3751017433314375,0.42759129260912315,-0.2231538081800268,-0.08009609480216187,-0.09068233589535882,-0.057268974736567044
-2.6855734079527758,-1.8995238322707122,2.041545007555,0.4977756229659752,0.2570767487009885,-0.8749465911823602,-1.2830820811519021,0.5547245948338353,0.178564156934038,-0.9491064078266116,-0.19157153524385268,-0.1693429074065154,-0.054895472082423354,-0.1242191508360582,-0.012345610023104055
4.265995080557694,-0.3477787460083077,-1.2112592910674196,-1.5956095113374364,0.6453452306162307,-0.4259018195731792,0.4262142373421578,-0.2411188739079303,1.4297094815152072,-0.6101411901507843,-0.6775611711742298,-0.06504627557343837,-0.07544744333108996,-0.1848977401452203,0.029277544647206104
0.590478874514857,3.7778681592353327,1.2514648327063171,-2.2779439562764754,-0.4378412553166644,1.043592241913692,1.7947942404539385,0.9302142809668918,0.23482830320697318,0.5817248680394391,0.6792865273003734,0.02207926590069409,0.19095133625802518,-0.19263683763362932,0.00010519935577353156
1.2484978291609554,1.2673776495800881,2.0714825691259526,-2.626456374039993,-0.5670187297100656,-0.6025089065246861,-0.4231232645305455,-1.077059653023953,0.30209575449037074,-0.35692297337156714,0.39826862555914533,0.27052406125917755,-0.016154023899084588,0.37393573167855865,-0.014596438640382682
1.047176399939266,-0.34310130531150673,0.3912713124456651,-1.1381993126138468,0.7230917987169707,-1.061118507918693,0.4644070713088885,-0.7543794682192997,-1.742008031628698,-0.15983390739737607,-0.039553442415592985,0.10699948345507292,0.03943156142086869,0.3039438636501682,0.046480452203910914
0.534923888850289,1.4866544465282825,-2.531580493611461,-0.6169693807448573,-1.1732414466293553,-0.8864669569100667,-0.9833277432058759,-0.13453749889167804,-0.997021207952256,0.39390712172004694,-0.16916681203510955,-0.40408027304772676,0.0475528784000797,0.03975968031798785,-0.005304092667630434
0.8904609561998997,-0.2715098232108737,2.9047113587688167,1.352187751070187,1.4305844982807647,-0.0831317411422956,0.29758706309231575,0.7590042041417016,-0.18140124479447067,0.28544454497330135,0.07455952618991282,0.057443623070113886,0.06939876721180915,0.30642215089867103,-0.005624177597276522
3.726344995100805,-2.121366658802163,-0.816164703031921,0.1325297729249762,-0.24526619931478555,0.5562021070936973,0.05082036550372793,0.6174117450156815,-0.21582967571929063,-0.4352501025752963,0.003393676730653168,-0.160006829215421,-0.0619877337802279,-0.15887960906266763,-0.0010807495753612653
1.0511723597359248,1.8472185193323654,1.661010702969324,2.309797037130667,-1.3774366084541154,1.2637028476324432,-0.32229883841949947,-0.4087635057515985,-0.1419764709135669,0.2165236812281629,-0.2794533877920216,0.2027390564987094,0.039068895980525986,0.32439891945838206,0.02148890790708901
-3.1550380703663197,-1.9269594269914638,-0.18355350713037366,1.1206506666853393,-1.0926798005370362,0.20640932153610603,1.3384201091423877,0.2358042566791867,0.03960612414967546,-0.31272335056616785,-0.22703218509200024,-0.0815776769488806,-0.023260811738053326,-0.04459416453104559,0.03673897823092374
0.7241699094870451,-1.7276966453252527,3.6265191536443675,0.19154656536357695,1.8256931590453767,-0.48372589542889965,-0.20602831776127417,0.25977206547918436,-0.21710725081858173,0.11381992813041558,0.2991040420789958,0.09731974057760148,0.09588084968324279,0.2888211079537265,0.017927939519665686
-2.34403512652939,0.5168138966408484,-0.6921967905820163,-0.07451591511242384,1.057365205888393,-0.23838493712085684,0.05044729060932858,-0.3541519124035467,-0.8298447629528625,-0.25019766473642424,-0.22739523039359805,0.32645606254038717,-0.15284712073785703,-0.0027473532170543616,-0.05483796567240967
1.4742287546381472,3.22336935555126,1.339916532968717,-0.5533641665575783,1.1217961479742011,0.898523246359916,0.09152830605388987,0.6747255708301128,-0.5118633861411845,-0.08476195751566391,-0.10281342519712461,0.03208825502368742,-0.014407003319657719,0.4065504570516383,0.0018497299407829477
-1.3700893041350717,1.9634378826587908,-1.581437680782012,-2.4387729739199875,-1.0238421438786127,-0.44308524019842566,-1.0253903092878738,-1.5025324591272629,-1.849594421720226,-0.8706235873220747,-0.16290911491074905,0.11859726158711968,0.09451883442507159,0.4948164175214689,-0.021805833318737724
0.5198751910228645,2.9671044318100432,1.1268773568492205,-0.11550297307112317,-1.4896596949638927,-0.8427097604977856,0.37710491193908346,-0.44516324391304823,0.5821454243531192,0.2721765508487426,-1.0420199258323193,-0.030269949393447432,0.33351171520588324,-0.42536992780744026,0.02887827017873635
5.580736893003623,1.8822652380259481,-1.4092709517661461,-0.3126446055986595,0.15461345795155895,-0.636597502239854,1.265657713840324,0.15766645806769325,0.06475730277677202,0.7352215853809654,-0.2564844245741598,-0.11010511706206641,-0.1698956524032461,0.12396050276188107,0.02077958203529255
-2.2507815131136923,0.35783581585100177,-0.5148048109718056,1.2788240226754133,0.03752879159873612,-0.5678563925566953,1.6777440045498702,-0.007030572791328418,0.2431817332633562,0.14943276817992077,-0.023748051133980874,-0.14891522067068516,-0.21512940791835516,0.0659069023367964,-0.018635104446433667
-3.0808555975375,-0.16664862708627637,-0.9264406884180703,-2.115282145449051,-0.9189949391336353,0.16213122262651924,-0.5089278031390179,-1.2977324819685858,-0.4412052131824778,-0.8578437266458336,-0.835527429983081,0.23488382768502877,-0.18647033752417447,-0.07444081123939601,0.007443724157071315
-2.7467716681244885,-1.9245044402216347,-0.18965266683138224,0.5806561726402625,1.208469616608816,-1.9001328890328966,0.4474715961378374,0.20689544897137951,-0.0900240376269108,-0.904698329637089,-0.3229324615212766,-0.202406874450949,0.0007366127818882878,0.008698290892136529,-0.02413662117403956
0.6657616875457419,3.3536522320628683,1.3481103272451418,0.8069932906091484,0.9725308497107013,-0.19583970177894738,-0.41534849314112754,-0.42029936257355693,0.34998023099728615,0.12086568636588427,-0.11850943427525884,0.06756911060106452,0.34833134813489836,-0.4021016889216799,0.00022320109079798558
-1.0055982837735364,-0.20073797990935138,-1.48338718781902,-0.9839413115351735,-1.1854169219092543,1.0922507015614555,-0.12780986376356276,-0.6785072648855215,0.9988196314469091,0.6046897131163076,0.08305116426099403,-0.4067213092173574,-0.13525116908563461,0.1339405453347925,-0.049548012621120525
0.9517912490860452,-0.5331078925425422,3.0670248872948873,-1.182214782462683,0.7731642040340073,-0.20416960337084933,-0.7610535783552683,-0.8960309879451538,0.18538904536163117,-0.1467650748596343,-0.7531143293574382,0.1264148407763543,0.10952876242859041,0.2586082922514971,-0.04701429510467747
-0.42191571323164223,0.19500387680378273,2.976157373967926,0.22351306557858786,1.8960251843975144,-0.376739914689026,-0.29475044910135273,-0.3050056888317484,0.40282818275258625,0.5156476523631128,0.09063642696121757,-0.014356271263892911,-0.4990477320667895,-0.2895438097109325,-0.01436725089526878
5.459152199882585,1.0436820256629122,-0.9562153623738421,2.4072368178344146,1.77455044255127,-0.5292083086999808,0.1226277609430535,0.05715222057158165,-0.3627302474109943,0.6490843251673581,-0.38158376960543117,-0.24006071686514466,-0.06529553881187201,0.03781131391540954,-0.03988648672339608
-0.7478335656128252,0.8122838409678688,-2.0922828854010884,1.84820959167927,-0.003233230590863001,1.3113317057711393,-1.4119344018941027,0.13493571540092672,-0.840355614723894,1.1960705020119233,0.00848574625662786,1.1473774670757746,0.06524641562257655,0.0804076176138117,-0.022530170124974148
-2.0543018618663,-1.0618715742490856,1.18873965378388,-0.7118747505065849,0.10439375259583938,-0.760943715860354,-1.490805926524714,0.6480649409280939,1.2791475901101728,0.9148086031874796,0.585953622364418,-0.45934950449548284,-0.07437364241836054,0.08798037967478932,-0.003962207718423538
4.3026232611152295,0.6758617211448172,-1.8550490175500838,-0.0829219928550563,-0.42400109633811156,0.6533441791913448,-0.8029385354207214,-1.0827959434181855,0.8520824368923408,-0.830573772932703,0.4790793381128053,0.1591383557540264,-0.10759705081578211,-0.13546516527217167,-0.006129257312070857
-2.7292322171961505,-3.281783166527408,0.7902505829298943,0.41499272764568484,-0.9795195489925118,0.16586617788428648,1.5555485271846456,-0.8913805137821909,1.5208354510026656,-0.3728650019888037,0.07851759306427814,0.49256550776560515,1.1558634251497435,-0.22110793541085022,0.014009612149875908
-0.6420193038234756,0.4340855277280904,-2.090016061594071,3.0701887338680347,1.650213964229986,-0.8230150423968854,-1.2562871626526206,-0.11137051788412888,1.0703916714600974,0.0936037076495525,-0.8438175882444947,-0.248695611861063,0.40511856306917354,0.23304930605118218,-0.0012068783543559974
1.4296969543135236,2.2493903032748133,1.753302342680442,-2.26889135847659,0.06816713150129305,-0.5672089252997423,-0.10973311996273423,-0.7090660999011726,0.3931667674194492,-0.336032611743645,1.5141477513640533,0.3825071908816955,-0.0799757093133166,0.4467312712486827,-0.040706778743170136
-2.810421283153401,-1.268670360913454,-1.6830468865133654,-0.4535828680091125,-0.6280060705373892,0.339082923650174,-0.971565741541371,0.16413533159829513,0.11482613143641943,0.6001671992469269,-0.8902386920388113,-0.10514215410982455,0.08957538871284221,-0.14774033557512878,0.00021655555395576603
0.870474381383211,-0.2822584615157272,2.547005922994856,0.2487977798661758,-0.07069312120145776,-0.506212339689776,-0.48508073496989845,-0.001325690733304935,-0.5946751757307955,-0.07287255551741584,0.059158187151273064,0.08187691927156557,0.060055371326767304,0.3012111285329501,-0.018812914517779673
0.6514653788717113,5.105903814866508,-0.09545948666261751,2.303562213459168,-2.2012376252921744,0.8665460756751946,-0.2107030246955903,0.04205057012314728,-0.6202323142412851,0.25232315480790657,-0.3147065539118935,-0.008693418339648706,0.2860733348769145,-0.3486674389985805,0.00736681626148796
-2.6581789876082236,-0.8706685695500288,1.7762402926450296,-0.6667833671913659,-1.1694364499021095,0.03621542553679613,-0.5836921229458361,0.8315167156522036,-0.5676302995487759,-0.3396320430325654,-0.09641776358649473,-0.21511908803422833,-0.18673944892318686,0.07081221660147714,-0.0006428852354725548
-2.630661572655256,-0.3961785878666225,0.7377338948199081,-1.254121899603975,-1.8197593146766824,-0.36523779863000294,-0.7782644655739571,1.866084765035142,-1.49247239514415,-1.0762514503534926,0.24268207390042568,-0.29173540845567425,-0.17987181390069212,0.012049331278882677,0.0678410483957532
-0.6449444009181011,-0.46827895894329696,1.7960356531158463,0.8145998435415454,-0.0052452948178154934,-1.1909844980160609,-0.5769543575832766,0.5716034772572434,0.15669154409725966,-0.7168925984362706,-0.16934069746025698,-0.0338875273391849,-0.05845162735651399,0.03881877593652823,0.0029628554266666295
-0.885470641433584,-0.7122729065836493,-1.0852172130039046,-2.072366368048848,-0.6464193500554677,0.35907991428517083,-1.2755680416987838,-0.6213531751204202,-1.2005170954697804,0.8239963881988932,-0.07229378714418393,-0.6833965688943298,0.22985961520334713,-0.5280949616869292,-0.23514208508131215
-0.09356921612429536,-0.7403891957221596,-1.1218693481824726,-1.3509514365379713,0.047195695072032307,-0.857171933028666,-0.0609934825629249,-0.014550711729453741,0.15997200897872846,0.6776164773002387,-0.12486779557490818,-0.4765101986086241,0.010461246231407553,0.1305771010293053,-0.04551044117319329
0.6509511844471865,3.3141770162684856,-0.6369157351398996,-0.01323034603396761,1.4436648629747166,1.2936500527917594,1.4862604202222955,-0.21138241832556381,-1.1881743741880746,0.5144075430735713,-0.2818620501138601,-0.14024337170802484,0.3075891581283309,-0.3069116879742171,0.019368587852856355
-2.4243923935405167,-0.9944180375147403,-1.3395503386233352,-1.3303069359821067,1.815839201080438,1.7707644800361968,-1.183389353135898,0.45557562808864177,0.2938738982446304,0.9694543029075913,0.14880875292413004,1.9252753070029283,0.04082614368773059,-0.202336346428324,-0.01461880645282884
4.838189203444919,-2.276719479110519,-1.102673519291655,-1.021089459012455,-1.33566434728936,0.37122381154082995,0.39624561203077857,0.36751133407313424,0.6073655432108915,-1.0658468912981085,-1.1517239149209486,0.02919808968916693,0.1681916938068765,-0.024553491824116182,-0.019109542162931724
-0.30964181838273985,-3.3268698585941934,0.6427311407484824,0.4375884449860262,0.1857083694816315,0.937487151154949,0.2800896479254398,-0.4468386365628655,0.6374562971300439,1.455645528238759,-0.4054130845631012,-0.3743023483498179,0.16634255362245606,-0.0007929222091060811,0.01569447636755888
-2.1502137503066905,-2.066584120072561,-0.49012829312216893,0.5316816295222893,1.2256063836321194,1.4920804079998726,0.11018787567335916,0.32204791443329467,1.243614515781601,0.8218481612528707,0.322208256661207,-0.3533559915521922,0.24896834765618642,0.40051699524422946,-0.04880546460105345
-2.3443070878151007,-0.6264187072572818,-0.05976179853736055,-0.8110747640547742,0.6168101530768545,0.4475521466692369,0.884562298830606,-0.8028495795985542,0.6863565364186184,-0.5092701214126534,-0.12719646974526844,0.019626790220932527,-0.12906061881815528,-0.03072354575915128,0.004864296802699073
-0.9869986234610482,1.9432249368159908,-3.1508408789617737,2.3139984184173636,-0.6877449131168035,-1.2282884053018241,-1.15395038570294,0.26479550934051926,-0.37554755917665156,0.47188384455974486,0.5353184063585368,-0.09662117473870904,-0.13597364582944743,-0.04723250488633632,0.03843077986069452
0.4364956474145716,3.0242436329717868,1.3147415528938422,-2.11440816745875,-0.6618782727406675,0.8686892247874356,1.189956655326522,1.0142413661756526,-0.45476190687877344,0.46936207474924624,-0.41669741354238776,-0.09192449651515441,0.26021367368024895,-0.2809258215435864,0.023125522348465828
-0.3495285180472216,0.6916280079232722,2.3284646757919867,-1.2154545982227702,-0.3260920072218655,-1.3261171849748625,-0.1443958292013639,-0.8024429474526025,0.5874257740352123,0.3454456773560876,-0.825385290200617,-0.08128340613966736,-0.5165305007646136,-0.3188035254464176,0.008404692885790054
-2.2800123680841184,-0.09818524847058474,-0.2255578650294257,-1.100383702784284,0.580441357163468,0.0397123719662289,0.7727082152132926,-0.40493247520547204,-0.4658531672302752,-0.21431914893510304,-0.03835655075336669,-0.15791103022992045,-0.20416075689460603,0.09202302974709049,-0.021054754970306983
4.678941976353064,-3.1227588250801968,0.6993622780225073,1.5109761076201698,0.19951529160403786,-1.1155145563013666,0.5182904187320684,-0.06791832573632642,-0.5052117263475964,0.9348673357443344,0.2599920717561679,-0.1661284592249577,-0.050044152398530675,0.027614215208443774,-0.004235054559358766
-2.478969744613935,-1.1371525821963728,0.13231963759536852,1.5853024333433725,0.15361122239465186,-0.7926164937516468,0.8390820421927512,-0.6729458123303207,0.12660301102184307,0.028215923534499317,0.21267232664845523,-0.04115567334625933,-0.16661155176155756,0.015520761211676226,-0.0606847715218281
-2.436283928112835,1.7609172835543587,-0.014130996495112041,-0.3212206561872733,-0.9525630626302691,-0.5897563674790438,-1.3527229517743233,0.6744098814507447,0.022326169996531336,-1.2851285406374329,-1.0190934274548085,-0.11283182012011853,-0.07070362344415128,-0.23440355966816906,0.011413153602711945
-1.8088154642519867,1.36171490774346,-1.1231792869540946,-0.060506088742319664,0.6421878056923496,-1.2917135607513683,0.7312688677346828,-0.21344548360041027,-0.39282794218078626,-0.46648726273244584,0.38680761543246434,-0.10588328236869546,0.00834661319700257,0.04330607887042348,0.04542668801888644
0.8926986909410339,0.18280539765777282,2.507748733508032,-1.3659929650486613,-1.3138773060585627,0.7398942473559522,-0.3918103216731723,-0.859199810282298,-0.12676933206016405,-0.0164856244013491,-0.36616257166328303,0.17863390471584828,0.03889376909753586,0.34108699872093945,0.05233101339065479
1.1374743119250348,4.994853883337983,-3.8765018961409865,0.5502961429303024,-1.4887245751208567,-1.0543239703962977,1.2204030116611735,0.5876552007029032,0.8428192957168961,0.959321339186803,-1.4079536334961735,-0.3328824224604223,-0.015970104961777337,0.031722266227351026,0.04087571730093733
-0.7083141455051223,-3.737656855747568,0.18079956577056877,0.16237977710502893,0.0750357448749418,-0.5277424056275022,0.07502079157121744,0.49953461286433815,-0.30511367564702313,1.0710756991225454,0.005971955358565935,-0.5176374303356148,0.07399735482341468,0.08682341732507627,0.0008657270872954948
4.093582055194741,-1.7391326166711143,1.3597622117978594,-0.21056578579688864,-0.26540307774767713,-0.32316425489692324,-1.0944384134313374,0.9613525088425317,1.1226417987727837,-0.5789113508930486,0.18986603959964093,-0.13253928636558102,-0.20559201353915188,-0.02598548279637635,0.07220348845292476
-2.2288806027975103,-1.6135237090001657,-0.8273329451494613,-0.13024408129403436,-0.822779690017669,0.7205802505290531,-0.3956528663210299,-0.13949949527505331,-0.10267078234599519,1.3233827537888094,-0.16858718864818079,-0.3647384103898471,-0.06210058257528217,0.07200482639609866,0.013300125694835623
4.02297560062331,-1.1213976100241498,-0.8575333527253461,0.12982814082711902,1.6611098366006418,1.05683434118423,-0.8601719088616845,-0.03666224711903894,0.06214384292228006,-0.6987670528590975,-0.07017363122951027,-0.07978797519482753,-0.027120032779325974,-0.177349773994674,0.0581652352508677
-2.5363505488450833,-0.4144430931685187,-1.3965239469954511,-0.9755073739664698,1.9708810030707902,-0.06187526219193429,-0.7913478817297832,0.08978409647920124,0.8834437881505997,0.8062841252903366,-0.07143102910687173,0.3527297375774525,-0.08208026546971844,-0.08816170577490479,-0.0451763816108429
-2.777656806576534,-1.525905812114229,0.7115645748021528,1.1713363995130068,0.6442578834859218,1.0840493734857444,0.6282028663478688,-1.013507663710308,0.1270664257218075,0.23730421839821453,0.06596609671840142,-0.005405221460463905,-0.10667402228636855,0.049433417849816294,0.02641382875903628
1.0564152674889224,1.357683476941895,2.038306580386125,-0.22114733619177443,-0.9114565990973719,1.2193339496651214,-0.3840330482968992,-0.5907737779663825,-0.20571753482136673,0.02367914006740488,-0.027599302685179697,0.20718171158422086,0.01765772985823723,0.3694221473847863,0.046128878689665774
-2.147010971653231,0.1685850492259353,-0.35597030230922777,0.2029513358088647,1.5132856583504184,1.3784185330164616,-0.5711610838755568,-0.4354787172038426,-1.538649409292924,-0.4003382850302423,0.2641405866292468,0.18033753810703312,0.07443330687610297,0.02286234128836888,-0.03450929006956531
-1.824821529974109,1.6277975256114638,-0.7043825316785599,-2.5200823813296385,0.3017317965977886,1.2378650523116699,0.4676625422125349,-1.3618844363952862,-0.0599390899681041,-0.4213686780531859,1.4977138163581454,0.3479689894752909,-0.06321495905616434,0.17620946387873693,-0.0357751174670759
4.920467195979882,-1.3590740566140962,2.191291297173827,2.2356588577007352,1.4075106370696768,-0.7357617731818278,-1.1800271241053444,0.9543643963364916,0.15488804878414034,0.6234425190433335,0.5951672334588052,-0.007906068217868711,-0.0477165782866948,0.024157794063353125,0.012168343749403683
0.994078982825255,-0.16870066855043764,3.0037960242076145,0.5239500636044462,1.5829984721553187,0.1732307880786561,-1.030884543620602,-0.7579525515628782,0.09700035993151312,-0.09221034021649568,-0.30577880882465697,0.18920701594021402,0.11848079941295933,0.2572166027729364,-0.004678476495614326
-2.440553992822276,-0.6190190737089822,-0.23623896612897338,0.016531399675419833,-1.2904817218282938,-0.0482773915375716,1.1321097084477938,-0.6837208475937919,-0.1311549606431951,0.03451024043873463,-0.010903346903407732,0.013644027721717217,-0.13638443373874143,0.09424946909486838,0.007433594335332083
-2.1481070425130238,2.614352557172871,-1.912541351946653,1.6046227708052545,-1.7335714006313436,0.3914479568190239,-0.6044508041944328,-1.7264901555290617,-0.6439314712546451,-0.5055808127397414,0.586575734180105,0.04842664236979946,-0.2106158164612754,0.10374164172757623,0.5446236900016102
-1.3815968007864892,1.900148243511385,-0.9678280487542832,-1.3973884501197045,0.8159902154355784,0.46012638374057047,0.0820445282596568,-0.6047725257199748,-1.3252694764738076,-0.3539916636704581,-0.27141225533814545,-0.06979840298571613,0.45069915803036975,0.04999649012605682,-0.0007581485607572819
-3.324025459632243,-2.5524568776523373,0.1045849903241835,0.7880021201081631,0.6905310025101358,-0.26200694680346504,1.6256086490204806,0.8136276547317762,0.7099615205885792,-0.403435476670185,-0.28119826699011335,0.46316008807096404,-0.0975839896752959,-0.2196391645098122,0.012238942543158791
5.093038971379254,0.8416746692619046,1.0395062878672465,0.05951159767789577,-1.2471358609878065,1.215188430308633,-0.8534002053969554,0.6877433896900822,-0.22704946950443117,0.6042788826999115,0.3012942691980149,-0.00819103480092681,-0.14480185246452082,0.15308043366118668,-0.05919227560555863
4.925822536743853,-1.2827159476761472,-1.8327033407486033,0.0743898752640148,-1.7786922286177749,0.5561832205302353,-0.3106639327471782,0.4191771930156642,-0.20206295370663474,-1.290422019858925,-0.19878479310905292,0.10025126029786788,0.128672390749084,0.01886566402202776,-0.04626900983259617
1.2498601198751964,1.5292980735693757,1.8792782931920897,0.6261635476178162,-0.1609238079661871,-0.792547676846953,-0.5031269301006823,-0.7886729414264806,0.4302278267170165,-0.15456577648354974,0.01665289362614373,0.25334148725873207,0.03651337830159698,0.29173035348231807,0.07595495338953798
3.7444816922648845,-2.284914586775029,-0.5584826537918048,0.0768218565102452,0.061395924908098976,0.6265206842272468,-0.12247648838197267,0.09515619116392882,0.2394646222381559,-0.4439284329998834,0.1293860871812409,-0.05892289738742004,-0.05136549013894465,-0.16819036410060434,-0.0038568102477268182
-0.3590964501104752,-2.1020819501947052,3.36485114521941,0.6298547962149468,-0.0408688566899027,-1.3213935228826992,0.001075494685358537,0.45074739959618276,-0.7072931236019311,0.42988502987616173,0.9417023714530911,-0.02190233947971823,0.3781180422161972,-0.41553311970878176,-0.022738769149536785
-3.26865111053941,-1.893284614383967,0.17502349175353255,0.13934059559324974,0.5903618468482978,0.04038964602346984,1.175342686311698,0.021344495932700575,0.40740769009500255,-0.4517193288260997,0.8187729967694036,-0.07192614399837319,-0.13356104126849472,-0.019437582219325088,-0.015753161389175464
-2.170738891370943,-1.850884722425218,-0.742884872374292,-0.1341981689909727,-0.17361766146913749,-0.8759496313857481,0.8126574830952564,0.8699707875537888,0.32898992402793625,1.4759833918855214,-0.2585106341198184,-0.6182701260592113,-0.07640012391927987,0.0688133087276576,0.011278637309477979
4.8005097215694885,-2.080259702892591,0.19760835106797542,0.6983724723150047,-0.8269595312620678,-0.2876709757985706,0.2263218349799886,-0.6700378206501341,-0.4817763179204782,0.842930384023642,-0.1787825400641427,-0.06912150164845124,-0.06571466959862315,0.040812204742885994,0.014165075474011392
5.276964033386781,0.07658221977177382,-0.7295535599769813,0.18334706450064775,-1.2480148987616384,-1.3514250635932954,0.6280441528232916,-1.2658027707729993,0.6563759589112566,0.690788274451454,0.2961681248612529,0.13332004417737486,-0.14270839174987485,0.07083378211829518,-0.05257390602256995
-0.5396910041419505,0.3181162682559733,-0.8333992618862187,-0.6874021503320867,-0.6323912273322195,0.3668430338043298,1.5405716167388404,0.03234913489207453,0.0897995667039718,-0.866973163207045,-0.6981732766060185,0.3175535125724759,1.7984493637707142,0.7038493128139972,-0.020912267711729653
-1.4412925369987408,3.3318097013620354,0.40814048610121684,-3.0107494298583104,-0.280828662241032,-0.17591251734994306,-0.5125991220626986,0.28111989525940206,-0.10596783805457194,-0.513488845518374,-0.5857513832094211,-0.2605890481762626,-0.4412859995888688,-0.12910707301521424,-0.00010599776920641041
-1.266453551255149,-0.9716428704793713,-0.0904739993949033,-0.21635562031176694,0.14968761118876578,0.8639579097854191,1.939956506911459,0.6848573335962727,-0.08139979529946056,-0.36255584595171864,-0.4873354223607047,0.11768075634714363,0.08002944742313689,0.27725648230328237,0.015243166202066716
-1.9915737784776153,1.1038082567993803,-2.516488321806278,0.11334494715582971,-0.1531377445173101,0.6231386472670459,-0.3451598709306638,0.9366920504082368,-0.04500355556738167,1.6113548790183174,-0.8984990330071608,1.9186530251393705,-0.17207399624243802,-0.19481763200628271,0.02572682532724665
0.342118750784127,0.30875430482280586,-1.308932057028622,-0.5827673943328688,0.009834920272163428,0.40652852022682184,-0.054011883935547,-0.13469642047334296,0.02816414444516044,0.9352774402042827,0.3620733826008566,-0.21180610666308522,0.04662919613861061,0.08288424272865867,-0.05357308758093391
0.6002223098213872,3.8316990163948517,1.1283207756632496,-0.5576207828048224,-0.07402865345659371,1.07775300867951,0.7987796745286929,0.496870765513661,0.07696561662818352,0.4844958292463413,-0.35981668717148,0.08643740165034836,0.28045519965667487,-0.31822015530458203,0.020779046414120993
-3.21954813362101,-0.5561391271769203,-0.2569488097709323,0.770740459038447,1.8511764640527866,1.106399423234547,1.7460439077223966,1.1079349245238062,0.3316807518343391,-0.1280463876563935,-0.33243908976458136,0.061843622214266813,-0.28331894459805707,0.02395629306053111,0.011240452132315393
-2.419405834467848,-0.8070489120952014,2.1794676579056738,0.010322428979443854,-0.11668142060096276,-1.7295809873483603,0.4013643882416934,0.2169791262465265,1.7341838686385296,-0.0810631173239532,-0.31408002569480775,0.023815923328673272,-0.16744637496829723,-0.01842911892484829,-0.4453258040690065
-1.922168956323212,2.464553257185501,0.18052174443570373,1.316689864864514,-0.7273455512594394,-0.700426313671848,-1.4661652899186843,-0.7415472292287053,1.4567493362341526,-1.1773106911160767,0.5816596590929386,0.1992518829639043,-0.16140905051122695,-0.05788249035775142,-0.02601388762742513
1.096665456795312,0.47265683767309574,2.144011873379925,-0.3351823724889113,0.0841319421639265,-1.3165991038742528,-0.8922013557313366,-0.4325653879107471,-0.4046129493242306,-0.36457026407266174,-0.185627752186659,0.08603481535063726,0.06275021087064006,0.2730247702710417,0.044612985874834934
-3.13552739562934,-1.3271920046012717,-1.3776657352976,1.0380299717189276,-0.9274806131564358,0.4173010118343943,-0.7504192111224156,0.12753978054843745,-0.1539370175134901,1.2735150901264352,0.08123778098551937,-0.09366014333310893,-0.11722245013762567,-0.1282940700073672,-0.028917091763586013
-0.9383179023975443,-1.3949521913641145,1.4413951442291144,-0.5412222282094973,0.4762596090193074,-1.0464422344951978,-1.647763353587906,0.5011679701738925,1.2274529326978918,0.7085538449122901,0.21744572354192188,-0.41399825014905545,0.12723415116951525,0.19883735097192373,-0.013315353433610316
-2.7681963930579263,-1.2327196127698812,-1.3869356398995953,-1.6236564718196707,-0.5563589659360352,0.8242796468029261,-0.9060497581251236,-0.5077575832681333,0.7100904000960941,0.6089045032005258,0.31412166748786874,0.22250489834816783,0.02907464841884544,-0.07178989012444377,-0.022617291766399015
-0.5621844520259367,1.3593811278384451,-3.2122146173582573,-0.5461637925919205,-0.18998566839502828,-1.1746004593663155,-1.322402809908896,0.3711495151324104,0.09395051445567332,0.07058390174971987,-0.30562777773164074,1.5392310208337685,0.24283351754638693,0.1602928829574084,0.002437545808483762
-1.983171523959101,1.8239896620814444,-1.2262598934287205,4.6525650354290935,0.08148958492016589,-0.9093590189927948,0.47253421536632323,-1.2000002873825402,0.8435565320098031,-0.029369931910799937,0.204577203341955,0.1175268341939386,-0.1772731861768842,-0.021196605044601156,-0.032039600762390014
3.7619604114568053,-1.4130148317288096,0.9899073154606717,-0.6422412765065899,-1.7950303298887595,0.24507667975309122,-0.9310879227470057,0.5345485982868943,1.6357676970004005,-0.5331911216771024,0.09960463574675306,0.30929975655458464,-0.09202159873804314,-0.18828289498910183,0.027207759459271966
-1.6870075228277794,1.412195091990914,-1.601145271500164,0.41664325597563656,0.36530123403959297,-1.1841087832914403,0.3344642007746006,0.17678707271356342,-0.8050161407437852,-0.625892854196777,0.3150429952975863,0.5837080956785543,-0.44701694461010805,-0.018042853211547617,0.04038323615748118
5.588809210308382,1.4341397359403834,-1.0719012029731312,0.08318650883301015,1.4723085053874527,-0.38717263217994335,-0.4481597474002952,-0.8117422837950616,-0.30153096844041943,0.3279172827553051,-0.1259056543377074,-0.030543726877616445,-0.09812964135927704,0.06918204976869859,-0.0008044972045264109
-3.281344882167833,-2.05213030841243,-0.6349028862254276,1.1623064970340709,-1.3576614793499049,0.39153973254968566,0.28585950675235416,0.5423640049970828,-1.1397390823265376,-0.3422029146023485,-0.6415611790114811,1.04103505933019,0.07489977053060923,0.009109662073546756,0.03288119564881909
3.6653948868914665,-2.4388335402953825,-0.476758506016951,-0.48264062972211386,-0.2792395200299367,1.1674946130626953,0.43256111435938227,0.5337149153424252,0.1593889200468186,-0.25021327201576704,-0.9413541925210632,-0.25840613814249,-0.030304645300006067,-0.1780282035458458,0.11577828484087009
-2.311540936775594,1.1591104818310947,-0.9035850270211017,-0.04353874664170371,0.6278158112959231,0.6154390423083902,0.26696204206887564,-0.23486089517359102,-1.0669515292956344,-0.27607779178407316,0.2935687309396835,-0.11264972184226604,-0.186048004620453,0.11684571551412141,-0.06533314716056382
-2.3805752887888696,1.9248283374856547,-2.3494025757719745,-0.5054157886778881,-0.6890621553624919,0.14512372401543217,-0.39790386013321044,-0.41700008252353205,-0.43612112809284437,-1.6097378718052988,-0.3013547855948703,0.09565467318050913,0.38086269604382234,0.4817008119917452,-0.007022843515183461
0.029938479447324085,0.47785420244340915,0.6251057174720542,-1.1638236059009752,0.35682360272317226,-0.771232688242518,-0.47078149259778035,1.4263215947053154,1.3974605911249525,0.6902391878418339,-0.5387502383008201,-0.6195086287077273,0.010358124503034055,0.13842961940340842,0.074210166716177
0.39384871831486956,2.7114824677801663,1.5195553798752852,-0.6360157923121683,-0.817307605119881,1.0562240453365646,-0.0025055961760750006,-0.34992875881915586,-0.09599909892697905,0.30553572291202263,-0.2706445725623547,0.027631197781425976,0.3164579075840426,-0.3366974733520308,0.004355599615157319
-3.452144580806145,-1.2459151664360593,-0.17914527784445505,0.06323926642821676,0.432116147225026,0.1365343020927936,0.03954522695829628,-0.3760020925794381,-0.6360875369313883,-0.45490156584869595,-0.4263184430595571,-0.2918033820223366,-0.0754470414786839,-0.03411700060701792,-0.005637993841619702
-2.5225814250573912,0.2333631514645773,-3.2578936272821037,-0.23041671613007542,1.3060954238402935,-0.9889454240841694,-1.1343890356681623,2.20651447909078,-0.12049701942370894,1.0161722478300514,-0.5074634854495169,4.276953693108016,-0.5474993930587864,0.41291393018871775,0.06452439634774038
-1.2508419080899955,0.7901239421794812,-2.1197451788215838,-0.6334615416699403,-0.9536081623187803,0.7746398882373939,0.7399189650720148,1.0915863040850597,-0.05718935524044033,1.0034779401320943,-0.36681443127367525,-0.5898505228481815,0.03950277825370173,0.08686517564194239,-0.03244326139905951
-2.595368634369685,-0.400789020235374,1.6228384239403655,-0.7611258445022143,-1.2076752942427156,0.22829124571951587,-0.15558291099516655,1.0869721402437758,-0.4424541471848766,-0.24060526914379574,0.10566784256512105,-0.20073612963243256,-0.2176434508455689,0.10630082613286339,-0.0011125607080739548
-2.6805642892407633,-2.0085001079138256,0.5156325114423583,1.4077504474535854,0.19142820528786186,-0.19865276555744205,0.6820853948928712,-0.4620569252044809,-0.40291577843513066,0.06928825601256274,0.10245995128815369,-0.14256544163934956,-0.1449561510486599,0.023026606566439983,0.022465892176444215
-2.8034612906783303,-1.6635779112525078,0.5895936137505084,-0.6114457253059137,-0.6023515842180819,0.8593597435377593,0.4734477678539061,-1.507127169012152,0.029437246903083608,0.04517730808458077,-0.14159166150687352,-0.031837112759373815,-0.12469151311619404,0.0645009387064575,0.006255873431827326
0.8191232251714013,3.9110317658692746,1.355322752710972,-1.8821973285356695,1.4471574852636353,-0.5656996788948416,1.768092274522633,1.0129701982659471,0.8318313612651207,0.42760935062460625,0.8002284615923672,0.03204752352862783,0.2136671172550389,-0.24872876680159722,-0.00017280688142892915
-1.4973784904382366,4.459712899398664,-2.5268652815958266,2.740725217393373,0.7820078858994075,-0.7088063887872843,0.35472048291509806,-0.37881707103608864,-0.08463557578344844,-0.4278946507136461,-0.19007283785211906,-0.04705518840407805,-0.2337190600973646,0.042769598502546316,0.001490564550317871
0.30310867234145267,2.171915048422722,1.5404611111440019,0.2534634254977227,-0.6493529687458105,0.6140557068645134,-1.0322464170043724,-0.5865015467173731,-0.7842738656204673,0.024369199019822853,0.5383936237547073,0.08047163368442292,0.329458224664971,-0.34927284462520863,-0.019335517973581913
3.656968544277961,-2.1503353539320686,-0.48179415604161097,0.4346684548017561,-0.8977644100155361,1.8002848212966631,0.19128628695052413,-0.26368051503947076,0.6078334400338482,-0.1838927934652003,0.49813683533681025,0.08818626665351431,-0.08104372874678549,-0.11909056331730053,-0.025526919766942553
-2.0206936570927985,-0.28641281534253504,-1.7065217168043811,-0.8245403913809252,0.7239515367115159,1.2303622196925685,-0.7602401416568616,0.09899549959730786,0.6714907278557909,0.21199717498160803,0.17482372179791686,-0.3790957413026198,0.009508699173169141,-0.060246688755972826,0.08697223938265165
-1.3168539870001854,-2.102569479646222,-1.7347423441908107,0.4909858990350643,-0.3321457224635387,-1.2519339258228255,0.5519336953493125,2.244467386814339,-0.2708822860373035,0.2534911946046598,0.06850514642876984,-0.4177216104280368,-0.14911605380477655,-0.29502931915206165,0.03425905021157698
-1.7995650434802104,-2.700745627394443,-0.1389463245763962,0.0450178668553432,1.0174434824002239,1.5192402530680216,-0.30587521995297506,0.6367849367093601,-0.37901102569830497,1.0631484897115848,0.24319754236281496,-0.5568723354772526,0.14590713817722858,0.04313724816291223,0.03098397806813037
3.870304314733892,0.04214557352823678,1.4744056901671396,-0.037004145003945776,-0.5663913521399634,-0.6111933127621924,1.8523734603160478,2.3504271715245912,0.572925700468824,-1.4161954996561699,-1.1883962168597912,0.06090697253951427,-0.36132192240651484,-0.05104963470096053,0.11992162149330995
4.721731292261982,-3.176969562664881,0.8938283656355934,1.1574956440846227,0.5376874403501084,-0.882354004487024,-0.031007307233858857,-0.8201519863406419,-0.19054824635467588,0.8251832777071744,0.24586687438008437,0.013792455031265138,-0.03111610187013078,0.0036240624093500373,0.02622107348019064
4.955983671620041,-1.3795333924748907,2.35610706262448,1.0633960440729209,0.6115587570969476,-0.9039104006596498,-0.5187577640045719,0.3802285658415197,1.2006694618249232,0.7731107090402243,0.12855362522543343,0.06615680838031915,-0.05966705448698084,0.0189229617927123,-0.024310128325076823
-2.8228588683326277,-1.8364876723058656,-1.1219123707941034,-0.6799179022743114,-0.48314532449506087,-0.28308817336810077,-0.016023163904877753,-0.12010528974619801,1.455865930248568,0.8894984357068592,-0.39061612687059727,0.09983468371991047,0.061732242565931766,-0.14032255055590387,0.011084812008204919
0.182017815056156,-0.7637208326917725,-0.3921888387540655,-0.7938634536774422,1.5991899588712397,1.7599807583427265,-0.7133909528667463,-0.4028387786363766,-0.20966720589894083,0.9316851922796257,0.35306580077862343,-0.2736852646849264,0.1064618178468536,0.08822658406184021,-0.022912405998720593
-1.1374465354493117,0.9810212069576703,-2.1914636281313484,-0.2867136070054644,-0.6137418290997095,-0.13682964749766424,0.10950197880130191,0.3269628346534916,0.35544358199053583,0.7980607467322569,0.336928096326883,-0.3444552110996313,-0.15747950672499578,0.052117579110562307,0.054087205206282164
-1.443964024416338,-0.437277476339861,-1.7716923767462165,-0.16809543809601774,-0.27652981320615144,0.693140711119409,-1.5451989362312586,0.13463924530223453,-1.15468098102007,0.5125580431841044,-0.10728802279755417,-0.33764235797033537,-0.07237278895155838,-0.015160646411308813,0.048857850415896666
0.03557420112362264,0.8816560347507796,0.17302064741824813,0.7398098878149069,-0.20331685012728207,-0.8158664593094007,-1.5534612314013883,0.8833783056894744,0.9397495555935851,0.4710672966278818,0.1891345180879631,-0.4850453843222444,0.014522708517534691,0.1226771485850877,-0.024814674851377325
3.996194485495216,-1.0394294521116185,-0.9319850467723647,-0.6078247511822855,-0.07103843075660399,0.8772751950572548,-0.012893539375159146,-0.4539527252249536,0.8998359838068157,-0.49204129631105925,0.09309480511430632,0.04700113990456112,-0.08179199376148621,-0.14233060458493685,0.09146189675233435
-2.1253956416096855,2.3471011179810426,-1.5215766076231758,-0.5574892292604453,-0.8609703905746698,0.7885033667160859,-0.08941943901074353,-1.346357858794847,-0.555013063608762,-0.4434624174641109,-0.3404221710438221,-0.09114209479183258,-0.18963039351555905,0.10484558427376421,-0.007295947839934822
4.090695200367472,-0.8009906410594445,-1.2275278635841147,-0.9228675263211211,0.7675779091163744,0.5330635832997572,-0.9293608950126137,-0.2378819637747634,-0.009298624103606767,-0.8677187471984884,-0.7096337516201564,-0.15882653081156103,-0.027650140525072017,-0.19832261037174498,0.017519906408543087
-2.5880062236873833,-1.0184945101283056,0.15707847628555782,0.9369895792381704,-0.22164963824087358,1.0084525892532832,1.0002224015183203,-0.30770928284358073,-0.42175266755677626,0.2077810829497788,-1.063257021360937,-0.2714338638366366,-0.1341607575757561,0.027505826769059438,-0.0029520725905185204
0.11351257490551925,0.37058604176805066,-1.5924107459914891,-0.8844006066954784,0.23597930110059917,-0.5917066834411181,-0.5938032649949688,-0.42567016840473965,0.23580494117936268,0.5193966825915897,-0.9125908791085771,-0.5693251782862747,0.04607221184205505,0.09211227388447117,0.022407689085951386
4.457025204516933,-1.4281398275530548,1.3696704365037375,0.6937521625520418,1.2543784663557473,1.577269000969852,0.06050949981284692,-1.2988366938384803,-1.746526948313631,-0.5528970237835531,-0.1604397724503914,0.6985083198046187,-0.1484733898206984,0.003520582796857949,0.07926154514563838
-2.6696596825083896,-2.658304100909424,-0.6278683235263092,0.2734151114189134,0.2314951610863604,0.3743440606909434,0.09850409609773282,0.4811451797076563,0.9372765402806869,0.8827385600213018,-0.3770763949559227,-0.3882376616752221,0.29093696931588353,0.2583556523607424,0.04277170339431114
0.42841523113235347,2.7069841767708405,1.5986939114938372,-2.170794896795625,-0.782686692591891,0.8048473109090959,0.8261068586362181,0.114019408238446,0.1009383615681706,0.39347342698795995,-0.1963598409782314,-0.01774563642770427,0.27386405469916636,-0.2895788188673683,0.01620087257129853
-1.2986692223624599,0.23989773126426295,-1.9113719149153263,-0.034979281954331976,-0.14907955452698496,0.5374730717413809,-0.880147121700053,0.17822134408958035,-0.4034353472111238,0.6966643034601085,0.1635703353690045,-0.14492792650370653,-0.10970632380072032,-0.0015560570965734224,-0.05696152427592147
-2.5218821375363243,-1.0813452674187407,-1.3934159426687067,-1.2872062018109536,0.10432032488255849,-0.842625020540796,-1.028214482692032,-0.7007286479786867,0.9655074855810883,0.5987922886872097,-0.24718079644729984,0.06357162749691023,0.0010529788450472921,-0.100226197442737,0.060663125005369536
-3.61729135250045,-2.5087123180188744,0.2585530140453114,-0.23190952464201794,0.5332538569347459,0.013066764540414333,0.2944201098941659,-0.03514720380560911,-0.577060898452211,-0.5802805360997991,0.49454314621056966,-0.06816791636017774,0.3438790951070015,-0.1174120684027271,-0.064275163609016
5.140195468223743,-1.253064920909009,0.07691225935994722,-1.1083592744372064,0.7813446082764335,-0.9631654270455671,-0.07261759915646454,-0.9162809859151959,-0.17029962638858825,0.4933930381591592,-0.3060215743040534,-0.06411580970675876,-0.06747897143730446,0.037837292554415716,0.007243478053443501
1.4352970342567382,-0.9545189641495074,0.08310013520877824,-0.428509387121305,-0.8682234061043371,-0.848590353518492,2.2958520947970946,-0.02621661226425087,0.13631317493794784,-0.6105588444930545,-0.6219933126012798,0.19603242729111298,0.5720058808495612,0.9957175610903629,0.09580896129418413
1.2191202394700857,0.89097198066728,0.21573954658592048,-1.8414478123870452,1.257135503885138,0.9209049956066986,-0.10564518408236437,-1.3560572291888577,-1.7518232361800723,-0.20387484768277803,0.43863572235366777,0.45443940157888923,0.007570550619232105,0.3658724069713026,-0.01715845380142042
0.5281771458032387,2.5509848580392216,1.567555615418228,-0.12403842731008,-0.0787252182636683,-0.8329341653765094,-0.2503118430844322,-0.7425935200623643,0.47608125037059446,0.07647916793200712,0.9076907295837674,0.20646469628302005,0.2951734510395633,-0.3546342449608373,-0.018829016236518902
0.04586595053480469,0.5614868580802965,2.4034277190083992,-0.19988846773703822,0.5320985481914524,1.0548420501903655,-0.7402860696025224,0.21983909686569925,-1.1184065360242172,0.27074225577421884,-1.7449265290865783,-0.25244936730794454,0.4534291811297799,-0.4649365824106089,0.03166639032509316
-4.021174879305892,-3.35963168365447,0.7858140278656258,1.34892957694522,0.4360532828922247,-0.36730464934354845,0.17020062863213833,-0.9116593502129204,0.4669481741050171,-0.30976282640658565,0.3737300390962263,0.061561623016606254,-0.047987858857149734,-0.1260493227034975,-0.012798559298326396
-0.048114794521947335,-2.135149693793771,0.9134677136317957,0.4586393938245844,2.138424249721024,0.24315522976579484,0.9065534230454603,0.09690742654001586,-0.48473328388334164,-0.4309245130143304,-0.5684801831743728,-0.21728280007672687,-1.1971884688567016,-2.4227173717412005,-0.4308225977766943
3.644047095730462,-2.5606877953288123,-0.5535194952819503,-0.9265281184043208,-0.17780504483221915,1.2314937586887296,-0.5979547506942027,0.19468455728667378,-0.6397735771914708,-0.6144025309122205,0.31733363881368126,-0.11651764419189928,-0.060563469051752035,-0.12845498385368054,0.01880915200158421
4.677239509180733,-1.2536553811500875,1.867851226084708,1.3813199059780674,-0.7171076479630826,1.3481493747716895,-1.1911199424664498,1.2194526846658367,-0.9841358198977908,0.7652397309010246,0.07492339003932635,-0.052662020349762556,-0.07160453641001407,0.08429295085864165,-0.032298133617855614
5.160191312342164,-0.5455367195759616,-1.918898784746764,0.10406574532996749,-1.2643882306893834,-0.3724535884404834,0.865055843169422,0.6580514024840993,0.994811585888435,-1.107286903440498,-0.33046341546601926,-0.057100568009880975,0.1043106955783927,0.03429806563866718,0.105537863949221
-1.1584401190128573,-0.3951861512453737,-1.2830618017264241,-0.9173458741287931,1.0677698679094187,-1.0487750105923055,-0.2412383297184975,-0.10903678163794199,0.8815626424951732,0.6155731783304428,-0.04886692065662772,-0.4792092975131671,0.1083698305279602,-0.006102032321387736,-0.04395751660402757
-2.2591772299609616,1.9868104878431692,0.30238163750893704,1.1211708270143192,-1.2814868555378944,1.0258089489384448,0.5418257658583083,1.7904184192480208,0.34956628803157547,-0.4592672797797007,-0.4079723037181353,-0.24011146106795409,-0.18749486792347564,0.02281988064841399,0.09643576476473319
3.7914712192555817,-1.8040524171024437,-1.0140041056564557,1.1964242454083562,-0.2911589524033371,0.3516443346731384,-0.5611717709866108,0.08204625359374484,-0.108206371206578,-0.5637423169654006,0.1695516442572541,-0.07001551391064978,-0.04529886845102769,-0.19074498098769455,-0.009418212138875033
4.17049747970378,0.22224307845789748,-1.4803365849094285,-0.08630779371482228,-0.08493393717294351,1.0900957056826477,0.6539404048707311,0.1447029734548287,1.0013175606024407,-0.34035219145794227,0.30885331559298934,0.0386333100775528,-0.1296140151120157,-0.09593755788784905,0.061682439255385704
0.7498530471041955,-1.4092292654231044,3.5923103267042427,1.1945434870392415,1.556350556619956,0.07956522060939109,-0.6320534154498909,-0.4927063852430083,0.18020993494307974,0.14190127582411274,0.36716338007091587,0.24502397462171777,0.11133561663496416,0.2718793274313566,0.01402581386979444
0.7080027243776419,-0.06973226336922878,-0.9141100022886555,-2.0538231391459805,0.18101593537301824,-0.07168739640639044,-0.9385145675688299,-0.3231090173710911,-1.6639803308532324,1.2956501001096552,-0.4746872665035019,-0.30167151690621363,-1.0051197913228371,0.5158798128611702,-0.004540485214633434
-3.221198881655733,-3.0393794761739645,0.7620962764408648,0.36224122898137157,0.6722224226211486,0.20608256210307996,0.2384273359393185,-1.0949373902979598,0.7820476584272353,-0.6279677660867544,0.27684642336024495,0.3013070543963994,0.4072209942900194,0.4975507222045582,-0.010969746474482213
-2.520405794233137,-0.3235872725223915,1.4684095307575378,-0.011181991005011105,-0.6838165845458039,-0.8735811755068232,-0.7351650587661321,0.3428821110653394,0.47690778385851357,-0.6531805089808986,-0.3661690084028635,-0.1691962039140504,-0.19305178514569676,-0.017072216906606354,-0.2365293510791787
-3.5603291472247633,-1.7456968058875413,0.33227959325431344,0.3553828724182361,2.3831930239725723,0.023653877980833293,1.1371195804617062,0.6305657584856537,0.17532730654842446,-0.24941762204627727,-0.21196144350966156,-0.2599163139997924,-0.25657145197364917,-0.3115632261734527,0.018728982952209063
-1.943947553394699,-0.9649174733179261,-1.9257919792940892,-0.25650628015250504,-0.5714962437772143,-1.8389581454941473,-0.340630938165851,0.6292768796259081,0.12564779088280267,0.20310465994327523,0.16517486257751507,-0.557880834595411,1.76896743178487,-0.019219709779317376,0.039558021815109784
-0.9728319320624308,0.8859338137961879,-1.8314050126032697,0.2372323053006976,0.28715402039484095,-0.648659918422129,-0.8986348024178757,-1.2356040924801936,1.3579175622748978,0.4798430656720219,0.6990738123058001,-0.2701409912551218,0.08047934082164149,0.019270610877853506,-0.013402205339890191
0.01447453564763812,0.7422602765303037,1.805130157567383,2.4353257626971887,-1.2960418711213033,-1.0635200850517934,0.12318163598896706,0.5494193699628531,-0.6495318765110756,0.4403216009408232,0.38228388620404896,-0.04479578885466337,0.34537541704738983,-0.4185130823236684,-0.010310324382181772
-2.2915479740059213,-0.4364465180324557,0.4692168581083232,0.09658703799250223,2.137978109452839,0.7468829580755316,1.104733876188749,-0.4908987995504761,0.388360648878075,0.10336949148493994,0.11980409116194625,-0.07399184167443243,-0.17320429889092195,0.08393130916506923,0.009761168598765559
-0.1414833439668688,1.6906582882331858,2.3702108311609824,-0.5753665784810981,2.090828162680414,-0.6829235140040566,1.0958787214400951,0.7200692811650375,0.7973556389339473,0.7140953285000544,-0.3750280425230158,-0.14868227707433426,-0.5549864239642683,-0.24715193196449076,-0.005055831653880456
-1.958500607231365,2.078705573809336,-1.2857488258955163,-0.6022963298686361,0.5736068191141213,0.9076456406092439,-0.19076135481054363,-0.71347651579086,-1.0678667654816976,-0.5454146066783787,0.24980091414554143,-0.10926888362301088,-0.2310316884667635,0.13227812539263223,-0.012972449464847987
-2.224837868395069,1.6686911242725015,-3.15290578993445,-0.6606162481428027,-0.3850319162187329,-0.4885684307032425,-1.2943662063743617,0.007421221639022715,0.3317999264960803,0.29272013333120067,-0.21617270519739262,0.5016646296604007,-0.0015430292252425204,-0.1521527405315954,0.0005637062707429903
0.2574492736327456,-0.5594921473303825,-0.5318686695724646,-0.9981218157279361,1.8874577018329068,1.0340033487842124,-0.05488433195955347,0.2598705280867233,-0.11747727794412094,0.9969523209043527,0.13480810723455505,-0.4040177730069503,0.09340159866266645,0.08801826376972187,-0.013141520190653566
4.617626603283018,-2.0468674422813695,2.5147387874690827,-0.5325555590974447,-1.692737186411152,1.1372621661615887,-0.6777583143775603,0.01471306216908172,0.3653536334720451,0.8301130161453047,0.14516140746592404,-0.055095824356622164,-0.08825884451773544,0.11842043904510043,0.06885978515042382
-2.8570199791758877,0.45300776437043533,-2.033450522921567,-1.0679790630858381,-0.5400234949384547,-1.395044362375664,-0.7481888998252735,-0.5415669739091294,-0.06040224352606022,-1.174679429407234,-0.7326718039654034,1.9967935501404952,-0.579748382976536,0.6525640223303021,-0.002207560892761727
0.9861866609112879,-0.008785912487182301,2.644020394088886,0.5358893569378771,-0.03208746534567514,-0.8657877198610915,-0.1586930610148271,-0.6012158568642916,0.5232899500099348,0.04330227612441601,0.002304402961592754,0.2210942355078577,0.060557033872688376,0.27722494797953445,-0.013347101639878232
0.42149246170854493,2.984174527523526,1.2964892442987686,0.37305342116184437,-1.043320559306276,1.0682342952937316,-0.6751412603340784,-0.8192020223032894,-0.20763683662345028,0.17172758817466208,-0.10294587862747759,0.09338277492206723,0.33151661587114434,-0.3595118277757192,-0.004971941613065766
0.7495147866577554,1.308450982173659,-2.600019423357161,1.3137828325309653,-1.4458320457705147,1.1725074197099539,0.310095614478346,0.7118330930239738,0.2427977305988274,0.28351418911243564,-0.339016429268534,-0.3982794150579796,-0.1522716141403666,0.004754944257675961,-0.03809156601304776
-2.3971221621667556,-0.9311105628960344,-0.6780026681093816,-0.8801172516080412,0.13113930063634754,0.8167894271495881,0.5118229318120495,0.6880869462940464,-1.1698064656734868,-0.9025971430397297,-1.0827904038577016,-0.20540387761023196,0.18063612680945212,-0.5354172083386357,0.00536647056142899
1.6157702821811144,4.09710820986183,0.5259162567444484,0.7639976608375272,-0.44905468825169426,-0.6733814478547493,0.4409014658781645,0.5100378905354757,0.0341551426975856,-0.08469544801629063,-0.3335240756010952,0.06445242770540421,-0.034294491527409904,0.35338408830194573,0.00719137223686751
0.5106069590663807,2.540933762636162,1.6513181136608748,-0.8774141545089696,0.07114295851787045,-0.3296319084070155,0.18948135030250435,-0.30582737709817726,0.4059614871808622,0.21419896165326455,-0.2191769025190431,0.028378114391542086,0.3226409860571154,-0.37236567611126,0.005910996683882862
0.912388878222278,5.02712265748411,0.4087308019711616,2.1808352463113767,1.271106633398202,-0.40417706869118375,-0.15164419959740555,0.5085259881607846,-0.07733230698280796,0.11665551643005784,-0.14806424615515346,-0.058578209273491694,0.3218088700330973,-0.3887247615145843,0.009059055797975888
-0.36162708485903905,2.3830957815190836,1.0907488923186117,0.1147123680954863,-1.677690550083422,0.3932508859212518,-0.28565797186381936,0.43376489372338284,-1.3302006498327732,0.3542109421720425,0.2678555871236066,-0.153700413291275,-0.609950225405657,-0.18033465490610542,0.03654172267442648
-2.834650325172803,-1.4181538204132946,0.28868089654045065,-0.537820853690538,-0.0672956999535479,1.1908181493797723,0.8482388383740261,-0.8340746074964371,0.31605059014644155,-0.27552977240013066,0.9862541815670685,0.32515793290529293,0.542941103424598,-0.12164452293529524,-0.01569243288040672
1.2446895757805483,1.3910911421390382,2.288799950591601,0.4541443612358369,1.4408643841270685,0.33908539776160973,-0.8326737959185454,-0.5873216325525067,0.10589864895798362,-0.15136458022048146,0.030649851798133048,0.2112392713937419,0.06442349218687246,0.3114933662398886,0.0444218455155776
1.5254789238052489,3.4672188024256294,0.9422384911908337,0.03272087071329238,-0.922043818121946,-0.47298213873358064,0.27871774492052437,-0.3103714957988618,0.5162757668040143,-0.08635947130812913,-0.16476262711404327,0.19441391585756365,-0.03203444764496747,0.35670069026601825,0.0026837938875208557
0.09773475860090297,-1.4282647869484388,-0.8979188824457056,0.44272790961718866,-0.25142753024230025,-1.2557249067040817,-0.5729997532186859,-0.3022885908910754,-0.1082785735899573,0.8399855233985851,-0.24282456870894248,-0.2259550001549205,0.12667519529277593,-0.05445610516204398,-0.22804714064960732
0.7750510995522224,-1.1580696747457482,0.9274108238455547,-0.9992460129766676,0.0489228848799369,0.6658305320681746,0.15868803398926684,-1.2790846229087212,-1.9274697608083602,-0.002176402296289036,0.5700924539687874,0.20561060347759294,0.028451860094806866,0.3678788403927136,0.8621960880910935
1.577277929987198,3.2660683050239476,1.1051472463203624,0.27982109756929674,0.019550641764986054,-0.6868651466424041,-0.7435378965971872,-0.9178814418351167,0.4314237480101711,-0.3645177215171174,-0.28443139003745693,0.2234429665083614,0.02036090572665039,0.30280733074721305,-0.008540456314418165
4.2559285732865195,0.8645417100784731,-2.291157795395285,-0.9756901758858187,-1.4239865342386642,0.12161357809461437,0.5553365259666603,0.4024397056592965,0.3399604701849598,-0.6175638032179853,-0.06410005201159368,-0.10660243662824756,-0.15642284752963803,-0.09940375579226764,0.013406848111102664
3.3916524792672136,-3.828606717318281,0.31381695261929027,0.7938951382044233,0.1942729893491727,1.5251846465646315,0.12671548962010393,0.3112828094862285,0.09763339951976777,-0.13476486403188198,1.387380652760277,0.07871884955585179,-0.07053001478244754,-0.10681868405335655,-0.02434931253836426
-2.3534809619516888,1.2054989289150977,-0.972901462737997,0.9261025244214127,-0.11291940310321436,0.880481860525903,0.08794359080298883,-0.7067048437686363,-0.8040400226376194,-0.20420370074419178,-0.3705292571038845,-0.17038657726666737,-0.1473640369611613,0.07183709407947216,-0.05353427290807531
4.560549819961887,-0.6803901149869179,0.6724653846401087,-1.1315352460409087,-0.10791193030196511,0.7135658096453108,1.041978096011745,-0.5236941980119103,-2.0049684663749927,-0.5856431373436783,-0.2884668627045048,0.5560910791393593,-0.22670857779220607,0.06050056361465658,0.05520083390879256
-3.1457324016072867,-2.1573809367298744,-1.0107766311482702,0.3560124281843877,0.2629617021451368,0.6246154857251145,-0.05160047405164632,0.7241880630753628,0.689920135086729,0.7024890025998021,0.36147396588282754,-0.5602572147407706,0.432936405389609,-0.0949945879663916,-0.048137715241110206
0.687159956741175,-0.8627501918924521,3.036567759775311,0.2694573645389037,-0.9051751013970909,0.5787714310844645,0.04455308681875925,-0.4063983765420652,0.040290504304433955,0.28598000413895647,0.02576759520712772,0.19338659216766593,0.05590440730167087,0.3241348503144692,-0.07156040552615577
-2.754360350761446,-1.8057982516352458,-1.8956829522154421,-1.3863039877782743,0.3688233314997216,-1.0395347485950064,-1.5599053500472215,-0.11006413225539918,1.3510364901495546,0.7980309380738102,-1.5773202026217799,3.2791176099774533,-0.42413627142101723,0.4257827779408625,0.02613418109607652
1.2830266309104066,2.6633913220582195,1.7136839684661092,0.8771471326948623,0.605670518369805,1.9280547108771744,-0.23576721288502397,0.03365686415056221,-0.280239790125081,0.10634336863986175,0.30763762941818784,0.19899734511035613,0.0024562531831224255,0.4067111952056968,0.04277636717441484
-2.1379974019578665,0.3221030631117525,-1.019789547511321,-0.1139745468940409,-0.2700672495305485,0.8293497778012089,-0.04485556166377658,-0.12614348001182485,-1.3414888366959223,-0.7362270400771871,-0.23558282358957122,-0.08072023979922169,0.01886781558633145,-0.028084059536050428,-0.05567052986692728
-2.359442087202108,-2.318920955076794,-0.5408014266759767,0.7925277240162716,-0.0854170628482056,-1.7683869135213786,-0.43278214924355285,0.08447242292469495,-1.1124658795299978,-1.3530635340522037,0.5710528855985844,0.02693027703133674,-0.18855917198162972,-0.40362367660555887,-0.029204344827203056
-2.718473303277625,-0.7251581338641407,-1.9119335587401445,1.5040981583480757,-0.5233620136895282,1.047632437816869,-1.6281723921835158,0.09839896927135272,-0.5782463110587239,0.4106236024808738,0.2926785471035843,-0.6236852545805402,0.027969888448075686,-0.007978554123497697,-0.020024054102791622
-2.4388942508475786,-0.007222080388021412,-0.5811273047771777,-1.0537659829434562,0.6909774987521924,-0.5735402143774306,0.3101145803536681,0.06773699832889296,-1.3650666740256185,-0.4130622498866356,-0.20585850989187315,-0.3320083959685016,-0.1555271541766985,0.07568085094751041,-0.05602329687517396
1.4908351502989792,3.2226446489940224,0.9932250935678641,-0.37322679655425195,-0.3265730800856037,-0.5209275448679969,0.21702570566959453,0.2725701565078309,-0.10741418053284729,-0.16392381193129593,-0.1356365598744265,0.0789894313740798,-0.029751304854125332,0.36871354200247564,0.0013058680664422284
-1.4899190710443018,-0.20317218741497245,0.39361664545561886,-0.5802175718739635,-0.5694342979851931,0.3205329005893034,-1.3641869604034198,1.6231741436473592,0.3966110661991322,0.6843826058739886,0.033908635171583865,-0.3677383247289947,-0.10441995445005875,0.015458567656301797,0.02433067887193211
-0.025373622412601993,2.0601241440052087,2.160458778961593,-1.3235403419593643,2.127151985529422,-0.5784724962986734,-0.40343516392167134,-0.43721091630363923,0.45725789423212804,0.21069278885097847,0.06514495624340605,0.014076254326417487,-0.5475111364395643,-0.25018861784314794,-0.010954916284523872
0.08114479793254636,0.6020255261282621,2.4628868885814956,-0.9263914042835303,-0.6003531981608871,0.8820815710402199,-1.1369189783243554,-1.2343087755661375,-0.34531140553927836,0.10195291069053743,-0.23265606207332162,0.09696716536987654,0.3883999625903903,-0.4009085444191002,-0.003212433555677428
-0.03171199083661014,0.3426499889963539,1.7172223844677192,-1.379595015182914,0.08654545029130578,-0.3112810244535744,-1.2830545643551445,1.578014525239065,-3.4059803363951304,-0.2791989444939807,-0.39172979740107455,-0.5015050543388909,0.37807764738495375,-0.37784509360029467,-0.006128164766322901
-0.24977794782753304,-0.8995152907010742,3.572534060865603,0.3441076709067863,0.8926411969166022,1.779130638206246,0.5382805943264518,0.4278389674368576,-0.22646463314132764,0.8394541182449569,1.0023979234101277,0.09450611518621155,0.35118889462815284,-0.3101959575194604,-0.015499295012383393
3.6073183622480074,-3.0149143398070963,-0.20840381373668498,0.7038197684162748,0.13393401906642743,0.31323887229876957,0.5498766434151754,0.5789869214954539,0.468782410731633,-0.18335426984961622,0.2930763841808742,-0.07059938416739078,-0.053728405156952326,-0.17167199330187005,-0.04859909437105831
0.5725232791886796,-0.35720586148222644,-1.6386319642393574,-0.79106796002148,-0.5117454274259784,1.0818465698047839,-0.11175002729494607,0.3492656210296813,0.12627228321836986,0.11491777728335001,0.025408056836892623,-0.31057204443464936,-0.1354693772504185,0.010801310146405299,-0.04791844834978719
-2.3047753510826894,-0.2045400765886527,-0.20775830071348614,1.479286450833057,0.24275070206733515,1.3870969304584975,0.28684411856792014,-0.5034623705200207,-0.7730573874492568,0.017234228522178353,-0.22300356566050578,0.18249971957998434,0.36938801570811075,-0.04384614282184202,0.012240932313875862
-1.000044315802292,3.4084772031928554,-3.0482494737423114,0.40232570023497893,1.4862152310503252,-0.1612532063139558,-0.10717574551905154,0.7101852487297424,0.549840603869215,0.8842299003190952,1.1690010288633075,0.4607230233234183,-0.01667223297014382,-0.31752581211773506,-0.013985302168964526
1.2662788864071626,1.3141596076418844,1.8333299443859954,-1.489132938007918,0.19632162893772254,-1.461101699165868,0.006691276248000349,0.18090598390744211,-0.18965195571858912,-0.2713593613151248,-0.3168039455803489,0.03051292872516642,0.016684473280699247,0.31674265199086393,-0.23504568797180506
0.051805161257791,1.1345006978139973,2.436532222373778,2.629358451749444,0.5557865332088799,1.6799649331269806,0.1326099021808215,0.3286446930314148,-0.1661771134953482,0.7906817293552353,0.3514507373255672,0.20539251124258173,0.3662418757490411,-0.3811527353600366,-0.004150968063542097
3.91880877963411,-0.9784464440537941,-1.1150798832668802,-1.4400228766783134,-0.1803461417101414,1.4182640608274828,0.36171162850194005,0.6179057371642558,-0.11658480280726691,-0.46096385296106296,0.3159203627472211,-0.1107983810827036,-0.1214350258007607,-0.0706047384723851,-0.049674423918865056
-2.155413103661523,-1.957546919554411,-0.7993924534130366,-0.43781706000525394,-0.7066410507218109,-1.0461445325681027,-0.47198072952904335,-0.39592445039542834,0.22504159067399473,1.0664835962446044,0.12800899497848967,-0.5301687719422672,-0.06059369103675879,0.05606378310516902,0.005614223664109812
-1.9932022657861204,0.04333082983906711,-0.015459427005709986,-0.7932837073871196,2.387459575888027,-0.03029031877532251,0.6466121856325944,-0.15606055585560197,-0.38749463681776514,-0.3121898730613641,0.06321997909632293,-0.16629367542336912,0.06657021363902815,0.04236070769046983,-0.01921209269658187
-1.770922589515664,2.3571526645491048,-1.4194353141330218,-0.45420562907702083,-0.23637015085181234,1.0703772899019537,-0.14029044811989846,-1.1994312345184621,-0.6407784387264808,-0.5335829143626032,-0.3067174742445976,-0.061992352828379366,0.030143273499939935,0.06555581299612863,-0.005349251091951902
-2.3058774866447944,1.8291298033015497,0.8673918757973431,0.3409321187340446,-0.3375905254921411,0.3796011803438968,-0.8753931671873786,0.20950135853929475,0.2371529784488322,-0.42085268920053465,0.08742652714246286,-0.07733080272806384,-0.17455592520383742,0.08887775651301531,-0.06455742199251502
-2.3531190200492036,-2.765415321180984,-0.5501994583314234,0.5782752757412299,-0.05223413700811175,0.13001027670729393,-0.033239045571737236,0.930643252813629,-0.3882914230033115,1.2253840036601336,0.21629528786839783,-0.3069808770882104,0.2992658866649834,0.4200841919800341,-0.0029014916667614147
-2.3518711828044907,-0.17161194968019589,1.7981556121012139,-0.2668442017773081,0.10575304348400727,-1.3828298467664715,0.45333375501797923,0.905186790206068,1.0276722504625144,-0.14640988832162383,-0.36490558705906334,-0.12807066122517438,-0.18962845767035202,0.022142194323288678,0.01668726649252474
-1.2921572713528306,-0.18791111955104667,-1.310698571883868,-0.1916940721263818,-0.1369164609827681,0.625373325235536,-0.6002325663299749,-0.8531857310326585,0.967097037551766,0.8267927725354349,-0.45990957837582125,-0.3109036188806572,-0.06447795581746141,-0.02222647596991814,0.06696792391194198
-2.8994476000037563,1.5614495889405746,-1.5599959090033557,0.08814624954913136,-0.9489676730694531,0.5472385984406813,0.42917965170953,-0.2159844533727782,-0.8936347927648518,-0.4091763426245015,0.3117826600893442,-0.13313967823862413,-0.03679333188102711,-0.06335824194718363,0.044185425000783436
-1.3615204388759174,-1.0321752013909178,-0.7914695941396939,-0.21812233566713427,-0.7502838512753435,-1.0831843320214725,1.270700643099893,0.30342116883934606,0.11832064589200736,-1.080763231567672,-0.16311871513413717,0.19360810774882425,-0.03713635353078224,0.007751257857052232,0.002045605499163718
-2.59540848360355,-2.707043847487669,-1.1469755037037992,1.1126084156376588,-1.6497651062548777,0.6092897971653086,-0.44866451526023277,0.4318444673558565,0.08038714107802641,0.78589400823849,-0.6384527340886027,-0.20952576555341976,0.26296751387272754,0.17037687140515367,-0.038184887600055055
-2.20273957301726,0.22995943710989497,0.1419349366390989,0.7278757994650367,2.093982289072419,0.5832641066968038,1.849095841685712,0.12487066259951252,0.6166279107232502,0.3265041941728081,-0.0016649334024508855,-0.014215679451482444,-0.19867135468501307,0.08238497855740111,-0.01333795340157307
0.23844661615649487,1.5024209478167063,1.7712779576180628,-2.389054542988931,-1.0166147592574966,0.26275986521959793,-0.9783496327934567,-0.6382761708076672,-1.0561108848173675,-0.16843204322709704,0.5008101112223556,0.012331802279308968,0.3074199431764544,-0.31609755662217004,-0.015301686705720147
-2.4073046289776463,0.8694836797341574,-1.5551639255675411,-0.06062885792689737,0.2555332162453523,0.012121386933415135,0.4123610472525061,0.6321446132613078,-1.0109747013186334,-0.9988970626210971,-0.15867405774269383,-0.22513840726113496,-0.13350992118858912,-0.011268315990362092,0.05323990801739728
-1.8801170726651846,0.4749198908685066,0.022057415602600133,-0.22224696629926063,2.4745526974833845,0.0003995455538732262,0.8400085823519217,-0.7378519764128575,0.5948509313380014,-0.17042725706944317,0.002451104276417433,0.03810593041016211,0.069033253449029,0.016639471218347385,-0.014480905057249398
-1.1294773812244612,0.32788871656996665,-1.7886214575050965,0.9168350080769954,0.5648541663044389,-0.6730503445797503,-0.7044117837895794,-0.1826293154446882,0.5406532347598125,0.5980174852736027,0.20496257638166634,-0.4329678581261859,0.10793226135610012,-0.010769067540813825,-0.020595966305375094
0.7676902130272136,-1.1048767667755859,3.360761849359557,0.3546323381944032,1.575585871791882,-0.02813460928759004,0.4372518435367836,0.7983355186275385,-0.21492584530074743,0.3118026154572655,0.2010034992220693,0.05613672792145552,0.06792753111586117,0.32243644326191817,-0.05820231532239936
-2.439636677977077,-0.08610261242993023,1.502500272527468,-0.6228812606701594,0.37194167201317013,0.5820456929241942,-0.20353315528657362,1.2927115156266733,0.3265291428658722,-0.6978275132443879,-0.7787184553527888,-0.292885892789555,-0.10685926124008091,-0.038479643143009834,0.013727633602661111
0.2794551271982124,4.150527226689878,0.2972374213462046,-1.2219493596176592,1.804990484574267,-0.18621978762629687,-0.5898721864231605,0.5513231648822785,0.3566581679694108,-0.9372345813739784,-0.6112934023029994,-0.08580766595945413,-0.2523009046604968,0.09305198312166592,0.0027425696938012945
-2.328964740288435,0.5215133415736348,-1.0856514973582554,1.881500511207457,-0.7528755986960928,-0.6885247087363853,1.169039447198627,0.5615236150436027,-1.0325330771778192,-0.0345812083700284,-0.0026727460774860837,-0.27730890555651866,-0.21934961010340073,0.06589848071696862,-0.02636153921674269
0.3764457079633847,2.0937483765047835,1.8562380063215622,-1.500642495489784,-0.3285955199583498,0.7630644707012504,-0.986452283040034,-1.1612764927744978,-0.2232922893322336,-0.04242532879089174,0.49020518821462156,0.16150480549835244,0.32174007700491036,-0.33112677279283925,-0.012457198270491764
-3.0044738269836984,-1.0374609282127458,-0.8535078727566434,-1.9513259579886193,-0.4464739655821197,-0.06079062391114709,-0.2173881037943487,0.06641335698320916,-1.4087209789141442,-1.0119771627929601,-0.28615548301908983,0.20007813589467982,0.052726099463304865,-0.016149805958804463,0.05126805351270805
4.497768221984616,-2.72677935637783,2.4669066308247283,0.6780905809042157,-1.5752818518203355,0.1960731283086381,-1.2391955133147508,0.35444186987773646,-0.35105013405453794,0.6859032155484199,0.3664249528590274,-0.04727999135616209,-0.06220359642787765,0.06319610618711867,0.016870273107413937
1.3386556206283031,1.661481973558017,2.196272222044536,-1.928498372533622,1.1702256967185207,0.27877020434986677,-0.7976926696522921,-0.8133609492295477,0.05310885165505322,-0.3611477824082631,0.48315086034979665,0.264524724389294,0.009754582349221289,0.37923969481772063,-0.01680284142563112
4.700434547032923,-2.870369326462747,0.22516054537523938,1.686498836175227,-0.3783285134508805,-1.6391253065432507,-0.10602237043979398,-0.09440589078774723,-1.1674098797800014,0.672205722489887,0.2792756511879938,-0.18507383890694387,-0.05022502596927461,0.007980730044757217,0.021666618991370627
-2.1812293285976816,0.558487013847462,-0.4654685605816311,2.4371836681900048,1.8326797290460601,0.16171910990227079,0.12137875224097955,-0.33917253165412276,-0.4674760165675305,-0.14709191002622424,0.21381458085777874,0.0007036194746611879,-0.1585198883245712,0.022951607852706363,-0.0019733998008467047
-1.7646839592785624,2.348926306942658,-1.2397002921497207,-2.459981461668953,-0.22283608892769546,0.906212784352578,1.6366623777384637,-0.09773989127140705,-0.3230715556565466,-0.22767863307872652,0.9881776292974749,-0.004213586727010665,-0.09610263021439315,0.21275783584726438,-0.017559964697730787
0.4419509895246847,2.809288586845649,0.9055475656549392,0.4000960440119524,-1.2510070489546372,-0.7025525504032142,-0.8221764674926156,-0.2823239093381783,-0.8153552393988108,-0.09124491317055297,-0.05226181766807231,-0.03786840013113732,0.32713747172121355,-0.39489240093672345,-0.009678916039591342
5.33580029797289,0.5603270493610848,-0.8604331479181666,0.19195097956466722,0.09772806903332942,-0.6441921992030384,0.7618631813167632,-0.14167162934947794,-0.1860376160331545,0.7107883411569247,0.3217127302945686,-0.032689570860175515,-0.14980693005050338,0.11379276102764026,0.055926086179465734
5.497900851696047,0.6716325066483075,-0.4321136097990611,-1.975860240561051,2.1715185529782106,-0.02398820865564555,-0.011186598461489746,-0.5654872000706829,-0.3958928089678532,0.3273009243859641,1.7194753370652958,0.07979374910131384,-0.18553229615204253,0.2148172454172132,-0.03467791870999312
0.7706068988208639,-0.35883025008749636,2.7784673348496587,-0.7110089434313724,-1.3098454784821216,0.5549936921300251,0.4695520224120453,-0.21737896561403897,0.10157187106642396,0.2969850386991646,-0.24972277661398878,0.13965324042686528,0.029061977857612803,0.3481631318859504,-0.004591080098202619
-2.660436207939336,0.8671048955501561,-1.3284366889006838,0.561880894237835,0.5516436893521842,-0.8638576109016447,-0.004426853214165319,-0.6600096098597967,0.2306611403998031,-1.0167616710870804,0.13987298265463333,-0.10130052519972063,-0.11803730927113101,-0.06193460603871713,-0.06164238545283519
-2.1669179395588993,-1.9498897697462783,-0.7733148198977118,-0.6094511034632594,-0.19218538415502218,-0.7829377677450626,-0.23585852099786606,0.22678106174236068,-0.1491490863107109,1.1125369378836985,-0.0943368121605079,-0.7012455168667706,-0.05610429040289693,0.07313013193335914,0.01222856965343896
-2.088569935810332,0.720994360217796,-0.7260003254767438,-1.7869227315572491,-1.2945981130883424,0.5320423867273079,1.4666237562506665,-0.4653348411615232,-0.2779700926573872,-0.11791542927046171,0.15828566582809966,-0.08284937424155983,-0.028390686311685544,0.12484971353554335,0.05480691518928802
1.2970759087629613,2.398944490071146,1.5585619024916284,0.12400066454548236,-0.48514872672820986,0.5786827538204375,-0.19601220003459466,-0.4105627642431782,0.0936634670092481,-0.028970721692479495,-0.4440847029129511,0.1537391233919322,0.021237314900793766,0.3399296793185114,-0.2331042476990093
-3.2541015738307726,1.0368726061354443,-1.802708569475418,-0.9156450030988175,1.5634871294918984,-0.28525874738003487,-0.6936013322822367,0.9622197554522784,-2.103519727671043,-1.191314106508729,-0.5659312979650891,-0.23305741471575545,-0.10941004677056371,-0.06821327315417058,0.0015727935709873913
4.450070220278537,-0.2489672311831046,0.830557253764747,-0.33666129333002653,0.7108343176070084,-0.7268779411823372,-1.1274270790040728,0.944189185244598,1.4709427252370013,-0.744936347365809,0.19946398029157553,-0.11335455790427698,-0.22280014167204576,-0.021801510210222162,0.08342658954303364
5.278359013294438,-0.1358258152325167,-0.503589369961549,-1.7341028322263905,0.145104898967314,-0.6880763191063481,0.4029900638112155,-0.5597270265340051,-0.30315276815353204,0.5121565051917822,-0.021206289704973652,-0.06934683809941525,-0.13143345079512522,0.10702676538937204,0.00174900681051662
3.4645538363675645,-3.5568493110384267,-0.02320629197847017,-0.19656202472573145,0.28356312125923555,1.374200194191089,-0.6226503611631262,0.313035920475806,-0.6745195389388952,-0.47979888158962186,0.4060638700176051,-0.11470179469670236,-0.029630331464264942,-0.14981016782423479,-0.03456808616965969
-1.8305876542854924,2.1152309779129976,0.45709415329385455,-1.415962484284692,-1.2047386902731767,-1.143397131572999,-1.0311729666180245,-0.23161378272979896,0.300416811035532,-0.9011347177983899,0.38195326707965255,-0.014545343287949458,0.279374772850731,0.0196481090338069,-0.013645356499018829
-0.8475183059710543,-0.10307682277640084,-1.6581161546871137,-0.5343128441838458,0.6899946863017469,-0.4448250314864305,-0.3666353274272385,0.15815392251774218,0.6084808749286806,0.42839581413270184,0.058467683662626196,-0.23811051971778627,-0.11840387057202029,0.05127762709425901,0.08861171639754421
-2.627070352764527,-2.234100288641952,0.007920197602296175,0.9884651887422555,-0.16737092954606936,1.1400376255483127,0.20417505776316713,0.008324897934027992,-0.7967623139805267,-0.8195396627070115,0.6287525506219278,-0.0803898578975171,-0.10115812757131477,-0.08254442649977868,-0.021609492276036986
0.14738533000448317,0.7856148015973239,2.21144963500366,-1.0475889575187516,-0.2021732734556363,-0.28445843321571374,0.23158267084686898,0.3392817019631001,-0.38763532677242946,0.3310556794122964,-1.4301929281532046,-0.2462535708827747,0.39516757091256105,-0.4387943820969733,0.032150873113118074
-3.805817309914887,-0.9008115226688119,-0.7163138990881395,-0.3074986243834858,0.1382530607487878,-1.0181908396676649,0.36480141109359177,-0.526377031760191,0.6494810147751717,-0.7019233517821091,-0.3765907734132882,0.3510558860301258,-0.10052331141930343,-0.17473802923220041,0.09253232539439643
-2.822641523750971,-1.5381950331963512,1.9811931880177676,0.43440696262505063,-1.1082713912183193,-0.6232579557979138,0.72333317256291,2.177433778405634,-0.6114744791348357,0.04736534322776839,0.8231769123120027,-0.27409590773874437,-0.23842758600722166,0.12038211548123799,-0.02207420547396923
1.2749878355723774,1.59405227908185,1.8897103360918834,0.7516127617308235,0.06701269564163659,-0.8132564422382041,-0.5378839163989133,-0.799279729853589,0.48095673907814146,-0.1632737448181264,0.03139121117347474,0.2491030835625784,0.04037805532285278,0.28902430373603116,0.07572687061411526
5.05741578030765,-1.445563734887403,-1.2111896975117236,-1.155143028995787,0.08328570497230914,0.3677389867233223,0.48560076879148406,0.6441475534486278,0.6834795808068779,-1.1671058461325916,0.024043602354876487,0.04878466490607325,0.11788920757438456,0.056196229719761515,-0.040887709213059766
0.8359356772893065,-1.047731721217504,1.0609547492276816,-1.8582837075023029,0.04459774268158834,0.8594156648938194,0.49544698744359295,-1.5847770464500925,-1.2448461620956102,0.13360615258703404,-0.4874777258433687,0.3063710438168152,0.06043332588721037,0.31241619557740175,0.05740400268534884
4.054731130719473,-2.020602627694839,1.5848937685785918,0.6691482806425684,1.1439396356216425,-0.7130685353143907,0.3417920775156946,2.779203909767218,1.104672013826686,-0.12615504607774372,-0.2076589429926713,-0.2710023703492077,-0.2035464756140029,-0.041189710052842735,0.047684166870708804
-2.245165000683493,-1.6185279400939474,-0.3563552737189285,-0.16668302650275635,-1.2306235128688088,0.09351365873410655,0.8020234530165722,-0.3164534347774626,-0.07568930586179512,-0.8119743135834558,-0.09489266884359182,-0.03555325322777356,-0.26593358544207724,-0.2747393696165281,0.07102368749449346
3.9616209774364646,-0.9675252980740618,-1.0652312985366068,-0.6840641265464908,0.2884906839220327,1.5021314656032745,-0.8722965019173765,-0.3266105823811999,-0.17540594182777441,-0.7486727394955652,0.9114754029215018,0.05349122854291291,-0.0970758464359734,-0.09134101111295685,0.035808109647219914
-0.4364568363177366,1.5168206107583657,-2.114362623306217,-2.6407722825617235,1.2525331393392711,0.5986217514735612,-2.2068105731658867,0.03903604636290853,-2.3854697173106727,0.3201418341890947,0.1619254902594639,-0.7104383228512351,0.20260845258336796,-0.49056057405420106,-0.014488419461902937
-0.23313275304677816,1.4139558904655645,2.150821273300789,0.11108969045173211,1.7840084812333914,-0.5266322054493568,-0.6624736531891874,0.08704168170394172,-0.34264906027312675,0.26942386222617837,-0.33321401529447026,-0.13014660355631932,-0.5063900757612143,-0.2943743771813017,0.051686639591154354
2.0566056396997747,-0.9670718750280023,-1.496852901316858,-1.3139496550724103,-0.2345644708505943,-1.6971354091111728,0.3228309984706157,0.42476806860735167,0.5730305086225274,-0.2970698614793839,0.1244562422584454,-0.28447744264936614,-0.0741944902548754,-0.08833303895857932,-0.046864621772190286
-2.046986009706764,2.6652552489718766,-1.3845381461146948,-0.07227538701990172,-0.25491216703976016,1.301260818372607,-0.13914739350414299,-1.6929163940934489,-0.05670984646434324,-0.3650650949167281,-0.32004726847337084,-0.02011701681411812,-0.1772859643228532,0.10322211658632129,-0.006160363227100099
0.7429871880192818,2.587442959038022,-2.316163403876064,-1.6590477319249741,-0.37803536452746467,-0.036364540320284355,1.5334025997290852,0.7647990075075779,0.6003220730878895,1.0995576690793485,0.8091198753520783,-0.15830082757217925,-0.07948265346435207,0.18511699053760572,-0.001016786845032376
-0.02112657494657677,-0.5128524790714102,3.0560701243843202,-0.9559574035543131,-0.11958641396830116,-0.788449848212349,0.7914857263572408,-0.07566068136333023,0.5783611280277317,0.5547296505502004,0.14823368714684887,0.036007208093535664,0.34987052718382206,-0.39163094016047373,-0.012582151980674378
-3.4026091176079714,-2.0677507073395476,-0.011136157633374416,0.5457042956682138,0.06475647749969177,0.7685976741818588,0.059890456648224386,-0.17578126445066997,-0.7237384714404289,-0.6832167844140564,1.235873811894921,-0.008040661194345045,-0.1269569183932237,-0.009134263839059707,-0.035263008911723195
-0.12123542495534201,-0.502229632653122,0.8514613743497748,-0.39498220921681637,0.35749602824704463,-1.069758440104668,-2.0132794713237567,0.5944515476664145,0.8128664602871494,0.3396239583573435,-0.6414546239189062,-0.5930568503687492,0.08417142781530765,0.05742370455067847,-0.044235695929892974
-4.428067091095758,-1.182765076173735,1.3146512847620055,0.9012368908699315,-1.7921804893125564,0.04511217087257546,2.549794556622032,3.228947346564997,1.4060765840017426,0.009095537931242525,0.46856324520156933,-0.2829961930342966,-0.19526847552782373,0.007381471329410166,0.00586864333047799
0.2599333245766453,0.43996221294622795,-1.663711620839205,-0.2508511686307907,-1.6007093907875123,0.516743508903974,-0.1590981052018739,-0.34278118550419384,-0.2572975403320195,0.8998559114502935,0.32125100386685995,-0.33846380555757205,0.034969154894107346,0.10117642763121022,-0.05641622439730317
0.9196725141973219,0.4997332095992033,1.7157021045942689,2.4795964388182465,-1.6662305177520143,-1.7999942885602034,0.23842983479058458,0.49114231138583325,-0.36948792756180254,0.11343756603140287,0.31496254666221424,0.11494796864853853,0.01700526567731514,0.2802155443711587,-0.016636630918978948
-0.8908972122562753,-0.779497300927334,-1.9884854567436347,-0.25879571983646676,0.5179596768344359,-1.1826429359445925,-1.3349158247575426,0.3904799859474694,-0.2020271207593432,-0.10916980040601539,-0.1039612660926375,0.09670686660639205,0.32660090365069155,0.2811258047127489,0.05369661578808227
4.336086590325836,0.9795413678470646,-1.698121710038636,-1.0790444274116044,0.4741729358015633,1.4256937652084254,0.6532680107415045,0.26791134200688344,0.9154650376599822,-0.4388477889656255,-0.03145358132147022,-0.025327775689174298,-0.13505114237036547,-0.07767189636760485,0.017903124235646183
-2.0881566229203004,-0.5517060566262346,-0.5682434803942444,-1.2338576116446618,0.9399764780349037,-0.2918441486547103,-0.055399275063178884,-0.8240652809533333,0.34192189851474636,-1.2599564803674732,-1.6469210561033942,-0.15888485128109267,0.20303971192996084,-0.03771056332712193,0.026270370906929554
-3.6320349487285726,0.00972370365005193,-1.1426102654722603,-1.0432389732064613,-0.435665955818642,-0.7083948336967334,0.38937113178529126,-0.3447471665655073,0.04459110003537803,-0.4410803304849994,-0.5896304260037983,0.7468222918242012,-0.14697943616536305,-0.14781884067061982,0.0642972055560867
0.18716848329849523,1.7596920434532901,-0.05645593785818186,2.191494792934595,-0.24323561879070477,-0.22803920627749807,-2.4470669128298077,-0.3472803477827748,1.5279049095435169,0.37569437980112175,0.22729417816640657,-0.27774607113297356,0.04269702105922024,0.08653573200042801,0.04239949350919348
-0.5132881246931131,1.005396241239255,2.1255284990142407,-0.7552506757319469,-1.6385503974250852,0.4459864636005868,0.11828120977494702,-0.5218197030772704,0.029850392368250822,0.6036467509124006,-0.1459129633784491,0.015139298822931774,-0.5730364464676825,-0.22369282083629766,-0.023066327791463014
-2.757295406982202,-3.018919174423062,-0.5547126292336565,0.14731683319300126,0.37917098128784604,0.3541115371964594,-0.8544332033778317,-0.3712300362239601,1.323169294099061,1.1430786136018358,0.2622825519954457,1.6974565718022459,0.08517534579471883,-0.250948485078855,0.03231815775654506
3.3622391131143696,-4.011157555051604,0.13969851930821292,-0.2738778118659233,-0.18880403497247367,1.1990859893087453,-0.08423465928778047,0.5438979986715016,-0.504325200626631,-0.3095764591876912,0.32875815040474776,-0.13584418912979837,-0.03876021740943465,-0.1471335106909985,0.027416133397105844
3.6322564486627518,-2.506871464038912,-0.217095310198602,0.9574970939308749,-0.20987851774957023,1.3104116822526546,1.0587099460184084,0.4682814273013533,0.9732318214264448,0.0765073477334171,0.0651070408272842,-0.06451147532666737,-0.0637550573564114,-0.14314947029538852,-0.03885650671698666
0.8892110527510844,0.6734724154055904,1.6838579844461312,-0.14709492613625758,-0.9978521860696762,0.379255825951585,-1.1796391902841754,0.4341887459994674,-2.04362188394685,-0.2652076888039294,-0.34891854009731116,0.1934922483833565,0.04215627513595564,0.3023052415596897,0.04329071175950675
3.577891932463024,-2.6660473561347633,-0.45765167155588254,0.9568689893447915,-0.33878802848747736,1.183574610782657,0.06541923940291677,0.46330161975685097,-0.07944602804584394,-0.25042146377784835,0.2745113756073346,-0.07860212802528213,-0.05269040115736222,-0.1540202262010062,-0.00445577338433861
-2.547977213968496,0.0525873763638387,1.422769508164895,-0.4801855013939278,-1.233542267730952,0.2157938299040285,0.8946308613974058,1.9510450118645548,-0.20289585299715984,0.07477767622295318,-0.8444839316005979,-0.32635474497503547,-0.2152552525787922,0.0850408107260796,0.027406726365183355
5.54623487019802,0.594573094368495,-1.0112550297406735,-2.4958216557653836,1.005492487450856,-1.5809173533831573,-1.4202993045861263,-1.4049898146029116,-0.9759583643005767,-0.25200459282889254,0.18384770254971447,-0.05222532075923661,-0.10574958117200023,0.07014524333867268,-0.01746876860774459
-2.525140647241234,-0.7247776313740126,0.08879098740160829,1.1851125944798155,2.1781833469523004,-0.2605149511132865,0.01701237249193533,-0.20964791162122648,-0.7805149687386863,-0.17339928070146765,0.14807833077612872,-0.022177441557122896,-0.10531723166355582,0.00979421022899056,0.06125052755438934
-2.502927517774638,0.16279109515161228,-2.3858528972561968,0.4790160061915455,-0.1634459489146306,-0.7478758548749297,-0.9796743083192635,0.2564119520528806,0.47716538209990844,1.0305753687259798,-0.00914441070027222,1.4302977101715564,-0.4586987408849793,-0.7690277875832652,-0.015282577014591245
2.114212808707985,-0.011505914256420446,-2.050988039186921,2.4633346290612526,-0.14497457937790703,-1.1267396007184924,-0.47968055187362146,0.29478194050304674,0.3283376601322122,-0.24347981062642324,0.008340068215749667,-0.24257650491989582,-0.025177408748457274,-0.15149710798003557,0.026459058097118716
4.775736759119763,-1.9801224031752258,0.26192621566140356,-0.7885772462831308,-1.8729291624580062,0.5654362446518995,0.23658556609339623,-1.4255856627559067,-0.12526900677654457,0.887714822218534,0.08299154640922525,0.25333792240620356,-0.1078855788950781,0.07980123336327873,0.025376101635957646
-2.654155884882614,-2.249030455276416,0.6254131876938638,0.3668789066196848,-0.693929058414135,0.4510691913146778,1.6815424248115687,0.06879534744893195,-0.3194771513707521,0.3893633689628479,-0.664422981588778,0.021419793383939845,0.3704883340177058,-0.05604804278436369,-0.1157053741346336
-1.8972097417478686,0.4937197809226186,-2.4401790833882417,1.0677134501611996,-0.26202966291324814,-1.4911846455974098,-1.1886826323949673,0.0759422271729435,-0.11098100294925245,0.35268463368280567,-0.02422738979962094,-0.5233271383374656,0.5305083964737297,0.7037410385600648,-0.056972158865238924
0.9946921357725431,0.45784757968273726,2.608602790757999,-0.11503786962975204,0.2439029226707317,0.4925141701090483,0.1333157337060808,-0.12355569523614149,0.15713799838283465,0.17201790064679945,-0.13431240121946902,0.15244899403436557,0.042191020887290376,0.337067507782716,0.024239465311618812
5.154620393029774,0.10761622153382366,-2.4208859533007754,2.0388774583914167,-0.08722664257731993,0.8391580062127328,-0.35513107407717726,1.524817975278815,-0.7841108438719038,-1.2694000043734102,-0.4392053274015228,-0.06688940443087979,0.14762614343819336,0.006646300535675415,-0.040146587494659464
-2.4027459829829088,-0.4408306521704868,-0.7646180034044676,-0.8940821462134451,-1.119718685849545,0.38695321076395506,1.447351194057361,0.06395673675860611,0.9617129321375193,2.1877901440973115,-0.5515216747577082,-0.6307734763799638,0.073549131596499,0.40462826497868415,0.020719093709320735
-1.563562279490037,1.2921900968284796,0.3818232489591746,-2.2401347213099423,-1.0882838690775887,0.7631080404444712,-0.9365734689688802,0.4361312534132868,1.3054284647604246,1.1210036525076075,0.88647316218514,-0.26790736811723437,-0.11615079768402223,0.253299683495071,-0.015433358432735233
-2.9531101443137917,-1.0537614884172193,-0.4118065604084181,0.06350654499457264,0.49085701265580256,0.027350042784798134,2.041990729533276,1.2398587863638912,0.13299809419625597,-0.31088589319343113,-0.36166391638692297,0.03548782935465361,0.2450778918174112,-0.0676351101554072,0.016774027773050353
0.7100786381666602,-0.8356091095280954,3.436021650199295,0.05436054125049905,0.9571379849110571,1.6989334754766117,0.12912769537963895,0.16732923752338608,-0.23252327002581025,0.37917856938104666,0.5907957715080493,0.2033533687165867,0.04670886935990602,0.385360708742839,-0.01717509579244194
-2.347025357722835,-1.005847678410687,0.3723695104740458,0.6394537983089514,1.5290406158134644,1.4961078791937434,-0.34124678981635925,-0.7265301087772644,-1.0949623804929534,-0.24833625115613087,0.7679040439125051,0.03545736198115851,0.0874138644049261,0.052525460457126805,-0.04735890209197942
0.7976998834801643,4.917764632961228,0.3468934336986352,1.8467285197430094,-0.7674026554313117,-0.044254531670083974,0.16607904774568266,-0.15894399819558624,0.4076260212686814,0.27787749836684417,-0.2723217773848285,0.06277364345046593,0.29698899885035474,-0.37631230401784344,0.012516051201546363
-1.5692925399569013,-1.762028820058558,-0.8354898845370418,-0.42599276857701124,-0.3160133423210263,-0.22751587117051708,-0.2306369215916775,-0.19149405700422345,0.5713108563417821,0.9446591314829826,-0.09892869667175469,-0.20710639079620932,-0.07253873918742688,-0.04219836987750562,-0.0009408318041407198
5.000914682707885,-1.642558230162891,-1.6092493261024445,-0.563406910133832,-1.09251963498229,-0.7403359761355593,0.010359563734287335,0.4735165356263871,0.298530280970958,-1.3578216092515347,-0.16550141178885963,0.06503030470380194,0.12993259432594112,-0.003698906926889012,-0.043589881991530466
-3.0872690645234586,-1.0203182349873976,-0.6819364192489301,1.5394971799369872,0.5449294370920761,-1.0008131085517673,-0.07212095506074293,0.21400142465681526,-0.9436432678105398,-0.6457821111442696,0.08575233572882413,0.005737109891149422,-0.09389395047306263,-0.1055711211960459,-0.037689741919768954
4.055033959878715,-0.16608830173052935,-1.4700086585317271,-0.3129598917006959,-1.1356074677759858,1.1788106333194244,0.291511263308994,-0.34311575289454105,0.8404683584113368,-0.42048806124722565,0.4412125731223133,0.09310088908775627,-0.132335679665671,-0.0943871602696425,0.05442309084899453
-1.8047410649440438,-2.5623394015921455,-0.9022807452957005,-0.5071931657846194,-0.14548293702626325,0.8638990560673285,-0.9884295239329417,0.2119050359826941,-0.1984075668027963,0.28908212242649306,0.37709738719286373,-0.335608471788869,-0.06970454998179687,-0.16564819162041175,0.06280208311956792
-1.6505801622170972,4.419611600266771,-1.0549279507520573,0.6612216933445552,-0.979046291542209,-1.2254229076020347,-0.2410866281029239,1.1757526149008048,0.570285170135328,-1.1613038036307917,1.0565609959342428,0.0005032072932497356,-0.27729946704996766,0.05220341292052477,-0.030694811980267214
1.046271770624187,0.5306779274652149,2.242307227915196,-0.05607491276555632,-0.9353467146764415,-0.5435461442185767,-0.8556491437398221,-1.2523290792718893,0.25101068089874146,-0.19813909183293682,-0.3967117671476721,0.21804278264347962,0.06769661824345127,0.2688198344430521,0.049517695931631606
3.962890416909811,-1.8866876411227893,-0.5901630548883312,-0.4381457231400724,1.2373152688533045,-0.4247880278452516,0.42841668680735867,0.4515674342096328,0.8684134524130425,-0.4353441674888811,-0.9460223478999833,-0.20482393900161897,-0.01862371653545499,-0.23214609343393966,0.01255780038399295
-1.383652238220038,-2.6570959267876937,-0.9208256112352216,0.8768089068570204,0.018048805078913155,0.5126182741303182,-0.9588903361507763,0.5204962769861492,-0.4007195293000379,0.3068246269148994,0.5998485889238602,-0.18735950719334124,0.3429549653529417,0.36690587316940587,-0.0671850728156928
-2.492479585496825,-2.6406648224902103,0.4337753316102863,0.5846510763799292,-0.41056409080334977,-1.0216270583385643,0.5508995306736553,0.10878829768306217,-1.4577155491020408,0.1411347603753547,0.348986283608683,0.5446541307968918,0.10010357180494797,0.2973998285886424,-0.017865731227122716
-2.5417407780042933,2.034714396612237,1.0953376283922815,-0.23926624574925304,1.4694305360273603,-0.3685238383984698,0.3020491828608365,0.8485676240152573,1.5137167279970896,-0.25143179024701884,-0.3455375191142365,-0.15598248670274725,-0.3452918619877877,0.20574561240195471,0.09365228187785105
-1.6855872004430386,-1.4224631745116945,-1.7139528886304074,-0.7362561676323897,-0.9321946253641241,0.044076222812876154,-0.08833851648289207,2.0375069441659837,-1.9533047330937992,0.8120023069586675,-0.21961997237223402,-0.5314547119143914,0.07469948289292866,0.0242568270577921,0.0003510434811572127
-2.6773057866420973,-0.9936814694597845,0.0718250094652843,-1.3343625075192262,-0.8366541960668678,0.2558713132389545,0.6416291790176694,-1.0445522030284873,-0.36268301141995835,-0.11252721388932549,-0.0002014022454360151,-0.1223454294532382,-0.16411592103535497,0.095058291288811,0.019677178608291896
3.9902328060829917,-0.7036993297460197,-1.2251423023071972,-0.4307460045351438,-0.14178338117889955,1.1601646909394407,0.12595885048921648,0.22529239543414997,0.2633944776307949,-0.48003781927359684,-0.08446732724579734,-0.1358473662726031,-0.08789238304288283,-0.11981335907138516,0.0347013181309797
5.1566251639262415,-0.9102802740479154,0.001989332859781895,-0.3120884091827896,2.066270847237497,-0.36816939992724695,0.19896366018263278,0.2727914558192613,-0.8911221566908791,0.6087295930168244,0.1461818850500524,-0.16939216100209573,-0.08373261244987208,0.08616406016933627,-0.0171067443659748
0.602804904710772,3.1416290195810386,1.1452321189425414,-2.246040792004019,-0.22186240224227416,-1.0127312265633006,0.9204371875683163,0.7435756593009109,-0.21920023451158338,0.11995712212663431,1.0734019220497355,-0.00839280947527496,0.2099228196867186,-0.2518323567155325,-0.01692003036238853
-2.2532886414700735,-2.533378844673221,-0.14792363235187364,1.0154288295188194,-0.02463844906454965,-1.9583390873176616,0.7930970026448736,0.7281804527002755,-0.8582632333348297,-0.7807719298774329,0.13635012849569422,0.08630337875491362,1.3154555259824,-0.6248220908560898,0.03897438671987734
0.5807016467397519,-1.0677022895003099,2.9257853344150515,0.2624822843184259,-2.2767498765677336,0.20970082139899504,1.0003758721932163,-0.0051482388934252915,0.2824446400762052,0.55027884351129,-0.3044392461625395,0.13526610947274542,0.030058243729514364,0.32741459952176166,0.0358622414695089
0.5063350768101622,3.241479716217587,1.430204941596557,-2.3978073837301004,-0.6383758535030942,1.0300815725404915,1.0310717899960353,0.3127786683692673,0.025676476935701215,0.38694110587608055,0.9925386406054565,0.09894237919449184,0.20623943527758287,-0.20347011550682859,-0.013116307820410487
1.1619498914893134,0.7028465988375867,2.404418959891692,-1.1176263065123875,0.19258168922485985,-0.9159483132337604,0.08548784542477841,-0.4894207257931557,0.5672398799894436,-0.07679253894542862,-0.02932992111747372,0.1893832878695916,0.024335656378975265,0.3200853041248033,0.08218186247908606
-3.0558535583484274,-2.2460740688749437,-0.768929432286096,2.299325538500714,-0.3327188341790128,1.3253020726173332,-1.3012661038260798,-0.9129642323577962,0.9877128987262647,0.8918048140712425,-0.2644423073269773,-0.3259022577383659,0.04144540449155726,-0.17033582715504103,-0.049494805610073564
5.155813546353686,-0.7504016663591657,-0.47226461647787055,-0.6164951798806773,-0.2004906627874019,-1.1824847080100342,-0.4827904316482863,-1.03603201587132,-0.6264158332149155,0.3637244422214051,0.8701082365353896,0.27500558940771996,-0.13155324857702247,0.06934498894768092,0.03357338498446259
0.33309020681918566,1.5775087391783589,1.7846374177275408,-1.8457560860725808,-0.6438683917026603,-1.051268812124297,0.021122394690835246,-0.1747626079286115,-0.246968304707664,0.02788189602005889,0.8944646664457764,0.06421233169017176,0.27526026456862424,-0.3207656016409295,-0.018525048178704887
5.793802003669192,3.0054889269427574,-1.954232120290459,-2.443020255243682,0.5735164970874889,-0.7368235980378346,2.478181348480226,1.647005764646315,-0.33869838535013325,0.8001106176158801,-1.457705087032071,-0.4553185296213661,-0.2013006354114702,0.1597727933073369,0.048748296600038134
4.645264379082652,-1.8425348072590504,2.219779552839942,-0.466991514284442,-0.8019786691941012,0.9811074292472326,-0.8545141897898532,1.040141988887187,-0.616313674429277,0.768228898977706,-0.04432666792754589,0.06259620806677924,-0.08621389959199914,0.08439376512454187,0.008926424142648784
-2.3964475974771364,0.7390856834690138,-0.6473675427058974,-0.5468240590207981,0.12697933184891946,0.8204452139263876,0.5555685535118684,-0.4547496235663063,-0.7413908754124223,-0.1626937548525102,-0.07399942435805584,-0.16167252361290055,-0.17727217938625506,0.11524997438797173,-0.05553292859395272
-1.896676834347532,-2.2081794273129445,-1.125400102520948,-0.7142943532317535,0.09784846216003573,0.34965600234271377,-0.605428025774321,0.9662518914729583,-0.4055333181686865,1.393736008740908,0.006657949220902938,2.2237843573155267,0.43134729197656074,-1.034208580038477,0.013176795053468283
3.9787669486380337,-0.8842708017614727,-0.9803218998967151,-0.33727086127258615,-0.14135001842370776,1.4263658602441125,-0.14921102549642393,-0.46079922315307204,0.7082312573656581,-0.48040803390104736,0.09647203936261728,-0.005000419306001452,-0.0784500986776661,-0.1261787664444196,0.09014779980116833
5.258782119812377,-0.011974799330627617,1.7710203143795946,-0.07060847969822176,1.834228831222159,-0.925096982805634,-0.7194413792504271,0.9696063508983839,0.5865389820795748,0.4770355968706479,0.16892779106937042,-0.054531429900856715,-0.08710514749781326,0.06192632686391007,-0.01805919705511677
-2.686323112105882,-1.2183471393716598,-0.05658112064636123,0.26456620146742127,-0.2710637099574945,-0.8400606511871056,0.46578742641490944,-0.5212027670380606,-0.6927548162590604,-0.17058693189542293,0.03899229440002481,-0.2046337177595333,-0.13700755184315078,0.03952338961474568,0.06313192167579597
-0.90424665352142,-1.1084201271436205,-0.5986710607705688,0.1223555494073687,-0.9373141688050229,-0.4307829979858159,-0.2100958554919616,-1.2791899195251264,0.8793835087885074,1.3461530616932047,0.16535668023434383,-0.40105576536999943,0.23180091693621324,-0.5824743960651821,0.08194672194057495
0.8270250630438385,-0.3168911784008188,2.586602538402856,-0.5089239016112603,-0.3296779662978828,0.18801679683479922,-0.771713391986988,-0.2075920660550274,-0.9047129183537699,-0.1458373392419138,0.18945300991588307,0.10013181744071684,0.05051289405078099,0.3345199375814237,0.007544867813461434
1.3780914773208832,-2.986295186374083,-1.1904337472033477,0.6324580016556797,-0.3553917604107196,-1.1390198214230756,0.5037707623606931,1.7227821466353106,0.08933391194362134,-0.26118651723542197,-0.10237125997900201,0.06803123253999996,-0.03765004155527261,-0.27674367583826753,0.04287910196618156
5.276376693167373,-0.008848790785392469,1.9752098587765385,-0.21295727089500188,1.8608015946554324,-0.6355803957444471,-0.5205193153546774,0.601020826485589,1.1661308524740106,0.5881323954273971,0.14282136754854774,0.03067920992524026,-0.0874919477185985,0.06483035068815547,-0.014730736715182187
1.0154020529194385,0.8332477008616674,2.293776364891366,-0.172146546313671,-0.5291582188235617,0.9144776081613926,-0.7157369232239634,-0.8189625544891808,-0.1626915081686559,-0.05329042506516252,-0.3358835773675632,0.18039575552466777,0.05628102487122075,0.32495834627846193,0.05022028089371277
-0.8627580442541325,2.033812389133182,-2.7961123614447327,-0.0944407294589476,-0.22207503604432155,-1.200971914617611,0.453511683266995,0.8455987829059672,0.461314180466864,0.6556563772417319,-0.4314814095773548,-0.637942699010988,0.04344484308843183,0.03063366728339882,0.01584763721711336
5.3026308663119615,0.16178126623687428,-0.603245610381848,0.2892033905995125,-0.45401284978739,-0.8867054894335671,0.5319002873289825,-1.129800391790175,0.5657584480126445,0.7075672644285904,0.32574135136498605,0.12338241932489763,-0.13266268651774954,0.07895927380272023,-0.05272460854196019
1.2512277870826156,-2.980230491022514,-1.348784216348229,-0.06960495795735722,-1.2963960367530971,0.2771551921143782,-0.2905950616091243,1.2191914305267773,-0.4010756370040622,-0.14449222672120798,-0.06886772814104501,1.1699858856983651,-0.06568466514287692,-0.34971862759890004,-0.01978830296514952
3.8739245253733636,-1.6526938012126209,-0.8831429408851292,-0.30749239905621273,0.5238948305052494,0.7776924316326315,-0.8104963216480587,0.0029311871397101757,-0.2980392196691954,-0.7329822273716606,0.4158046104066108,-0.06267571527454338,-0.05900240519021897,-0.14751856284205833,-0.027617843982161685
-0.6393727616610658,-0.36532503679188055,2.4896107120426962,0.15604625538680383,-1.2084885633784257,-1.5413603570247865,-0.17544530822164245,-0.4645523108656561,0.025117903268752517,0.4572084883497274,-0.0908222000602755,-0.06061853208439241,-0.5256272608960506,-0.3120787609462847,9.747801477026207e-05
3.554387666007701,-3.2234666191008268,-0.19815070611913566,0.18170248928965427,-0.6879504590096294,0.05399454315117813,1.051770822373158,0.6129728288251934,0.7250006808886713,-0.07213197853380576,-0.0708982341922162,-0.10332501499380434,-0.06325354091303916,-0.17612772609203398,0.0453877863280876
0.7292258784527679,-0.3976094915059787,2.643937288094568,2.0089314774614904,-1.4543191681334724,0.03472323409487843,0.3405993419760507,-0.22336154249825146,0.31060807534320634,0.4303704772132626,-0.33227726494357157,0.169951134710453,0.06579130376316547,0.2772430071904177,0.03221983190780334
-2.6696257037376543,-1.1010437055752358,0.15994870193473737,0.961304799266026,0.4615363784157492,-0.2515700473439141,0.7539281243089276,-0.38459463384795484,-0.35533844490567507,0.02998192582418014,0.15329361145813625,-0.16959255925417263,-0.1319109895128905,0.050480610551882826,-0.011349805789891691
-3.270997263858545,-2.2161163818955467,0.25428517194768,0.3847763822149175,1.803695181289847,-0.31381588027866425,0.5659861338125927,0.4136555499900944,-0.2940254488678197,-0.6587505187652225,0.7712103315230073,-0.16042533750976493,-0.09771688115258975,-0.052295861506094096,-0.01936600940758789
-3.324875646897792,-2.1372746154855857,0.060167709364637806,0.30676245905785793,0.6132212969227055,-0.3412596713551608,1.0980901561103353,0.5501797735343115,-0.184168516008067,-0.5143532563843569,0.3463613985828915,-0.24930998354947823,-0.1101720890792576,-0.04861506362694597,-0.00783966510376774
-0.9279284240045276,-0.634174195072492,-1.6965243554232723,-0.821825123454762,-0.34816582709537314,-0.17766519597739683,-0.02108429757602543,0.20052187663253335,0.9842827707416957,0.395829064346992,-0.04104359241588648,0.28680729088037143,0.2771988170651783,0.3379080476938542,-0.00931154968458864
1.3299981380875954,2.7233848589335583,1.209409442639306,-0.8487201238402066,-0.7660282814613889,0.6885869221153433,-0.6798681193843007,-0.3086390946462684,-0.7030350233058191,-0.2919036005292627,-0.3600498195751029,0.09496710444413001,0.00224677844066333,0.3690895810452197,-0.008474936971686003
-2.2934891402457556,0.15143744397855552,1.6573752364016208,-0.310983556897791,0.5323074403485254,-1.367017264002259,0.532213511930062,1.2996247868105864,0.7562246065068479,-0.18429522889987135,-0.03324642318782936,-0.18077059608601145,-0.20961019308371204,0.05474701285798311,0.010523032367253441
4.9863888966600864,-1.160079023246791,-0.32358752176025796,1.0131370305741842,-1.1856649274451763,-1.4478665421458485,1.3618546944066114,-0.05023397691266876,0.11415405546457089,1.0081738434933791,0.1220552443697237,-0.0464519009391158,-0.12803623478273693,0.06218438969581126,-0.015228538436917273
-3.1422518408699744,-1.1305049600762198,1.5759312781784864,-0.08966959969701882,0.43307603052166904,-1.2433116904631385,-0.45072307769534303,1.3580344431311058,0.4235424320413884,-0.9371409058042113,0.7290539555351357,-0.17238656374146236,-0.12052872512812844,-0.0400695980868951,-0.022761742688168544
-2.952197080441943,-0.8549207845307084,-0.8522262135368628,1.2072301104008394,-0.14936503208671803,-1.4230517433609307,0.8788593733536426,0.4357411852136925,-0.18492954751541252,-0.6484860009077431,-0.20750991429784443,-0.1478881852387904,-0.12028509190094688,-0.12427648548422247,-0.02395797127844377
-2.8673130031014935,-2.4501029304325783,0.9253771430814213,0.3502203071781427,-0.1348308463222394,-0.38201057938435623,1.1143417155124078,-1.0799002622960003,0.5830984281980653,0.25167698198328814,-0.6909646632098803,-0.11311656129296246,-0.08521251192183044,-0.01344225879339312,-0.03887231438500943
1.264384949593151,1.3378172456284911,2.3011808100977342,-0.03022274117818491,1.4915994227141796,0.40664805942922233,-1.4876473918071726,-1.0887003051749966,-0.050073130102991026,-0.3616411335166899,-0.1586211980064908,0.21524889594757354,0.08967285905042677,0.29072655387633933,-0.24706049781607603
-2.6982605986936017,-0.5222048851723547,-1.9441900180918048,0.09405124998742626,0.11647866670524554,0.36443233978940626,-0.6029373785135316,0.45408163517655536,0.6125697908693144,0.43301429247069906,0.319844931720998,-0.11930642250693765,0.01079931921584186,-0.03208847120368591,0.08487817047838926
-0.5216889976461863,0.20670174657108142,2.7909876651534606,-0.4718144789504772,0.4491057510760179,0.2685882846392096,-0.5085785188346932,-0.6495094034253257,0.038943602217635265,0.46454581191643485,0.1495560247259533,0.006842571130534103,-0.5223019710869428,-0.25342512849991783,0.012323592396069755
0.9668663730407951,0.5652709720413016,2.361143376464908,-1.311189345992893,-1.1878233682467698,0.49588282371012204,0.22355853808153006,-0.4022464929445524,0.08652553537825752,0.10835518537606609,-0.4292091057896083,0.1292441773822059,0.0201575261951822,0.35305277187470296,-0.048182733461229726
-2.189232750933426,-0.13804789674832574,-0.811909582364146,-1.731318591013135,0.28943654503367067,-1.1605279478101762,-0.19375330274650435,-0.9144173471092805,-0.31013856496341535,-1.1506447057385887,0.6995815244735618,0.08171199287893782,-0.16842178542440644,-0.02685112703790802,-0.02503938387967396
0.5926313841734667,3.819252290171469,1.2318276011130618,-2.097535631390524,0.9785786479155383,1.4782050595953642,1.384336960748347,1.7939354910808791,-0.8404978819952391,0.44999586846469186,0.7668340725616591,-0.15308697050968675,0.20817576655172532,-0.17523779710059859,-0.004622573699443607
0.5770513433821849,3.9713057076605636,0.965650948600904,-1.8259759868424363,-1.4362514435504687,0.8504291266266533,1.6955420086940065,0.6752367353211555,0.2512643215796814,0.5633531787419355,0.6552984521124078,0.05927351777405768,0.1840047127245898,-0.2040562047346734,-0.0016154749080337103
-2.395607717086993,-0.8168012281835372,0.1510784094046489,0.6460655683533563,0.53327777360416,-0.5988532841456708,1.4145355064918008,-0.33119782299430434,0.34731175687804544,0.1232776928294805,-0.25660383128372793,-0.14675430049988827,-0.17380602860308494,0.033093002096598406,-0.01868294350305826
-2.5478059811485845,-0.5830138783122851,2.347292249859496,-0.4713076699201533,0.18401698802996275,1.311422757506313,-0.41838649214832013,0.13958407841946652,0.6141459232965722,-0.09511197728841823,-0.08238816579440564,-0.02484043389297777,-0.1676183412199886,0.08032442212530307,0.005044381636638354
-0.33186408871743756,-1.787122092246387,-0.7687505289213292,0.14423953745546925,-0.8806415372333009,-1.164209159295199,0.12786205903119197,-0.30577572668643804,0.6424471864053127,0.9763280733016815,0.03566034783254547,-0.14152127505440934,0.021322320258841954,0.0671746431333035,0.07591585045446436
-2.695271054457223,-1.9423195278920318,0.18237420622487394,1.2068733745195066,-0.08911344511430719,0.6998239745386703,1.2184673571472264,0.09462995414326641,0.0954804022714123,-0.2717894427957802,-0.14644803888847638,-0.041761219083392725,-0.015386588176812814,0.04919466197545619,0.03493312608383937
-3.309258705277398,-1.5280147828531354,0.16071267963929092,0.661564945496115,0.005015338405835623,1.4630500032801201,1.0566111260100095,-0.435880890678292,0.5682734814798256,-0.28630648699250294,0.7699374379018663,0.05086518067961723,-0.1339528406697176,0.0009640546697967795,-0.015180013128944805
-2.6089782048265655,0.615038883489488,0.19216828414035336,-1.5683472284777076,0.006075452803499082,0.7590730106181678,-0.9676972055957143,1.1122605320375858,2.064163629390078,0.5504963009119841,0.06914528987185051,-0.4781913613858477,-0.07526960139146398,-0.005906801474438103,-0.04537035472439211
-1.7242622407792205,-3.0475604390754616,-0.027780800173066916,0.9106582410997115,0.6842906325565026,-0.40495158939851306,-0.17106881143190145,-0.20349164724237623,0.9396016970522811,1.0555024227881333,0.10678317217802508,-0.4165838799095455,0.1699089124476133,-0.05064794417144138,0.03447554085916373
-2.267593889059248,0.5026815777662428,-0.42519455509585646,2.1461218460147986,0.019386028162757307,0.6381343159614026,0.4910202012815933,-1.1490960503200143,0.256035506117277,0.027760180064366986,0.10257261455497049,0.050211060409330516,-0.17802726755148013,0.046049667139495445,0.0021771237200699884
4.243625531593548,-0.9873002148956076,0.6617304129142758,1.0350364309988216,0.3580399044603639,-0.7127561232729844,-2.5694857966623252,0.9754093370544394,0.06307966816904481,-1.0244517264097397,-1.3741115159587414,-0.4092792599148741,-0.1003777357918555,-0.1543872569646188,0.014982221853244056
-1.262391358448923,-0.9651383418910937,-0.07158495049638605,-0.21009322065601113,0.14719947712808185,0.8672361081335485,1.9557038979805803,0.6619500619657714,-0.07870002779449387,-0.3949533304740794,-0.47183068884190993,-0.03633873296226839,0.08328260292913617,0.29458152139216265,0.014713308780721735
-2.2430413371732505,1.3047054971632424,1.3062224485242457,2.302008543613237,0.9785089322301515,0.9565482011291238,-0.8829037817621391,0.6859996335585121,0.1528080010160106,-0.2380344349109483,0.19700036457408868,-0.08403583537021572,-0.16865464277795283,0.06197096315737802,-0.00441202529199851
-3.0025316826279,-1.852149349206213,-0.8124753048038047,-0.12110277417486923,-0.2767515219374457,-0.24592402341172193,-0.09890802972286786,-0.09926082500473295,0.7936867027224548,1.287936876025603,0.09068458245960465,-0.27303249113969474,0.015989459505769674,-0.12704320295872934,-0.021146390633623238
-2.131628118016733,0.6741772063274243,-1.107982188757124,0.8924832798203002,0.4943914902787664,-1.515549264255935,-0.04252069483762068,-0.15506682223971607,-1.170463311589368,-0.5638598025221899,0.0853708684596381,-0.23404527481696605,-0.18869523959564022,0.026573223350980738,-0.03244981741430819
-3.2659761433845595,-1.1587337686490384,-0.717824162776981,1.140927137930879,0.7643292393482176,0.39670592091538226,0.8521073342453954,1.0073455883950675,-0.1950955703143759,-0.5660873244346225,-0.45857264933737707,0.6240385365943714,-0.5298570808054697,0.8303474992669022,-0.0035156747131418493
3.752597296836147,-2.251835851170827,-0.4809574265041265,-0.23163948018034514,0.1826004217138668,0.5658197503241535,0.9352122243781509,0.7975590782685344,0.6014776478899623,-0.15739548976738943,-0.7589416871851699,-0.2342283067691546,-0.04474881417100188,-0.17930715664008898,0.023648619832337802
-3.4762579502889546,-3.71174145961046,-0.5162103823824985,1.0306327524141456,-0.10872632868767473,0.6491487721812532,-0.5338145756202614,0.7296309936867826,0.0923177481227376,0.733853522660441,0.5550853255289746,-0.4712470675393594,0.465009350607688,-0.13291666194678603,-0.007268807098931775
-2.8418524452853187,-1.9960355494560416,0.43325016085055074,0.03152720147168164,0.30639781416294226,-0.30138925856416676,0.6930507547026057,-0.07448182669496091,-0.9671939797960882,-0.034171430102680866,0.36139732236993005,-0.23495411170800254,-0.13848933055945647,0.07254148499278744,0.012722710129500676
-3.2259261631821827,-2.8671858775189696,-1.3404565990364754,0.6618524421169467,-0.5489766106150556,-0.7579161169076873,-1.6503959020644978,0.6419003360632798,-1.1591566549646128,0.3770989757829458,0.8070521373753256,-0.360164554938329,0.18206037680482856,0.12536119890144048,-0.0792519233510361
-2.228366963585767,-0.021117652580944002,-0.07045682038571818,1.8425466746155614,2.022726694432827,0.10402300136479536,-0.13662912157233814,-0.8569675526625804,-0.2348398389477902,-0.24268201942841316,0.42690125235553317,-0.024845274908914722,-0.14688001424131225,0.03076005091119345,-0.008083234222140745
0.5310869342507121,-0.7850669096135119,-0.6159151812848378,-0.6517466343481171,-1.333140415217815,-0.15777465220812492,-0.9004937794210447,-1.4257762243595384,-0.587764592043674,1.5872735239797164,-0.41090823207362237,0.1534125519080311,-0.9936864068224724,0.44447727004655346,0.04629785287517721
-2.183845311011394,-0.3177982314734037,1.7023115520641616,0.0645228027169732,-0.422952207228099,0.9110881764847796,-1.2279756156181925,0.07278103327460533,0.10619676718890692,-0.662372705907391,-0.439267002359141,-0.06889849744780788,-0.33831713438322103,0.019626610998280627,0.01893661959254141
1.0948300429706648,0.7343043006939318,2.147546740749493,-0.5735477745794415,0.3810514008166894,-0.1431468596790595,-1.5069340775808142,-0.6584032712564045,-0.8901598519365848,-0.47574133896689186,0.17120008671735543,0.12632805896220112,0.05315681943631756,0.32055602783913395,0.7290812521695673
0.6905804365854054,-0.9248801559172284,3.1155446639039712,0.5307844735093584,-0.4992093937568344,0.745239881983782,-0.4082420536233251,-0.6275520173701887,-0.07914506603815041,0.1946690206733926,0.1861285798184412,0.2334213407969065,0.07059822874600657,0.3164565725001117,-0.07802738486370561
-1.120353720512077,-1.2721274183161322,-1.086347080112456,-0.596165851568004,0.1231774153578733,0.6842897413590845,-1.0742830351674535,-0.5585877429394792,0.36460269366000875,0.4379455482624755,-0.7423017270242191,-0.33827545289196737,-0.04457324979256606,0.01126257598822393,-0.039091894771452
1.414019283712392,2.81114641193257,1.2167892642058993,-1.914701737732263,-0.2516364331451111,-0.4719073400756021,1.2155946219620586,1.1858054704693042,-0.26404106860298676,0.02246678598250247,-0.4173695024677211,-0.06982637123114807,-0.056958406181651274,0.410743801653442,0.014983070650444439
5.613630010969377,1.8662733586029514,-1.4500190397459178,-0.2891760551722564,0.11378547956550056,-1.192586691176917,1.3153198917671745,0.09092761703758429,0.24854583024049612,0.6988118809030373,-0.24854854351073952,-0.10019964253405053,-0.1706177703274943,0.10852372719649046,0.020887777863373393
-1.7188398695003468,2.8114391283441083,0.8790964771361691,-0.24599442392825693,0.9906126067288307,0.01157168616703319,-0.007712796391162487,-0.7518035341209326,3.246115187025183,-0.7202375205765086,-0.21021602486042418,0.3130574569379122,-0.16060795911040196,-0.05028723284712264,0.005429647776824623
-1.5528819262037978,-1.2283839015696736,-0.7805839042420173,0.15253649055224217,-0.49173030686852504,1.4131303096566215,0.08189428548270711,-0.319974445664985,0.8642242761368901,1.1527573095378458,-0.44885476493568915,-0.4282721573273174,0.12838227975411318,0.018170392363955873,0.011241632863734034
0.010798390616787668,-0.24032730782770628,2.785171477919522,0.18284466977711533,0.7747140376732662,-1.159695576182742,0.9706461765091992,1.069123824744515,-0.12107474504180288,0.5760197941558869,0.35609108084975216,-0.1024841941599913,0.34564085079408097,-0.38833772825151136,0.0005668627913508273
-0.7146780811395881,-0.08376440369633675,-1.581481701466365,-1.769832267510615,0.5787727612636617,0.20076876910716712,-0.8057036642527726,-0.8235189193916688,1.3467683472826215,0.02284153702232087,-0.38862524279109534,-0.10160948165805786,0.3213826050188512,0.3645065665933432,0.014856494351034168
0.6195322179869929,4.536418759987084,0.3089410877594784,0.26381137392474263,-0.9825715835608863,0.7870633986187745,0.10137601804041493,0.8251597573934526,-1.2061100609012152,0.14089966873916585,1.005749960753735,-0.021602891863808177,0.2202161064590203,-0.23838189091967,-0.023476263607949834
-2.325983502899067,-0.08849496925571021,-0.8320872764407585,-0.17669611439660296,1.1582570440747701,-0.4616110820949071,-0.09705516835439394,-0.39214240478010226,-0.1311127705186747,-1.0946730325144838,-0.4615659053932225,-0.06140101162576625,-0.09295664291580186,-0.12613443341656466,0.05789916974898485
-0.4550383849536619,0.5644339513590959,2.822905282905704,-0.8646763072548571,1.3309906462525278,1.2384428719020066,-0.9708672947720832,-0.6879656583336702,-0.27717077840155174,0.38080170980894107,-0.33398352501105877,-0.04208110172524107,-0.4920092451919469,-0.25642395828995607,0.04987116470030231
-2.8422774571799954,-1.5634491534653403,0.054427697928368296,2.161669332394899,-0.5622014214221042,-0.400667614291776,0.5607718579574226,-0.33299547662530476,-0.7409281380494377,0.0787547825287597,0.14236089308104208,-0.16916173555530065,-0.11958037049744542,0.021663904191825095,-0.013263584509676877
1.2758910553253613,2.3872012698759537,1.7365752269125314,3.103927755283598,0.954974309283335,0.5160823072937224,0.6770997431662847,0.7710642946988613,0.39221178882185664,0.4416429317357021,-0.6391462604932416,0.06335210828261742,0.05307107225841301,0.297906167031625,0.008687431139246046
1.0975874031614334,1.768910395615101,1.5148333814971116,2.290005345322398,-1.927347143265839,-0.03520553170958651,-0.16814741399074115,-0.6264984323820884,0.2725025783563904,0.1436465165463324,-0.2836845227702752,0.23543395909794296,0.031640120939822505,0.2903307369398854,0.021894092905057706
-1.802435627654364,-3.634399609422907,0.4125072030761064,1.0578399173513635,0.7958882797520634,-0.46761885425319594,0.1379137783489975,-0.3980983731585162,1.44080129443316,1.1790157625830726,0.5549327710218813,-0.43241228343378657,0.1652614930514198,-0.028191192750102727,-0.004312121217580771
-1.4719580308014228,1.2394986582030079,-1.9000037047658354,-1.2481062570054071,-0.6529179168513074,1.200533372614537,-0.0006486747790449519,-0.49497313388264186,0.8650464452343314,0.9543255222000129,-0.14988087400934152,-0.461163306749674,0.06730828570754088,-0.25957200390968094,0.010725797192750505
-0.4777476833821208,0.9646152209179317,1.8738596132916736,-0.3115326547532172,-1.135222582779201,-0.28053992382376236,-0.8594259240485832,-0.4678080285859558,-0.7810232166841558,0.2325382602596957,-0.32379227114547027,-0.13645555116649458,-0.5327214001505716,-0.27129761221901094,0.04533688326371869
0.4797772266480562,3.1903148426764045,1.30633176308798,-2.3877309750956783,-0.4939546105070092,0.9392721513837312,0.860817789758673,0.7264523264417377,-0.5723761875262989,0.2975462687252063,1.0170418731799287,0.009375990876091367,0.2074583844327002,-0.19944197480654746,-0.015851180483298546
-0.15010071135058167,-0.7527586711843064,-2.067133728315164,-1.3081830638516379,0.9171320619543606,-1.8512119877360673,-0.41897639590873403,1.929836202067472,-1.2474772981991213,-0.1059729503958788,0.1394516559269089,0.13678296636681653,1.9038045237298822,0.6636335748307914,-0.040597059201771625
-2.78323714350737,-0.01568086754919018,-0.9665440199001119,-0.43888589046613885,0.540886243469744,-1.1598030758250135,0.07420011673390381,-0.5650020670673966,0.09299390225738949,-1.043442309222658,-0.12892947110408853,-0.18114926835956954,-0.1036386552534314,-0.07329229112686403,-0.055925010929806444
-1.9784021628661876,-1.716395963670978,-0.890287983212092,-0.1357714569656808,-1.0314476833784294,-0.38628415052740694,-0.24987548979108057,-0.243224423192735,0.17731085810558478,1.1107241401611967,-0.13438589312943025,-0.6028282653822713,0.13481801289263973,0.2524892786120879,0.013033559310548018
-1.28906561857099,-0.6175875580929537,1.1560270665801986,0.6997036410348636,-1.833416666106631,-0.34928630293015983,-0.6689867237685865,0.698957186449646,0.11302321952001165,-1.2227009859671296,1.0263141931583997,0.12097699377668757,-0.1837371973647527,-0.058993409100582164,-0.03505558379673718
3.9537937710605715,-2.3967683626810006,1.526271902687209,0.0028479263033903135,-0.06777070363682103,-0.6580990546131581,-0.7407106014066451,1.7771547127914968,0.6110829828765676,-0.49891360542937957,0.7869121021433731,-0.1928657647879509,-0.22757000590468446,0.0040203767543303265,-0.016431855511488985
4.145713687733657,-0.6118502421620095,-1.350470906809201,-1.6832384548594588,0.3769990148665637,-0.3727730410619563,0.09030995007159764,0.2497591415850503,0.3189674553042494,-0.7807793317038509,1.0209887294663904,-0.0047767115644341,-0.14491585876794383,-0.08692896793848828,-0.014799948145681651
-2.8235299412331494,-1.51733501528473,0.6773868056733741,-0.09081821796972789,-0.10374461825376535,1.3641722888308325,1.3981220843015787,-0.6077877121687367,0.12596131184046488,0.39527713320635854,-0.2831682550226578,-0.08284118789240572,-0.137316874400001,0.08683324294753446,0.004064220189827099
-2.5313321165794433,-0.06957130719936155,1.3787805847645525,0.4747366222820696,-0.3600730139545635,-0.08663560935891024,-1.0450415009178682,0.5350267931387114,0.0005709882720832948,-0.6549001463626813,-0.34376068508793994,-0.1791777697068612,-0.18489614006754346,-0.005460881946974944,-0.2392441603688305
-1.8457964442959802,0.37974272773317486,2.4444265083546486,-0.8286932102264735,0.3437464228031738,0.08925874158500458,-0.39606514988175356,0.49607047228184337,-1.2482500759082076,0.8990438100648599,0.04034558495903731,-0.3191931184819047,-1.1883001248521912,-1.1586015926540747,0.07580296845221099
-3.0594456368278387,-0.650047152966444,-0.4737023377986653,1.6900663215162643,-0.1376091089806477,-1.6324144146598278,0.0843483888309726,-0.7762800964986138,-0.37003257012355845,-0.2684773240508338,0.7247826298095734,0.00940699737242029,0.35686725711560374,-0.10050776449169449,0.5716073542397642
-2.25143897399343,3.779426432355082,-3.0194573699963643,0.3459659749131978,-0.5203522532833353,1.1029265518311977,-0.1206432648856227,0.1637532131002301,-0.1922076387956631,1.5027554336318234,1.1091579709026902,-0.45060268543004,-0.16594339738274155,0.3027404227245768,-0.022632326787225
-2.4448452757084715,2.1962000084041646,-2.1166528728664638,-0.8023686606811984,0.5882618276857946,1.1449398149252725,0.5083722921466411,0.5218578439477324,-0.28330728902057606,-1.184146879113414,-0.12424502705138019,0.2936903957796822,-0.060586754075837766,0.09221315732473408,0.005734490675422052
0.2002848884946573,-0.043710811161416174,3.066584399031808,-0.5488374319295202,2.0876729363317685,-0.4791029615209901,-0.92020445153324,-0.7722396250238912,0.29556782401649273,0.12157528909692375,-1.5124529275573861,-0.10863132949493778,0.4882617897441389,-0.5282139497246461,0.02872340124678164
-2.2248151421575355,-0.11547193564940794,0.367200214060112,0.012049859299320509,2.3002032265042356,0.37676950018219,2.110372231391711,0.2397449942769334,0.7137187014090782,0.32735552985740585,-0.006414956933398427,-0.12720572219407297,-0.2013582207609712,0.0994739497611901,-0.011061401423052432
4.516228412541631,0.6355086985232552,0.44098956391802707,0.3272265220912215,-0.15516640619970923,-0.09705020760700678,-0.8532681163677025,0.7765076163687294,1.7572979451423303,-0.5940062501182988,0.40619274825980917,-0.01707287687013359,-0.2559275017180386,0.011409647990450009,-0.05693556758343182
4.50885962391671,1.8429184213088567,-2.45639074671232,1.0542644463758937,1.5376261612129882,0.459172736376841,-0.3599530384853138,0.8752589935634032,-0.1559333112885058,-0.8025316376294607,0.14284276959898556,-0.15224147771332494,-0.10538477537615543,-0.13044958674987306,0.005208382614551997
5.2936276660291615,-0.030490427918915985,-0.532364139296407,0.6758367184993073,-0.2226477389201298,-1.0708859124537118,0.17255178394436435,-1.3290867293452429,0.5378147356719296,0.6274235683978773,0.13812679264097624,0.09051661123984794,-0.10304512206888211,0.04599879366650014,-0.051628716436762076
-3.7815800760875025,-2.2642275596412924,-0.005143925341330596,0.1805222648981526,-0.9297666191672177,-0.43840761185025556,1.4782761496871106,0.06316441428183744,0.46370293655840444,-0.22842350537414105,-0.026920171875929058,-0.012357274091615217,-0.21208341683379586,-0.06701454677022539,-0.0016838356840656815
-3.390804560029585,0.19239449216725402,-1.0247708359626155,-0.5733330140275327,0.4112168258706817,-0.26949912033650203,-0.6178379848223092,-0.6959116663231422,-0.6141142726831244,-0.13060697355793743,0.159874671025231,1.9347184271448994,-0.17692613238390967,-0.1913652559584167,-0.06446344210440803
0.2322730222024867,-0.34308524861659584,-0.8015875435951278,0.15053084526811122,0.10790688519400682,0.963398329630115,-0.19349527757855814,-0.7001723560274802,0.5721037274836029,1.0838126238879056,-1.0475178621816559,-0.44875556610505096,0.14294395790299183,0.005042871445519598,-0.024501911680062202
3.9776075120717977,-0.5801319231489886,-1.3211334940139439,0.3609360849787514,-0.27810976298052403,1.2007608157453107,0.22908768758929612,0.3583152759715744,0.27502660616447805,-0.3931814042629981,-0.02197306616795318,-0.11842179763233837,-0.09296700423409063,-0.12192013734074542,0.465945739083148
5.265944853107495,0.5142667946605386,1.0650847263706194,0.7293690152360393,0.002511043719176209,-1.36853886611185,-1.341604932619133,0.4108136126583543,0.2727204198202468,0.2738737041164838,0.1859518972431633,-0.01068731956193908,-0.0969162524758601,0.03900310254212806,0.07810086961263314
0.6959367793431519,3.589107456784165,1.0293009405813096,-0.1397923355772089,-0.3224605420971878,-0.9670003094845998,0.31126938552990313,-0.29270240071976844,0.6206174572884113,0.16133884516265765,-0.0727327964967732,0.05144309900891608,0.2962993365170553,-0.37452811394852864,0.009816542422440991
-2.687348521738886,-1.3871339929717985,0.2667497488948364,1.4819192920146993,0.485577458280496,-0.37565589715159475,-0.27840298462350266,-1.3057023503355194,-0.3385191576347804,-0.19973040130574496,0.5385545147084685,0.012146692118691377,-0.1063909370444327,0.015052983166849623,-0.0275031314227854
-1.6138068978598095,1.792430183081192,1.001312165059835,-0.7592482904407716,0.5254809885482783,-0.9476890827587543,0.18935507653516265,0.41931736885240106,1.609408330954894,-0.6598457642310891,0.3392496108828729,0.01529285520740084,-0.44162717301883164,0.07920367351404024,0.046479492349282954
-2.1256321008866994,1.0466348020142213,0.6760697542954426,-0.754267602850296,0.47813015373982726,-1.3101133789648811,-0.42891982806323214,1.349520874132242,0.34914524804768504,-1.0500936512790617,-0.7225674637745253,-0.22894912570058537,-0.1308820863297713,-0.08031277520483868,0.008742916866815633
1.2818890743181175,2.045455458089861,1.3386397904021765,-2.0689114299924025,-2.6919789194129575,-1.2268874732521733,0.4839220397027494,-0.826251761316416,0.6244225394157482,-0.15450600576927845,-0.05269808922656187,0.22384718818484692,-0.05687957778239633,0.369468383461725,-0.0007447248728610356
-3.4422292406263484,-1.1857865146137303,-0.8025367961366907,1.673054627486643,-1.9425229945536637,0.3027697451768492,1.2437525687914082,0.5108024329060294,-0.4594108230512722,-0.24875112624895268,-0.873513815771077,-0.2705898393619848,-0.21304172523801887,-0.07508172711824729,0.0418870838994844
-1.7593714969354064,0.4390278951301543,-1.2291196645774576,2.232508822235155,1.268380404194926,0.5180955544394865,0.17578423643010146,0.019866202917639575,1.1570115645932368,1.4727425865784445,0.2978534780895484,-0.4523925054792597,-0.07206225021972783,0.09379273784176458,-0.019521829312200194
-0.6901311918288255,0.5977890655561393,-1.848524606689986,-1.1116796035951846,-1.274476630798807,0.04213129816244021,0.44411685193456574,0.33286535040677195,-0.07209595575041428,1.0120446180271736,0.2743092581057691,-0.46948676076345097,0.006703292133583227,0.3259414788399064,0.055800533922913065
-0.05054309995705708,-0.37001033958981966,-0.703199269628302,2.534660100408427,1.8847091003139895,0.34346357376741676,0.12154410006656732,-0.0383364978275363,1.135182725079669,1.1604240833881896,0.007411684226284292,-0.39079572874778623,0.06814113063783872,0.09425782848844295,-0.05489738443491503
-1.2816987652030676,0.27422657440095355,-1.72209544867777,0.32819592610953163,0.3455093533461405,1.2633742843252493,-0.9669895808236613,0.09485271945213133,-0.34699075332339496,0.6965915783276719,-0.08352793904899622,-0.3830598689295548,0.11049352306212668,0.02500440095738629,-0.050168271898715304
-3.6433286675848877,-1.6174732975632553,-1.6917702326880861,-1.33095742477392,-0.6395829279962605,-0.6641311176763006,-0.8858889648167795,-0.025901515239603323,0.7113270208945908,0.49291450053694136,0.19311416717319252,0.1379109094911474,-0.013886626610160234,-0.1912809340011114,-0.0012825206553747281
-3.4118890573022562,-2.421393849019099,0.6523125665813605,0.3294925704524132,0.7171211431589146,1.4113301492868109,0.8475107109548141,-0.44394526859036304,0.5190192167672909,-0.28881718023147146,0.11711985177647229,0.014394726758198806,-0.0796979565433872,-0.055663519630991996,-0.002393320895779741
-1.4200272402235923,0.08434623644648842,0.18479744127900466,-1.7132243717539382,-1.0707635517232674,0.08837232584596189,-1.3948063351144928,1.3903949696936964,0.4367672302058526,0.5638948735231237,-0.06966409824338834,-0.302104722397178,-0.12516777652282457,0.02130436625764387,0.05548988760092791
0.9019419359285825,0.5825895969458292,2.261590253251891,0.20287285658432064,-1.5634037110021546,0.7237191509692564,-0.12315170224257047,-0.5987724623524363,-0.03649940054098211,0.14347310510569586,0.15029640915530856,0.24858307700503043,0.015610696708383387,0.3543707675996976,0.0753259553290801
5.224714949329101,-0.48980718998658956,-1.7712690653956147,1.5372221090276565,-0.7095068564270662,-0.21090219992418102,-0.35079065403426035,-0.6341541303355112,1.4839519761404494,-1.2722136717697152,-0.11405414363694946,0.23730333650940333,0.15619464302303251,-0.03558492117956256,-0.044825878887269806
1.0987562086329974,0.9674714781449705,2.3840815416205055,2.5700902351282773,1.1936679581692868,0.3123371686357814,-0.4629793974006342,-0.18237179664356434,0.23448304724397379,0.16730900819431757,-0.6157203224189144,0.1438695463858238,0.110169736998313,0.24464120732057876,-0.0009749745603794295
-2.292141925842621,-0.06561724762974896,-0.14221339112013184,1.7706364516403144,1.7910195303041556,0.512690222638992,-0.23750203547747814,-0.6392392161703355,-0.6857698951260198,-0.23422015412274166,0.4092546671567484,-0.007727962135258448,-0.15124041997218354,0.03987307746669272,-0.009168551410408822
-2.533174747216054,-0.9789021820328531,0.4641357611798291,0.9265293581593643,1.3280086833258447,-0.4203385891006469,0.7402210156323871,-1.0740975520980542,0.66076710311909,0.05285967895560631,0.04359784261313263,-0.03300032105871384,-0.11051691741088149,0.01847109421753805,-0.02826523305033348
-3.491029160564392,-1.281832118053904,-0.6260380426642759,-0.32667226489875606,-0.10471726320985686,-0.5308573101740264,0.032224182252075205,-0.6232587275457411,0.27259692445622585,-1.0729933805020004,-0.47042441988862405,-0.16478608291128025,-0.07183755142781069,-0.15306853918212232,0.0286941125865283
-2.966075947027532,0.7947248933825848,-1.0282219071207923,0.677019647992996,-0.08391998746228901,0.47738175723791687,0.056037977202648234,-0.6405850565718294,-0.4874511712659421,-0.352687002431562,0.0006545398046774453,0.0662963931020297,0.019160973968812417,-0.14292609894085556,-0.024014677048783743
-1.3861588039279553,-0.4969838542891114,-1.6452448142513483,-0.3229581433479106,-0.07853954796898555,0.40331640139433467,-1.1564272264734443,0.02891769855903925,-0.4206517729075651,0.7025498210715329,-0.4128429382552812,0.16236180001086456,0.11382634936625555,-0.07759853895167004,0.0622302827476824
5.322088137432232,-0.05544446082225052,-0.35451415853449597,-1.3828139113668703,2.1009500818812556,-0.297409230972671,0.18132470885799967,0.2586030026836435,-1.024381068825403,0.43822451457098155,1.0132082141875383,-0.0865887092280678,-0.14915583690557283,0.1654064817233571,-0.017230028684123627
-0.23684648275955178,-1.9329632542715487,1.4618089729652586,0.15118605508590344,-0.94729379881862,-0.6926658419357572,1.9042129345296759,-1.39947287364157,-0.07101382317435839,0.89255461958424,-0.039077957211881065,0.047285245368426876,0.3739976664626337,-0.4246237904257324,0.008058528903039456
-2.496700751916793,-1.6428266116603805,-0.6538903886791103,0.316290825339992,-1.6001118425204215,0.5672449441297316,0.05546130777568699,-0.5171444482860321,-0.39802644489611255,-1.1899682246150942,-0.1463136943131343,0.029901608948231212,0.518467546428869,-0.23392213441051196,0.009574291792126155
0.7433002250143219,1.284478232931034,-2.6619182310063914,1.3175472157842898,-1.3921548073781471,1.0507396638695496,0.24765403978816578,0.8593011822201047,0.06993788670588874,0.27320706131136624,-0.3413560738826521,-0.3046453125003803,-0.1544367933329583,-0.01015592329212612,-0.038573264421500324
3.851137973790905,-1.5228341151891613,-0.5879009675746114,0.39102355784446763,0.3769232309709767,1.4284390924787007,0.7454137141147144,0.37185221875748914,0.9128748626292844,-0.10451190419997317,-0.22637765497039591,-0.04852349157459382,-0.06382563980566479,-0.14680425369495143,0.012544822932518143
0.04656004968761174,-0.9777305034360514,-0.7906520503814229,-0.5946343512414424,-0.9005344237903595,0.7830131187166294,0.09637347776032183,-0.2639682668689096,0.001235695407448667,1.1242040743631803,-0.047256622598114625,-0.26657803148327697,0.07503808764113387,0.06344938054358278,0.032210160280872806
1.4338867819849859,-0.7438975550704379,0.5919285795445546,0.8019196620866178,1.3578016798735317,1.9281339331577843,0.7104089078775452,-0.7295399088835246,-0.3340579738136555,-0.6752631304567998,-0.1507784991155633,0.4441716928262366,0.6314028229886292,1.0083376856798085,0.07768525462351887
3.931665679360528,-1.0039030068188857,-1.0971702067517808,-0.7729397310825621,-0.27010504479627295,1.5272695421686833,-0.7919187100766145,-0.4860183723174126,-0.06830102439283198,-0.71655480499929,0.8803675690568646,0.07722551314696952,-0.10387058307623165,-0.08901474243196064,0.0365402137809702
0.2947743140500476,4.285828064790856,0.2121424285421723,-0.9366471739986397,1.753541946928543,-0.17276617260497795,-0.6850360334139232,0.5000161276266806,0.34277012967673814,-0.9478313083287937,-0.604442252881604,-0.06555412560923576,-0.2504271798929283,0.08714190285744335,0.0017845601060504767
-2.4096252940323337,1.0313040540007972,-0.9974479195217696,0.10406012738240206,-0.9951581143564289,0.7394354791604199,0.38530742612083546,-0.7531109748405733,-0.7715445655873705,-0.185762752012151,-0.09606854559556224,-0.136156562928435,-0.18324331425019114,0.1056093340707978,-0.05806529219248287
-3.177486175055476,-0.3566850979898678,-0.7396384383379524,-0.8452080629340841,0.3329315796143234,0.6539381971159457,1.141719936053169,0.5803936196076964,-0.2150136237153069,-0.5920166758661578,-0.3463334041507914,-0.14989225272814335,-0.3070084557676453,0.0978003410061556,0.03288663040348622
-2.576889594081332,-1.0293669898094444,0.23934035071416448,-1.0476534539158366,0.6493403478458778,0.18084920275958005,-0.3340195136918813,-1.459886371045298,-0.4319324034469851,-0.35466211079613713,-0.7276388514303469,-0.1472522769252115,-0.08449153806421032,0.010744485187286656,-0.048354360534973696
0.09580006141890429,-1.0982853315035703,-1.0613638476974687,-0.55066083111645,-1.0830719460399503,-0.8856676119156743,0.07010469983669854,-0.021602010082959075,-0.17815227611686502,0.9016347579361228,0.002728735358739083,-0.44626339026288864,0.07377430795161166,0.037901798404327405,0.029056700129847464
3.6391784731255687,-3.2848430722441906,-0.12824981067758384,-0.37868115797946333,-0.9178419167320576,-0.35572254967731065,0.04037535525896648,-0.8180904848047255,1.2231230091514043,-0.40237023795895777,-0.3667171292897951,-0.001740255321977635,-0.027286680690536858,-0.229682208350783,0.5330640890269205
-1.4951157848299352,-0.661404187451004,-0.23500655121031905,-0.8094406763073689,0.8528672982268015,-1.063526528067297,0.6938501792659787,-0.44792042959403855,0.06068028935759015,-0.8185074636074636,-0.9750349769675246,-0.21742274300912665,1.1276052867138988,-0.8441802282596884,-0.01773036520643151
-2.557205347381334,-0.3880373189977896,1.9271451110815947,0.08816526998198515,-0.42032742639263954,0.8548425050030359,-0.6955302720192705,0.34454821220494813,0.07570002598630887,-0.21576874537616295,-0.07620794953995283,-0.059976680300808966,-0.17090926648809218,0.0640937026003394,0.0007484759120597127
1.4046205214293943,-1.4157391134863182,0.8003800955561882,-0.20244180453712285,1.8558220405321535,0.8961234410606105,0.8016715756166003,-0.3381784923145437,-0.6122860501842031,-0.843448875193137,-0.05350752066430227,0.24429663018192227,0.6323631244413209,1.0132922317624689,0.07565849942202459
-3.5173158240365976,0.5501407121698145,-1.4632614555127474,0.7633464763361666,-0.01942663232956726,0.8471343569388008,-0.6097096230249993,-0.388827850303301,-0.6883775991955192,-1.04122023563169,-0.49592206615182244,-0.22058296751090625,-0.05476401263885983,-0.09612588385441781,0.05354387210365717
0.483312377615821,1.8170892606077245,-1.8764543393896593,1.4077272007016146,-0.6885049962427642,1.4364409449641355,0.541889246012563,-0.11460859645024835,0.6402140409321257,1.2781427056011399,-0.34352857978377865,-0.32878845778156096,0.05164792169488486,0.0846527527769967,-0.03369101289039263
-3.3976128537365056,-2.381685964493704,0.06683423800308597,0.45114547312317566,-0.014121604519081454,-1.786855556822387,0.5575895569667193,0.42306387511114946,-1.2377435200213474,-0.024983619187998116,0.2518112225071779,0.3363114369690102,0.3669803617593,-0.16537450615056778,-0.1442161799242114
4.10431121564838,-0.1600308267473982,-1.3745796270639643,-0.7500283499731191,-0.5924972600047348,1.26645910060182,-0.31441121301145136,-0.751299684830911,0.6973173468776857,-0.6475774470889635,1.066334437430043,0.13238474020709323,-0.1378613488255819,-0.06663850249344154,-0.01863370302306508
-2.0562621101928418,1.3093616777968449,-1.4166907208740953,2.1090078461403516,-0.357981095208186,-1.4263378935095326,-0.23520172787031005,-0.9627893785556045,-0.4481238935207727,-0.4460185344552851,0.043435114850556955,0.19706287391716704,-0.19168743328403667,-0.03000903210733504,-0.03239674328195384
5.256904688913876,-0.01721509557878087,-1.01555710667286,0.3096396310993971,-0.3350286434730969,-1.8306429812137677,0.15044726562923472,-0.12000966346115138,-0.8361113099559727,0.4244020012212506,0.39140569497193645,-0.10550407812916299,-0.13300821550575773,0.07181439035405064,-0.05995492888147313
0.17637398307368057,-0.902296867563282,-0.8132000386408442,-0.8923467922932881,0.1562623562899974,-0.42805493051003274,0.5989650456583159,0.3786108963850967,0.2216892771377319,1.1263378739339738,-0.2239342616808193,-0.26110485388263927,0.07244098657263393,0.02916531828014987,0.016415403762177087
4.192782396799961,-0.4138014475835292,-1.3206493696179042,-1.227786566006102,0.684510280087816,-0.5631411931330308,1.0364351958399165,0.8166114154751825,0.8708279309461637,-0.4807406689690721,0.319192361550449,-0.09662222000355972,-0.13529521400505504,-0.1125206796874397,0.06420166834129475
-1.3532222146969572,-1.6578208003278152,-1.5971747544210413,-1.607747288817784,0.17767521739354258,0.2077547784609861,-1.2913403805712336,0.4884660031260863,-0.4568860901691488,-0.12314490607146399,-0.2391731454765012,-0.02310881437468107,0.05977102181789562,-0.06822808483090433,0.057449967071904404
-2.352499649187984,-0.766757500672082,0.04846812088722538,0.0025543634853584796,0.6643962384325953,-0.8572528880415913,0.91123471315416,-0.5284661026126378,0.033526640449104694,-0.1063503014387513,0.17492404063288078,-0.03580528704129518,-0.1889283690819961,0.041756177061365196,0.003601663678099616
0.7977968033426159,3.9073298918829855,1.3594493452958936,-1.9108091245293344,1.348730909357191,-0.3351095668554823,1.757311248680241,1.0247590505721773,0.7518620207613196,0.44551607137864124,0.7912951109836227,0.029016405924058297,0.212538074604589,-0.24166941817592735,-0.0001836350306139451
-1.6625523419231292,3.9915843433686953,-0.17044003041227923,-1.2786179335569368,-0.044535964547631646,-0.1919717138453073,1.1698707687031988,1.304787654550721,1.7948633969030987,-0.6913752745427908,0.7503348478009816,0.0999786333005018,-0.297032696687485,0.10111796581516484,-0.008988047765819292
1.2170380122989508,1.6138969528464053,2.0233749844799624,-0.8458154738307557,-0.1127867004945815,-0.3189291739857113,1.7880611525807957,0.9377685197961385,0.7454158969993986,0.44830945550924894,-1.3822548608386958,-0.0639564954899994,0.01273986389091751,0.3273700560477876,0.09315336035850777
5.088823298380394,-1.2132826047565841,0.001985566045632242,-1.1037632408805464,-0.821851167420708,-0.9169714303041876,0.15066975420995699,-1.6400794237933802,0.4148660101678073,0.5842503575089,0.3353393185522207,0.11051823210542668,-0.11341779557295736,0.07613014610621245,-0.056828177780830484
5.395032365842788,1.0456529916123558,-1.6396180122561466,-2.137298093979602,0.4053401940323509,-1.35651041577702,0.7805845987726899,1.7694507981428071,-2.425944087115488,0.2857258890554436,1.1893231589803759,-0.2494237665593794,-0.24200019351922708,0.22235329710613166,-0.023722664297758232
-2.0620556144251108,0.9033286446680031,-0.30014608916980523,2.567050299084009,2.0819181894492544,-0.035038426515738186,1.0258527178788583,-0.47955527204323956,0.7168258585542437,0.09691991247777464,0.20441454759991978,-0.02948784895672743,-0.17314291382800095,0.03978290388747781,-0.024676119838060315
5.212400074723217,0.015733430648807722,-0.9009230718556165,0.22943966819988038,-0.6524137526308477,-1.0105395626273017,0.2231173289893886,-0.34039641307928914,-0.7232957737716141,0.514348135709565,0.3622158767422763,-0.16697799400755972,-0.13402314733636117,0.10400337361868099,-0.05868517663307463
-3.3208930686924414,-0.0206165234160145,-0.6604876335331009,-0.4594149111550001,-0.7516365136477833,0.7594660241481239,1.0549476097555601,-0.28894763186971995,-0.05487915483416117,-0.1980900120478218,-0.36552639610554144,-0.2248632900582702,-0.1467196704987156,0.037248251618392875,0.00811546396732171
-2.0964673736173736,-1.2306488213072264,-1.017343098811208,-1.0349922205332989,-0.45658073463376536,-0.4171325254632827,-0.674814162846017,0.1605849717185901,-1.0613357288045855,1.3233861508843214,0.18142991074978249,-0.526906186797669,-0.2642606513152408,0.1737165737446163,0.015772694796886557
0.12061613016281703,1.0434537762603595,2.289797080792939,2.7537495930768427,0.9997460594987516,0.3455641943940595,-0.017900046633471743,0.6026007861193914,-0.38894056523822446,0.5618418548354769,0.4530206863962374,0.0025577696097880964,0.37490650364338507,-0.3995489543867572,-0.008428468436231722
0.23923870458204455,-0.05031739423832993,0.817058618586042,-1.2253579673346355,0.6637775693946245,-0.541120756254863,0.6668057911293594,-2.0348905172938254,-0.275644290071378,0.3061677286038824,-0.40077595388033577,0.03253527323521388,0.3899092526583785,-0.4302652277251578,0.010417521982390161
-0.8561041036209638,0.5812853060305665,-1.7919881065205978,-0.11629738615957985,-0.4159636167947808,1.1071123507678204,-0.24120296505951055,-0.4675041335445218,1.042175711098505,0.6507261451091682,0.3334462590772123,-0.05777466422453323,-0.14867432052020363,0.10406385299905467,-0.05380706264155347
-0.5072344414516785,0.12353130758622699,2.7038126336994845,-1.2439157470226436,-0.08436252577470771,-0.0559036660446941,-0.9829008139667434,-1.2045118785463267,0.010593155354615219,0.25711768162027676,-0.2630049368517498,0.001711421857622547,-0.5048190940551021,-0.2843855423905479,0.0459806421778929
-1.5408581461491706,4.007867293865948,-2.0345348119842552,0.5745752930471631,-0.7012718703874791,1.183982752937089,1.0586204009688298,-0.8454005078834603,0.2157953530226777,-0.19259667932027574,0.9428968967587311,0.22625264530700176,-0.07998543705964502,0.15588030082052917,-0.02061027116437124
5.099787928140133,-0.9160225892703514,-0.09680540390864525,0.7193729260954351,0.7425483169660865,-0.10781084339703129,-0.2777955233694459,-0.7648674913858005,-0.4014251900444428,0.6506142317433914,-0.9075971288134871,-0.12356975880586893,-0.024534980441340226,-0.0006736445040396721,-0.033157275794197624
-2.718786142942217,-1.2207228231154255,0.15928143716108778,2.59542840205674,0.07833349066281337,-0.2760937891577512,0.2412786721363869,-0.9992235106016003,-0.12184107880198591,0.03703613090732647,0.3181350272635021,-0.049458084636414795,-0.10445584029680373,0.0077113009212977646,-0.15218171639301595
0.46517000156212207,0.5813258632358624,-1.494416858629201,0.5271576684221546,0.33216097262555394,-0.6063796693888635,-0.2868890349823312,-0.41712518754709904,0.4850094652587193,0.8693621293275942,0.10122018295792493,-0.10661624858234667,0.0752831270143143,0.004408058113111818,-0.049337902324378805
-2.8135583442457466,-1.794359472275667,2.571023288071147,-0.09461919037571842,-0.60349265754478,0.9674993401525693,-0.8106350288166981,0.17776883946659666,-0.027868726412852818,-0.16077045986390198,-0.08575404782187468,-0.12246216509592275,-0.14132710383221403,0.053558704746306585,-0.011562734750062358
5.299941899032847,0.1168340283287439,-2.234614606104984,1.7553644777667456,-0.8409476493101539,-0.46555982850711275,-0.3357668440747301,-0.16294493917914465,0.9745262322659238,-1.379976091328084,0.4261371894710269,0.15789451009431715,0.11815890958720757,0.008215327265712113,-0.05719495870341027
-0.16665479341543454,-0.2393187851559644,2.9500365874535763,-0.15764155164387267,-0.7581370918318727,0.9769338922547717,1.166294367991694,0.4980302475615887,0.055789984404430615,0.8809782959010821,0.21679016741239762,0.0349061911470219,0.32771726163771137,-0.3333474230993501,0.004756921431989053
4.299524803490989,0.7414593830341332,-1.8402581872860824,-1.3893946408562206,0.13272510546707905,0.7085779942533852,0.6704929693388426,0.5819647684224714,0.5296385912677966,-0.5429756664086212,-0.02981300522787382,-0.10661360449396148,-0.1426319016387811,-0.08363870409380098,0.01641362345085854
1.2215167463288292,2.6797185443767666,1.3388404237677247,2.0661361891997094,0.40731737123839634,1.6257040479940152,-0.44185182285553126,0.741782979331612,-1.1085967530136667,0.08057009849737264,-0.5894845184279796,-0.01676010245834117,0.04844073719600066,0.34178076176950917,-0.049186615849862565
-2.8353529762092986,-1.0839072992774785,2.251052459959736,0.45192990872383176,-0.3069915205211693,0.5491056734229887,-0.7762545911991504,0.23993785214426105,0.1490665356615163,-0.1474943951829878,0.12373515146414271,-0.07789893890305374,-0.11931368036896575,0.05309664917631418,-0.01747972184829061
5.163501210404581,-1.1807303045995161,0.5226799660776182,-0.808494514590077,2.1412690960241036,0.29475307297925246,-0.03887230313013523,-0.9600450784057466,0.1391161930204254,0.669439179708353,-0.1443635871199581,0.008776245331351157,-0.05359594352276974,0.06298725949682779,0.06306523738610006
0.5443995433402233,3.7194367447427887,0.9314887985769247,-0.6459764555212519,-0.638043370210501,0.7797627954521129,0.7229133250198425,0.7624494141597322,-0.4592672901390347,0.37180104739464936,-0.353051427948256,-0.12393952469343136,0.2756611320685426,-0.301298317888912,0.017885639331060108
-0.06283830063630225,-1.1877815519595654,2.441158887295777,-0.1142518720410835,-0.435586482180355,-1.9281964651778947,-0.16521459483805032,0.9315729850644936,-1.0206640305156256,0.36993888916334755,0.4764667229943995,0.9891012007683967,-1.1520780941433797,0.37391252049357854,-0.031941922492038546
0.5947015368344952,3.417687990421211,1.67138066869211,-2.1315702280708404,1.1559002468253499,1.5565079696348216,0.8447659977052133,0.5932370272192582,-0.052993277700918884,0.38338102911747185,1.0700068843893906,0.07786516878192115,0.22871172511971988,-0.19922030085942533,-0.01357544021919851
4.823305711910079,-2.9820359667473433,1.8070817690685492,0.4538733512044222,0.9283017542860568,-0.9965055770878709,-0.6897203648154606,1.1171017975435447,2.4704615847430595,-1.204010198793027,0.6456219555565883,0.12841945336672528,0.1792650635486015,-0.020791361638146627,0.021996422034882016
3.423188583370592,-3.7882181891749944,-0.03840695391448437,0.6833541401172858,-0.5901739678652541,0.8245917018929008,-0.6777173470868787,-0.24873766484152654,-0.14631444152827838,-0.4360915387275553,-0.17878663934199535,-0.14222525886278056,0.006108877056225356,-0.2146471937339765,-0.0002962618382200445
4.209696945915496,0.9230347968361601,-2.0220560004195463,0.38903498959710503,-1.23649843595926,1.5712475721447392,-0.09795623355401217,-0.4766904506759639,0.6926531896703523,-0.505237586844411,-0.17549997600262413,0.04469968303699648,-0.11121171907997744,-0.12204385854012548,0.005757283106704992
-0.97070032002693,-0.676442628580484,0.3892915114576135,-1.302688498252989,1.724115282772352,1.4983936632070964,-1.2092904010325263,-1.2887949023159981,-1.1755606971474217,2.2114556778682393,-0.10023803423379107,-0.5787976592841088,-0.01906842127359884,0.3249542345383569,0.05034606105150303
-2.1477556362869947,0.04390831985599131,-0.02399956332321404,-1.38971337045012,-0.20760002564927438,1.2829064407198008,0.9067658584063131,-1.2533118418148093,0.28681059051202173,-0.03894215338645228,-0.3489616739684844,0.10869109127033416,0.044219553024726854,0.05405680697331888,-0.043094954996623726
1.1776723228619312,0.9192609982213777,-0.8816227265746921,-1.9234840911814284,-0.3597246114331716,0.49011540018336164,-0.641169410427393,-0.9167137056326475,-1.4990761653168554,1.7217096430911252,0.4976014580435423,-0.6504181050675161,-1.9311912314338102,-2.093593817027377,-0.011983679047824521
-3.3125323520624157,-1.0341908971806448,-0.5520414341814117,3.0091053814015396,-0.3525719313371606,0.9253604195147553,0.43239677887644123,0.10697321578761324,-0.45028925822259663,-0.4438189204549445,1.0508242344245817,-0.0577783595118925,-0.12528364388994107,-0.026112487218901234,-0.029573940375467074
1.5042182167922187,3.508293747114856,0.9350046563942922,0.194217505065858,0.5838995184827842,0.29950971083385314,-0.19077379543187972,0.6694336634205225,-0.7665196042517297,-0.20588394985506395,-0.07847529577581408,0.014314684082630619,-0.014100085632025638,0.38268916037876205,-0.0024524100211833493
4.745932497210141,-1.6439079187451133,-0.05583646610844123,1.0816574956248548,-0.7949636704858757,1.0215485057123623,-0.08075945932138104,-0.13624329246442618,-1.5349031578506274,0.8228816362351965,0.5262560927956683,-0.11546691603372708,-0.09730654990646725,0.12185262696015116,-0.03577904306732291
-1.2195312047510423,-0.8092924697761624,-1.5429032314683557,-1.5770828559047512,0.06894863773376364,1.0818557261510757,-0.4242522163077743,0.15970658805983645,0.6476300178072563,0.15220392394090748,0.08686280549498782,-0.09021101946408824,0.02016803999210713,0.014328508420062239,0.09034770145605042
0.6771364418128916,4.090604585821369,0.8990162663868921,0.061642567878296584,-0.40298475164848335,0.2937765855188299,0.7103773590080605,0.22045159179016416,0.35331914502621686,0.38357304101458534,-0.32620276648061103,-0.009848977380815777,0.28482583889140667,-0.33485451389763465,0.018571294421642612
0.7464681342002026,5.169475361453328,-0.056335145036797526,2.4972824534798717,-1.1636564596816679,0.28817022301995787,-0.29405401335892933,0.21848188508358762,-0.5295917070690555,0.18823841571684877,-0.2584017372264971,0.05222557927805713,0.2968860934076961,-0.3782200688944094,0.006863175925845623
-2.1057335385161653,0.21439330180537008,-0.4818929712485492,-0.46646888186934754,0.35916951472433756,-1.8273642652593696,0.9767656865830326,-0.829158382388496,0.46899998506509083,-0.3007054770254269,-0.052006506469116406,-0.11659837307448631,-0.2043678591683269,0.03360534740472762,-0.01922132538436631
5.044113504891193,-0.142100047851221,1.1994118734876131,0.07800825853875337,-0.8110800423856886,-0.5686594771806097,-1.3118536770014158,0.7301425153793717,-0.40616918667822016,0.3723057754484269,-0.4687201021937032,-0.07792226622994167,-0.08101078959907053,0.034489538685554544,0.05941361742950857
0.5218452200527648,-1.8272455065601867,3.5404023042312724,0.13084119965245145,-0.6500490062945327,0.8129389100044788,-0.13233475516757753,-0.48477570488957983,-0.08386260652520405,0.31945778655144497,0.022673726321614667,0.1942695420188071,0.08070186838208285,0.3131552027679948,0.022019112887398815
-2.5763059601085714,-0.14171394079088706,-0.004148187924312735,0.6517193746229633,-0.011612649059929425,1.2489131496426125,0.9132947605053711,-0.8684129392790707,0.08439232001620697,0.18650191031437777,0.04168924343096181,-0.03955453368788461,-0.15515204452711656,0.09625243647675395,0.007156708043960028
-3.453843148684278,-0.5748665987652666,-0.4004330096812703,-0.37513110299682184,0.8840359834684077,-0.4033645531531219,-1.0758945095723131,-1.6308933231401734,-0.13602412062832187,-0.7689547954120113,-1.9145697826411128,-0.33721622710769705,0.17191330985644648,-0.17330829356283267,0.02235227298553184
-0.23213035804703974,-0.6805021457286612,2.7476374560213195,1.8971698367195582,-1.9368335482050258,-0.2721767782781027,-0.218060643129044,-0.8587318535570923,0.17339125933328392,0.5555667984535939,0.5917984764638743,0.19495481140471244,0.371452416398306,-0.4269945106660732,-0.016562321754576562
-1.6926435544880967,-1.020694392882802,-1.701488494414125,-2.1500431880996818,-0.2098826921297805,-0.03541179706583364,-1.8222667676095055,-0.7615739086220839,0.15050788701483608,-0.14663935123711483,-0.4666906983912168,-0.07700949567502233,0.3689691981782524,0.025676751953381094,0.008142127071861523
-2.466208853202887,0.6230915846775391,-2.4599722127114965,-0.9784843660559369,0.5563728189175295,0.9628446073206529,-1.5371604878043708,0.6357711345225887,-0.8922407653664961,0.13062998987073776,-0.40445997591050553,-0.6999028682469722,0.06189151134648027,-0.019370274536335046,0.0069991680623881156
1.4307893618288192,-1.497946608819632,0.754098985311596,0.3480065793292564,2.058906433091623,0.23097903311663726,0.6599524205877902,-0.3627010162565877,-0.5199350089711392,-0.8888772425258404,-0.166362897703361,0.29350689728174306,0.6502379818328909,0.9669889827614452,-0.006215380036445813
-1.405657889533754,-2.9383842543807637,-0.9514118203986486,-0.14495892859897122,-0.28154298289337154,-0.525076283992623,-0.1001322133787688,0.6941027949201573,0.5489611945856369,0.18334745845211933,0.48300188596717114,-0.2801616795502725,-0.12357755140104497,-0.28302711629416355,0.02209590287257961
-2.0023300581945236,-0.7882440045543371,0.12221278352701032,-1.9715289907487832,1.2153811260063496,0.45843977194985297,0.362398031797737,-0.7152171598348176,-0.2420754963278161,-0.544481952520159,-0.30766050942664286,0.045845514753955374,-0.3689055402271614,0.04297504989544865,0.05537630445550564
-0.37900846534484,-2.0122439557975182,3.446507917603346,0.6961810911541344,-0.5073060970744938,-0.5517696030038777,0.03889877791429553,-0.0016518445130300208,-0.2739178703366661,0.5801266492872375,-0.4050196878714531,-0.0945782287051243,0.4319613588208173,-0.4701434107806956,0.007042092370679326
0.06744135173599464,0.3833771144827489,2.511410556183208,1.4286505998341616,0.9418306699942105,-0.5423246537845573,0.49432973349054077,0.9564438387698588,-0.35238568904958883,0.5455463452263203,0.4006342650778082,-0.09499220408044254,0.3599697077951025,-0.39251857615499663,-0.003932054028622
-3.3103249939040933,-1.9766112742775441,0.052231516758110635,0.7121775091838785,-0.9602347471385698,-0.3058591065163704,0.8554834903761129,-1.0515362458582864,1.0028382084549325,-0.471529266509836,0.7119887167155593,0.10496717388366686,-0.12529282498453032,-0.06432683228355457,-0.017355295047433883
-2.5837556721095254,-0.7345433291133334,1.935310025376648,1.8736229679473715,-0.36821376506576886,0.2430010231964741,-1.8015906301727642,-0.4471445583632819,0.09316519325453881,-0.4317137447988517,-0.38761667461258886,-0.08159959675538095,-0.09619082977349658,-0.03231137300665839,-0.034113874477136014
-1.7182553053244338,1.0414094712728565,-1.917398384216862,1.8062270625676573,-0.8699419034793273,0.3814423936664595,-0.8412680990661566,-1.169279373700821,0.917259803691346,1.1181576818531587,0.12288777708948141,-0.32538362500900087,-0.07964979143864927,0.07156280389626575,-0.022779943818530584
5.063713524346522,-0.3102203317008885,-0.7815428382353402,-0.10555331990118227,-1.6541098741469469,-0.18415343109334759,0.36549875813180055,-0.5400010538828695,-0.6806633014082104,0.7171985899707229,-0.05608543610723514,0.0465134766804155,-0.1341538419826792,0.08818502690331707,-0.049140581926360706
4.734328305298382,-2.558585132226097,0.2342230129429852,1.17258214187095,0.09034215627070014,-1.1416238533073202,0.7082251305387031,0.6994260811484412,-1.1679344345855789,0.9005330815497465,-0.0014008277500977204,-0.2434494229263485,-0.07019507524582919,0.03951283546601024,0.034846200620428154
1.1920314518349446,1.2334011600524182,2.514718769238072,-0.21233373879084838,1.636232971767003,0.14733305094352867,1.6985613883350075,1.2898965381225398,0.6524521113118006,0.5216029426253626,-0.6691994002563378,-0.01692705266218697,0.02018248371890287,0.3519763992719687,0.11188820516365208
0.9426761441480473,0.12886195814583123,2.4383287658625354,0.9236734881511479,-0.8892473822086383,-0.8100248468028662,0.29582833803438946,-0.34558067436820133,0.5831533028994236,0.21999436040832113,-0.7614574363361014,0.12994039461154638,0.07053809372823952,0.2510934798340514,0.005099814160143551
-1.7129161273215698,0.5106054562665145,-1.2510767492858832,0.4571163547373803,-0.793096431540388,1.5239551629304389,-0.07574152285633771,-1.8239035226424047,2.517421716905268,1.32214519846771,-0.03253991586894743,0.31434687733268296,0.26049774146513344,0.4249969529799633,-0.008269352224578374
-2.7063507064724375,-1.0781793231068253,0.29876161425926984,0.17285288861733306,-0.6124409605214293,0.5864460053446492,0.7470992558283017,-1.3155975253302756,0.23802033105424758,0.1115533694569642,-0.03826660779020806,-0.028137650706722556,-0.13941603779384498,0.06544197900973268,0.06903596253609318
5.221429900238153,-0.4377699146826929,-0.1412456705829452,-0.670463767879935,1.110335536934786,-0.6137535933591303,1.591926275297225,0.500572136894299,0.08649688112956572,0.9599518742659752,-0.333654114623174,-0.2169306685981159,-0.12011625388641442,0.10345816174538731,0.004042242271484333
1.102923104897068,1.484268454122469,1.7795200964988205,-0.5909476730690641,-1.8862813855431781,0.028890035284314886,0.2865475869570878,-0.5118657100164892,0.248644084151249,0.062397427403712416,0.1272316138540395,0.2295021600049776,-0.02322521127019392,0.3727710484263697,-0.06015117211606853
-2.894780090688586,-1.9403225700729587,0.6382976003228384,-0.307355109841389,-1.6610410943562344,0.4370127657166232,-1.4313910163080272,1.662704130914827,0.6216089753507148,0.43871945323494393,0.10687802312954549,-0.6085394883532853,0.32429014567758835,0.05236573551346778,-0.005309311624869251
-3.3139150514740696,-1.76454976264592,0.45847043823386474,0.6663295462133563,1.1104638823511408,1.7938123825881838,1.0013966659404927,-0.19537148131883075,0.500852082127863,-0.24372903029378298,0.4202991029733267,0.009759732804617366,-0.10104284659079324,-0.019789769047770668,-0.006731270098198595
-2.847330017946531,-3.2013657635587176,-0.8805734333050825,-0.10234586660845102,-0.8741123134821805,0.5254839081484766,-0.22987038686949457,1.1026469756915742,-0.4482207079073342,0.7222663332097297,0.3625393045837532,-0.22363741202207774,0.8980741618622038,-0.15234701507942883,-0.00016029746757942765
-2.0687657670612203,-0.7503572544814266,-0.5143666001712424,2.392714049382482,0.7545552736650998,0.19648422264286403,0.6468112603237044,-0.04333507931872148,0.4181313158855052,-0.8331776478773036,-0.20310968781426636,-0.04060246251728836,0.01086927526807499,-0.03184887391165066,-0.0007717126701472623
-4.435624603795054,-2.0134544455284518,0.9718389453115555,0.0029736693540431958,-0.5195278022305307,-0.5686050598047884,-1.0392632936729784,2.728484322017543,-0.9866467471367109,-0.30492318918473693,-1.0533017771090443,2.183345568502867,-0.08217667672150698,-0.4272782507184969,0.013182923084166537
3.8693003356659204,-1.7817426946897945,-0.6293322573129099,0.3388402427400411,0.01080012127706359,0.4958226666155594,0.20843804714864472,-0.26924837604526,1.0823779718059088,-0.3271984827360723,-0.3311241625252764,-0.0059212669123487605,-0.04328383040431335,-0.19697893036085157,0.10291552167955574
0.7590065009623843,4.313798641206473,0.5517235951071695,0.7508134647202915,-0.16521590699324729,-0.7770844507456556,0.4044309818125592,0.45846452480326955,0.04314180348924898,0.19272422163951744,-0.2573512387977841,-0.0623899054810865,0.2923501119151199,-0.37045880004494136,0.013796766299924684
-1.9925404229904347,-2.9142277571306217,-0.6986478478736067,0.5023326640790458,-0.36892131714917775,0.16586135237277277,-0.40460929621234154,-0.44315338474194405,1.6453149849134088,0.36344240215965823,0.17846750673271783,-0.06967348406279991,0.06387112504402609,-0.12650556987451245,0.03295720573527299
-2.2032814674492016,0.49898834742953957,-0.4539461111148063,1.8831047087417276,0.9085505370572062,-0.24438978817453805,1.130195836941672,-0.16590605278294807,0.10180775694962205,0.05365049935746187,0.14936678653975585,-0.1205941222950612,-0.1928609657821149,0.05677450256448954,-0.025448188968373652
5.250165719105205,0.0716742015228935,-0.7470350653925986,0.675768888719571,-0.4384587483764175,-0.877977765231987,0.24356475240718092,-0.7548109214994236,-0.11341337154530545,0.6150444589195101,0.04529403798560346,-0.06982695571992795,-0.11044768641578792,0.0682653352955268,-0.050484314960297066
-2.7630652727897655,-2.5583371514403446,-0.13125511524057032,0.10395792118676223,-1.0863368187896945,-0.4420098050428145,1.1081280743122224,0.4198441083183459,-0.3796308257025162,-0.6357994324095662,-0.6194928725245917,0.012650190536393519,0.13395089640717833,0.2855427201324624,0.03685590601938786
-2.588187457398346,-0.3052428178517398,1.0783705807321384,0.40015676555336366,-0.5509556953551903,-0.7110906285206233,-1.1042805411623617,1.9833924830474126,-2.053699139171354,-0.6396487034022309,0.5457033486122533,-0.40229932147089664,-0.20462410103492165,0.0889649236052238,-0.05230157914298597
-2.5781611816101546,-3.7156348547704723,-0.2429266224275039,0.04998499869252221,1.3274518324821463,1.0197504342145174,-0.44909564470572727,0.985598476115106,0.14366859602017382,0.3806035919237136,0.22520223793738822,-0.6093209826902968,1.0194602559528962,-0.41815783432063064,0.009105062933946426
0.09832882536916232,1.0509240820803374,2.0311364127117737,-1.4688718355852965,-1.2880915856283877,0.41735418332692276,0.3380214474708748,0.18646950235096288,-0.5359197424428384,0.37650023293465573,-0.8734653632221313,-0.15912119532693433,0.34577192279795255,-0.37220309230520154,0.020248728364849897
0.21898007747545156,1.4043185617238598,0.33298243394817606,-1.6245434864640864,1.815723211916004,-0.0769292554860248,-1.0461684466333192,1.823622505811007,0.6501952762885552,0.45457543343097756,-0.6698242879988887,-0.7287107268469423,0.02047104448444305,0.16064032399368872,0.021861868787682898
-1.869933145979843,1.1933202678934687,-0.897494226486758,0.15651297615560567,0.1698290037987027,-0.613985690029668,0.579717569476617,-0.908683386769803,0.039588571608222906,-0.38120588104499153,0.3000990597804443,-0.04622444159689984,0.024161251827124947,0.04155428048213175,-0.06063582030403109
-2.1767892379241807,-0.8711028566068459,-0.1913254128942636,0.20525563985110684,-0.6539636399208716,-2.052199551384306,0.6225110288347093,-1.308434574244469,0.4121483897844683,-0.33479880742862683,0.027843365047455878,-0.022106438761365393,0.06791813142516576,-0.04406474241064222,-0.010645974404675893
-2.145335609082259,2.720368559238854,0.24893394102120514,-1.2197637906200711,-0.4676074018674581,0.2633659397057184,-1.1029401167039383,0.5825546932348995,-0.5393427334429373,-0.7195513249367751,-0.3000213229830559,-0.229626235438074,-0.19629009718286194,0.113664483755971,-0.01096763598765831
3.8130879492941294,-1.4151914945985546,-0.9241853686653392,0.5737334054920885,0.07041179744885862,1.7732871035095656,-0.2786031000076572,0.2867607863738656,-0.10080305300167197,-0.3808509387403911,-0.9295882891118473,-0.19267787406525486,-0.01653306624237836,-0.18881521821254865,0.00488780395368719
-1.93161748738017,0.09161155297008872,-0.16729392512721253,-0.6689580822407348,0.7507000689368544,-1.2162426277808558,0.6093892516234226,-1.5000431683394606,0.8429251876128967,-0.36165707224765303,-0.17655168243312572,0.022018581493071454,0.06923809222980828,-0.02042287676367928,-0.048769438729743604
-1.0337237957914567,-0.7560922432621686,-2.278537411681418,-0.9159668614391039,-1.3584324060197308,-0.6911437867255287,-0.6495694389327463,0.652407514423897,-0.20647945125928213,0.271922176737178,-0.28054441121551754,0.8065283978117721,0.2647711987758774,0.24907420522077212,-0.04486509989476585
-1.1345130252997768,0.28002331046212037,-1.8355015309169835,-1.0032736418650585,-0.4731792957682144,-0.9399301795116913,0.5214572840326808,1.359922553022641,-1.78897001811487,-1.566727267005495,0.28793983609315554,0.24508920935160536,0.3572172188934292,0.609362003866623,0.04295856254018312
3.45546961030201,-3.1405865499901418,-0.48684247005001663,0.9513608202785224,-1.7555215622914409,0.4427311457498986,0.683653071803714,0.5137658058030763,0.2006013648937385,-0.10534984741861286,0.33885628373669624,-0.06276317609764961,-0.07914294412556132,-0.1558755683945341,-0.0003427688564025446
-1.3367725600921139,-1.3061720147019025,1.6293222244452725,0.4537547060023641,-0.9593466481659972,-0.5253528879325385,-0.5709908455775945,0.7879153253486071,0.3436705254127913,-1.1604333817934258,0.2611988630904555,0.026496001702583843,-0.13138364527114096,-0.11300169693298218,-0.01700710036661967
-2.627902647474051,-0.568325791896515,0.29351548561521534,-0.37521372066172765,0.21147154500972226,1.166450282282954,1.817178732048228,-0.2546218153447857,0.3024915439438121,0.40343259787602803,-0.5823519839552005,-0.15617995005911342,-0.15465155964534966,0.09647876202162571,0.027924005792033642
-1.2417882968329648,5.794629360496826,-2.894282289496567,0.6526471435822176,-0.7248543980850605,1.2123969734906614,1.8856138403550555,-0.0498393581480511,0.41527262899405826,-0.04991286832009178,-1.5322939392520456,-0.19146899519380103,-0.03382232454907552,0.0864498866006634,0.03758217425747748
0.12028902712246792,1.395572166685831,2.0105526485929333,0.2687581192178088,-1.4529384596376298,0.5454284221703845,0.780719967642483,0.056801380356232084,0.180988060570898,0.6490554787666674,-0.16432889050521676,0.021749905366086453,0.31890680689526396,-0.35545894239026615,0.09759605457420814
3.4803987630298763,-3.343874541716372,0.1641671830416997,0.11833917347495954,-0.4159020627599801,1.6300232967926904,0.6988711893862346,0.14125804047153684,0.7506122235553249,0.014759984337973923,0.04930327343558675,-0.007349169364812669,-0.05041682556256595,-0.14615779976777554,0.04155273378695706
-2.6086379125014756,-2.224974778223591,0.8706312613483123,1.0632167187330406,-0.40666792805759155,1.020396154600741,0.7017207024536423,-1.2058082210876415,0.09109574903321377,0.1855274518254185,0.14194958485295572,0.025749115575883164,0.1014167437322506,0.00941025950529105,0.025126689610631546
-2.544673007784126,1.4026241976522624,-0.6723238537874805,1.1065342598342403,0.08862124449681374,0.44831213473447873,-2.433766648330072,1.2706737946579905,0.8257651803976152,0.2406241736673443,0.0008355265886932361,-0.35653280912519836,-0.0327425519543873,-0.09620847160427176,-0.05734125543971843
-2.1317786941059746,-0.9905360531016592,-1.8538880364307107,-2.9239696219475624,-0.2988506176537382,-1.6312043192923977,-1.7948405046730926,-0.23526523954119286,-0.6640958928614591,0.6719295165547732,-0.25347251987055475,1.2654171362610922,-0.13633952813365147,-0.16126735580017806,0.0005545074227919916
0.3325326852491237,1.6990782865967078,-2.3776646526819603,-0.915448611655053,-0.10161366178624698,-1.369207804795747,0.20546833044172874,0.3734560103135048,0.1770606687250399,0.5231066540968698,0.04538295894590169,-0.5510182959221311,-0.05073587835939772,0.17207098633519857,0.007903570068087337
-1.9553276861855595,-1.3839092236506636,0.11415779586407371,-0.06518405401599325,-1.1058748252016222,-0.07070283522324505,0.08447314429415369,-1.1957902630653232,0.07447472840224303,3.300887664623182,-0.15813904163470038,1.3558780824291743,-0.0710543277315432,0.1530899178024681,-0.018754760631762554
5.007032812869227,-0.7583624748365574,-1.9961207056703993,1.0666472570516636,-2.2269650050145606,0.6627561470992558,-0.4486497974097565,-0.2520948575672166,0.39198023618413635,-1.2702539122286072,-0.18463418564316228,0.10657616078903237,0.13632161916461602,0.011289240179045312,-0.04746207222751208
-3.1428532444062944,-1.8608039339581686,-0.21719352315514495,1.2946009653821275,-1.0801708982870943,0.2926339050322826,0.7076413016068112,-0.3961540952591299,0.21005293081913695,-0.4041901107504068,-0.5573574118223293,0.2312710207557854,0.10050244587278509,0.10051452706218224,0.03489455239903272
-0.9809449317298846,2.7837798499369755,-1.1760948287664155,2.241479216845958,-1.4007091225101744,-0.4761229196712651,-1.9514426144924988,0.8202036249204026,0.9398488382185206,0.3737533429341919,0.5502499134372654,-0.48728670021439224,-0.13529054511727445,0.026688944191044492,0.03743201197638263
-0.20777022738276552,-2.11067946434156,1.7465073795814494,0.4301395693931003,0.4969804645667136,-0.0392387407597079,0.49602863317429446,-2.054937034214025,-0.48478849688977627,0.5825016781050725,0.03648347195657441,0.09425525726854578,0.43357944453793873,-0.45577763131524685,-0.0030277591092577245
-2.8377737316397087,-2.27299060559646,0.5486979682719815,0.5396274905866328,0.21334098878241484,-0.7480372679252845,-0.05020225624310409,-0.9995727434276553,-0.637432742469408,-0.2084488908135893,0.6296315575620367,-0.07507832259693356,-0.11452896106930698,0.02973931491641678,-0.0773299687609084
-1.1563756183245442,0.9931800345821391,-2.1568280799939505,2.6946653103174985,0.5018665014423691,0.033203588523529115,0.325052071211382,1.2004605232216221,0.21549078544155176,1.0265953516082598,-0.45111286099252423,-0.6879531685391497,0.10855209780738576,-0.0005021804249493653,0.013121700257077314
-0.27758515157995256,-1.077141154419199,1.475677429653956,0.08907657397823338,1.0948737155200006,0.041824864559933284,-1.2537408548921527,1.1423156169168072,1.0057535184348116,0.7427515603731791,0.2445128554773339,-0.5021700170924378,0.052247069652711614,0.13231548044782482,0.06893929660712061
-2.5277173839179685,-1.4456161294554983,1.6633183103370224,0.07064962861346813,-0.8901123124831404,-1.7121225100348116,0.3138504138245928,0.9014368554078311,1.5378316788356616,-0.9194357545882987,0.16759239388057862,0.02745972454501211,0.2857406719700573,0.4421803210806565,-0.056643836098949754
-2.5711972648607446,-0.4680153093094199,0.14937295276229318,-0.5043948138489445,0.15102792402318482,1.3835238643540384,-0.10644600504620619,-1.669662710977896,-0.13529181712002114,-0.13729606135829026,-0.8967794612035073,-0.11352097339231762,-0.09046675591218316,0.03659226987805203,-0.04244927280785421
-1.3600496405066531,4.01351538481164,-2.1634709367148033,0.8856934408644479,0.588572143638483,-0.9569190872827233,0.9593667634163517,-0.4867048230440142,0.30116922593400636,-0.4695035779274193,1.069116335701218,0.07602602156734586,-0.06371517848489897,0.10496120860317716,-0.023766796808525562
0.43976640679477974,0.6298313168244631,-1.4506804622645277,-1.5067940860431435,-0.06218640050338575,0.2512364267807816,-0.17079552454357055,-0.40182106951392055,0.1661399939888321,0.8256208483550755,-0.031458270952593265,-0.1520483649366873,0.0475167415272206,0.06502131739924026,0.002695216329803893
-1.708345904107555,-0.2871971256980419,-1.489315736506247,-1.7075439563577703,-0.9703445269715995,-0.02146978852152004,0.21457572034020883,-0.05758120322860465,0.5142786345186958,0.9309268410410909,0.02776763690567438,-0.5494900062221497,0.07153092112651907,-0.2800262546418579,-0.04194810943551104
-2.6306867638508216,-1.1422048669154679,0.0007320596509583499,0.07071074823425683,0.13150222936228073,-1.3047703285475958,0.4993920582173621,-1.0475989017868121,0.30559942090456815,-0.32132635776462654,-0.11391364585241825,-0.018759199158533274,0.07859111413884062,-0.050037872038952005,-0.007643900303557202
0.6517475242245192,-1.1228993032937584,2.987898610827616,0.3235054617403087,-1.6939447322610035,-0.4466614974117654,0.7706339509635726,-0.19308939279685927,0.4655162252942673,0.4215859261503557,0.04938766816004168,0.1966518963186258,0.03222345902504531,0.31370006421293584,-0.055942169926009894
-3.1180313862999145,-1.208495848956043,-0.971785540482595,0.5818201569819095,-0.9011068907695113,1.2032083006736718,0.9464399453469304,0.34868232113942876,1.2797487962439118,1.5683069038421558,-0.03509322704315117,-0.5658662803486523,-0.03206562155935757,0.07261446245838853,0.041221006889251406
0.45871148175246246,3.1164170760843333,1.1724352723770208,-2.4393863597769716,-0.886155991884542,0.5436389883800266,0.8471222496470272,0.8239403182862584,-0.7590863783434469,0.24194464185507225,1.0125671594573036,-0.023541836433380786,0.20218960402011255,-0.20477916863325663,-0.016974849423823764
4.038747225286883,-1.3665277801622135,-0.747540447255709,-0.8986796336332509,0.433338886760946,-0.30988003147447707,0.6945159517328352,-0.06395670261223269,1.4191997412552178,-0.4054536739530777,0.018482441683684035,0.00720856692136107,-0.08634734483014843,-0.16383705526137515,-0.005358911118949395
1.0672229920991838,0.39767271551060324,2.6439950689051046,-0.022883160061588692,1.7043057419679295,-0.25713574276206397,0.5328007451255657,0.9253920159117683,-0.08673766389652288,0.19828114497000496,-0.9154309826646512,-0.07600148759699335,0.07849546302776508,0.28866286295275106,0.020002523844679383
4.349876694121264,-0.36486053297131094,0.3748746065272562,-1.5605969342496524,-0.7777324819290675,-1.118881033193599,-1.0344112244444925,1.4951828952067021,0.5112140289428311,-0.8820817777075947,-0.45820283880939516,-0.33648270016112813,-0.23314956860266825,-0.02069090438150188,-0.22705124514592714
-0.5645045533958815,1.1438897745200074,-1.8861163590806898,-0.75796905415852,-0.5604884202370072,1.166456743272755,-1.528286623065279,-1.2303513238812582,-0.23317630363555053,0.5949408583234013,0.5938581677426288,-0.15627552463888025,0.050995180078405755,0.295493492549469,-0.016534983116791198
-3.4248735195360043,-2.0467709081901564,-0.049798787339548636,-0.1289465097824061,-0.7036258007293806,0.6065490438688588,1.1091190855299258,0.18570872358341872,-0.19078870239853635,-0.3541778862415252,0.7191980720470955,0.22457517220641943,-0.1570228192861498,-0.03048907805263153,-0.015817460494746752
-3.072315846459187,-0.9950418416052221,-0.6094367310134396,-0.4536969464374763,-0.2809863541559713,-0.48600267037411093,1.3945396821701865,0.6337702019864708,-0.1290965285264412,-0.35006866393804964,-0.9849889667666396,0.14225735660793248,-0.01618814831219216,-0.0019060624586595132,0.0178714375031685
4.841287053275163,-1.3731200715345704,-0.19821958505904536,-1.158433700286313,-1.123632693808236,0.7943706716524934,0.5609100757475957,0.12534660977503104,-1.3347536184162596,0.8440044908836035,-1.100432928978201,-0.26960123871484265,-0.06988716612954606,0.07659729697625904,-1.5294960385018932
-1.6733737476735482,1.4537385141752077,-0.8799422313209568,-0.025483416164675865,0.1215169701352542,0.1926833392379046,1.152255567615999,-0.30661627260905117,-0.2341403331488771,0.07360699794405173,-0.8279319346601772,0.13908074835266138,-0.16333049626705623,0.051308384061077614,0.01709261023980755
1.7769336524039532,4.735315184188423,0.5528115151818775,1.0087042357243747,0.27563256427582833,-0.42323197358731723,0.3441363181539244,0.03142195824673458,0.6021224281313047,-0.11245071955026822,1.008383856919329,0.3150017006071994,-0.08329660476151587,0.4172194963574009,-0.02584149325443382
5.430540558798347,0.32857720334894513,-0.4269744654816997,0.6796589849579018,2.1993203207283036,-0.7993346575111709,0.1416131680944553,-0.3377148909457992,-0.045349511515664964,0.5440587281869294,0.4801570091238448,-0.0999584801923585,-0.09840433825220055,0.08590852846980383,-0.056661002736107066
-2.1117257256535473,-1.596863304786328,-0.6813282790965123,0.10187895248804374,0.4412740275556,0.07151112412507277,-0.5686364804615954,-0.15569477720208771,0.12865384039189295,1.19396194104535,-0.030193806315983937,-0.45703613962746314,-0.04145629531958753,0.05623729034320804,0.01046555901840878
-1.944288175158632,0.9621835241290233,-0.9002334464537911,-0.5273975723216054,-0.24942770376453782,-0.745608476360496,1.4256635059414486,-0.13431430248713755,-0.08764982418644435,-0.18896622805042457,-0.4165974343022471,-0.2143962732028599,0.018162691564830608,0.0414761945167226,0.09814404158791448
-1.9766988704668438,0.07125364160240966,-0.8823840636807991,0.054857165520235396,-0.6350869022041937,-0.11620963143905949,-0.366159544324272,-0.9557414516199036,-0.8788965540298603,-0.7618476254773312,-0.28079375631181724,-0.04033208928468321,-0.3695775039282465,0.012960006217021092,0.0449053336596296
-2.380064143550513,2.3237544668830648,-1.9238270970275586,-0.0018047654249731537,2.107538341228845,-1.1520249831656444,-0.47613207673658453,-0.4224508900291409,0.014591434021320293,-1.3371181678802715,-0.1265092444919634,-0.062021485587206465,-0.0611083747714516,-0.11002890322918783,-0.008387960621785482
0.23783411816364497,0.6840698531050062,-1.4742113694701773,-1.064814344350286,0.3433972349496822,-0.5003777874034655,-1.3400866260288362,-1.8142000911719627,0.9299004652562661,0.2956844803096863,0.7711105601279323,-0.17976833921373722,-0.0020110709114810887,0.14926467858056586,-0.01703856590960407
-1.4100671046284985,-1.7638975204772325,-0.03220852527236634,1.0632954984383207,-0.10509258409043942,0.8826374256686278,-0.26427729089995744,-0.5013053689833713,-1.0236224024195733,-0.8272185736393036,-0.29634447776549006,0.16881689667989402,-0.0783122258570033,-0.12775430519358327,-0.008006039666015208
-2.715082946380269,1.6878182977489478,-1.5569774356895163,0.593105577648043,2.0456302759452725,-0.4747697408796019,-0.056547694748129346,0.8384456200598109,-1.6054443225398358,-0.6613097324418002,0.4888955623309665,-0.14673017475342723,-0.004470593331655184,-0.11362402539093712,0.03912696518116444
5.533959400021116,1.2199799241631402,-1.4121972386494281,-0.14174948876767327,-0.2688216100439037,-1.6581964374371405,-0.27435460245336407,-0.9962877681218083,-0.240577112130077,0.24623959156022818,-0.18071536243589537,-0.03587143218498837,-0.12044355106978025,0.046857796106887686,-0.0013786906626819806
3.8512284525806977,-1.0512286853450605,-1.3386185479317232,-0.5346284655773552,-1.3090084404819837,1.318898772306202,-0.3725034926224464,-0.0921275607553065,-0.2503989658092112,-0.5935175815547362,0.22060556091511005,-0.04784031510484568,-0.09864927997615139,-0.11220515416856913,-0.05536543903868326
0.3057809665623181,2.286426939441445,1.3168885188471622,0.34682245499488706,-0.8825364893063304,0.5886237923423658,-1.240916625915364,-0.4579048162279171,-1.0853393670446823,-0.019700927292381917,-0.9631303106842877,-0.11841000744746219,0.3909188003038649,-0.42797652424527455,0.013322250540947357
-2.156452378173737,2.0580681412982393,-2.5460343030400434,-0.36425123378859847,1.5142228246351421,0.17865431904205553,-1.3737424565667287,0.029461682115127702,-0.0996545926354589,0.5621766453369068,-0.04818782454159966,-0.43058519046984634,0.12690636191531812,-0.1049336163548589,-0.0023251802111724598
3.735286108925377,-1.9871652952332042,-0.9615809393851729,1.3827748420990913,-0.22828178881592875,0.5893372724721537,-0.7113309713444769,0.191024004257016,-0.37821505993139876,-0.562413953084351,0.022564674523792606,-0.11308811803662308,-0.03040566195077126,-0.19828594716749753,-0.008436997420854976
-2.9645786300581936,-0.3761051150466802,-1.2304105234895997,-1.3136499776593578,2.1002251726983845,-0.4718855053649261,-0.20167286448095617,0.6524851894644845,-0.10535321283631738,-0.6491226471141367,-0.27228146153511523,3.043495023403247,-0.601474526854369,0.5882932214488464,0.08169497249491534
-0.3425229689892857,-0.8939031027708134,3.0907136260598382,1.1562649123478026,-1.58109241386039,0.9947622897280852,0.43961550484067413,-0.20281002222536373,-0.0868724495192158,0.8058006497361343,1.3347404810974188,0.21409374010769827,0.3205253084100985,-0.32338659720697394,-0.02681172502375759
3.4399592719716092,-3.737743412785136,0.20193878543879873,-0.9009663299306873,-0.12922425171963225,1.4797819642077994,-0.04942642443191549,0.12905295902335367,-0.08897698656387404,-0.3255042442076872,0.3366714272191394,-0.11554682954694237,-0.04520825981276989,-0.12777264988721265,-0.06626095587282257
1.0938892839079943,1.1048850066877844,1.769637878604391,-0.028381932395421472,-1.0791092440582224,-0.6698069614435671,-0.5588604432006352,-0.4079940670692052,-0.3979634151194929,-0.21692592837084798,-0.11825428472583766,0.11571178022573021,0.02787040305142552,0.3116794079716168,0.044770050540797954
-2.5031399231318248,-0.3964465248454322,1.5302965257185552,-0.23430711431283974,-0.4628831661027969,0.49889995020293143,-1.0728882690934352,0.2228018230153142,0.43646776872788984,-0.87999170676592,-0.4607062226695674,-0.12142167994874528,-0.09260050271087647,-0.06514853832648458,-0.0007638502572717698
-0.280090517041526,1.5688048421177583,2.0617503976121223,0.3309084204794641,1.3698263934848116,0.2922170011524401,-1.128498060150931,-0.20325517753018935,-0.7061008001782179,0.20549292804061992,0.07014589570717912,-0.10314770140427107,-0.5158649125014949,-0.2578544782477575,0.038915984659833834
4.878859668481857,-1.8523649921598937,-0.15253367277395036,-0.22278057029939444,-0.37580505120518304,-1.641136490766162,1.4240195026738787,1.0553829166342363,-1.0155405012226846,0.8856919938581029,0.147809998172675,-0.27131229883521457,-0.1315754062770685,0.09136234145438114,-0.01621521631814086
5.36797407061219,0.6825401669367159,-0.7886827469293343,0.6498673406616042,0.7020366595960466,-0.25906642391197665,0.36574230085588044,-0.3366114297123847,-0.21831642025405856,0.6643144624423736,0.44544025006575616,0.009150356682720434,-0.13338012801315563,0.10895616458211811,0.051221961774747776
-2.4607799528287173,-1.4008538952500247,0.07267494407124392,-0.15916251906310647,0.08737224262559445,-1.5087233446281203,0.4176090752848517,-0.7424721937326475,-0.41229151979025663,-0.3330575107240285,0.6294606818057306,-0.10910964678924487,-0.19058161459893985,0.04648780409188184,-0.04393888129892808
-3.3293065050405697,0.9746645179988711,-1.2976282187786008,-1.0865405042350174,-0.519796056347948,-0.482924378213494,1.0352736859798508,-0.42444485679219685,0.5011547317028511,-0.5853213129464478,0.286837689212205,-0.11248425165815992,-0.1820854358884218,0.04191933471387324,0.04994011398431721
1.3686514992951615,2.112505247221349,1.9339922798569626,1.113281958725229,1.4686695711602304,-0.0025820744708791032,-0.36331792211707803,-0.21886354210017603,0.34159283314923927,-0.05160555685740856,0.01357969155039266,0.20110854341974616,0.04624339125261033,0.3117788151237537,-0.0583268126307016
-3.0283301237996323,-1.9419606847091837,2.592237666758338,0.3543507812732277,-0.3821184498358483,0.712715782867315,-0.3007340008734275,0.8642884821571197,-0.13022697334195232,0.049261611574038855,-0.3267764155703822,-0.22457514371183593,-0.10024303878001475,0.04452908629547818,-0.13804007021803277
3.8751773777455427,-1.0703744914118019,-1.4660872727177572,-0.3090812856711339,-1.6920303184912924,0.5344902645805565,-0.10667587668698718,-0.18489542589444974,0.33267849996268534,-0.39990265598879843,-0.2663537083489609,0.5620029740275548,-0.10102714178458737,-0.22448945814142435,-0.04190086773623035
-0.8154306765119994,0.612801849695136,-1.7714448861185619,-1.3687765940354,0.21555367738434783,0.5040932455293914,1.4758391095796115,1.2682154965419805,0.9498448536622399,0.889999424172611,-0.5551049891624038,-0.6556446828558957,-0.16476090196504276,0.1517717102038496,0.08505111973122256
-2.5073020813771665,-0.6869414928162481,-2.141562498270053,-0.7315707362983417,0.9411689561756555,-1.4703297556160062,-1.2499152962786848,1.1381671605195185,-0.7280369882114048,0.5882644789845164,-0.45120225409820147,0.6236090001515623,-0.01836143786116965,-0.1973440839791475,0.06294218761838487
-2.5340295700247966,-0.08952027504677817,-0.6684947085595618,-1.253903466315607,-0.48722805989126083,-0.1971453801537023,0.4024019403088178,-0.12074936445085219,-1.4240687778762617,-0.3448396894025848,-0.2731916939190571,-0.3050118086328627,-0.16994020172387475,0.09077416801861542,-0.05530189059764667
4.886327399833277,-1.6383118337537823,-0.5718076300486945,1.3041481408809277,-0.03692144555615928,-1.460578123153933,-0.6760906323426495,0.49194424470172465,-2.313702561974825,0.3559675244929847,0.20790446296719337,-0.2945992367360174,-0.06696534955019856,0.03152750378923812,-0.019143581024250792
-0.23555241325156695,-1.2921642547065626,2.9404194841726334,-0.007533714933614488,-2.507852769354226,-2.0190350609539953,1.1331297611512914,-0.43361340100105317,0.8893880675609285,0.6618303634783302,0.9048974350159202,0.1858825195223544,0.3075679633337537,-0.39741997740464513,-0.014002916489082941
5.469056627274046,1.1359072146465548,-1.3525719854146823,-1.6495905054270008,-0.5248811359765078,-1.619041576795249,1.646181445148548,0.5839126302877631,-0.2660020597236164,0.6655996183183763,-0.30113203283522255,-0.22170654108269902,-0.19092350633461394,0.1309993646603388,0.02259584223632005
-0.9881429971360949,-0.05242171081862834,-0.3036124438549064,0.26254092735932233,-0.32443840231461696,0.8839485769031739,-0.5879411306716475,-1.1611908684308425,-0.9009492043028058,2.449806142588992,0.40301494154978795,-0.2978499997456876,-0.08218009829044537,0.3219468816432054,0.07432270979574622
0.7788816134198018,-0.6616754191262373,2.5973829888984463,1.1247634252556777,-0.9877229373117705,-0.9462020577936592,-0.3905127695056868,-0.3823119865706089,-0.17359568733443737,0.03205640997951704,0.14429384022058145,0.1796606490206711,0.06376955132720877,0.27081709798498776,-0.07894666902920307
-2.274582447129652,0.3109032256462898,1.2047780036264115,-0.19606081078541607,0.20009357087194685,-0.3339918951223304,-1.311106166863775,0.08056783963947481,0.713302197415328,-1.062737056573246,-1.2402205385548124,-0.18915896026385062,-0.05806444803592191,-0.13150405429569298,0.013126703398106968
5.59769648476783,1.5496036512999187,-0.8345293132488796,0.10808822280641506,1.803129445283238,0.513446136868235,-0.37559469681661417,-1.0953888142488595,0.08065955786330098,0.4650603178761208,-0.14259066185763486,0.04614966198873757,-0.09311579131783361,0.08482076016644739,0.001814069086968833
-2.798280722647559,-2.437980606247099,-1.2223776889391103,-0.8136602008464922,0.1947788344910466,0.33155910711796954,-1.2228004172692297,0.42999845947713794,-0.1636942462529058,0.20399236424932782,0.1845187476977859,-0.20230720733995253,0.1372830566098076,0.04041060254828785,-0.012562431679716612
-1.5070639710554552,-1.201148199776615,-1.4964479962820805,-0.4006027625251944,-0.5093771396832584,-0.2969363063517443,-1.3786931949735237,-0.10459362682833111,-0.6658290209962006,0.5422758224489801,-0.7328282427451672,-0.31289498019870343,-0.03851837131071691,-0.08894217914658663,-0.043986418515180106
-1.7225687403706584,2.4492833979095807,-1.1047576025981658,-2.974001055325113,0.5622953103525811,-0.1957535307033973,0.1547583888630619,-1.300827229298808,-0.6053071865768564,-0.32969014779963074,-0.40951119385623824,-0.003332915952950377,0.30717729789752324,-0.10992746250705453,0.0033999388737188715
0.4258734370167172,1.892240309747435,1.5543022525965293,-1.3789924555384574,0.1447178526663087,-1.3776296883227335,-0.3212587124325813,0.18660947909940767,-0.6455002807753578,-0.10739395258491465,-0.00924751452214382,-0.13688072666954418,0.327370320891314,-0.3818687086018884,-0.004941329442074721
1.2859332539763257,1.4126363236355526,1.9757445526099258,-1.239597721302741,-0.3231287810719443,-1.6157793638130749,1.2244573644222099,0.19208995537334494,1.013546361464695,0.1389311066971685,-0.8584420258338115,0.06236042739291495,0.006461004637494605,0.302522122979475,0.021397123228344316
-0.29163476829332713,-0.5321934997004466,2.5670035630538615,1.7837699843303516,-1.7741093326332322,0.6029630387188836,-0.44208107922789097,-0.19316802468316724,-0.8444803642998824,0.5233843013979462,0.10174173958545588,0.008205279206437155,0.38754247300697525,-0.4143877606255528,0.0231743865376552
-2.895718223925207,-3.1074478816824267,-1.329743485002173,0.017375304587191054,0.6923860226882862,-1.2214516185290807,-0.9545119694136736,1.81326275327766,-1.1321923038776838,0.1046746242455511,0.41576444555648134,-0.6015653222294992,0.14167937841685385,0.03615874160653562,0.019369017339478465
-0.40605956403245913,1.3478578255444686,-2.8482710168853607,-2.6307192984126626,-0.9014731187968043,-0.6387876531333119,0.7170886623301479,0.9795031252920643,0.776835341193471,0.16323834729331113,1.0259063697296913,0.6691773890756136,0.342803043773141,0.7105073349137377,-0.0106163056892775
-2.5956612756737347,-2.1388188700500446,0.16783537393074094,-0.17797299108024595,-1.424140146237789,0.9591158105566464,1.4809795745721592,-0.49491903850167124,0.6831198366039312,-0.47568199473133516,0.6797682531328926,0.1624810426109916,-0.15932099178285591,-0.054005144444594075,-0.01164407027178558
-2.675710752519025,-2.1966432809920944,-0.10178412122736952,0.011109881932105492,0.05481447597805211,-1.2701469543256443,0.8454554827182074,0.06571269588646891,0.06632358973557848,-0.8441888662335868,0.013988099496857975,-0.09135740848159404,0.368615470381156,-0.6104278459636129,0.001514627210541685
-2.899387033075951,-1.6472897973601315,-1.2933826591937496,-1.1027744467731715,0.7027476354887654,-0.46276926939515384,-1.0567570194715155,-0.21393894206430866,0.8353831113447845,0.18892589467266768,0.737449138038908,-0.3626331521632241,-0.028450606472042235,-0.09685375809216194,0.07254006767237094
0.24390220158651665,1.7038334125575747,1.8425585722862898,-2.1439373367252936,-1.749729827858069,0.4308751452031425,0.16149880184237767,-0.651514524722502,0.026142249048127453,0.2576932761730228,-0.18648753861146197,0.07323303751412905,0.3010709128556626,-0.3337841327471832,0.002488504444257437
0.007416656736544347,3.067288109018325,0.5829347252631463,0.6585462070514694,-0.13609540236696693,-2.4350428976645526,-0.7630433193879644,0.4926398641413183,-1.029968215240454,-0.09151944077588449,-0.12238206765578036,-0.2205312425566078,-0.5707173979104148,-0.29698258968268,-0.016693687256103124
-1.8174938359465478,0.8874097473846636,-0.5991017579838793,-0.8227205134415001,2.440447628113493,-0.29264632927278666,-0.22060087805589904,-0.45373668079309604,-0.7657640945664705,-0.612677689523518,-0.889727211985883,-0.1304938262828171,0.10695994056595653,-0.03626930770870393,0.015325069206662979
-2.80443643450025,-2.1984264122850234,0.5443512741436134,0.4060087074828157,2.2109125611616354,0.4557819215351431,0.15165462210006686,-0.3429504518495941,0.12327070564592454,-0.7308719973719482,0.6171009278079023,0.04447725622668758,-0.04164887860786491,-0.11435138008633897,0.010564265627571429
0.06923170371644805,-1.0653349216532555,-0.7052799723288821,-0.3008906308070151,0.00733921939920712,0.39099908254844307,0.5107725580307756,0.44686439077218804,-0.051139350010025175,1.2219169931851073,-0.03400828340765209,-0.3010604651143751,0.07540510245880097,0.05515335016253953,0.00768490301264128
1.0245933886273035,1.2916447460417513,1.677022125227287,-1.0886801107583057,-2.033866403501857,0.45752140119209295,-0.281370263284596,-0.3353018806835286,-0.6415037723002479,-0.10215705477603122,-0.7112425647963596,0.040630535665365036,0.019487775206037145,0.3444111233518663,-0.2316710505997596
-2.945007353986969,-0.8420435518445681,-1.6799171482230224,-0.581624942638608,0.04456625427221328,-0.3060750269510022,-0.536373463285482,0.7483013352190211,-0.27373807446202886,0.8962855980824456,0.037876080030863235,-0.2442507078498201,-0.03102970099346357,-0.009669606082924491,0.026666033409018422
-1.0727136315624777,1.5638120741184536,-1.075320267158397,0.11271482172422276,-0.7350606986379996,0.27224049071796763,-0.9094150434144928,-2.0092829199009388,-0.12080705670497899,2.369977332310953,-0.9715698646097053,-0.4095393692218934,-0.740150949693771,0.36925038577888153,0.010119732805542622
4.767618547026711,-2.7391142734622003,0.11625358434620275,-0.5516620446138054,0.4685420902594978,-1.2766805444129425,-0.8145513431603233,0.21769796285150805,-2.284787381542315,0.2857955427883136,-0.18684156800468843,-0.3377133089196852,-0.03761014768684491,0.02352699125215374,-0.004174192017935797
-1.4526284854089884,-1.15175358515306,-0.6388281187679308,2.0766822685126503,0.19620498807309972,-0.1947196957535422,0.8579133673491016,0.6179738208208843,-0.27243903973826916,-0.9244290893815539,0.034580293455631975,0.25903771831269573,0.0014292034118969926,-0.01695166535118467,-0.05418161114020713
4.473379065510583,-1.0050451820268818,-0.8695428858739203,-0.3699047598706846,0.5028039782021321,-1.1998581795628813,0.14900192686025304,-0.7018575960124098,1.5110982919193843,-0.5026736498531885,0.13722852436503485,0.10233557128663928,-0.22528822190716838,-0.056518112051451116,0.0895996830455703
-3.678602683043401,-1.717048912784613,-0.17042813525520728,0.6982978099220578,-0.3166175695864538,0.68088320579925,0.47590508593447967,0.43879458740188576,-1.339302922083231,-0.23347597006469867,0.0060498746339856455,-0.35428882510017956,-0.10494001777654086,0.014617350816199443,0.023396387148321308
0.3414543458728905,1.657144860102549,2.082492137096595,-1.3262935376275982,-0.026830112728398525,-0.3707960393447475,1.0668857296562317,0.30531804599479245,0.5602383314750541,0.5149829090545102,-0.8101362618075938,-0.043384965396934844,0.3327920626747696,-0.3883892712399132,0.027870772177561128
-1.954066013518236,-0.8360478915073537,0.9209755699252209,-0.44479000388703044,0.2875574084495546,-0.2120486734101562,0.42770939607819936,-1.3756574270649582,-1.354446244880033,0.8871915822210337,0.2443971161684698,-0.059373223877484754,0.05289352399929831,0.5402515930635684,-0.018777127905148357
0.5221579341990852,3.2612157357539933,1.1690521184791702,-1.5587569956988698,-0.47843306007895825,0.254195505211944,1.0670064121015281,0.8919249702742444,-0.2675220008380928,0.383538097855269,-0.37219059644803865,-0.13301665620387862,0.26813137957361766,-0.30097800143763903,0.02123161674403032
1.1881080195739373,1.8087564214001808,1.476956803978776,2.52990751659135,-0.573909225467584,-0.7362282350984561,-0.4006050764390633,-0.08891212681006228,-0.12146278562653906,-0.02104014337776317,-0.1881910788275581,0.13959619701922232,0.0475607065031242,0.27072314293759203,0.018743953258204264
-2.627657869929107,-0.5962986915213411,1.680121509494564,-0.08917137606654535,-0.7915042105601006,0.6716032031921777,0.8743639627366148,1.6647242537352949,0.7386190057826383,-0.2696783046166611,-0.25210531030576877,-0.12616931952395313,-0.15709546121367238,-0.003999182388758064,0.00799832400045629
-2.4429262896561927,-0.9498484683210622,0.3480701272798801,-0.15228940936219196,1.9850775031857286,0.6928509805305187,0.8238548002853037,0.29200887843774503,-0.8193216111102364,0.006966653272246721,-0.23390185293151788,-0.16729607778453506,-0.15899158675198544,0.06344282300070665,0.012845746933441062
-2.811418080214785,-2.6347097407241007,1.30735364823759,0.07316397557765103,0.6259928342654508,1.55325363354951,0.9196666353061871,-0.8344326833815023,-0.020415530692035944,0.29999273406211374,0.1315356911845334,-0.0483641541443611,-0.14411050665467046,0.0778632107250365,0.026159943498663615
1.7492175038636857,4.8925244181775245,0.581474546088556,2.151709222420866,0.9235724975671793,0.6492070581461602,-0.01066439378265863,0.22071413102907306,0.2790295939281219,-0.0074578284057699624,-0.26221739260403343,0.15753836599292437,-0.004847439738558348,0.35334987907595594,0.00526107097083358
-2.1396195443390598,-0.1636454001396489,0.7387898505720576,-0.543085074625129,-0.1090966753874052,-1.5981105088854033,1.8836476526785397,-1.339360883577284,0.24573820486436257,1.3521257635287922,-0.2164611231486872,0.07452424919848477,-0.150466975732565,0.28248000063598755,0.003979859971021193
4.901587650225039,-2.271608478442353,-0.9507842618020035,-2.2576047192563626,-1.0784246730963765,0.1523394036901502,0.5326900750444875,0.18721244894358968,0.786996984871297,-1.2047064612054632,0.01964382981548776,0.0067385928984050325,0.10989307445001059,0.06920675703991365,0.09589281888567151
-2.1605574098096527,-0.4916210413075395,-1.374906100739465,1.1617083254153344,-1.0662954025886853,-0.3270176224630703,-0.2363031322084247,-0.8468884156567318,1.3105732748505687,1.219133712596513,0.2541826763898684,-0.15998802733361764,-0.10897316577902388,0.03025156075060355,0.007225870874586806
-3.2678348931923864,0.15799327328326873,-0.3663962681924568,0.732105142414349,0.5095475914773342,1.514115000614205,0.9393050136050376,-0.4440922050111575,0.37360634118165464,-0.049618280899385345,-0.313452941621749,-0.14378827967548444,-0.116499576742455,0.023887504081468974,0.0019605097193133155
1.1059557400466788,1.2854479033033237,1.9458622560226366,0.9402706674196244,-0.7170690382233585,0.27768821516823605,-0.8741964547391412,-0.9463776302750826,0.008507105074453042,-0.10131710600923426,-0.5306607175322477,0.1911394898454049,0.07034420855452655,0.2791739262189927,0.05261462506613279
3.94926557253136,-0.9937518725574666,-1.046708661167867,0.052389273593147934,0.7980848494031106,1.559020924857108,-0.6358406400868959,0.20800361167481918,-0.2642727057511625,-0.6084810919933719,-0.05109246485209605,-0.1107621263841563,-0.04961541456029091,-0.14490368882171772,-0.04887582734549689
-3.1180027027633606,-1.4938775803656594,0.17332987359385682,0.0949625053976838,0.15133728366319632,1.339005219835407,0.7674201017300206,-0.6589129230550919,0.4758858477013353,-0.39603922576222406,-0.04054170658283332,-0.05813369104567248,-0.10571846372095836,-0.04468650047953229,-0.02523664394137712
3.636463368068553,-3.377620846594954,-0.08968607724270904,-0.030065615006114044,0.5068327624824426,-0.33963292735244377,-0.15662234796827967,0.09078162307953791,0.3498886108789908,-0.49178298990511427,0.39452400435291796,-0.049413927108596906,-0.03475414776196917,-0.19757677803890433,-0.0678336812974902
0.3781373883496477,2.858754316380156,1.0288296131183796,0.3433934106097588,-1.2123759178464275,0.5310383748689704,-0.8775920477257815,-0.2696288297588164,-1.0127457848197394,0.02896625925575598,-0.08315197291865375,0.024005212400076054,0.3271443901322045,-0.36878210651073046,-0.008807882181792747
-3.587528980244458,-3.0497329931722903,0.36860389080913,0.3761217863413533,-0.28670364123626013,0.6720176903638058,0.5377694223127466,0.13221566410133925,-0.6149993985967714,-0.4601154274067746,-0.5011624722630511,-0.24648639599978842,-0.05381908479954135,-0.09676186467691283,0.0041244041307330614
-2.942572893370631,-2.2933414005240254,-0.9509650313626734,0.2548435461414541,-0.14294842128183027,0.865440859762578,-1.3833661590831032,-0.08350532643833833,-0.2824157150553083,0.8398183193147866,0.40260952490183427,0.09734452412298852,0.012693010573632965,-0.06313948696841011,-0.0386296459221696
-2.6917196021165433,-0.5698853859614436,-1.5263071023572408,-1.1238000819601144,0.061656867414530636,-0.9498103324670426,-0.5691591251669776,-0.17772601373617702,0.5577155027734446,0.90089407447943,-0.43331440779609676,-0.3584867385524815,0.014621305437180099,-0.14744114510847917,0.06744249616142123
3.3492231001760264,-4.146294549513285,0.057945149410322805,0.0011388330272467106,-0.9646923127026582,0.5075926280916889,-0.25567233895738445,0.021806642823627487,-0.230184941515159,-0.3955773338196545,1.0071559593187356,0.008351298978742955,-0.06316093249849952,-0.14436468542276165,-0.02131739325353739
-2.2518065229290336,0.042193564494093616,-0.2156018084009071,-0.9594085728929622,1.5614746272511448,0.3853649795553853,0.683831316315832,0.10665984083328772,-0.8737934327706092,-0.20488570419878144,-0.05100809584109213,-0.12941313203683916,-0.19733444219544943,0.09035271544956926,-0.020398990458945415
0.8055098286406261,1.220955817939108,-2.8557444383573696,1.4345951591074002,-0.9763593148033954,-0.24794167450659488,0.12833540151829634,1.2417840539304625,-0.21779387791639715,0.08327000723212291,-0.2794868224230493,-0.3903283694050028,-0.15041266598613567,-0.04053663527967877,-0.04160991982831909
-2.5017863234085023,0.009679656434378625,-0.44652618076341033,1.5721673077141203,0.7190334516806722,0.01632355869778701,0.1403094183479237,-0.3365719998432948,-0.8795890798535377,-0.16967837743581954,0.24343363450636085,-0.1523777660418321,-0.13605813809033954,0.05350021280298954,-0.004616951834168933
-1.699772293298608,4.427447258339939,-0.6055176942177238,0.35617531577823913,-0.0414008473064672,0.7195525097344835,-0.21127198945644118,1.211256585455274,0.5416476325811551,-0.9569296267334819,1.0376492311022967,0.05014383174093773,-0.26831268220144183,0.0992659741824078,-0.027494364760236034
-2.578733813633697,-1.9762397982582516,-0.06002613283773632,-0.8561761984454734,-0.0971903444681198,-0.6650184863193406,-0.582666364325261,-1.115038293508742,-0.563182795374009,-0.9622089158339155,-0.2014966700387475,0.09206552382626618,-0.08127465820909509,-0.12022270393255363,-0.008750650185777165
-2.991939728948622,-1.4055854295583232,0.7139046935537039,0.3209718534753502,-0.36262768935526335,-0.31956521401052573,-0.9920257670955439,1.6083469750119674,1.7211044805717977,0.8805230980664245,0.28377986592118754,0.14470133329381046,0.05965233135050432,-0.09537654476353924,-0.05132967558759336
1.3093039220236498,2.2594376365404965,1.3088545717695905,0.5047434683066624,-0.3520870056368266,-0.8505839024898871,-0.06866251012576052,0.2751740175073332,-0.35492839101827806,-0.16099590677937275,0.32154133647999666,0.1168575891508122,-0.01466185130377401,0.3502779362540131,0.04054863960304614
1.1466514751870394,0.8246479494281365,2.273380377233523,-1.7116086500582426,-0.31057208991975427,-0.20635851553329887,-0.7150317080829923,-1.0649875492115257,0.16766761377391903,-0.26896582222092186,-0.8744682478906904,0.13266383983485408,0.06652173105827996,0.2875766055925362,0.00981827536440573
0.8190544156409967,4.734086527984955,0.19514978535880112,0.8094832648055637,-0.6279101277056128,-1.2028006193761644,0.20730944257862102,0.3714483127021948,-0.19162954812460714,0.021200658975008994,1.064475118503007,0.05880146551970339,0.22779515937565653,-0.30601734496292277,-0.02304226744229594
-1.4276765618867393,0.9944298986055466,-1.683503037970324,0.6985539573196469,-0.7254630788143953,-0.1559701483568563,0.5588846799668136,0.04539567271593575,-0.29365914037016544,-1.1850358531186835,-0.4064729659804342,-0.0596439469236911,-0.09396162453720945,-0.028332697746417668,0.059323319586741766
4.273080382831701,-0.33251407607159056,-1.4169921359692175,-1.9721603932040759,0.6667737592827033,-0.7281274336190489,-0.26937863070834867,-0.31120191358806715,0.7629289616355412,-0.8789188310469889,0.4754936793195155,0.21944659316793055,-0.11910149048914839,-0.15731172377829994,-0.0009934680394536816
5.24889450133762,0.19067850443207934,1.3256811344212531,-0.550881329242167,0.29035208763326414,-1.5828854594595188,-0.48641881057489944,0.9672929167321711,0.4769975846721788,0.41966719057528845,0.07759042296132213,-0.08425269231901014,-0.1191679391947413,0.06752934694311023,-0.05028849541609537
-2.602577496716329,-0.7014306722030299,-1.4900812963478551,-0.7762918117935101,0.44281697730066233,0.05363245871715128,-0.8796341156602174,-0.3745402109587039,0.8615853766631625,0.412423682213165,0.4046730427538908,-0.3543055586184508,0.7105777999144337,-0.12008415913126674,-0.018006028842205094
-2.7289686621897262,-1.3023300471954886,-1.7635992734686168,0.855910011417218,-0.926408451927701,-0.9485018959455059,-0.666800451671508,0.2291856119136791,0.43905059369311666,1.0140678403357362,-0.003215254080240759,0.7401269815491353,-0.03053123216425365,-0.17938282128043975,0.07409445269737777
0.7444683692645935,1.2630189051685607,-2.7138046571403938,1.329732592856721,-1.3519587812071108,0.8552389092576069,0.20476655645913455,0.9830243340693561,-0.09037579615292207,0.22249991878388173,-0.3264228763444422,-0.37112708094351277,-0.15341488228253136,-0.009073501527829056,-0.039653148961941005
-2.7727060276999094,-1.8480623495375914,0.847297197732064,0.11208391357506825,0.5448466952566977,0.32984082667084125,1.0947369290847793,-0.9114627703691709,0.4114553679357591,0.23422069006354101,0.2543402436551476,1.6017731021861215e-05,-0.132175588150069,0.06354433535172406,-0.057438350365193035
-3.751446730752508,0.5512086967572749,0.8413322485028538,0.3968213058477832,-0.17457744400644948,-0.720248745153609,-0.8641519911286875,0.47121212748442093,1.1368820469763925,-0.7747534133667091,-1.0223953387981588,-0.1349421455985246,0.03112739977785775,-0.14399003441322356,-0.0040595542609218474
0.7491395363805275,4.4427039353385585,0.3559038596295794,-0.47160927249628937,-1.0046814773745742,-1.1269136923776748,1.170542260819783,0.946608957334808,-0.08377456648425446,0.23427062758738088,0.7803544657818399,-0.016425653643329874,0.19902824310772432,-0.2722490082636986,-0.009714407189229831
3.7887801211056096,-2.7208255226694984,-0.4407627031551323,0.3015144747173567,0.5972909284107373,-0.7266181609577431,-0.6689514935625667,-0.3149397769524829,0.39639680540078004,-0.7047875494377565,0.7206644898533551,0.028428881363282033,-0.04239282878783722,-0.20357833200142028,-0.00505841269240791
-2.1143448379024323,-1.6135975080782683,-0.029812009512044144,0.0653336438885409,0.51563226857355,-0.377072248148689,1.5450310881579654,0.32364530988602813,0.4875070375492608,-0.7257842835209896,0.04403637066189416,-0.18522023777624094,0.4674209546803727,-0.9110195138013952,0.011605211044482429
-0.8788776830743572,0.6923707128230374,-2.502779589717786,0.2810790093049964,-0.20677056824800932,-0.3766169304567515,-1.2718164831082273,-0.6100257273283298,1.0486552702045595,-0.21123678988197545,-0.8227512274916687,-0.25973033981298743,0.07686197571189948,-0.09486483024127138,0.01878425823716205
-2.181656327922569,2.113614566726691,0.48996319330411603,1.943838220827011,-1.0047440383722623,0.6843250106369216,-1.34081747816272,0.18709583616161563,-0.211932467024391,-0.477264347891936,0.026225382008952507,-0.04399814596455101,-0.19576127248606187,0.05983723731622699,-0.03541192367366549
0.8145608173659666,-0.5305674740952959,2.9008938093743453,0.19514552959506204,-0.4047563140141667,0.13755848441585283,-0.19080619515313985,-0.5371657615355344,0.17089357731822324,0.1564705661485924,-0.5310863091403071,0.14373344252257353,0.08435529904484457,0.2789700410387422,-0.0029800229060128734
-2.639787837578891,0.01073795961057078,-2.5042162654211357,0.2672471395413215,-1.6466034352711367,-0.11867902584799439,-0.8382171358470348,0.146081316620069,0.17331204651191276,0.5495923441829973,0.04504393017844482,0.08569406332650101,0.014616389051150702,-0.10350425493132157,-0.019495127259055906
5.323008460283516,0.5501606882004546,-0.9755529823155402,0.4714171294857554,-0.6179221186546794,-0.9235980529349417,0.5343530754191964,-0.5898262571323092,-0.051349678438847135,0.6411284285136862,0.3973944388207473,-0.011394189714797581,-0.1490893722613883,0.10264296044305764,0.05152672748177507
1.004352064881631,0.5245347439857275,2.661225082918457,1.4531895224962834,1.087981503765,0.8918176606011237,-0.6730846628974527,-0.38743515153614366,-0.04640313109285776,0.09098056302872669,0.056276239276728236,0.20159796424910434,0.08290493080258562,0.30580699359000985,-0.016831890521337975
5.047275746036975,-1.133304918684719,-0.2494640091678846,2.193128921108899,0.7032742649376438,-0.8537671317408945,-0.7567651465670198,-0.6643636435163178,-0.8754955249694847,0.49325355120793374,0.2936731694768153,-0.11405510267435784,-0.04369504954040111,0.01729266674451123,-0.01792008212918275
1.7239158730866424,-0.9198097683559489,-1.7034705806042245,-1.7624218853463567,0.05272791288097495,1.3363445316300426,-0.49947356648558605,0.570774383738057,0.18918324821590737,-0.422624290604208,-0.5644722254293038,0.8380811883277448,-0.06392655688312213,-0.27556245360292253,-0.21662926004722663
-1.9384842986539956,3.3431616068657797,0.028509404335954447,-0.12267680100470418,-0.8621018661139349,1.4862376834586195,0.3555326648008251,0.9469605628468334,1.1123028943743118,-0.6039942779812792,-0.648278759383032,-0.10380718613163034,-0.20027056786345207,0.037256811151134064,0.012195997585943273
-0.9695006300872082,0.19747294511571645,2.9686972858511393,-0.9502664051377152,1.2655775487369798,1.578531515890138,-1.1644244473431375,-0.7458626401870387,-0.3996625639071885,0.5427899554625351,-1.323075272403005,-0.2078904434976225,-1.0908795852821724,-0.20325871844582794,0.006558641546125309
-2.379517053484242,-1.2623597478196307,0.06374354379445402,-0.9235392144251793,-0.6710042612796211,0.36947342181416,0.9327591345773192,-0.11656501106645913,-1.0891537755476364,-0.06600494107728769,0.15222174602801497,-0.1344509105489449,0.08015699731889406,-0.5310890825550677,0.008484276965326297
-2.170404860586803,1.250316106678583,-0.9725703686029756,0.23943411112115465,0.5653961615430114,-1.0042616824469732,0.4563855615892636,-0.7169298347680679,-0.13724380921455287,-0.36187485967584043,0.32533363421747596,-0.10932525446655858,-0.18350243646863937,0.07319117728822162,-0.0642929791899545
-2.3540605561868713,0.6323937966218507,1.5775122790151768,-1.3566550223709015,-1.1149463761735001,0.7920758259810392,0.006744240709015824,0.0893503206410764,0.8095490444001241,-0.1775849323519867,-0.12455347075550419,-0.01885559213751356,-0.2267208940204069,0.11336007150881917,-0.01995278255624242
-2.847842153197208,-2.795792564623258,1.2820919234655204,0.709296319298188,1.066614417993244,-0.9322483461042799,1.5569717411797876,-0.6681637604012309,0.9187103164608714,0.3542302999129716,0.10682786701013372,-0.061310663156429496,-0.10448328329995346,0.008454322282005933,-6.811120956766708e-05
-1.3782266518380495,-2.160979738416804,-0.71353822587252,-0.10663526592068906,-0.4047322266107388,0.9948802508960122,-0.11986694539396109,0.21064278285873,0.2918446979387912,0.8414153352207117,0.05202249226668503,-0.23066195388254132,-0.0917648850200616,0.06460641050242706,-0.023160547547896298
4.7142862064056015,-0.9025130070886338,-1.0209374845690318,0.7719459875815302,-0.9410968666642924,-1.5382943258608297,0.25560781096018403,-0.4944772367013267,-0.23959122981255404,-2.8522766857622504,-0.13568442962402638,0.6408726591203593,0.03564895790892668,-0.09486960375019168,-0.05714380104248356
-2.504065658475901,0.8495241808300706,-1.7775600255032227,0.34084956681108125,1.496086614896627,2.148196192343281,-0.7053949695885373,-0.06662153320184637,0.9982079613310688,0.7192660241697724,0.13566531884338662,-0.34448108618812845,-0.039508812606270066,-0.0222663338591364,-0.0482928133667778
-3.167393257401722,-3.098393475095892,-0.7538491530593283,0.14628262488911303,0.21375947535293596,0.6698074484855747,-0.5875686701898797,0.8363171792155939,0.025917412645364152,1.088176314017995,0.3485977431994489,0.8156080918838107,0.0559629485648761,-0.18745765290075106,-0.006319922190705172
-2.017914988206063,2.5984698734689236,0.5950034151481607,4.541701421432698,0.19568754413397343,1.860325401767125,-0.9978030300696135,0.7878491196374064,-0.10301139923087954,-0.15410666707646567,0.23704103997371373,-0.024336547451842355,0.35536609033848393,-0.00493351904163971,-0.03373384376931796
4.11854031478908,0.050765806082550435,-2.046638173602922,0.7023633304492165,-0.19201186301482276,-0.20660756783725986,0.07854020903587516,1.1223335191151358,-0.4619196268304669,-0.6498831339789033,-0.11870662593775824,-0.24695337193987046,-0.09915369871726855,-0.15413761362161138,0.06247406008360348
-0.0016942730822702146,-0.7746383686330668,3.2501208581608854,-0.057078117611169876,1.8421205726726346,-0.49757125558039594,-0.909832623260735,-0.3300171336010861,-0.3835327345942466,0.13022194142422414,0.7377110734248175,0.05435097253792051,0.40571739943969,-0.41724454633016045,-0.037154185709239965
0.36089452045353143,0.6852992369301727,-1.425459434686349,0.8146930379602584,1.281124394115319,1.4434422103176967,-0.9849611889244848,0.18148616275559426,-0.923479752874202,0.8007847695184034,0.26746043482994236,-0.36265634505099653,0.0949837337472316,0.07553300197594008,-0.05836021513774367
1.1779815869088641,1.8346597950177022,1.8544578952370048,-1.1159786181340516,-0.6957215529377331,1.0705748032315228,0.10562320310647821,-0.20645217806494776,-0.04613338428544578,0.07027974850174838,-1.3502236512226757,0.020011224763037627,0.04262180804263149,0.3317534092037075,0.026232244484181863
4.779100449237948,-2.4012578877484945,0.2714038004693034,0.8081966285695412,-0.17439425216485016,-0.8324926073568681,0.26051773538656087,-0.1385241128296451,-0.8324424723045152,0.7943818736357635,0.10394649168326159,-0.11705698917337512,-0.06731847303372175,0.03974142518946182,-0.027053630270276498
1.6955276784046434,4.704545074344042,0.30879898485265866,1.9095824370174077,-0.9101263724187741,-0.41955423470754394,0.23414880071524227,-0.14935001863594252,0.5753373566876319,-0.03475001990373455,-0.332807108218829,0.19296708942489896,-0.027970937653078558,0.3336744905420771,0.005987050913386076
5.099903893116451,-0.9420326195027988,-1.290289465024608,0.4842459748629112,0.8256286570326903,1.4660918724871936,-0.37821749420574013,0.34038368745681497,0.37580383320147726,-1.2402446443372732,-0.0847091042059214,-0.05052880593874434,0.16669826554735048,0.04535550799520606,-0.04458002237519169
-2.453444914759132,-1.1480609039817287,-0.15131820878888638,-0.5807090087627611,-0.5147965168719921,-1.6019268103545368,1.0435256413292808,-0.2912053406518048,-0.413833282317381,-0.20819194519366016,0.14048742481868232,-0.20101192752853672,-0.2065044601319236,0.05194728187371542,0.0023524529258180226
-2.2444390262072687,-0.014119310657922046,-2.5194445448318463,-2.1566433129788147,0.014418158615890353,-1.1024587316490422,-1.781267507675515,-0.11453245740950109,-0.12370008248011477,-0.4657015208684773,0.7989129724112262,-0.3526280202211022,0.06751815687118498,0.10215746002249086,-0.020744445397890852
1.010136569880968,0.4716177104618531,2.2639584717354615,-0.611561733556537,-0.13889421304108607,-0.1426694111794582,-0.5420259937899131,-0.1678413003763474,-0.5451231537858359,-0.15485548722710588,-0.5357438548827628,0.0336869323297426,0.06144286524549186,0.3029810414181994,0.05491767527379995
-1.9898996436914091,3.434028785877388,-1.6570414280756964,-0.40045054524497775,0.37770894833753843,-1.0106595212170675,0.8466631870280728,-0.778932191308477,0.6834336360617157,2.9853332157904395,-0.24974369751637404,-0.39226263559460817,-0.1719885307449513,0.3450538998951662,0.018348762936930427
0.3414759416553341,0.18933849793048174,-2.040327793227283,0.19229563364173852,-0.6620635628875801,-1.8760091968636727,-0.5332692835437998,0.5501157399274406,-1.0230712166675489,0.5777130964939143,0.11611495582081993,-0.3514138028807474,0.059153211021721525,-3.779670695046311e-05,-0.05633372946877467
3.6575637943755077,-2.419164302960093,-0.5982376738978441,-0.40411667316677247,-0.09718256559746885,0.9498691266338812,0.49367223408171235,1.022452052219,-0.2610204992199306,-0.2804382914579708,-0.5768950670975479,-0.27033939996348644,-0.04977202245738216,-0.15905018930161408,0.09738735384945724
-1.9381329143625528,1.998108681751193,0.869548138689022,-0.9238207711527356,1.2233728910268227,0.4007077666319272,-0.9266802725777461,0.07894939054346067,1.2318094832812092,-1.0432001970103113,0.06472782781593871,0.09533877546525363,-0.15074709402832098,-0.018537026681960896,-0.010408447734691984
-2.3234681502611108,0.5997122809016002,1.42713032487766,-1.2132742652576747,-0.2680467990954831,0.18992752815408154,-0.2692345498728321,0.7608185413829274,0.060891375031800005,-0.36498020225490074,-0.046446694543050226,-0.16988241291118125,-0.2169754215876898,0.10466567521719024,-0.024329537645194053
-2.260737348212208,0.34382327995619755,-0.8056089341137787,2.2031899903473295,0.15614597080279347,-0.7970003922806135,0.2280120967901945,-0.38933428155836736,-0.6594943739470276,-0.23683605063114782,0.16438753054008404,-0.07143895807323078,-0.17920292198003862,0.015235015114034023,-0.003406517124238405
-2.4632480114203505,0.7052192883701893,-2.3891592250964675,-2.4117382108438425,0.5472991739328227,0.2278296792506025,-0.7818777178511901,0.6679954638595575,-0.18864190508884865,0.3429293109092115,0.3298026429798787,-0.0894930244327786,-0.0009892115661440382,0.011999966143150215,-0.0004878463535667064
0.7629827424963391,3.306623371025689,1.6721034694034387,-1.557640120894438,2.1028585128348283,-0.6350239285150262,1.260067863411971,0.7976869217267104,0.7964585636254478,0.36707404019793183,-0.26296523612126754,-0.07818983327747495,0.29611847911710387,-0.33785985483554715,0.025113938328829757
0.6956086590481854,3.256515831815834,1.3686961227036065,-2.16629172479443,0.035806063842789115,-1.1840474612893674,1.1676656076725371,0.13781428516263425,0.8230791703507812,0.22642151380217226,1.064109110250316,0.13601303720920793,0.21375808153231207,-0.2701596050491503,-0.012768398262675744
1.2489918184296278,1.36408971547917,1.8768320943522825,-0.8206742912586764,-0.6473919721787947,-0.9077273691119634,-0.6723355291958487,-1.101659900965324,0.3856769647272145,-0.29318209404038453,-0.9524336857598049,0.1437655092486645,0.06428609948609426,0.25807320665143046,0.011224556692616888
2.1612508413480023,-0.7934568923922546,-1.2318045236720894,-1.0962128306304697,0.9559252984996089,-1.4948762412643155,0.39260918808748335,0.27217787663314874,1.13252146918411,-0.22701060315756202,0.11071227642870596,-0.22520112952873642,-0.05758844049872622,-0.09813068770071294,-0.04335138475647754
0.9629139030669545,-0.13829911345725232,2.4654144226161763,-0.7965799686522755,-0.5749495062233289,-1.4252693658228717,0.04497226023843248,-0.200113024507068,0.03619955881332354,-0.08811883530755121,0.2763831273083561,0.15287375293669458,0.01877783542867975,0.3168102340765616,0.0740219282379312
5.122893089507672,-1.338346014571085,-1.079970291984243,-0.9534385459883897,1.3782896959983066,0.5548099377503997,0.32386754375389404,0.9430540499565987,0.4816483059600781,-1.2346411174188248,0.10082023707779626,-0.11216366738039349,0.13638965776196374,0.06961181922449329,-0.04250318171580032
-0.9303464943661433,0.37397821879857496,-1.7557551780026408,-0.10285083782757581,-1.010615271994764,1.2739368164181357,-0.204785015297758,-0.561893644613994,0.9727840895735538,0.6530305830931551,0.007442271996428822,-0.3035922334679666,-0.13306163371741214,0.11458718557298274,-0.048036749321986934
1.39588268216953,2.7414548957789324,1.3825491875966285,2.2861420819476823,1.1566048765929584,0.005330933554158479,-0.2897000554322251,0.4699042462309309,-0.23873999441629695,-0.01095393530770164,-0.5301773731706719,0.03408391754482837,0.0576292746362585,0.28975148654748345,-0.04786539561184969
3.479618121929646,-3.2189179751318435,-0.21159831725141146,-0.45856875746130454,-0.27522657663265615,1.393828578332783,0.27683938363844995,0.8512988127092238,-0.48153338434941345,-0.2558848443957983,0.0522261563114155,-0.19016887061804852,-0.05634447375765145,-0.13011288403011956,-0.020467863818072116
0.01219609047432657,-0.4653177495969333,-1.1990462903192105,-1.2878744990052704,0.9910793204716469,-1.2367512045061158,-0.08761443238679849,0.3190908734053548,0.06070792305115638,0.607453579662816,0.22260273486378104,-0.415124573620813,-0.0006701144834011658,0.13284939100831483,-0.05190977179708146
4.953119085029014,-0.7374188461887716,-2.2062205448463112,1.2652159986575653,-1.6216770356639474,1.0362020995952608,-0.8937592447167563,0.6465551557126017,-0.9673007003826417,-1.436148684339858,-0.12264449896673912,-0.1400420291135124,0.14538790304912114,0.037176181591930785,-0.05363879557748507
-2.3098609749654373,-1.8442041303826766,-0.10042086360106334,0.1374183322360134,-0.12504096562277445,-0.8925642664669309,1.6905552511010555,0.47416552506692805,0.316894473024166,-0.6004807152096729,0.044763816328413884,0.12849322063357557,1.3986327399774063,-0.4270682802165796,-0.03198076878622715
3.912536215353765,-0.897412514152956,-1.2679723210395244,-0.04087203941896267,-0.35036100752750154,1.3966889166187384,-0.33206492452794123,0.18264426494532215,-0.20243362224693146,-0.5521528607128039,-0.14084107720744335,-0.1434181740553229,-0.07004749194286473,-0.13439529757578175,-0.04620654165428077
-0.9817105137197006,0.47492072761774695,-2.430482164193227,-1.57404375558278,-0.3222561287678899,0.12443848808855718,-0.1825240986839599,0.7247200142415218,0.3216393223005693,-0.06518197667538506,-0.7693240959823778,-0.614574838151302,0.023341097861482543,0.015263422260141962,0.024991981369972896
-2.697397571765564,-0.7361604372251935,1.3542824140969476,-0.40710006139315114,-1.8411873050015735,0.11097117738716045,0.5879424213226488,1.755261921557104,0.04780774225020437,-0.4838291852972232,0.22044672390363435,-0.2127693915891448,-0.1862562125031466,0.024559424803981503,-0.007157033992738444
-1.3279844096310136,0.18312714645255657,1.7926926490732251,-0.58062595581132,-0.36126919265630675,-0.10954494465404196,0.5177130544351847,1.4650873269811553,-0.41515847462270566,-0.001365329498177182,-0.364210491562377,-0.3299578647924074,0.08992168959650565,-0.5569808063446131,0.0887731907494088
-0.8860593103618608,-3.0971967810260086,-0.16964211114135191,0.3421263850988724,0.3250623830357301,0.45966808848295004,0.39394596453077935,0.5380325399190893,0.7020025289736656,0.8740213080016861,0.20860755073473716,-0.15363386655410508,-0.010182572411334675,-0.0727235205586165,0.003695612577013979
4.992328168618515,-1.1023843985242106,0.01021032901856811,-1.1891074337073666,-0.14025123499074454,0.6153189266854584,0.4303185097399389,-0.4410095507269851,-0.6003766583563239,0.7871794186478429,-0.23010332134656453,-0.03904593948000498,-0.10346784100028608,0.1057161632551601,-0.0424503766537222
-3.3217568582775785,-0.8854851320996798,1.2766018066767435,-0.06511378557045627,-3.2149892709771857,-0.10094816001464357,-0.7524853722373032,-0.16049425769189996,0.5913124115464294,-0.6672384875476418,0.07021043557969708,-0.04368158783848067,-0.13813338094778044,-0.027943958537740773,0.0579265108347822
0.14698693289512033,1.140880475810457,2.290030690483869,-1.5322620112252379,-0.6700144072699953,0.9983635017054748,0.0902684528916458,-0.33434985290804364,-0.14975685548711454,0.3738931475814082,-0.3903197308606727,-0.0059607105296075324,0.34200910845042987,-0.3496812269409981,0.010147150930488288
-3.284560824896677,-2.746079701935926,0.20247631408551697,-0.15292720074990654,-0.08806058763488733,-1.607789754747943,0.681658252854144,0.75410547269788,-1.7230287639395707,-0.22531659010399166,0.27434801651975405,-0.3762215185303899,-0.12099107739452315,0.014173147780472628,-0.15095178258139424
-2.606110492966028,-1.3778641750766882,-1.6203769214410995,-1.9408829271959167,0.48124349602733985,0.13692404924293378,-0.9959452701672881,0.3578511507451065,0.25894247640248313,-0.005455485057320049,-0.08067916512335976,-0.42459973773740967,0.004005896133289735,-0.09437399199389539,0.0578415689368524
-1.9908143574439081,-3.1687705467404164,-0.547840689703639,0.7560692609078503,-1.0099484254213538,0.5353351333711829,-0.6567489506916138,0.4907687733648008,-0.9078727997160012,0.9867894294564954,0.1407284640174822,-0.5103323458339932,-0.04421772696093211,-0.017226314224667215,-0.011034397615388897
-2.8067941079439134,-0.4293457403779124,0.36381564408214034,-1.6590805220103015,-1.487203549299927,0.11006464872657151,-1.6234805065577873,0.17855827177896594,2.0467201078007293,0.37524267427727775,0.34440020988168496,-0.36720365471847805,-0.06529624398231647,-0.03782220696614884,-0.02550958147936846
-1.2310912664546905,0.126699833535997,-1.9337577359114944,0.5813073310222797,-0.4574788425453502,-0.6787457686877462,-0.6560846301596198,-0.0757539981854958,0.16386554830610353,0.5865124521108727,0.15805903901081156,-0.4779323462836218,0.09350862460154913,0.001881672963056899,-0.021247673094995246
-2.5182063545584814,-1.163333650837333,-0.30989864176962845,0.20614368275523498,0.0007513753778116139,0.38636229186976623,-0.5721126197411077,-0.9641572226843471,-0.707677844119402,-0.8797489691382141,-0.3211526092650342,-0.14314318400388024,-0.07402666632646403,-0.08023304632750859,-0.006070568184731179
-2.3959353291870737,-0.7958396447171432,0.20283179578156818,0.45880327690029277,0.09384426717857114,-0.03730900219276756,0.3340520894658737,-1.5865132871669434,0.396938448124303,-0.13116010718556886,0.3808005323611051,0.05530477860088415,-0.17415458247439397,0.04869670726275095,-0.005072017356954463
0.1996108757142352,0.9855301917091488,2.3654814418301418,-1.7663093853728244,-0.33404043430038544,0.42639158011724576,-0.6510384362197882,-1.0082547806623388,-0.08892020948538126,0.09790881910762768,0.6441579898477028,0.2424051266672482,0.32351978452449176,-0.343355689498535,-0.016865883620807685
1.1855541346679286,0.6721854457584633,2.4829349619736347,-0.882644628210355,1.8858415599005096,-0.3391642727720845,-0.5348056910069053,0.12402593318678581,-0.2621516776903812,-0.18227161069222061,-1.7509832187886658,-0.11742333396526008,0.13067653142376207,0.22933074848631518,0.02499773788331923
-0.3190998068284101,2.0667822222211942,1.4930698575124235,-1.4735732640773807,-0.6767346838495788,0.581333776808054,-0.44842498619928106,0.22813539922721304,-1.1895651792783626,0.2549925083762436,-0.15912754633118786,-0.14031775416965972,-0.5858261471406384,-0.19316813973841984,-0.01233840305294813
0.1333906346752176,1.0728128232228515,2.0798559554533202,-0.42131020026686133,-0.49661567538046414,0.65855552372174,-0.9577710062446647,-0.5338707668090141,-0.8065972968541624,0.09906370743800472,-0.38972687093015396,-0.04158920476741754,0.3824391282097779,-0.39919102444200644,0.0006624309804287602
0.11996750007482371,0.32228246137343275,0.6226337600500327,2.7918202859001715,1.494009252972032,0.5269989623940623,1.0292483120876819,-0.5792824445431122,-1.0369654958625125,0.7380218368827034,0.4404575298221478,-0.013332301481089992,0.38400719457058635,-0.3979770382586596,-0.005194227282354459
-2.7052872179273124,-0.8560325682047002,0.10845292752622515,-0.6784020982894159,-0.5572254769569985,0.7422764286486334,1.2544111744979085,-0.40575939170462644,-0.35293955311707864,0.1470961655683565,-0.003836287686758255,-0.17270323106775395,-0.17381070934659743,0.117367523594309,0.008958457572291958
-2.0688728759669854,-0.5029038615336076,-0.24711012932329013,1.0559823973853917,0.8671487364288313,-1.7133473931757637,-0.2394426184766784,-1.2629933743867936,-0.04627266648827566,-0.526560558869392,-0.35428498599515257,-0.11000140701111569,0.1254411678073813,-0.08769277098689576,-0.0010499965041747914
4.649907169449516,-0.6246752904758659,0.46459918992246835,-0.6992511163761399,-0.7676230328054302,-1.7271743535025943,3.1594286281330457,0.5200143718884052,-0.8305299949519511,-0.22755493951992603,-0.7935295057349727,0.22618829959362807,-0.25983698672103994,0.040939722869484496,0.11324114324173344
3.883037225592529,-1.6488315289428612,-0.9568776308765685,-0.7272721257605981,0.16551395093019167,0.45030516442362356,-0.4279456891913195,0.16729487311406355,-0.13455563012256566,-0.6706581793550466,-0.38312688633640085,-0.16904641573514176,-0.045582714951603195,-0.17814543670990202,0.06533956177600811
5.161044699532749,-0.5433079612794441,-1.6159475602664333,-2.415441586150841,-1.4832147883164373,1.2540624218729066,-0.013574128040150455,-0.5818553058923919,0.9433834877336553,-1.3514455778165626,-0.2036910093229965,0.10769458794865294,0.09737090152100034,0.0917075391259838,0.007531590903234875
-0.25108475418015885,-0.07137979607453815,2.4922638622833446,3.005015367224005,-1.330935809755759,0.944218061857526,-0.010093462090094462,0.2372359601057749,-0.7058515301520467,0.7243077417420669,1.0114384425323268,0.10041236530911254,0.3478316398180585,-0.3627296629770608,-0.024432170430665024
-0.1296326701376893,-0.9848003897123487,2.883260675968168,-0.07360145251417738,-0.013371578035638487,-1.3102456585094788,-0.055971224196605905,0.29322806659449235,-0.55286140307017,0.3008698470834532,0.17543097090143497,-0.0877406070093266,0.3835818431540064,-0.43133267782593016,-0.06837130810347146
0.9781070706095516,0.6196315300098469,2.376278384342854,-0.6203806077092364,-0.6597042715366678,0.878216547412471,-0.563833953440338,-0.7515477389547218,-0.1449149085542109,-0.007546573669701205,-0.370562511821449,0.2687830520673504,0.04838055091077485,0.32129906614117465,0.05219745714205425
5.140117471212298,-0.5142355304523635,1.8879926000262717,0.5014239292323174,0.33529620812205796,-1.4461370881584503,-0.07581039280719036,0.5726909917198013,1.4650809192796908,0.746450646000637,-0.7329618089773775,-0.09193056063427421,-0.06150074027592638,-0.00046191119771079453,0.0486690464473842
-2.489515317986066,-1.3300282935985512,0.43712866932992794,-0.419329745179175,-0.20870880261226632,-0.19563467662124034,1.0713194767396892,-1.1688088061962254,0.5509779423780348,0.05058307817800249,-0.3231925416982981,-0.06593596851177266,-0.16798397497869397,0.03760107499879613,0.015129730228442852
-2.7092869523713445,0.22709265232269416,-1.3365726182614526,2.85339918889233,0.6662590367465099,-1.6529305678311617,-0.3446759454142234,-0.2534045160109303,-0.24930762664014855,-1.0312483605356986,0.5700100035227093,-0.03321928146462891,0.10356705081454898,-0.15836272108248556,0.7760612054516569
0.09816045691488062,0.7227375450695961,2.618789245758108,-0.6017774158149838,1.19086938267833,1.0596853879200632,0.3864447880225347,0.84216468772028,-0.6053563871149006,0.5387425796493439,-0.27670442353549857,-0.06880246208279536,0.3622513660092148,-0.3592698796854401,0.013257106089771233
1.1503993191443436,2.2103531853301437,1.3058971635678556,0.27092179960579843,-1.278839964907113,0.6688509582496343,-0.1154865512952974,0.3137449413150035,-0.890770832657559,-0.037362279109688576,0.24961170804812313,0.09417198836496424,-0.025433175306002705,0.3989727134606474,0.040541111142898226
-0.18120066787008682,-2.1924122132791455,-0.2063851700948977,-0.13659844471674623,-1.6481141384262643,0.9517061020974174,-0.4449001658509133,-1.32298699698295,0.37710871626029013,1.1363456472328426,0.2613152202377129,-0.130540902445248,0.10410329664505746,0.03888850275307312,0.0673257849868505
-2.680978509132188,-2.2681423324881864,0.7927677873569858,0.5093232140609428,1.0577993322652506,0.06485154630076018,0.9527174935959921,-0.05269555985142249,-0.4082693196462453,0.16323439509519752,-1.0834499453670479,-0.23559708881543687,-0.10027026251284651,-0.024058711931329912,0.019313552307351177
3.7757090047907806,-2.2845678342230045,-0.7376379289520274,1.2242694073775002,-0.08858077049024105,-0.642143144080823,0.35621726821297495,0.44860154829731985,0.5849596401769526,-0.348121940754634,0.06283319820087498,-0.08714466200275425,-0.05028353279226559,-0.21219331033721794,-0.05745705327912005
-2.3411907464826305,0.9482655668940803,1.4132868955706532,1.4827420125571908,-0.5667312958853378,0.9024428572194654,-0.39273175993650244,0.1523681859401435,0.8033669070886349,-0.061420648514021875,0.0708569139460872,0.1417881958055025,-0.19549731109142648,0.05709116704196532,0.0013772413927830608
-0.463843169775513,-2.694617313451466,0.008245864623004528,0.549984972132239,1.0539930763188319,-0.21252291920679145,-0.21453278529042702,0.06011649378065337,0.17059729890820058,0.9819988412369367,0.31129753448401837,-0.4401022116188883,0.07021526426041205,0.10197433276886651,0.02791712821428889
2.239876751839032,0.7066583231746579,-2.1134410035629907,-1.2187517825380652,1.3973632169190868,-0.27803905397661377,-0.43892587104655223,-0.18676010747717087,1.7052425456077243,-0.6614275125805666,-0.20419276715159163,0.788588845878682,-0.07521225920288721,-0.2861189484083437,0.010960792008003217
-1.879367629017507,0.9299963959913777,-0.49252307016941527,0.7270531001250709,1.3386501230071306,0.42751210515472327,-2.3344577366732353,2.070916526300618,0.639486959875547,0.6007480033152124,0.05807437158870126,1.570325547250049,-0.10473955812805227,-0.33390854846578594,-0.019073070137882182
1.653104496663441,-3.3946809157019917,-0.022839147848803462,0.6656530477523577,1.0133631933609522,-1.309769489719913,0.5899395081200239,0.45529784535871315,1.2278606858560182,0.20184107462479392,-0.5851316534219273,-0.2999679754251843,0.0393443335998523,-0.19395804241068193,-0.0285704144871626
0.826982091345049,4.151613231026442,-1.1728805197153416,0.8515737475644967,0.08696763570623683,0.07371415696542116,1.3973452051553683,-1.278776480776575,-0.22077954726244797,0.39467301380816167,1.0159112099014433,0.18827090931811702,0.2402900415154262,-0.2893646968928281,-0.015787693393884097
-2.4852976288206423,0.39450100751852335,-2.730798920793561,0.4336418403330764,-1.0119970161860286,-0.5237003088979646,-0.9445712837401273,-0.10389076034995552,0.970672936528953,0.17163752513547006,0.09695149391235847,0.144940899717769,-0.46226431837162657,0.8967434565860775,-0.06422677313559946
4.940844757486332,-1.985845578729946,0.3051074004610071,0.5324637146519544,0.39396807546069085,-1.120827656219272,0.4776510688965251,-0.41211349138024606,-0.1166346872199498,0.7978619078557934,-0.33916031568579524,-0.1669851377308965,-0.05213653332947982,0.01924927851766077,0.005059430608600948
4.429211096593521,-1.5782091353396714,-0.1739204837550935,1.4813420373718158,-1.286969897000792,1.176131587590608,1.0799278333222915,-0.6341640898229197,0.4087960246585976,-2.183191663310225,-0.6022346666529906,0.6131882787575992,0.07060882178948091,-0.05622775534608703,-1.2267758683727956
-2.658887334651951,-1.416175939526835,1.8615297230391181,1.1400862818944326,-0.7185376861666372,-1.4660462955953015,-1.2609027694281878,0.3918445262027585,-0.3127469386767107,-0.5062679002165641,0.01666115536235574,-0.1563154148200692,-0.1346954838173532,-0.02721615534489294,-0.0194626133206016
5.076657142671577,-1.3753588336856482,-1.249188556807665,0.7948834166697945,0.5291021475320381,0.6529113262155115,-1.0426213386685979,-0.3359056633291519,0.492220958264566,-1.4431476750273566,-0.2138568832368331,0.005416482231815373,0.19971720410450483,-0.016464362695418365,0.04588444261092715
1.0912618031658061,0.7021143339968463,2.2792683442122987,2.295780030477091,1.3762223559233204,-0.4001389320803306,-1.2091768818061697,-0.23318578689711217,-0.4534487458871634,-0.18169671230081644,0.20724142387330122,0.14953195102596012,0.09606474256505737,0.2605353700090298,-0.0253999779250455
3.9931585198859243,-1.1154281015779572,-1.1575100332339965,-0.8036085592805124,0.623669496157913,0.5367288798472474,-0.902942314110204,0.016842556374004364,-0.4174607169638928,-0.8841504813223748,0.9519959725114041,-0.021991126870247263,-0.09573398064164086,-0.10983381245117652,0.03411292097342645
-2.3903707976780266,-0.36669315724451923,-0.21264285766070334,0.4441250088538271,-1.3067156424298,-0.39332959619917085,1.2133447225829415,-1.2282542336078315,0.6348888010416407,0.06523001674800002,0.0034454609541696504,-0.0048421134713795555,-0.20823670558372837,0.056957472418554575,0.008041959117208437
1.2661809535564847,1.4274190102420201,1.9063727261838188,0.3958397262759711,-0.21266355466584597,-1.2304454375626752,-0.44636934387496563,-0.8905895082105424,0.6027438062638433,-0.1906196316364431,0.1721459883420763,0.28811622905059747,0.029400455034182718,0.28877300129294997,-0.06491286639715474
1.7242325946881571,4.821445898495135,0.4230590561402851,2.1483507252743808,0.9238211638660498,0.35715316545899256,-0.1586867212510366,0.6088839078854855,-0.28253011609976314,-0.11013908870525292,-0.2405247081292911,0.06910204850101434,-0.0055139949778353625,0.35283001778633466,0.0024930438438302838
-0.23344833373021334,-1.1038533695317818,3.3401412033560174,-0.24308189678405395,-0.34030075021634976,0.7009716704912541,-0.25761945017170373,-0.6102325465112968,-0.10032443573538657,0.49979180720593447,0.25294320501442485,0.08442061084273425,0.3903187680457599,-0.3920209069143429,-0.06992882988991414
-2.149499928399002,0.6898241296784529,-1.0534185960253748,0.8536293932406165,0.3246314170299551,-1.1686900726030571,0.0045119764210473715,-0.28740959290046103,-1.0664244515113157,-0.5137765971596318,0.06798001257690552,-0.23323651226080652,-0.1899047839834186,0.0376696984317717,-0.03159158570700528
1.6197139959628255,4.5826545189632775,0.09296253132666671,1.7996707814424486,-1.5062613347635523,-0.5488394321398022,0.12062640704927252,0.1817458913779737,-0.07214504128245874,-0.11467624808579084,-0.342337111248472,0.10022774408006832,-0.035856658531912396,0.34187918912166293,0.003295121199209659
-2.372646967740601,0.23863162737577537,-0.4779156462873467,-0.7190151539982945,0.6732299809668209,-0.3853315206387635,0.42365999440198066,-0.504740565822198,-0.5779407685851692,-0.3067330118158939,-0.22346926468973188,-0.20777175588561594,-0.15211970890363175,0.0657069890751049,-0.05333500473552913
-1.9171612313950068,-0.05954605505024946,-0.19652221775908107,-0.8286830755240512,1.4996263384359048,-1.9400032215366592,0.9312515820700845,-0.6091842205679456,0.40463934265107904,-0.40030752205196163,0.05146507651722686,-0.12034935467174909,0.05544069510941391,-0.00618903981863745,-0.017903222296275757
1.1640448436269906,1.2980803859987695,2.2205655532444375,-0.3662933780900109,1.272592887979723,0.6673189798307899,-0.30746541236433633,0.32782206668398167,-0.5641926433097919,-0.06774485794807067,0.07409985636826509,0.06560282984271129,0.03314929902624679,0.3653812986689825,-0.060500288347506696
0.8248581597903963,4.1346665818558765,-1.1987352989869675,0.8329409347863295,-0.06999234618063954,-0.05635874127271845,1.4215063857464993,-1.3146948510553327,-0.18256811268684575,0.3897408432932906,1.0105583100348072,0.19196457174426135,0.23829569972531267,-0.29213642522275074,-0.0157188780778185
4.820924332324724,-2.653760814758109,-0.8367097718358665,0.4636823344518274,-0.2118492634274559,-0.16064333741144665,0.15491324063522113,0.4790694030106803,0.6061445783980974,-1.1046814766193078,0.5744504807142587,0.16875240773567618,0.14084971169799193,0.013855605885781302,-0.026946926394353025
-2.228610923220817,0.6642973908130438,1.0178089006234123,-0.7811133073003382,-1.8468100066355229,0.7960584838984928,-0.2706739155569211,0.12874846266622628,1.0423465430903087,-0.57190452066774,-0.25080130313008536,0.5697475942906888,-0.6006522259590967,1.0640161909023231,-0.02927190212895044
3.6838341532743573,-2.354376605326076,-0.37837825002494796,-0.3465373433285347,0.3549218219628768,1.4524504767646547,0.5151683238823198,0.756972573627348,0.1075035527925998,-0.2045278010724259,-0.28905458611996043,-0.1707937540808718,-0.05302573352209398,-0.14095527007024117,0.009972997992075574
4.994684369262885,-1.192691258149644,-0.38513652622716993,1.0686991458825954,-0.5707490644616987,-1.2602241069798126,0.456981586258454,-0.1603929279366884,-0.4897258540631085,0.8062324565700494,-0.16010351256744618,0.10096271605136758,-0.09306420083630944,0.009356165663536947,0.08300000575154384
-2.428258545735146,-1.020035395700469,0.16625562431308616,-0.10041190652025456,2.180891418289709,-0.07809021017629347,0.6833472356028999,0.6895492675388666,-1.263812693763494,-0.13235528432946925,-0.19595171745169598,-0.22610407723493667,-0.15810406672563881,0.045513542159068804,0.010001050934311117
-1.2262797865957282,1.7004411607549224,-0.5269426484471744,1.8785625927839777,-1.1265999669072624,1.0747214790674158,-2.8295695472272344,0.28295961574285566,0.5282139218971995,0.42915935864800786,0.16128138215764593,-0.14621709046197526,-0.08273601447702603,-0.02270857763940249,0.03991125499302425
-2.3602955857055457,3.50645558374088,-3.84507807114369,-3.097309896169108,-0.08336233158240736,-0.7108290586606474,1.4085138860888604,2.5998892966871896,0.11302572430736252,1.636590169176919,-1.6827020908984036,1.7080941643127892,-0.003820334444338616,0.018569519381238284,0.05505665399357717
0.48154842077396154,3.645122229009693,0.6794706779164157,-1.30262360143386,-2.196131057559884,0.37128000462243227,0.5645429809686537,0.31137605931659285,-0.596978305778366,0.24534850738845582,0.982095091637887,0.19327848851264595,0.1956607520546686,-0.24373304762964132,-0.01989695004600312
5.123828234333429,1.6492219986485481,-0.028128394012934668,-2.113632474203724,1.2139061879635273,0.916079753634985,-0.06150715425047206,-1.677309853869984,-1.5762273216788603,-1.1519388947040858,-0.2648739985338754,0.47978960420139855,-0.22644797438953687,0.09029518756555908,-0.009980403109880152
0.5020624905329338,2.940320401651736,1.188897896103066,0.42624246666273424,-1.1823871834983657,-0.3366436000682449,-0.5471447104362649,-0.9919931224972447,0.2554623860670673,0.08172745400956594,-0.08519020620193857,0.12405709167905732,0.32913417867266753,-0.39890682544752165,-0.0046696793942964596
-2.138344915116011,0.657815103704684,-0.9336270744925459,0.5735210848114745,-0.9725827247978637,0.5275517964662269,0.17125226362866736,-0.7092251417786726,-0.9724309637931796,-0.3088592817502455,-0.04078446227814303,-0.05132245054043674,0.04172277468760997,0.03698146437285514,-0.02580020798051812
3.6489516069378323,-2.703444022831654,-0.27407791840945095,0.2893689891648239,0.12335027541164517,0.5357520508104252,1.1932522402111654,0.9876797748734909,0.6538293331776841,-0.015777730444668698,-0.2842228872086258,-0.16119228615726947,-0.05841239855412392,-0.16629199341022977,0.01752151769461829
-2.4734042857456964,-0.2571281864785119,1.0179173805740434,0.24112548033775383,-0.48044661274427236,-0.6928988349522565,-1.3286037017775079,0.9454986995235704,-0.422612134558852,-1.0910662120952606,-0.455713075513949,-0.19346289706483963,-0.09513691393833398,-0.0995201639310148,-0.0049791801848283876
-1.6021311015914361,-1.5826173396406475,-1.001135878774583,-0.1761721250075176,-1.2409296698918375,0.15948281870492909,-0.08281214960310199,-0.21545846933097446,0.4130689539089952,0.9240231143907462,0.5388942467132476,-0.3900959582438538,0.08153907905557709,0.04505937159626412,-0.02915247465414822
-3.0976298426398854,-2.9656097569863245,-1.0368459523495228,0.7372040069741752,2.092061403089422,-0.40655997320128023,-0.013202748892864402,3.003471490624449,-1.1039938761955026,1.0865246085070641,-0.0936836060407916,0.44828781288296893,0.07009912278897176,-0.21004443671761097,0.009522977148015525
-1.696929931423004,1.4838847301998777,-0.9751833049459744,1.0850043058935435,0.009348226651989477,0.13379550036853116,1.2956263572243358,-0.03918039577705469,-0.25420489105259697,0.16323007483031785,-2.05913492690393,-0.23747036984890593,-0.10054446438922504,-0.003979169868086038,0.04304330792349449
5.273889474356048,0.058712295193497965,-0.872847852470058,0.352422015901654,0.017272525731097887,-1.369064274174248,0.17309840051724185,-0.2426744617565579,-0.6304354697399837,0.49073112532871316,0.39169587124858435,-0.06735580431693536,-0.1281722266105369,0.07874317370273805,-0.05865027740788173
-2.6923577403785592,-1.8746662920833432,-0.3552153029927919,0.7648128371317744,-0.0613671609735168,0.614446352631941,0.5067854081488918,0.833613246304344,-1.310951746390145,-0.8128298454350922,0.18846846933955275,-0.12300206851107229,0.3037337023847999,0.4954959108445617,-0.06249446579708696
0.7655782740491315,3.158583709195829,-0.39520936162652215,-1.8406467423056587,2.222601234237648,0.0386449858825888,2.5806505127245254,0.34451800986830644,-0.6191780788937891,0.5407961672197055,0.8106375083361402,-0.08892242879733456,0.22584801715080527,-0.22898093947000397,3.337789304645039e-05
1.418887594067686,-0.9579592801434075,0.08426709396679324,-0.45060743077107207,-0.9417893767645281,-0.6759823718031264,2.2861590054992798,-0.015036851516430444,0.07606060708372789,-0.59382202619697,-0.630275877668722,0.20947969903099128,0.5708270526445596,0.9992437237422674,0.09585492218116369
-0.13154752334609698,-0.920454796703353,-1.5142779931679171,-1.6522613128648216,-1.0067641791154762,-0.043964100520652805,-0.1482424259849223,-0.05618160994792469,0.4460501693316724,0.1677588630878701,0.14564911872241104,-0.4602403436389144,-1.1644901119658129,0.16510340700859777,-0.06203500428378419
-2.0283878904912007,-2.9772505637691298,0.46380148759332024,0.8789335288345701,-0.593522248929684,0.23056886037928725,2.1253851130063497,0.6118003536898422,0.4978532517228905,-0.5178172936766904,-0.2507599370549478,-0.1865589874189246,0.8993002132461575,-1.166426886452897,0.031081843321716332
-2.4390845551228275,-0.08952629993732675,1.5997891459234834,0.08769672248007376,-0.2449788507716002,0.8536780552130065,-0.9150093708851457,-0.06424477795262244,1.0160259517443175,-0.7396522658069238,-0.5263217015018012,0.04799521961182626,-0.0915068356164126,-0.07699158790883563,0.003553831486245171
-2.422722395618397,-0.9089799351170087,1.296278203874324,-0.7938567819108163,0.7476925511414718,-0.6576841570780283,-1.723208550153929,1.129240324538356,-0.5929324662521618,-1.5458959772014564,-0.49455772003418286,-0.3649258131844114,-0.004308110817568406,-0.5624033452985909,-0.021325547620983414
-2.059812650089523,1.3488380817446277,-0.91036518428229,-0.5162655656529388,-0.9867020262746206,-0.46239172386178884,-2.2520181531957775,1.2509821161839882,0.6609721843237242,0.10642865142810154,-0.908968506465111,-0.2545943373191646,0.03401795708847931,-0.2281085514465222,0.017523969934973266
-3.6547952722554897,-2.0217735351694275,-0.10080234353479324,-1.1056103938585857,0.22860737628126962,0.44564354754478197,-0.34016287333752737,0.2621506205364068,-2.0435518885166144,-0.6460147136551446,0.06300037185848771,-0.420900561245494,-0.09625962204684527,0.022734120643097558,-0.021889101047264586
3.6374379777948724,-2.619167735686289,-0.6916228433861189,0.42136528529203754,-1.5395569884295974,0.3935012048821753,-0.9369364524877385,-0.9651159428887979,0.2106432983933532,-0.6345963474996441,0.40226443812530177,0.0817043512083882,-0.04686424107169879,-0.191789721438128,-0.01836664862113858
3.170261822263426,-4.9825817513897315,0.6692152163752954,0.4012624072251463,0.24204618475273887,1.3955326601246818,0.25535110983438414,0.9716100799035057,-0.5321011244722469,-0.076300907186797,0.46829225671607033,-0.15671121058582174,-0.02236186434687651,-0.1511155352559987,-0.005412087005495484
-1.8452261923614799,2.5802717582600665,0.1641045201317412,-0.10375655208984608,1.335301300086436,-0.7743256006914968,-0.8392566547867315,1.19583921980218,0.3662243768233775,-1.1864045977402724,-0.09518393777506118,-0.1243950869200299,-0.15793994474666515,-0.03940424593606557,-0.008489173967407539
3.928631400072162,-1.0311162651585055,-0.938533707953692,-0.608808504954545,0.2367917073608779,1.7895522817126386,-0.23852006586344487,-0.020730098010390788,0.14743031408905083,-0.4965105328746889,0.10372338702876716,-0.03614439538651101,-0.07790503374222349,-0.11321781545074974,0.08921305928427045
-2.4613854877692165,0.05557084675040014,1.5428725614766654,0.644508061070193,-1.0889423586173024,-0.17978726747998286,-0.4964731380162778,0.21254902428529737,0.4298077479280845,-0.26183714303936867,0.4506950213047123,0.006915625470515663,-0.20668202327185403,0.06775873005752832,-0.041634227682499185
0.7497819571395867,5.341485633292164,0.23099837960995734,2.6451221696471956,0.20314220486878315,1.8215161410124328,-0.4973453857312038,0.4853995807233515,-0.8724944788528,0.25537564474855445,-0.21331967928540763,-0.054584003380655305,0.3163220840514176,-0.3347096938233451,0.006420335635387062
4.9170619137106435,-2.6551998227313782,-0.6231074981343591,-0.962841055109837,-0.332526965304358,-0.11006706341310091,-0.16661047521797342,-0.6322608049044418,1.3947852910987366,-1.239546329558129,-0.7890535712513275,0.08475084954669251,0.2004132838910297,-0.04892895967567579,-0.0290614063642915
0.33143930792606335,-0.3291970417244412,-1.1458648061596273,-0.5679210412304152,0.2940546087779018,-0.889394940750292,-0.21888430335428088,-0.2537189634176215,0.2367980910350888,0.8300297616294503,-0.11981984758672642,-0.19192695255742634,0.0860769447476808,-0.0016084056263848887,-0.04489605303321864
5.237455978717733,-0.4775709164424683,-1.8792525329050267,0.8686473193307427,0.021258865035000407,-0.3617347204831848,-0.4484046413064804,0.13023917725137243,0.6268599925904654,-1.4221306530478748,0.5349078224907543,0.22388128807371946,0.12294992617703618,0.009860380448928008,-0.05944473400976246
-3.529115322336274,-2.6212238918388904,-1.0703883343161427,-0.4822541482193188,-0.45199437040498525,0.08745642568216194,-0.5566486826077417,0.48385544991116686,0.33822955365228236,1.1190499818956967,-0.04616062216505906,0.7880402000946047,-0.00936068558781783,-0.17558373218773843,0.0029494502465317977
3.291425470417366,-4.292764065890292,0.40404011369554543,1.0859264572255345,-1.1831851439153578,1.2439295572953704,0.11169401022513234,-0.47984519346676874,0.7268105277819821,-0.04869220731477909,0.2990737031143331,0.05851782900725816,-0.02196256190783087,-0.18726442466616533,-0.0029707401980448144
-1.93843885208444,2.50790844020874,0.2556591405003323,1.3433054506245785,-0.3663661914070768,-0.09638394960962282,-1.5538128646702507,-0.6057190958788059,1.2298252988953575,-1.1570481622352942,0.5927264022506907,0.14823838758988278,-0.15605685004501402,-0.03890394534073085,-0.026498522809726654
-1.7728652422985116,0.6596243729305413,-1.7946800232155369,2.2204342675929913,-0.7636783653643261,0.4875838183523806,-0.39837087156190043,0.859985884671888,-2.4911256277159537,-0.9793977174964199,-0.21215634626169322,0.00255255866017548,0.1579783443077278,0.942354986296213,0.009729147298292436
-1.983098121193748,2.291895211387807,0.7093380050033227,2.3022051030422954,0.8371496220376606,-0.1619451160463894,-1.3423987080588191,0.14567117654632422,0.43652980618027615,-0.5506154516467421,0.128656322502674,-0.05113020877205235,-0.1720053996178879,0.02725985718122001,-0.03466581624907453
-3.352457155235962,-1.336907918641034,-0.41986678430670576,0.060865764527045785,-0.4412243415219588,-0.29024198611731455,0.2985948225336462,-0.17721394717585442,-0.6669831048390935,-0.5430933127949311,-0.21260518021846864,-0.2271230315918246,-0.0536048157959393,-0.17092171933068379,0.007480106400782793
0.8307582747217102,4.437708610703599,0.7719330040720864,0.8594852433816444,0.4472843749683417,-0.5779247930866462,0.5080323837634668,0.14448743909039974,0.6555232135873086,0.27425061501741266,-0.24741587646342644,0.021916738700090588,0.300568350193416,-0.37604736968937397,0.01640002346655011
-1.3403500823203514,2.46416562995763,-2.551035959890941,-0.02235678473602959,1.7157723457269842,0.9594702681398757,-0.5389267183038283,0.6758312036950149,0.04671362583797961,0.8440620963311771,0.042376816172529586,0.13967369754197134,0.22321706155350968,0.4496532546653069,0.008116513147606039
-1.5604799657093602,4.633794728760053,-0.6399260313422118,0.7807730385367178,-0.24419951117112926,-0.4768211587988286,-0.014873168009894518,0.5053209929581637,1.6791947809404582,-0.965235150153311,1.0479612287688853,0.14874347430643076,-0.26632988599233204,0.055876182362854895,-0.025408230469118817
-2.6851710753538676,-0.9081459203358118,-2.133873765573796,-1.3449732599300366,-0.7399280993004448,-0.8733763613465342,-0.8262436882996481,0.43455969434815106,0.305779275203524,0.8778791479910024,-0.6440029792801198,1.6862815981700754,0.5272352216891238,-0.36770629286265055,0.0781449919233335
0.9002776432765511,5.09252850286143,0.5757259625160693,2.1337827025681193,1.0992881680984166,0.2955749882170373,-0.020986199443573786,0.1355396712096477,0.3550837913507464,0.2553299448213544,-0.18709616775005428,0.039523732749934315,0.3202371608284642,-0.3773682025186076,0.011906388198963475
0.6515119185978828,5.084570523145066,-0.20408883951767146,2.3996531437419826,-1.49472728356605,0.7376033490649374,-0.477202486447751,0.6477920588295156,-1.3592608125623775,0.13989067068386504,-0.2648096897324452,-0.05796303039218456,0.29262280653217504,-0.3546421591316048,0.003982179097399634
-2.336015903131431,0.25409103534323285,-0.5747696280452685,1.774688538854779,-0.7970216251642862,0.12744648595839014,0.5693868787303881,-0.9886460777960175,-0.051722974846557135,-0.03724704066323589,0.07674398082536683,-0.03303732997609124,-0.1905033561579222,0.04927605090648396,0.001319327871041733
-1.6372857636295768,4.569792217201066,-0.7104079278066497,0.6317610923070724,-1.0133584243297435,-0.11106469531721452,0.01255730015099129,0.45064395660317963,1.5305777511236311,-0.9061434618406481,0.996236711609573,0.22399760229425916,-0.2772969219564965,0.06225323272609831,-0.024988612663843616
4.942400512041473,-1.789393406117158,0.27603315600717393,0.4630531721347607,0.3537036647444079,-0.4800197960769955,0.12368691080833549,-0.6890882424878846,-0.26812963325966604,0.7536549973721725,0.11776817246692763,-0.013000466212888612,-0.06829792055268186,0.046419693492515776,-0.006291677224679755
-0.7288520194736618,2.14271141781794,1.507742181464405,-1.4835406505149085,-0.6280921745694835,0.6316877998597412,-0.4568039777926476,0.07563361088321235,-0.9576708745798677,0.4271621467722796,-0.20018700879591456,-0.07500090233623055,-1.2365581866830309,-0.1026881266946619,-0.017351237809553534
-2.802581850764242,1.0160440758630886,-1.1166420107040225,-0.8784928856121074,1.0085706120227689,0.4992856436974382,0.8028151045116816,0.015375332055145519,0.21806275639249595,-0.6286651287261449,0.2828298651174013,0.416099173354889,0.07009824765039818,0.3149043798703712,0.05138546569833909
3.6297017922262786,-2.623240134273718,-0.48207291810482106,-0.2964979173160737,-0.8751689498953396,1.0001059545861164,-0.27331436136130627,-0.28523476323668207,0.15902321765191543,-0.4473572140429447,0.19101397165374723,-0.028608269320300223,-0.05720179008470279,-0.1535383060818058,-0.007516688061558157
5.291156648682033,0.4247741047923974,-1.37299241654395,0.10649782164483212,-1.1305079245886693,-1.5783182747150217,0.00534009965881271,-0.27252980259269355,-0.9477164226020371,0.3956400191760728,-1.1466536926977666,-0.2690263798771455,-0.08635537777274634,0.009411185423559038,0.02507012137272186
1.2576545590968764,1.6074071394303515,1.967863757075066,-0.01633991626961523,1.4994290344188976,-0.1098969732686268,-0.20071189330171102,0.6132035423013698,-0.5584630874689582,-0.12254123485408097,-0.055327245054007226,0.014145191952937924,0.0333952692768517,0.3417047829929363,0.04991484924119865
-2.4226817298677905,-1.1769584292581237,0.3154479140264366,-0.35891759391863975,0.6607225099252171,-0.6585356456339115,0.9222916235272887,-0.6636365374519111,0.07489649900599094,-0.09578248728106666,0.46504556013766357,-0.05232775122025038,-0.19413050394344533,0.06727717836880974,-0.034281624649541736
-2.5434030407908628,-1.1800308542000941,0.4481572393825068,0.5605265340372462,1.8994283527936542,-0.4344258731038425,-0.15906909893310264,-1.114222701115547,-0.13665870387580709,-0.25621817750842646,0.21512390124231992,-0.06004627703494805,-0.09227143202471094,0.012115105139523893,-0.003939321503514147
1.5611048786498363,-2.429929612477026,-1.0156214152916605,0.41411698933218566,0.3784704044555805,-0.5080576491247729,-0.23293939013182802,0.429844349674161,0.8527282788848578,-0.44173409736265246,0.1679984546237824,0.1772328283852918,-0.020979129515670297,-0.26563579987644914,0.07525935884258125
-0.3941167197097266,1.1619543155818484,0.8873117177369323,0.7131398561525826,-1.6652093263853978,-1.5094552599255835,-0.4356149780637888,-0.10794379568294057,0.7497101239739701,-0.8014945808923304,-0.030677225931974306,0.10527731882668895,-0.11677251070358512,0.06275676612378432,-0.027717601430124392
3.6651025986171795,-2.0958940381712248,-0.6738137212478776,-0.60266402146533,-0.3301602741829789,1.526166627832267,0.7755503779112697,1.1594603716587355,-0.29688725867045834,-0.20321400662127384,-0.255677801083808,-0.31704560723506836,-0.07963749691337986,-0.10193130115986784,0.010300112161772498
-3.222387955893276,3.4590842100492893,-0.44578927632740406,-1.3731192414607978,1.5601282265603098,-0.9141357583878889,-0.1645986636445394,1.9284376202791504,0.756748255918859,-1.1875986027401677,1.19490354340131,0.03201758539268143,-0.25993389569840075,0.043266385364556334,-0.027709473710577397
-2.763619632869228,-1.5250092293631834,0.5079587631712579,1.481030919485293,-0.1422307906486895,0.26758469348701985,0.46960094273897135,-1.408525864528128,0.32853723464585605,0.1349347387049197,0.12641601695536905,0.020276107606992,-0.1086842617544042,0.023721872358010945,0.02257113703951351
1.0919616664001137,0.9326131135288027,2.5035404629962277,-0.6891188396094963,0.7411541769080177,0.9686879374340833,-0.10144244419031238,-0.1457717716835575,-0.0192371271068425,0.072468582100836,-0.2825860300410939,0.1309674518785907,0.04477330511622099,0.3507631653390811,-0.051052467660919185
-1.6227614802851817,2.237866744569957,-0.7714983414623391,0.738369898196896,0.8303141434726272,0.39460903751002085,-1.4810272966498599,1.7140137949594862,1.516449818053169,0.4593194680904073,0.4044971694463958,0.35099721418063484,-0.13129789807920345,-0.14594922820198486,0.05221466622963928
0.508738798661367,3.1957497059906843,1.5580488497430758,-1.8685754249728193,1.0450214881394237,1.5517658832209205,0.9961495081378776,1.3125868608750983,-0.6247715568183001,0.45689002800432443,-0.33730607069052865,-0.19921066501850723,0.28331471538549,-0.26249171839921714,0.022229508598087543
-1.250344008231943,-0.39248386271265345,-1.4376749566117304,-0.9516512416949596,-0.1649962154680089,-0.6384912312155565,-0.20306699045100768,-0.259305107020919,0.7066300482031717,0.6518957993937888,-0.11000001796538356,-0.5505897971411664,0.09620678499082388,0.018335289510678213,-0.04422913150900247
3.9493126546368083,-0.742363015725184,-1.303763352531523,0.7109973541218928,0.27330517703774004,0.9461661915756503,0.517528358747077,1.0990062013920654,-0.050198299851952566,-0.3188320497741287,0.03071706869640315,-0.1722616864573376,-0.09178086065734865,-0.12605276100227947,0.09667596224539277
-0.20611503770163964,0.08858690481680376,0.6186324846370959,0.7887142860202889,1.058697756300609,1.0130163962203675,1.089690280511456,-0.6152326022028154,-0.985832959657668,0.8686514544127539,-0.26074082452658826,0.35508859539697396,-1.7474040278310912,0.5769504933458081,-0.016419462748646363
1.204758878812716,1.327295857283938,2.0352239725834282,-0.42808486495615466,-0.33759587318432993,-0.6694200522120275,0.2700948219714243,-0.33696360546077697,0.5377274104854886,0.010474168130733527,-0.10824763514932781,0.17797262593588778,0.011963148073712473,0.3279201247329562,-0.05333445450768451
-1.532472750646007,2.0190996086613686,-0.8092405566401337,0.6224546658168473,2.7256231897111545,-0.896414487429232,0.3299816319819422,-1.0636779004610832,0.8330198924947274,-0.4496647750916737,-1.078938755839437,-0.12558324263339057,0.11297739080703184,-0.0654127074636261,0.025948376477599448
-1.5898835594975242,2.75229121056421,-1.4035509824902948,0.536939314016621,1.8572920704977771,0.48208406305293594,-0.23932538752662277,-0.6703467163527654,-0.6455595862121191,-0.6180648377820284,0.26397310588000733,-0.0941207784897645,0.036397801026888915,0.06322865738568934,-0.009102471348394363
1.2082036338644189,1.4030990971994823,-0.5023929046612203,2.3367131417512335,-0.1538651084264534,0.0017610726698695789,-0.5997844050147613,-1.771332515375513,-1.4826073607077774,-0.08998936394146348,-0.020645533274892325,0.6492687566782912,0.056561981404556066,0.22616196868162364,0.03833757691561001
1.282574906111754,2.195363899565542,1.2198605977903434,0.41229834520804387,-1.003025660231609,-1.1102377503858358,0.008295464428818067,0.15696836926353158,-0.2896106817350665,-0.16262889554486443,0.2943437431973437,0.1273830903945224,-0.022823750719908276,0.34666810772584744,0.04078564590216661
3.823546188172044,-1.9426502840849524,-0.5083297446906333,-0.07639961142078877,0.026059540304119833,1.0577622631517043,-0.3232585249468104,-0.6274558286873677,0.7779611779072555,-0.45685118162602933,0.2508507820082906,0.07926091475066854,-0.05410544253180631,-0.16107586804587093,0.02491800630570088
-1.2587481957134488,-0.6055207908549023,-1.4703165314640427,0.7187172302042542,0.7844228435356128,-1.211532890592845,-0.9116017775045588,-0.06543192425727927,0.2351594971421714,0.5135479183830385,0.29850150292600325,-0.4786209597550827,0.12581556661020116,-0.03080140638626527,0.019129153740389888
-2.162448645952506,1.1406167206109687,-0.5178420280703879,0.204204139963288,1.229933975401483,-0.18332659013881103,0.6336290799657994,-1.0955323572951892,0.5558916575344224,-0.17142133380585822,-0.004141603711337226,-0.0433174540625367,-0.15790885666973795,0.06493640104208202,-0.05346065550549258
-2.1301260664997486,-1.3851485734333333,0.43696960989652517,-1.1132463494490321,-0.05663535966903499,-1.0026691949456916,0.6857401324108243,-0.7544915027167101,-0.8817594942993356,0.012055598072928286,0.08793856759033963,-0.020744529356450908,1.6080369610180627,0.07777242228369845,0.08362185246325168
4.025820201682967,-1.4257361263300699,0.7321394409596449,1.1651181335108494,-1.7731379771477305,-1.0172309672430924,-0.3576717743158665,1.83349419631422,0.7961596500168127,-0.37709960249392666,-0.15674465876278784,-0.274881229095127,-0.22541713578966116,-0.0431596310011413,-0.020545254246831315
3.784986913745428,-1.2392780612049588,-0.9249288388674557,1.1950362112459025,-0.1000390407624625,1.9041608330617845,0.7310841425200972,0.9269898589930456,0.17451043767897917,-0.0614257128108578,0.17082184270519402,-0.09127835316740637,-0.08871080449142633,-0.10847112926589947,-0.01400511707760532
-3.0452148661943554,-0.7141607592593648,1.567098574051915,-0.22014326879208307,0.5551429680902858,-1.3818906937475186,-0.3308404541679004,1.1873758343192156,0.6203136037000193,-0.7530625237708541,0.04645263257523164,-0.23157047141586293,-0.11257721284358929,-0.0536826686734069,0.06602317346150524
5.012458195319862,-1.9440537871221089,0.8203618206490848,0.8627205256532806,2.1507167754007814,-0.2117593935274067,0.3212608562527115,-0.6847245758385185,0.39168737737904913,0.9044706334322894,0.18780641539347206,0.04743604143892011,-0.042939261066213784,0.03517347345828295,0.07547026890239245
-2.6417630716245504,-2.2950647383184872,0.6701496670286973,0.8436742441920908,0.4524501971005311,0.9732600209813236,0.3533299632411021,-0.1083473222261258,-1.3185233559795049,-0.016600730982097946,0.3538091659806668,-0.160794137913946,0.09859640760877963,0.03339993015462081,-0.01799860371783652
1.2299945520391695,1.6388269986049027,1.96472347886483,0.8170943923333318,1.2316081425545657,0.3620238163503662,-0.8960484202787464,-0.07514062649914142,-0.542717872537154,-0.19557476366962637,0.0828809114921629,0.1188990620664051,0.0543594629520264,0.3244350095728515,0.0724419371602561
-2.534803930832661,0.19741701987029403,-0.6708516181301338,-0.832370657998516,-0.8007536824586455,0.5990733118773774,0.35198937400384467,-0.5004164330649643,-1.1586653152994093,-0.23716185766730316,-0.3024289762199546,-0.22266521663723096,-0.16864694844706177,0.09957074023600289,-0.054530408723919704
3.4834971226474614,-3.83540063900557,0.3841481015039669,0.16932644964883947,0.09194670902051766,1.0249430221262936,-0.05988206245946371,-0.4451502816092938,0.8080772316856917,-0.21951138761353056,0.008683768417795314,0.030800078944071052,-0.009414156335417118,-0.1992488636740417,0.00463984281938799
0.38925646520016866,2.6923684332629683,1.2562421966360575,-1.991088987028574,-1.2793604648950136,0.29581926726980545,0.6032206690038969,0.47280964582706947,-0.5481089125819261,0.2862631488133831,-0.19576578531781497,0.02432175282456095,0.2664477312422313,-0.31146271234905376,0.012605932843688269
0.6465336008913356,3.0395723645246133,-0.5969601265428159,-2.103938335244653,0.9311522810743111,-1.9959381818015243,-1.3893542357629636,0.6280627309564142,1.6637238490327495,0.046728202712512865,-0.3386444409992595,-0.49784253755172614,-0.02569250732906117,0.13237606249648565,0.005154556043429303
1.2448486151411524,1.4975246380743754,1.9652242938414666,-0.5209215670292968,-0.29367011432851486,-0.7799168099318473,0.2949819864568345,-0.34305464986643674,0.5754371878964717,-0.01770940434686726,0.21054236898107373,0.22634497801222464,-0.006101326949718142,0.3445953861860763,-0.05966295091260914
-3.6505887993837796,-2.0886006279389715,-0.2602195384068352,-0.0601580697116022,-0.706967885685798,-1.367868070574438,1.061801062818655,0.1691890741870426,-0.016301970425293077,-0.3784057706202016,0.1457507335904184,0.11552045074247883,-0.28971424803491064,-0.3135068250611288,-0.056366408490833866
-0.9618144678851388,1.367127760950475,-2.2940652244304114,1.5433773783043212,0.0252436271607836,-0.7914315537705006,-0.75854934291495,-0.5636348504352353,0.8712104477856344,0.531644237490223,0.5025144921452267,-0.42989796580526707,0.08270426398831057,0.010847421145030386,-0.06093517262370373
-2.548262421163591,-1.307758336777352,-0.03628055081783871,2.005723682708643,-0.02725732134735709,-0.8104531340243666,0.1548994000202077,-0.6116118508490642,-0.6624117542771206,-0.16571921815012267,0.17765956504832262,-0.13811950191511566,-0.14602018772582012,0.000623109332761454,0.01624223852422455
-0.6104245051257291,0.3407497471721326,2.6538543277516653,-0.9924583860445341,-0.6292532729528301,0.9875951238740237,0.07293611897823982,-0.319515837322237,-0.13462126336688046,0.6616941371423748,0.1663577776179168,0.018831937320486963,-0.5636417670965675,-0.20164684117646414,0.07704229259289953
-2.501126637580045,-1.2459046287144915,0.214465139310775,-0.4712539585742351,0.15451740762451416,-0.29464725639398415,0.8508410531651537,-0.4888092232235525,-0.3811624763999603,-0.09683767246082653,0.440656998737153,-0.08834531878062304,-0.20075217004134432,0.08295371584670087,-0.03551992159641312
3.7691400920681066,-1.6196563062734768,-0.8908419273313688,-0.09192026449389096,-0.7714222899394941,1.388124762730703,0.14417126874173097,0.16907784466763115,0.14258283055086587,-0.35620943323276316,-0.025751385960486706,-0.12301780300143458,-0.07666729037175989,-0.12576842401669214,0.032359287205644516
4.85200470181837,-1.5508355740465376,0.46306687899903615,-0.20184117413917987,0.7917364630705417,1.5014452610194318,1.3105404502066376,0.6041994515236861,-0.6527959523883935,1.2172052616443154,-0.3081140456499937,-0.1834746599241088,-0.09454983643155113,0.1327183784615279,0.05027798743145678
5.44648792084044,1.0609096578841855,-0.7971116027897429,-1.748914257146153,-0.17572621508357733,0.16747750508708048,0.5604790021781813,-1.0614941229120154,0.19622441312477845,0.5509763816432165,1.4392298596317021,0.1625226427297125,-0.21789042770645425,0.22253253147619978,-0.026342855085379806
-0.38460799137811374,1.1631485065977296,2.2405924133949253,-0.7639603766842384,-0.2959567313732854,0.149095216863389,-0.072853616852636,-0.48795459486635473,0.18721325666080274,0.5041945509987036,-0.30224132378606067,-0.019825019422292117,-0.5468346858037105,-0.24936250138405863,-0.05279985134534297
5.026163969527898,-1.7962715320907698,0.7037526394404543,1.6803998600664738,2.0907334610921313,-0.3463920991183759,0.2674950847717785,-0.6933828980136443,0.4480258463860072,0.9305668440562345,0.17225810336250263,0.05920437089205924,-0.034386733875625075,0.016272770956655358,-0.022893302931199847
-0.8198252457493256,0.8830197481136401,-0.537326364046925,-1.097113161693212,-0.8773140165424883,0.9872084834892463,1.2240483328470686,-0.6763206486911695,-0.48322708484592775,-0.07683615703986091,0.16031878743073052,0.12581611009683163,-0.8730552351430371,0.23636655916706883,0.04451683488122401
-2.5641391666047095,0.839897486960606,0.7113685171921689,-1.4832263632518325,-1.288466044530622,-0.28864479408173593,0.01702822165394048,1.4596900635698074,-0.046160195902420376,-0.14776460168922798,-0.7323294110152188,1.0861365123249334,-0.2831075351300511,-0.07599773155690007,-0.03985511117450588
3.8797745567975253,-1.2685195549900208,-1.0331520650270671,-0.9346244746036318,-1.491735747280785,0.9037007763782068,0.3195191164504926,-0.4848560622067562,0.8861757514036632,-0.3887272286154794,-0.2504640926562554,0.014364820443465626,-0.09177728017796385,-0.14209120757922894,-0.038718477544133975
-1.324630782978724,-2.19344148398977,-0.4327374588780511,-0.2248224744321051,1.1762673341460725,1.3238761687067213,-0.18834207523588015,0.6089251196477918,0.0635809231993093,0.7752285230474487,0.13655464455871225,-0.5011887550428281,-0.07105046118066359,0.0974256737436245,-0.023964402626552375
-2.1963818092262053,1.469646987827168,0.7748724253225454,-1.9979628861239591,-0.5031613432189654,0.9524997595745228,-0.4151978140971987,0.7585429615182984,0.27738340081182034,-0.9546321055010234,0.8173856130723806,-0.006526724073235873,-0.22496334748203284,0.0908665945647751,-0.023049212807734185
1.228545769581502,1.2291296787193353,2.129478009490993,-0.14903207174697192,1.1648289899577335,-0.513837341811809,-0.45064706549696665,0.006289895082691857,-0.22023415663547175,-0.19882658212933566,0.17335407585863544,0.12289749250229755,0.03719913896786674,0.32510227454012447,-0.06404468172797959
-2.286701647725379,0.18240476116142057,-0.2471364607641556,1.49437932881433,0.05565241665665638,0.3182117645521807,0.752667035263207,-1.1013438677850502,0.42030594663221454,0.03567334919744975,0.08885545720903704,-0.0032634972852630117,-0.1830457239803922,0.05353075521311369,0.004555593688576616
0.7626838093387485,4.830957381670125,0.8206143319770101,0.5295683707445544,0.6901887550308088,1.6236575139342109,0.2258300919489618,0.3266212816161091,-0.14229512543270662,0.31996216433834324,1.0398846526706942,0.1364580288434889,0.24222999134598233,-0.24000700744712378,-0.018585308493353856
0.055933786255041085,0.7704984305835165,2.0405518872045096,-0.8115530015449197,-0.4945769689387919,0.4934387202266852,-0.744651658965773,0.19838882639500732,-1.4298753238952657,0.09761905704542674,-0.7713849466610616,-0.23457861586799963,0.3883026423396186,-0.39945300047003657,0.009073889376825715
-3.519966783226104,-0.004620190566456461,-1.3706509102011377,-0.10871838141926332,-1.0303380458538607,0.14011428400319215,-1.0740489927748769,-0.9479673242384146,-1.0477110870811903,-1.0829942726270332,-1.5470196488969326,-0.3970035947019174,-0.036934015819350595,-0.12720412640667395,0.010082222940356777
-2.232561901583449,0.7752185652387851,-0.7365597149819809,0.40910950774359656,0.41226252463685703,-1.1232025149512732,0.27004471978424893,-1.149712710347537,0.16091648735950675,-0.3455765896190809,-0.19029065669276513,-0.0967364970400181,-0.1442953060368644,0.02139893897552432,-0.0548842912984671
-3.2283275002893674,0.829207450423384,-1.6829889422429172,0.052859615350469236,-1.4950904888073486,0.37086324221889755,0.13424480833234842,-0.20203927625623885,-0.8144454685435978,-0.7138084527124677,-0.09792545094925767,0.10832853544485373,0.022253835008542402,-0.05053009353095155,-0.05679753707269728
-1.7141864117632086,-0.761025766837674,-1.6370644821045708,-1.4431947654559742,0.39526616263859093,0.48785099646488694,-0.4582944550905659,0.6355411547994183,0.07990708501494087,0.2315046964717955,-0.10024302747382574,-0.46355028408297316,0.3311527812401465,0.12425841363155775,-0.043566018356021224
0.31101605638817054,-0.3883924231290119,-1.1759860477908008,-0.8322218441057587,-0.6855823784002949,-1.1119006495259054,-0.15685594412363266,-0.7655780642787082,0.5657310133311482,0.7896760934614184,0.10995418712072194,-0.25485567190754577,0.06783916906099921,0.024507435070870595,0.0876092073955957
3.973066746242601,-0.7927982446254258,-1.3201060581335813,0.9347211339573174,-0.24304516501439466,1.0085680627038003,-0.8759964357145638,-0.44624410795498687,0.15374984421413354,-0.6448881214307332,-0.3631698575135826,-0.04391968665997284,-0.033824418630381964,-0.19820268639764693,0.06168197756634687
3.4454485081100157,-3.2687087156009653,-0.12661404588508662,2.5759945956666144,-0.16124248376966754,1.7983158716249847,-1.1049258814273624,-0.4410088914035641,-0.16330137155328733,-0.33663098200352337,0.45067224337852485,0.053958560337010464,0.006990683648611065,-0.20446152112255395,-0.014489633145340165
-2.161156012451535,2.138145480730841,0.5376518679462245,1.9640143301415363,-0.9383906596677399,0.6397663648787755,-1.2910059273107737,0.06853017672713438,-0.009494653525831731,-0.46582389253595824,0.02911532672480439,-0.051657101025528035,-0.19407673777304335,0.05984243333622935,-0.034751055754713156
-1.2104245005319727,0.31024923926132253,-1.8165962504115274,0.35533510159533976,-0.7325823705386884,-0.4959528555121543,-1.2823607230662875,-0.3058422073537814,-1.0471531693129994,1.028994862694181,0.16772678768988958,-0.24956231548336336,0.637296677415189,-0.6048636909519116,0.05426645978451113
0.5919625227914387,-1.6037796084097617,3.208507388884467,-0.3657841549926816,-0.7146157008778039,0.11271380825220834,-0.49958848906567443,-0.380865814057344,-0.5709752680609592,0.05215788640263634,0.22769750190779414,0.152287502673618,0.06740632232775706,0.3155808727389976,-0.04307893341972834
-2.321964695707531,-0.13988242424208153,-1.5018456418160397,-0.680113978097727,-1.392585297866665,-0.4853849403982613,0.05012418159261296,-0.2256490613526987,-0.5831746659989581,-1.3276054449660168,-0.03001132025276862,0.18493936640317474,-0.15961205788610366,-0.1350470264567932,0.07785050617307483
-2.191198483760189,-1.4222161948263545,-0.3544683318313086,0.2363781202144717,-0.7013001560007587,-1.3145059922525382,0.6280529410901914,-0.38725393579233525,-0.20969854107807012,-0.5745732327658843,0.018183814479115715,0.23922142206437702,-0.05123521479921461,0.01709088811964196,-0.008286029126748591
4.8146813049342505,-0.19602994674668717,1.315029445115515,0.9075180420927749,-2.084501289539453,0.944619005691615,0.3270505901214338,1.6885011505535545,-0.2348148776773824,1.0657820595102028,-0.04430654759131289,-0.08024878605532035,-0.14765623452192567,0.1351848725355132,-0.01502885916256928
5.01934974451347,-1.7723121042339476,-1.0938243680941864,-1.0441845437846122,0.32589631276291864,0.24256393799795783,0.15194179618997392,0.5689307894785682,0.4927411610764261,-1.2598851357241296,-0.13420749946443342,-0.029965865234009098,0.14456812371574818,0.035011011376318554,-0.04046055806167681
-1.7380049727057476,0.429871708718671,-1.2928519981918842,-1.4876233950998428,-1.3741038949419835,0.6414494439717449,1.0849846948082496,0.09109631207505098,-0.3966568038095208,-1.0343509684574013,0.22663323474094932,0.0175103102159333,0.10626961394542611,0.0367387519878343,0.05255674354563749
1.4610996771172888,4.0714463596863695,0.7178938708099596,1.4557044734309965,-1.0490086874218338,1.3314791573721911,0.4703434241940584,0.3015001163365559,0.05124537882286884,0.2357863979480867,-1.3875048999880433,0.017407297624389723,0.012571360499466666,0.33836708637761564,0.029819952919917105
-1.9605237061142615,1.0801175155174771,-0.26024238106127273,-0.27931087521284687,1.549252892246082,2.027413652619437,0.6381398626751241,-0.6776574660252512,-0.14674397360285135,-0.09504508111686123,-0.09328165184409334,-0.06070931472103694,0.05256316308229883,0.08971322915713291,0.058421020289819645
-3.2952531934648106,4.932350820883855,-1.7057398969557451,2.3144457336273874,-1.0171326144757584,0.7091826992236356,-1.1567417570306047,1.7145235497755633,-0.3514192310432958,-1.1673381043946516,-0.20271999225943632,-0.32096499904161935,-0.1942451562193176,-0.00887057071958769,-0.00477831086023783
-2.242251238309099,-0.0022614985108782015,0.1970903410426766,1.0118246131328468,1.972877383460526,0.7901644209761065,0.8001866315606809,-0.6563865082539022,0.3439321166185689,0.068051203730043,0.14241452785592235,-0.015379565138091245,-0.16706120854568857,0.06569073754329828,0.006666961946505703
-2.767632731725086,-2.0038134827114815,-1.2010260854492025,0.13882991101771414,0.7530199405179286,-0.9859211766205453,-0.5500583083557959,0.9884624283074546,-0.22358776367773175,0.7608516411685855,0.18115628326379937,-0.3437804709140784,0.005690621826342751,-0.06208460168685487,-0.027907133376633423
-0.9389867692063447,0.07362993912256122,-1.8636048191634265,0.5848667700583219,-0.32465212579373803,0.30932504603363853,-0.6647998375716836,-0.08403480704994083,0.3041225125287126,0.44756873090106253,0.1275700868530188,-0.3998978873847505,-0.11080470872718848,0.07652890489747134,-0.021741962679120333
0.9309017252767107,-0.1641001021988705,0.3057251217709206,-1.3316343325402755,-1.2123588220093913,-0.002918770481786792,1.3454575399360549,-0.9735711074295808,-1.1030779506413493,0.30378274843503317,-0.746670431597432,0.40423302081150186,0.013915618592417356,0.2945742112077475,0.0679235889458423
4.621448342664268,-2.2431794536163756,2.643663366617827,-0.4786685020720364,-0.2766307682034608,1.3580770827464264,-1.3878581647811794,0.35639946482580326,-0.4182962766922999,0.6291956097159328,0.12818448529750517,-0.13691709411285022,-0.05228818466822169,0.10382346230688981,0.001725992346170658
-2.683691331693323,-0.8652581302848111,0.1289936854340778,0.6000194757809263,0.105771300086905,0.8114322345518414,0.3431202840790817,-0.8342075044289041,-0.49483200844109093,-0.001840547488511958,-0.23372025772542732,-0.1551798380821924,-0.1164605548940875,0.055748293464167625,0.007147428296934865
-2.028574757517792,-0.30299640303397635,0.5411130783119524,0.22156364107351068,-0.868757741900379,-0.7253273654309814,-1.2839833980172144,1.1017126619262043,0.9199398893701862,1.0069873402632235,0.3281660533893315,-0.4295701234843622,-0.09304823277107939,0.07737699479831965,0.0014013293004787796
-2.6767997574987725,1.2509877151731974,1.150149071110444,-0.43224027288253497,0.07776926998721401,-1.0530234705131862,-0.6096204848603811,-0.26829140647912203,1.4641252068690156,-0.531737074068563,0.03937875403270062,-0.013366123739967734,-0.3376488791250595,0.1753181759121472,0.07598851555510691
-2.645162331586775,-0.3817533640121422,-2.0118552214656233,-0.8427073667853093,-0.04747018276509751,1.0230173943886829,-0.7210814524014559,0.26783505836582144,0.6925856251216065,0.36405753155850495,-0.24466618549702418,0.10124263789702956,-0.4432993576459299,0.9314180716357631,-0.053419646771658384
-2.9403296472446288,-0.9224724080534102,-0.5876091326927808,1.652267528726606,1.7211564758928253,-0.5301912850377862,0.4716516270922123,0.6907024350289963,-0.1238810059367737,-0.3096264805400009,-0.6709900088604404,1.1183120657193752,-0.096253545759489,-0.2899452775472319,-0.01156972451569744
0.8255305339661563,0.3461519503269479,2.515769539800908,-0.7038054942548445,-1.5179393456262176,0.9779179001676033,1.3609563106377882,0.47499497402208496,0.13538248515040863,0.5248350235185177,0.4807297189903324,0.17990633680007653,-0.04414363299246202,0.43539343146183757,-0.009325998192768692
-2.0403865163163464,-0.47275891072710585,1.0400736167077291,1.0489706320427779,-1.6053408350678255,0.6228839793632697,0.41672071486223994,2.0308107099933177,0.08861823477387187,-0.8644896395537296,-0.1187190121400187,-0.10341239327472782,0.4463379387523234,0.27316118618623597,0.030315358034476464
-2.6436755701775003,-0.8144820608658057,1.6785692906160794,-0.6154559216281834,-0.9442609169688038,0.2514225985014411,0.6834049185127217,1.5913021202886695,0.510897852667181,-0.4347558292509604,0.2636132535041414,-0.17028288910851944,-0.17632644141678255,0.024454290360061498,-0.005242826880833668
-0.0196755181038597,0.3464412223919435,0.6075461266873519,-0.7794038818920475,-0.014145761638361454,-0.5503907297359125,-1.2130043921728708,0.8353353436816493,1.180536012339928,0.5360185717265407,-0.08043769016848581,-0.5077544530049596,0.015116762379536047,0.13837273341672557,-0.048979633561244226
-2.1012618031287458,1.5892613660758754,-1.674295686141577,4.506771119066519,-0.7357580940575771,-1.4862270551373271,0.19318165241811786,-0.40494125759057914,-0.5193775443491879,-0.24730854616164588,0.21614447075081933,-0.11147492076126217,-0.18827678000835757,-0.01158393286658884,-0.03834281585861064
1.5048526363037422,3.079712130655587,1.2330245916225093,-0.16720347922409057,-0.11586293286522664,-0.11199879001819668,-0.6498422912883053,-0.8102304554398392,0.24560194485161432,-0.302518164281405,-0.31559346825375434,0.20233314945030403,0.0152610258336362,0.3269815486191445,-0.007255108841019478
-0.048555218613451245,-0.49020197915264174,2.9701429353198607,0.8005038055662257,-0.14061368852023892,-0.6912074252880547,-0.06365244111372678,-0.5976643170963138,0.42093018756052214,0.44351979300401867,0.7456548640746345,0.15671829827061085,0.36779837001934407,-0.4119046556183835,-0.015799149545848643
-0.2968676303249762,1.8016975975675948,2.2438050391506863,-0.4197875582109374,1.0781655932354406,1.5417447975877208,-0.4590511317419508,-0.23377358854785804,-0.24364841733046355,0.4975067246762213,-0.3225360491123234,-0.06855817470814315,-0.5299381814917623,-0.22002282609891088,-0.002050289581289578
-2.279941990593709,-0.9184173354344927,-0.5943095972666677,-0.3875052100768466,0.1678476516947333,-1.302353428842304,-0.9832076298055753,-1.4845530625968861,-0.2272280769182724,-1.1883885930071576,-1.9439788052146536,-0.19483502730673433,0.04985176991106352,-0.1493388924631267,0.02058484126885028
-2.3592728065849387,-0.35934507216788136,-0.5740848993974019,1.5246272904769833,-0.28889640250949167,-1.2909579534119346,0.37224792485431724,-0.48764347710071954,-0.5498701936165389,-0.2397170326545293,-0.18326397847998255,-0.1281463515406591,-0.1664129343963009,-0.008007124343102218,0.004148229276762897
-0.987036518649606,-0.4391251379444049,-1.5949599134019972,-0.8686563654505528,-0.24204220719973057,0.7639308233586799,1.4760872637411424,1.5289427885990816,0.8800453941013893,0.7839989777497391,-0.6152868059087762,-0.3826095064491859,0.2657868617120327,0.4358843029020252,0.11960786535992168
-0.35398006831608075,1.7016145921070591,0.29302805695039247,-2.2215889970470113,-0.24199928904317003,-0.0711138510483813,1.1806312816568114,-2.1701566888446866,-0.35759001750544966,0.9032862331770026,0.1755893194002445,0.04521617755055504,0.24898251572517272,-0.9230527414111913,0.009324205110918204
3.883994341319997,-1.262811222058611,-0.9279642027260926,0.23107789717123628,0.2454877635714796,1.47098112554005,-0.30403936792727526,0.0776922020651393,0.10509778734454192,-0.466294348561439,-0.09881861693821653,-0.06987016396361909,-0.05090431838104762,-0.1528083112845926,-0.3233116338276533
-0.052424911408737174,0.14398595738376363,-2.2445649075075127,0.20250803930943528,-1.0284971342697031,-1.275334742530532,-0.3268887502248563,0.12689406099623304,0.3943557592081036,0.013676853377990184,0.1073578209377922,-0.08488315635603441,1.9099804594503678,0.698450479997278,-0.03988013386009384
1.1279599938926461,1.0754779458984922,2.2549581658505455,-1.7026675832515612,-0.1941351564158661,0.6736647316347475,-0.46618470914922316,-0.6912065959854077,-0.048946416817717664,-0.13175014010434988,-1.0213383067914148,0.0715160498254819,0.060901152567096356,0.3180633124196015,0.015216997782947314
-2.891371571715945,-2.147551326281009,-0.4583642964947437,-0.7140164111762837,0.7407940778357027,0.2706890764443193,-0.40229256617333675,-0.5625085861013241,1.3509998953796336,0.9140108945560568,0.3153614338275278,-0.4248823923625471,-0.055943786039507434,0.011949763937662908,0.07064881912191724
3.513500555239873,-3.2950702824808795,0.04250704763233337,0.32806337656399565,0.39049462994423834,1.2342602134837497,0.6739119333466049,0.8640497467566839,0.20236513287987593,-0.06046180728556416,-0.13734892060655965,-0.15622749304970243,-0.0369139377237172,-0.16048802122681988,0.04511664617871555
-3.362445544108185,1.0917050626327338,1.5231912560383825,0.8222663790761315,1.317506295956977,0.7750864004050222,-1.2578133921476082,0.3010122266374394,0.09108063206071129,-0.0988164675327838,0.1590384609448709,-0.1705402163943742,-0.1527810026168494,0.03349859138276688,0.010500793080316692
-2.801297909546582,-1.8792536980107524,0.16404212771935395,-0.31938451324113315,0.12454240380409981,-0.6652837934561958,-0.12514084704667178,-0.397458046534586,-1.4769509917131163,-0.355608384132553,0.2819792354325637,-0.23901400280225435,-0.1252723214089742,0.04865335717206014,0.052753307518351805
-2.014696957094563,2.305190770403876,-1.7028780486786266,-0.3653695035975389,-0.12074135828516797,-0.9138479388797895,-0.19865918445033065,-0.9748356583326474,-0.6777648041895066,-0.6634735738100808,-0.2571394441451077,-0.1586923310851346,-0.18197099876949868,0.05973160186245868,-0.0102324444656932
-2.4872917364829874,0.9526500468768568,1.4422003679097393,0.3831389149458905,-0.5260953627145636,1.2654866120851813,-1.0212031772966614,-0.31762067656566734,0.5550943310377833,-0.24616238376446642,-1.0368180220574374,-0.1172001073797029,-0.10299581367589139,0.028361651426058773,-0.04159400742211588
-0.035226925977932755,-0.6525710372109932,-0.7583940854295663,-1.4340791914709559,0.40161437513861664,-0.3386773857180684,0.22183792763058743,-0.6278714593872392,1.1560861831111362,0.8450500752465022,-0.14541895692640625,-0.3847386965286904,0.015809080079433074,0.13852630734596083,-0.04045492338367685
-2.1356176036496284,2.994434174642383,-2.775480708141,-1.524532505200068,-0.1214973319168009,1.41437453357416,1.1971123435043731,0.6956974681936503,1.3877823688748647,1.0244470402979389,0.8348083031685578,-0.4418197385270508,-0.24690716299560297,0.21207857463847535,-0.0021185729145582794
0.44418458287315055,0.5424540364725676,-1.5560270063698354,0.4836547043750089,0.053640045333398445,-0.694848446530467,-0.28805101469017935,-0.3839408322308372,0.3724806657577268,0.8477130906510766,0.09522178680771404,-0.14799925382423437,0.07225290399513504,0.008034132192371021,-0.049903388999125824
0.6023232640863201,2.388597337848098,1.9751841451493022,-1.9819252087506416,1.549590868051137,-0.5702114260390956,0.1995843624296123,-0.13422670658289093,0.4704092429676321,0.09930063423205979,0.1853659981414325,0.034391447033244316,0.31413000619560105,-0.346856597799385,0.006102945561695399
-2.5418952233582326,-0.4651978989819514,1.4749479881832932,-0.19517884065371713,-1.4225130623111912,-1.0533348859889327,-0.36503501044835485,0.7768873832781991,-0.178024834375909,-0.3897960053261672,0.4452939152041501,-0.14761252627230234,-0.21900794874725085,0.07245395388795965,-0.04257885700119242
3.2835740428325804,-4.061268036726626,-0.010761979533587374,-0.007558286920018087,-1.6989899500406849,0.8301596327621663,0.842317297585574,0.7055376760171361,-0.025906778587574397,-0.03080134374168077,0.11087072068850189,-0.1330444493485967,-0.0669253912635694,-0.1464057626754916,0.004611248204928026
0.9964761042522099,0.9544610661168456,2.291225749522182,-0.4661521771870345,-0.7682742595886763,0.40876989123245133,2.065441515593863,1.154325949976503,0.5334336613901898,0.6760636237196482,-1.2674302745594768,-0.07069234257342497,0.008423719415965855,0.3507114137955566,0.1239410295235174
4.027178536824156,-0.10278033326244829,-1.5897488749486157,-0.3634013602267624,-0.42691003855289567,1.5457318915310312,0.2319730107208752,0.5985295750026969,-0.14363837727320033,-0.46646873928537663,0.392081431058971,-0.08132105162081169,-0.13083136669163395,-0.07087404766671297,0.054519712322009126
-2.497542506262226,-3.1980361951641605,-1.1577208288555736,-0.2607042965621281,0.7662232973049319,0.10540505639384623,-1.4358122515304754,1.9040278187985127,-1.702707825681348,1.7941043464912168,-0.4319887037751515,3.9324299357476997,0.23837826495865688,-0.08644343466527152,0.009057890221823049
-2.4962459515803204,-0.20384267756898622,1.1934681861580685,-1.9109978986791658,-2.9589628234143013,0.23211162847005928,-1.098479684898158,-0.941252747071609,1.0216188088639713,-0.9745115587901265,-1.6581086625505403,-0.07451200206544659,-0.08890673101229057,-0.1097023828238285,0.01765928565102226
-2.257033407124334,1.1508656904636494,-0.47103518561110813,-0.28109995912579777,1.7616967586728687,1.2604770884214176,0.4413049435657286,-0.3969144097178083,-0.5323503121457933,-0.16246112743945368,0.31057704606714215,-0.1018143836925289,-0.17382368176817076,0.13390047402300848,-0.061562679263947116
-1.1954259266955138,0.6429136553838799,-1.5944286380419779,-0.31210473933188243,-0.24864992460710578,1.4208964456475646,-0.19138655120556874,-0.4973091550174696,0.8376066688194406,0.8808405019914691,0.360291329564239,-0.3191623632429782,0.06269957853426081,0.08634202038414977,-0.05217693376419964
-1.881228591449703,-2.6937320630514856,0.35639408867536504,0.7699720815145694,0.334146717515783,-0.10827875906970252,0.08859142902239042,-0.8254712056126272,0.24543854323267913,-1.133853883112945,0.985636111647956,0.1340741438455775,-0.1033108525032285,-0.13196701542480324,-0.028519783356384085
-1.690203003514372,4.556947171513045,-0.33782534571320744,0.378991207298517,0.30100252554959744,1.7326754306380248,-0.12064217541338101,0.8690628945337653,1.0070633404768834,-0.7904758139799952,1.0132492650670257,0.17383761665557299,-0.2636885757663223,0.11302917039578099,-0.024270895555153344
-3.8144063727538216,-2.4362195243613076,-0.2709963912842389,0.2463455940971856,0.07004484764334218,0.9688482865690244,0.5515279242007298,0.9904090089405853,-0.6931423184971248,0.280098853768402,-0.19513464587837434,2.90764851319132,-0.04446316541959466,-0.1938422125383062,0.001961376057416202
0.0816324638505952,-0.2554826056578594,3.0125102960592,-0.34180456521569574,1.8223971206525018,-0.32986642704856184,-0.6260792227707569,-0.05363495014461077,-0.3599584635710565,0.18775130912818347,-0.3591566210896856,-0.10152972152889658,0.42931457148158847,-0.4471996002159957,0.0069808039875078765
0.18061797565062232,0.3329191780284635,-1.6664034930763816,-0.6187391663747123,0.823960654078355,-1.484029016573539,-0.8771913554620422,-0.35863689797080645,0.16215810300551037,0.36942530943055396,-0.795323690476855,-0.5129524655954092,0.05617456726161074,0.0540806159645473,0.017942881843910023
-1.1601801747675504,0.314970285189196,-2.0157496255576253,0.5348891147339105,-0.22492891069246423,-0.8701762879948984,-1.0755753941367137,-0.38621306360330115,0.15372815453884348,0.426332559806217,0.3423202626283939,-0.43302746185792573,0.0967516936821228,-0.004328624721704491,-0.061529119295583024
5.038729732266466,-0.9988788809229985,-0.6860125380432165,-0.7556125486818757,-0.9682509411309598,-1.600803110107508,0.4454019215596018,0.20805189122714518,-1.2287800819807446,0.507576765273301,-0.32427462189696393,-0.31263408905099976,-0.11282845761079952,0.06881214717617416,-0.044264818138707474
-1.4227559318242933,-1.1332616966914064,-1.3492201383393643,-0.3861786198876556,-0.11746273110772076,-1.1288090981505485,-0.4125070272428173,0.20664823651809572,0.07379268226621108,0.6715837676313925,0.16369608557486492,-0.4397774956671454,-0.09013151982024784,-0.02105820953397622,0.08464379828779665
-1.251629207778746,-0.6359107076543968,-1.2732410128480203,-1.0545946520746667,1.3956286202489254,-0.5998880308148389,-0.16945966053929942,0.6287610178625342,0.26037153029968224,0.7583640880708402,-0.6394842560978263,-0.2717757857999592,0.1206005668827263,-0.05204079723014003,0.1074171402714322
0.5122440288177224,2.13986828084569,1.763663273499793,-1.1993246865377516,0.01126041197307076,-1.224564237482168,0.041897633130583686,-0.6255400917960532,0.6371928595197095,0.08806403788267764,-0.07869212980387738,0.06865315482868078,0.3262559510273813,-0.3965409954086296,0.001516051231981271
-2.8436019106772834,-1.1158179360099618,2.1405821484840466,-0.5858972885546073,-0.700335382125603,0.45014658028962184,-0.9235419295802466,0.22412995167957306,-0.19741847515910638,-0.29355730544301883,0.22178883982080963,-0.09420032394267733,-0.13843035962412994,0.07541541267895459,0.054503500534480144
0.41101684606306277,1.8273969025451073,2.116602278493477,-1.9780783902018766,1.5043793219347608,0.640959825350117,-1.05213484954268,-0.37936990966426887,-0.7625614724589482,-0.13934056279262902,0.5707776336311825,0.028711817317697674,0.3367504487584341,-0.3233070840453453,-0.013183080483362607
1.1590773051446117,1.0822101489872331,2.035052806240437,-0.8889270027408923,-1.00852332876152,-1.0478063118538787,0.48062167521277555,-0.41065455729044364,0.6512010570632062,0.021361647392569634,-0.1483013303461745,0.18421362012764766,-4.5462074468066715e-05,0.3272766503911061,-0.05178433120739364
1.1894433024915858,0.6823737470393327,2.4064972154126076,-0.9761899592199379,0.3595766796993617,-1.3152440663990683,0.23639212376111293,-0.39427189745973334,0.7377670647897954,-0.05527814017823746,-0.27254432693831876,0.1572492971917141,0.03604155254973877,0.29554163380479914,-0.049372011225133065
-0.9989212251738957,-1.656224422413013,0.8335073562829529,1.0967477605360325,1.2095369403950766,-0.545939681679566,-1.4558963532578588,2.0335651601219134,1.2637505268469273,0.22651730749226434,0.21370910190354128,0.4058140329895924,0.553075806671061,0.5314026208092992,0.030083892466729406
0.4743775538884778,0.6494945069161848,-1.5615526646004394,0.6841048664852367,0.07333352098513729,-0.7511246185537758,-0.29671323530878113,-0.522713361373603,0.5242730232221535,0.8216190868819451,0.11458791874465045,-0.26046765512827297,0.07723640791817635,0.016840799753471594,-0.05043204710428164
0.3860499441236649,2.364025393726201,1.6416749494974934,-2.5014863498511435,-0.3744273514219967,0.7648760601167066,-0.38628723873106996,-0.26438985872533105,-0.7725122082323161,-0.014307051854474753,1.5388859345094728,0.21167016766184685,0.2361944262263434,-0.23236888758386137,-0.03676963346426225
-0.3740531792239046,0.604420039359215,-0.6486989247909192,-0.5236826885182887,1.069454897353259,0.11313353763006084,-0.01651300893827211,-0.7224165868968482,0.31206446766840235,2.4092174559368367,-0.0901548895070918,0.8343286317047892,-1.2145362271822788,-0.2404600864041807,-0.05049150576316328
4.832223045731759,-2.0471146785460235,0.16219213672070282,2.1719844232842096,-0.2495124388225658,-0.9638893794437634,0.3984649175568975,-0.3144063199383228,-0.3506804888214365,0.9049168531869765,0.3090728027636864,-0.08697104149944698,-0.06697352148380885,0.031126694372633185,-0.056451367961299334
-2.1303309425425954,0.6897110734720928,-1.1158897490259327,-1.705353847837759,-0.08562268942009299,-0.36705822821993916,0.4649461913083467,-0.4627875110613954,-0.30402707080116215,-0.9545015470528022,0.8879487865652528,0.030248329617056396,-0.2144110990486734,0.04237687572264727,-0.02373701566762435
-0.1252893316685899,1.9352789559950425,2.085565946363239,1.2134952057110617,1.7783413742923955,-0.5839079406137045,-0.5207865244919163,-0.40866537187302426,0.4883021513874103,0.3827891979632427,0.08979679975649442,0.028083793068409274,-0.5181190553323665,-0.2949806021030566,-0.02842284054838648
-2.3277524293482097,-0.7804858102099341,-0.21090181110127665,-0.32648889578659773,0.10230992817131662,-1.5418978849164113,0.14329050500845228,-1.0337362373554315,-0.3082090652767074,-0.44732682649614386,0.18877849325553467,-0.08450209328838429,-0.1789180222322322,0.020270066520978597,0.01167370331639759
5.443384906241876,0.44410073650990656,-0.5035846659010481,-0.9384031789911229,1.7466993042638133,-0.5512456915657633,0.5526617551809421,-0.12898971260658063,-0.08577909468778921,0.5868876654930146,-0.7539901306358759,-0.23518237447494514,-0.08626016074103776,0.06949514834102562,0.02716933049247551
0.30190044776714986,0.4600184601632127,-1.5965620772072646,-0.2404732386252448,-1.55489990947309,0.2374579100210692,-0.04324745343263844,-0.5742165603206975,0.15732052597967702,0.9100042464713363,0.3250710365953946,-0.3428370077662801,0.03660657301701685,0.09569419942417191,-0.05512120523174901
-0.07463019378076963,0.1273219620657151,2.4661935122681706,-0.3625081924974474,-0.8449455067279849,0.7453206965827512,-0.7414380139118162,-0.3630393284718359,-0.9510991086035006,0.22833168206969587,0.11446757301634757,-0.009566389286859045,0.3696241408008158,-0.37524696010224234,-0.007552100415393033
-2.6347064140312675,0.09614972683850609,-0.8255745844631932,-0.6253481545132373,0.9318328411974541,-1.1473175482965834,0.4746452621133712,-0.5350928815645737,0.5460659425918164,-0.9342559180129459,-0.18292265208030448,-0.13146463633905822,-0.12499574515265807,-0.0908493651890359,-0.050299342097672194
0.4833817281384496,3.1506291888375633,1.3010865877300264,-2.5170809875398765,-1.561604514065603,0.4727925350020423,1.167037276059175,0.0983180033763314,0.21984883416174966,0.37448620546386946,0.9574648990767386,0.1119254108560422,0.19484850455844754,-0.21317834766769944,-0.012620040740174173
-0.05268401383798027,0.10499606872249823,2.1568543284613018,-1.557449600967368,-1.8431193989750936,-0.19533389574872062,-0.7312627727897908,-0.42863825695584085,-1.0902947547627264,0.049297947587889496,-0.7472445120819778,-0.14549305210244487,0.37859164151113406,-0.41571562337098283,0.006994971628763747
-2.643595541437484,-1.5000586633371817,0.4525898321264051,-0.07607389208167553,-0.03852873711974558,0.9597255953609687,1.3324220598166086,-0.11855033793020213,-0.3734006798794756,0.2557096279372885,-1.092501812952832,-0.29388189387400243,-0.14184275492120826,0.04290148197284416,0.0006126288627578353
-1.027583477868805,-1.0601716177135747,-0.710036698061195,0.08798679078291449,-0.31321319547677806,0.702745280997555,0.398630997683072,-1.437913643382089,3.0492011381313913,0.9242954761565627,-0.08964045489680386,0.3101702836226305,0.0740616613160558,-0.0021503396238168535,0.010839815807137967
5.056844431656579,0.6682925592772111,1.0130463859380519,-0.22680082894959439,-1.4517954117340022,1.0006758417754686,-0.8081611256041966,0.8651637452433689,-0.46024550687958693,0.5592684339947098,0.2982853971516249,-0.10194941523687409,-0.14904565614082518,0.1618361320480114,-0.059686999875339646
-0.12679220119634493,-0.5493682878914914,-1.9736310621040773,-0.5246762717037154,-0.15926706251149947,-1.4791042707490107,-0.7061696163469042,0.46522266849146393,-0.21235373155929776,-0.11632741726868,0.1969021476215321,0.013888153414779197,1.9215471009638867,0.6780163012353292,0.09368171059767666
0.3789055419535914,2.214396792955795,1.6360081479707103,-0.050175620276830535,0.3068807741902979,-0.09113611924035836,0.3951995623408914,0.6820046775799409,-0.34571669443487957,0.35649000885501486,-0.730856463799887,-0.14847858777212333,0.348554377854307,-0.3933778874795684,0.01994876417034054
-3.2408141148245333,-1.587383001459869,-0.7049874305158026,-0.533297114979191,0.5441897668591169,-0.4821545614909547,-0.1542907186652107,0.2601393845291094,0.12540273301994817,1.6131670948355878,0.08437214558789043,-0.3461575814576987,-0.06110618366441199,0.01686587189419768,0.07478901376993038
0.3650660004110322,2.1020668157918982,1.5760196131768904,-1.6813910189770134,-0.24255946471977374,0.18819598945718186,-0.8031239415271264,-0.267135202764952,-0.9300821090511731,-0.08326082970394587,0.3678185396802839,0.11723929054895758,0.3091692947973009,-0.3411946032858219,-0.009634780612887455
-2.570200331155019,-1.1917994681529553,2.320188480004315,1.2158275592661252,-0.26500595416645234,-0.6332606210311079,-0.927107128405931,-0.5394446429247468,1.1427143633059453,-0.2276043441718101,-0.027129623563750538,0.14877802914643984,-0.12900154335191552,-0.035371182046878044,-0.012107881364470129
1.053181119536164,1.085469843620312,2.302046206915374,0.5239669214749889,1.0153995441715997,1.01105372255403,0.25212156710026445,0.8278557996621156,-0.5385611106646269,0.22145943117650208,-0.3064481407412341,0.00016182227290725826,0.04298591896424138,0.35470748171939165,0.028988243096306494
0.764997387676722,3.820665009677953,1.0806497695143256,0.35864336736780134,1.595691695844399,-0.45440728733917524,-0.13406736987807732,0.3882097667731382,-0.11436630345063842,0.061468126965293884,0.03471631341483724,-0.04528019016106802,0.321641178808737,-0.3691559675791068,0.005755111971124998
1.4857646834633926,-2.2297313712511064,-1.0909394340605842,-0.43455586416849706,1.261223104148382,1.280192106892879,-0.00313424329763045,1.3129466758892399,0.8036635327519857,0.45359067309092915,-0.5678738606764161,3.044303724235575,-0.08216576465251862,-0.5422434475408449,0.02248001266555256
-3.41665222110689,-3.0792931431977317,0.0009121879758025031,1.3295128970506005,-2.8220449189228702,-0.12084369225191383,1.278317556825056,-0.18144934683050645,0.07018728871733246,-0.30468303102463035,0.1425707076845945,0.06598037848173763,-0.08067915176464491,-0.049510779597966396,-0.006859694891407375
-2.6291069850808375,-1.783917784257918,0.8061314673079953,0.260940019498347,1.1611695899367453,-1.1125207193400224,1.0970581149281489,-1.045045414825838,0.8980344514984104,0.08910473044036875,0.37800272038362537,-0.0016210165134751542,-0.12700631642610283,0.02589166827761466,0.019334424568288797
4.065094975876278,-1.3226467194475025,-0.9129846193522972,-1.0808475002206728,0.7477654100432263,-0.5684722275871495,0.17712438793547847,0.07201589699391933,0.8239623203834523,-0.6308779515467207,-0.008491685837416725,-0.06847243003074385,-0.07541308527552816,-0.17349035777972738,0.0641117419740007
-1.445575744615054,0.686480072353004,-1.9524807583149963,-0.3658583948219856,0.2833864166520529,0.8377430823451104,-0.22291248622189275,-0.23665332509090828,1.3671299093747766,0.3474451123672052,0.5530186877166163,-0.27893134316273505,0.2923271707919643,0.16383744500201602,0.05389929893991743
-2.3590486477328563,-1.9919286739426156,0.1262194767680339,0.08988264397426732,-0.8985841269488221,-0.7127378700224871,1.622152555683359,0.2018243362587499,-0.19425351410420422,-0.059744732605995186,-0.3055378444063757,-0.0028917701703798926,-0.38625867525530255,0.007046927876354178,0.03679330219100493
-2.3258139588076134,-0.9173662172369551,-1.8375860487114564,-0.5357961838026364,0.5070222462112925,-0.688001861631901,-1.600419553483929,0.10470830165858455,-0.23997225526136817,0.0687507006073737,-0.12419283310521911,-0.4894027923857188,0.11300443500864801,-0.05036132197881621,0.05220947778817325
5.030343088261958,-0.8829249136721076,-0.35394780595939124,-0.2215112930626997,-0.08524954161948473,-0.11532408243422854,0.27128877554084097,0.0027509422935293043,-1.032253339457371,0.6810665716127,-0.7221381302503365,-0.26749779636579807,-0.07535359913957516,0.06286354122577445,0.10317889286537288
-3.122877460251965,-0.9865695307024241,-0.3924542573622417,1.140296763300801,-1.5174803169609632,0.9768735419576999,1.1185997893627069,-0.6648200607024981,0.6750524883290477,-0.2414042744950697,-0.7538673986104508,-0.025003697958805388,-0.1059979018626877,-0.09498875161429526,-0.009624912468227949
0.12243231326554982,-0.28542185452559876,0.8876923693266028,0.3352169045922466,1.4339462735015251,0.16603734973947848,0.14342942220460395,-1.5132247874711262,-1.1746991638032518,0.306530733894618,0.21251627047475205,-0.012274463174434952,0.4038427194210307,-0.41140668133915664,-0.0053324993488262015
1.0287516086555875,0.7468252070658556,1.682582623121174,-0.6319739265402171,-0.8063669807867141,-1.1539352226673791,-0.5455278908511904,0.47357944413808,-1.3451134519284085,-0.3495901745836188,0.00023457954870004932,-0.0558764879945943,0.01676404223776075,0.3297228917500215,0.07182638782915558
4.367785572075606,0.7333173530885835,-1.940833256891214,-0.6599004186982259,0.3301488253135076,0.06231806256733052,-0.4552523162629366,-0.277344650788352,0.5475079778929837,-0.864411577880591,-0.1526101424590726,-0.04360482537926705,-0.09398332446694432,-0.15629001023820288,0.0033145323280581174
4.077362133129267,-0.7647694045347162,-1.4708681271469697,-0.8216295998149099,0.21440559276996052,0.2015078254672653,-1.4202098198260484,-0.4511486016485568,-0.4021343740298858,-1.064447367461329,-0.16440853676827177,-0.10952051558990758,-0.045743734946996115,-0.18600993554935086,0.0006906311750903057
-2.500730973508267,1.3084681411055175,-1.9212815431323436,0.283584554643063,-0.0471377855672922,-1.760067093237359,0.38575238649952603,0.23782309607344077,-0.4637294001769858,-1.132125242889373,0.41291892696307103,-0.18366323682814004,0.007554425571494119,0.02895273615072716,0.041515872171506665
-2.0386158036184976,-1.8548852954784758,0.21854713382057694,-0.6048485657571765,0.39965219880274055,0.12604236100777033,0.8395362402498338,-0.36527248483671565,0.1709405990352738,-0.7199408850421771,0.01159415352131904,-0.0220445090618083,-0.11843780189878103,-0.07249488802898961,0.07124915538278154
-1.0815812742843778,-1.7253977394442868,-1.0694503379879714,-2.049175104085497,0.6086305377927954,0.5636409728223475,-0.8819857694654442,-0.11746343983448708,0.5676339785938318,0.34288096581266714,-0.35934209224743296,0.8106007952462235,0.316882431475333,0.26282915873823814,0.06648148861224244
-2.7772440483333805,-1.0015073444280416,0.1840891537724773,-0.7800212640057365,-0.6334762976969356,0.3731607359142268,-1.0862463546499135,2.211216945349122,1.0461755969408424,0.2460691083722062,-0.24364825164301945,-0.5253494770624109,-0.009452768686218332,-0.08263709046559693,0.0031392280671494275
-3.482227606709396,-1.3383899835469801,1.2841764285504544,-0.4491608706229203,-1.5065042520241096,-0.4492385203869451,-0.3608263224824204,1.2077849101889002,0.36944729354322436,-1.0404366322257936,0.6237517847451133,-0.14484771902600516,-0.09818266564205522,0.0067233535983054205,-0.02147469879289898
3.5307825168411537,-3.0922620964957166,0.016490975565929905,0.3026927743071317,-0.34415399284578574,1.9123564341773323,-0.24385042638605248,-0.46936059828541066,0.49867787324247215,-0.22347003890097372,-0.24199118651801665,0.006682276334295328,-0.013997894808835183,-0.18037260862293653,0.006791963836245005
-2.3743903905642654,0.9290858133195044,-0.5361267376928933,0.7042617592876139,-0.05941527448200823,1.2712934007354257,0.3273185761237879,-1.3087684892543072,0.026822241361289495,-0.04907455639688789,-0.041151983055448316,-0.0057564963310257344,-0.15622822062605496,0.08948868575918921,-0.023450082819841272
5.285055249876379,0.6615933290700133,-0.954149438872854,3.215031874536141,0.36470822485790766,-0.1736634381367994,0.3322613102344213,-0.129619294399484,-0.17752574212130218,0.9065557500713979,-1.3398327256008327,-0.17968461642841324,-0.032862609642572954,-0.02547022873217581,0.013808964568854713
-2.3925057423784906,-0.3677183475344674,1.659923841020464,-0.07470283288790425,0.9102573538912817,-1.3668245592724693,-0.757381879839374,1.1913971194329591,-0.3839669651633733,-0.5490816891117214,0.3945283132336359,-0.1827132686482458,-0.18267314929256329,0.04038682207708348,-0.00996815035054158
-2.5111284957714157,-0.18248241858286673,-0.28375656439482383,1.5605654688901436,0.18008075095535714,-0.2440512024600784,0.44963081873611166,-0.8333059103504505,-0.09533401534158076,-0.04752086446240503,-0.1901226574247017,-0.11774884865810173,-0.12212686013313626,0.021043085181368895,0.007186564577588922
0.915878625996708,-0.1673453737283097,2.7138964439468167,0.33522813603305024,1.3994692070713335,0.06570477439925404,-0.5958486999419211,0.48204984480934826,-0.9309287653604268,-0.07025149565516998,0.08905784729467171,0.02142677958435857,0.07525694600849853,0.31435031682913983,-0.01850656792019887
0.9463745168103062,0.017230753282929,2.5239956074610808,-0.11257306555368968,-0.9039183034452699,-0.5932437930240638,-0.3584520975296708,-0.9201837380623945,0.3421217229130295,-0.037431854022877964,0.09203443581130867,0.25188132347813436,0.0435651477483642,0.29976936259929926,0.013654211181874352
0.46598187460953033,2.368412361321856,-0.5869291758403308,1.7350996833902064,-0.787372368739864,-0.18869734371328128,1.6252365650319813,-1.1674913374114568,-0.14637970782391918,0.6897474320936596,-1.3235221169522535,-0.08516219293558955,0.36681001321411344,-0.4485350927080499,0.03573894847860734
-2.2682545799000455,1.316182243723568,-0.7725415313174595,0.13129052260880442,0.6240984354464889,0.8782879565108401,0.38369764874755197,-0.6975745561330524,-0.44390281538300086,-0.19038113096016565,0.28337479035351815,-0.07438949799591957,-0.18249345241418197,0.1200122614485523,-0.06311242438609627
-2.3989448908683944,0.5313606546609111,1.2223412708525083,1.1987343595337003,-0.38414240314359405,-0.02701839314102439,-0.7899472231713154,0.8533347823888116,-0.3313255584760358,-0.3642091917364599,0.21497656765374876,-0.14004708198375113,-0.19074067752027368,0.060777111189566635,-0.007300372064693927
-2.3917134623569085,0.5369175804685302,1.2312557014378753,1.206361906661631,-0.35779115891986046,-0.06890952640413417,-0.7776383523426831,0.8247587753095971,-0.27203619923747496,-0.36080376343670506,0.21530344813491428,-0.1274043946887862,-0.19051753131189877,0.058270771808663066,-0.007089853187395521
0.607293811119697,-1.3432833999089893,3.315113175763299,0.3166172007699799,-0.5261867770275537,0.9499838255736912,-0.382572057429601,-0.5804171705993579,-0.14792999088589603,0.25047772193712825,-0.3045913928970113,0.1830985724977489,0.09498779409902014,0.29436959610383595,-0.02956727501446586
-1.8403413925561398,0.6856530844215807,-0.41282163792918203,0.3046165648774918,2.505240533500802,-0.6800748377301882,0.14116586720371024,-0.5166450223774026,-0.22606335202521166,-0.47400625762735915,-0.09713406402227659,-0.12590258357659737,0.08916211702148039,-0.01196918325520109,-0.05318648779051167
-2.6468096891615396,2.422517405183853,-1.362873776973619,-2.5421273947308345,-0.5691924008355288,0.9074073002221703,1.7431834666181836,-0.47086133921793644,0.5031464712859235,-0.22530659756003568,0.9761894953359588,0.005780146286157611,-0.12989271697773605,0.056194515741208054,-0.014332492665706846
1.3221419406542934,2.199619414141488,1.1243330783495884,0.13690544048765096,-0.8669380613376071,-1.4727154566800242,-0.3118650026705393,0.08815678546103595,-0.45185724723107373,-0.30923724709302963,-0.39653553016543874,0.0279571381262117,0.014514791258892018,0.29763421618953184,-0.23781131845866527
-0.04345767839598924,-0.7402036859731937,-0.7834553349307023,-0.7911570580969023,0.34560900435546016,-0.3831448840652727,-0.576681279802995,-1.2279953479634578,1.06454183769082,0.6777274862972782,-0.101082540039034,-0.30255433060223647,0.043668387001205,0.1017477608972568,0.059112152841239315
0.802716469075409,5.338205028982507,0.19006709625112694,2.721656348970554,0.46942336926858963,1.1441894654829619,-0.49594692992936784,0.5256690190127058,-0.759578362386433,0.18919640953745318,-0.18571040733119643,-0.057333927428722814,0.31914035312509975,-0.3544914542807877,0.00595904106357858
-1.0207464732990525,1.4889080590355226,-0.9439205605991863,0.033421080732952135,-0.9657221765765854,0.5000706762796874,-1.502728563922419,1.8211920016393768,0.9540730923136609,-0.026073359484635086,0.4196794465863915,0.20065368619755405,-0.033625405284672664,-0.006374043210620475,0.048367023773222884
-2.4096483980861887,-1.1726012638865546,0.7890537828009763,-0.15745566335684627,2.157840503019935,0.8686257619052427,0.5716567137511843,-0.8789914481477088,0.22552138847368725,0.02250196308255379,-0.027714657797642386,0.01742862134742909,-0.14233881955630018,0.04911703874663942,0.008568186992633734
-2.3170956632904005,0.7160815958050222,-0.33492196489164716,-0.658298927461513,1.89419847682821,1.0077542842622305,0.5185215894463584,-0.12812733706818769,-0.7364882800260399,-0.17321058241116188,-0.005068457319684944,-0.1938066105894952,-0.1589327445019266,0.1176057733883429,-0.054752890347602196
-3.0963316658978184,0.18033027679676183,-1.0414308124223677,-1.426701281495964,-0.6013323605510811,0.07054443918698605,0.5469735049687857,0.3418363661271871,-1.4641111811278156,-0.46242334253061157,-0.07517536679318652,-0.27264374291849025,-0.014614973302393065,-0.08076279149679076,-0.0546858950536928
0.19501710602618338,-0.95262563605539,-0.6983212337668785,-0.559065193911148,0.3742413508599196,0.2686319543864264,-1.3864182349325402,-1.2500215008359463,-0.08246238969210795,0.6151589533594555,0.30159915291975986,-0.26630841622761536,0.1220459219972877,0.027550645416387354,-0.06306390930155487
-2.467769014662721,-1.7950593497079779,-0.23380849244369606,-0.5149717644761397,-0.08321625214021,-0.757656378304761,0.38415628314807104,-0.3021903037024719,-0.12766262386696536,-0.7191518508659578,-0.4818944130374525,0.5930544010330884,0.6029418905898687,-0.6752542511090311,0.009639647444426512
0.6258886923591991,2.4080251941221054,-0.3082665701763966,-0.863501448806709,0.5045743835242229,-0.19304135613381168,0.41391346765319825,-2.1714061684539443,-0.40692186676771397,0.08592518288331667,1.6012689341495379,0.35678468569854993,0.26354741848876106,-0.30004155738209154,-0.035589249972482785
-3.11798470601517,-0.4239842997993897,1.6388751941035755,0.036681422482904624,-0.9249665083331168,0.1624526291434758,-0.1658954614636818,0.21987810919567097,1.370810337402183,-0.47367170892040605,-0.06695572936628455,-0.03875912078895041,-0.12414533387502766,-0.027208717259420943,0.07000949541251977
3.442014242877059,-3.3355949744932474,0.3039828901276708,0.8461559098493869,0.15014810989837374,1.9592184371824675,1.8021694054180133,1.2060404553143995,0.9110385393265821,0.4218098845011211,-0.3678186037637004,-0.1330679047699417,-0.04976568644105098,-0.14048335696815936,0.026986691799700147
4.206664339456168,-0.24468675938495488,-1.6196145618460194,-2.85963300849731,0.2974910103764378,0.644205591514776,-1.8137484284005243,-0.8264443281107137,-0.6131755068282327,-1.328097259363642,-0.2951747387717233,-0.1191498858149965,-0.06146170474501393,-0.14906355363431845,-0.006099897629065046
4.773233703702751,-0.640840457353619,-0.4088035437274309,0.416306751226456,1.2390183977076406,0.5648039003919985,0.4269327952740337,-0.28341735238571386,-0.025094062743023615,-2.61409129994313,0.03638370474418326,0.7105708202882696,0.042474672488605786,-0.03294180925402851,0.0834476582228767
1.5223737644670248,2.949340014046374,1.7066173471691581,-1.2142073686456283,1.5522805885650768,0.46300101083183876,0.5194572090721311,0.3892645289651912,0.32567443296779564,-0.003227514204131296,-0.11796814449315621,0.09901742547522327,-0.015750079709926063,0.39887053715163995,0.0072433681144545466
-0.2527640157451725,-0.5869474058237838,-1.542411548442835,-1.5703703940935436,-0.335801475770366,0.7673574758959731,0.04876522965585946,0.6956872595323458,-0.1722208308886536,0.21913046024389643,0.04455260487635836,-0.22971962698820056,1.9040427584135322,0.7900327906510753,-0.034352343144054984
-2.553632340245685,0.14610790489029557,-0.373446706833941,1.4010006695349793,-0.11987032871034642,0.948429403077724,0.5309957473576039,-0.6432166082778377,-0.4591404789613172,0.05249476563704031,0.08470779684944131,-0.09268064496174164,-0.15010015828729778,0.081122414389098,0.0019739338727714504
0.3280246171253549,1.6171621942047496,1.773764010575725,-2.1966223212944245,-0.018232614508221057,-0.22387061154980947,-0.996408455922269,-0.3287894666139036,-1.081175359405045,-0.23069435634522187,0.5256814767182088,-0.021272929024118065,0.3170885645776849,-0.33248508425855,-0.014967621213364759
4.182842686557121,-0.030939186365495752,-1.5625506903806057,-1.463251030086226,0.10696486555346746,0.7781227526740968,-0.580932453565007,-0.28432736011998105,0.11013239861887683,-0.8569374709352251,0.46952672077716495,-0.0006748387839067838,-0.11493436957756156,-0.09983295354964447,-0.004620095261345126
5.092089549886829,-0.9954562310041428,-0.36136853686515136,0.0006480370005206293,0.20111696106882376,-0.9009667947725988,-0.5056131920291046,-0.635945212056497,-0.9696822328746226,0.39549409975678274,-0.13962997575274963,-0.1471706354286522,-0.06846401708380329,0.039975400274211995,0.053921011127616374
-2.640570847923151,-2.333064801663933,0.5860745586272331,-0.08456100201563543,-0.5583697218036191,-1.3627195767391747,0.6815917605470093,-1.2121940005111584,0.17842434481244074,-0.12152776820835197,0.4893112991322083,-0.01350055976217035,-0.1754029785064592,0.025515823546493954,0.009710238257347702
0.5901500662112005,4.4417074255505895,0.23057024420355277,0.04426850210674771,-2.628691249114155,0.2230935264486973,0.4623391253547796,0.11129489886763852,-0.40420631831675174,0.22827982599096638,0.9180900456701154,0.10343663091608818,0.20006226145496459,-0.25330975301889397,-0.02001811648193484
-2.8588029185430424,-2.059218621946698,0.10159037972928492,0.8159395754326979,0.3483199245007378,-0.3684297529102126,0.24640356439990488,0.2770316766191804,-1.4169778199337886,-0.3307684264827318,0.12636177704216178,-0.11638408597245889,0.2776544032126703,0.34372523448707626,0.01985410567428444
4.704234171279582,-2.171555916710968,-0.06916072252487232,2.0426695225139406,-0.6508230718936548,-0.43928775698996236,0.12425517461255844,0.31659350544383497,-1.488352822722407,0.8669582565243565,0.2863438579434118,-0.055889300283886695,-0.07617033223504467,0.040209347838154094,-0.059882774456106964
-2.9614742898422435,-2.293526409809015,-0.2540030897943674,1.3215618846392396,-1.5662549868410407,0.3664221014952509,0.4550220542697563,-0.14916876664084283,-0.5184454985906843,-0.6125609796688498,-0.7450947283833963,-0.05647541850625057,0.15860404755735508,0.15945294501123947,-0.0442566713178868
-0.9223486150276121,0.9641623915111381,-2.5170519471814354,0.4329282860140571,-0.04497557822774134,0.3718113168778592,-0.41544270051446885,0.37609020551438976,0.6722978568643216,-0.0017460811763277684,0.5027194818822622,-0.42554387901610946,-0.0030269463236890642,0.049904797835797626,0.0494872398645702
1.1711282901530748,2.2364448528702483,1.3371627421232946,0.3203097129322595,-0.9809955161321998,0.6525854751138651,-0.1400236145883782,0.3537744218885666,-0.8758192635590096,-0.04457496712819266,0.26392848814405645,0.09697965302600198,-0.02186440559347104,0.39622395072917693,0.04047430097390711
3.9691585660809854,-0.8670837922816467,-1.2753025302474554,-1.1287623511359066,-0.192764061602415,1.4317866443395904,-0.9223070580594216,-0.27137661016501313,-0.33970194923275027,-0.7838981345246145,-0.7726580503977831,-0.16525564284908648,-0.03919234277625234,-0.16752365056511398,0.01764790655702952
-1.6890972479676236,0.637463352165289,-1.1376104182152647,0.811494646538182,0.6541436230530574,-0.6222627561051363,-0.294689404162806,-1.0357708970896427,0.32577667923546816,-1.2376512921863905,0.11506332618184073,0.3759565191941764,1.332862243678919,-0.5824511007182174,0.060781663559611634
-2.2351622802270175,0.26265192730897846,-0.7680342726781879,-0.5679488514644898,0.13250630379999456,0.7813878771138851,0.9125622364867076,-0.09940603996579972,0.004623303337452533,-0.5189818556036807,-2.7642213884332323,-0.409688844848633,0.0069231897820849625,-0.05669936390156735,0.054357988031150536
-0.482557682169781,0.3155202948974323,2.60613886067635,0.6447169018891579,1.5738012589588046,-0.23953292895745748,-0.7024811462567799,0.20716040634003902,-0.6432415982752071,0.3836396960163043,0.11532186585562013,-0.13604106417547066,-0.49908546464894693,-0.2817311786264089,-0.02021742076411856
-2.0862475154327185,0.5648632553111079,-0.5533855657197988,-0.9079793006164852,1.6158310112780283,1.2290162227763486,0.5834134579089247,0.7873326411853723,-1.8279161608607617,-0.30900442363218444,-0.30947976619285783,-0.4008580750718802,0.051110823257602994,0.094683996272049,0.05917616915660466
0.5955009571009824,2.4404040443322197,-0.4882953940929714,-2.1963217390621588,0.43651938267881113,-0.5638840336424817,1.9297706102101833,-0.3839350779593924,-0.9513313032634609,0.31351487162535147,1.0624656347229362,-0.01446640747024186,0.2208203985230236,-0.24544009622711926,-0.013725637013419984
-0.010898474991940077,-0.17645517474006167,0.025790727073116554,-1.1270452798207575,0.9242601064829645,-1.3109310610291607,0.7410982755742249,-1.0189088018256118,-0.005295632240669923,-0.5500635474181716,0.1718981204903896,0.2696467540135897,-0.036570313774600516,-0.01797882414884669,-0.05706797442775482
-1.0143458714861415,2.7607438254572543,-1.228114305666052,2.194252977737598,-1.491739934415551,-0.2552769696184145,-2.009031402754141,0.9000823673835023,0.8518546715447839,0.4879587935443474,0.49523007905886196,-0.03250816338891635,-0.14608931206486703,-0.01774889233712989,0.03899613933478167
-2.1238483646332877,0.23967573527800323,-0.4283071906684517,-1.555403448282251,0.05298958237259638,0.8221752324088603,0.5821171815125487,-0.49587555535049654,-0.7797423961379373,-0.26546191285188536,-0.3829682450402486,-0.03763067636115655,0.040705828006878386,0.053837272508774764,0.0047160591243715164
-3.380651134198616,-1.355377418428153,-0.352421458871062,0.6220529849655586,0.3426208840015834,-0.2695769426613783,-0.2086170374307353,-0.5856141032546642,-0.2711375498156609,-0.7286146730842518,0.21798508131627958,0.09738430041215823,0.07033856893947404,0.12065088713581894,0.05810415248130553
-0.26039407252558067,-0.459848534516897,-1.688033883874722,-1.7112440507855646,-0.45255075296487013,0.8791807289074955,-0.021027870234348177,0.9122506311006773,-0.5613995817918906,0.16371030187364077,0.3612884589558345,-0.24361985900468283,1.8840080002744926,0.819149383659372,-0.0421968630187742
-1.4595188835966302,2.9100274289135637,-2.9934519923032163,1.1050557458816643,-1.0501171881700233,0.4838521811417069,0.19418174680745656,0.34111596821546847,0.4095165200111368,1.2794150932764194,-1.2304446131108375,-0.3867568514376596,-0.11505255837133313,0.06139617090736153,0.03525099185332122
3.819152394820317,-1.2455725926444323,-1.0936232208957335,0.8098935729570691,-0.4943016685768912,1.5519597532478113,-0.30900384192106567,0.099245972168375,-0.06699349764113999,-0.42288452750336925,0.051151476581588064,-0.05530372197443814,-0.06421184996988905,-0.14474129550645926,0.027407205090191712
5.059043347392992,-1.554021939981499,0.3942966400964845,0.47250836966074783,2.0986595235830516,-0.33624871295354775,0.022088877777292265,-0.2502284159548699,-0.3742866161654553,0.7407236220705817,-0.19620808299160253,0.017227047577130977,-0.04173675160555661,0.01800409194236066,0.09526232414536391
0.41241058187815405,-2.3272484081998486,3.8570790988769885,1.4549006866009249,-0.08620827620126392,0.962559886136976,0.08040215819674487,-0.11839440687960412,-0.04598261972385698,0.5266896536114676,0.32072902091756555,0.21099536864055615,0.09379406774760557,0.30638599701573727,-0.014836964804466043
4.894290776327525,3.3100536617919514,-1.3083992688874586,1.9444437997340869,-0.7185762676790312,-0.6889710889041818,-0.8811431707484336,1.7714621089090845,0.9172473702125641,-0.7629763147813069,-0.12767457521883507,-0.13710516093334899,-0.28818367126798683,-0.007777030046997056,0.006992001289835596
-3.2245829656895784,-2.9994470158139217,-0.9572919769647619,0.3569160105793414,-0.47545907001605925,0.9099685187724944,-0.4456360260109882,1.0687105616121961,-0.22476668862873722,1.1796137736447638,0.06094993880156842,0.8384181839009646,0.051154416615621645,-0.19498439280052166,0.03453898413926964
-1.6086218048017553,-1.5515151968272523,-0.8349789380473389,-0.8954682616372234,-0.39560128166779396,1.0817036046407824,-0.004900340795024178,0.27710322632784684,-0.011403221751633053,0.960137473684479,-0.020547222229798795,-0.5854180458841822,0.1025010139994817,0.06493423345565245,0.0006503132261888225
1.1217525193342812,0.9583841292908537,1.987218686127432,-1.291166235056763,-0.7247099895658443,-1.0053469626392797,0.46243892454371227,0.16864403594201066,-0.0023015924295267665,-0.04087656365429913,-0.1908452688670268,0.06279694901431007,-0.0032077320814062893,0.3432721196947097,0.05534161291829082
6.1609187415950295,4.950774033745807,-2.437759797082975,1.3103421490982943,1.7749039985015118,-0.05130342220357864,1.5048966603482332,0.4428845852583067,0.7541261551980531,0.8090884079490024,-1.3166718821188095,-0.17060049675402336,-0.15207801731273096,0.0911781196239033,0.04200565264670029
5.065437247637028,-1.41758601346398,-0.960122943806319,-1.0604188943024142,1.129136579451964,1.2881307735131253,0.179373185375772,0.6578030413540126,0.4940022250653421,-1.1777234879560445,0.17596435151076056,-0.002733113119900682,0.13471817278043352,0.0818818379457854,-0.044915120318260386
0.33236459341687574,1.6821425363299491,1.619058807717968,-2.064799819902115,-1.3593116703749635,-0.804222323602014,-0.792952207987169,-0.9760823984484506,-0.38303143967484093,-0.17454233765143184,0.46381353622649335,0.12708549977356307,0.30276046959418246,-0.3574629660204127,-0.013002632422060071
4.538825154429654,-0.17446922524185393,1.0901668439237944,0.18811706730673727,1.9280256983379553,-0.5955998631242909,-1.3388996496663894,0.672917734097263,1.9291263205531868,-0.7262612162183486,0.10541077203969601,-0.031026727404585924,-0.18938944610645758,-0.055096396869473804,-0.05180028800191071
-2.8407679801796686,-2.0583796899784215,0.055822741264728415,0.6395256960934865,-0.8286818419235055,-0.5974073535201577,0.5924460101115305,-1.26557916905329,1.041786984388708,-0.722395672996516,0.4190986539297925,0.2102791781424616,0.3732155010035182,0.5392662448854579,0.014060240575487722
0.40234901561825387,2.5580966038655633,1.611931915695239,-0.9328473510008416,-0.6341882178837849,0.7520631491086975,0.12047787447933056,-0.30310419127440646,0.01991161534966121,0.29808773077393985,-0.2686973290838824,0.02020895907360415,0.31542703189361004,-0.34003307778922226,0.005526799127831385
3.9983697552362405,-0.6793925428138945,-1.108824370364571,-1.2139463447846874,0.4215581578577924,1.409970706517548,0.8351215333384164,0.978103312190276,0.19976103151844088,-0.31377103434953413,-0.21693768641193328,-0.18249724123479996,-0.10814762127548551,-0.08941435107960284,0.073551090653704
0.05284159223714058,0.7209107280960552,2.3853728473681564,1.600924666610142,0.44254267917911383,0.6517102226211868,-0.3960025778344103,0.17596562734750987,-0.6188310005764475,0.4207098522880607,0.2607189330586701,-0.018219846829827996,0.3807861647869924,-0.3920659163866299,-0.024657440003339564
0.46828419128463894,2.287169867513386,1.4744171881204027,-2.4610286863023907,-0.6928375834867843,-0.9574358715789909,-0.24396457066954552,-0.4226180576049053,-0.34128740166357735,-0.1539135166906074,1.5644520061891458,0.15616881967481017,0.23293950406028807,-0.2698119780505305,-0.03718702277632176
1.1354637560195715,0.7111835747482436,2.7442923745430927,-1.2897304797205162,1.5871568593168814,0.6155312129984505,-0.05506676623944284,-0.0788707131670359,0.11079318725237444,0.0073395925164541215,0.0005492173253378516,0.13471544698781546,0.03937351960754082,0.36170456020830055,0.08257176408267196
4.10471391758397,0.1867985515044741,-1.894594246608765,0.3879631293766248,-0.293508566156613,0.8035428662481414,-0.05231999999042436,0.6749881484018871,-0.30503793139478824,-0.6050955410005396,0.4471391115083788,-0.10358781156005972,-0.12330986474137293,-0.10074542681845011,0.050524547045315386
3.8126571606338744,-1.838615743416911,-0.6460499523903822,1.4255142683474813,-0.10514876834700615,0.8909538644296675,-0.3981152088648061,-0.6096398054696828,0.8591227211305077,-0.3770273587868726,-0.01013104994371624,0.06975999757415413,-0.027637988040123213,-0.20610093081882502,-0.0028194837325354887
5.4845897866406474,2.0889840561951987,0.5148850258551696,1.8361297544712276,-0.6367076025758268,-1.1258769863390485,0.06312466787612264,0.7125024752075009,1.4403521612699883,0.7342731421891635,-0.3134338700877046,0.027422614894122038,-0.13361433144338458,0.04876955269444354,-0.03708540158950526
0.7763463647665043,5.167836905085771,-0.055849210791912435,2.510721508851411,-1.2616286009204654,-0.11173198934417061,-0.21101731735404827,0.06954742307338599,-0.276115498341624,0.15869894114555466,-0.2493400381505978,-0.018410622677021676,0.2976568516282225,-0.37966280942149433,0.007150379246256127
-1.4963591295158185,1.0203089174802433,-1.5798568276933433,0.5880091627630092,-1.1036078753445113,0.905706364990809,0.6001073366886689,-0.1332173353335526,-0.26581598475754303,-1.0420930965198136,-0.4598213678212326,0.04077963334233936,-0.09915620878102,-0.007485169449647,0.06114478431067953
-2.6192656174533293,-0.5604961144538844,1.5465455992842523,0.04086983414689849,-1.2109084886164108,-0.0845436586215853,-0.7092861438467772,0.9046994285147514,-0.6703272894150776,-0.3594766986035825,-0.2417491918082179,-0.24027859699771129,-0.17722348395056756,0.05124197008452894,0.001062496457212938
0.7382710507123429,5.135531657369384,-0.035027332736565456,2.345631871157586,-2.3381748068869213,0.011596424442654074,0.03421319153151057,-0.46657667493932986,0.280447974389937,0.2763366652147962,-0.32163543511428994,0.09523121280958541,0.28456818473122725,-0.3792460202280491,0.010209546702895825
4.0321289852641815,-0.797475644133671,-1.13597440391847,-0.3284064664587035,0.5781205934615116,0.7835178419017153,-0.02919746172103241,0.29115611475334147,0.2554696338541084,-0.559426189808905,0.04193248754757724,-0.14104546326337378,-0.0781773922548063,-0.13249053862574436,0.09200977634985713
-2.6731354629385184,-2.5450486778115797,0.19842597653823774,0.3970544381773784,-0.9883625966376625,1.0348449661564594,1.8373545365557127,0.6739884123185338,-0.12042968652702235,-0.45009257922970497,1.153178808568573,0.040458787812428815,0.17643165779930253,0.487136415785151,-0.020829395907207848
-1.3063712761166055,-0.8906766909513479,-0.9953292697984195,-1.5001152168796141,-0.16543720715023613,-0.840182222229594,-0.7592878580733609,-0.4378080177735321,-0.4347917032292011,1.1110807260998303,-0.0712842665562906,-0.2772063621191576,0.6485507834011172,-0.6066322197926406,0.06486364508062631
-2.236220436638586,-0.23554976262759297,-0.12074318283031972,-0.4677064567404009,-0.08210040147732245,-0.600129998886651,0.10184637245140025,-1.941648258635998,0.512051174965408,-0.36144300037244087,0.27526925821929704,0.07201489085200849,-0.18587498273796838,0.04362460294920016,-0.03266213603470851
-2.645104559824608,-1.2935337109537772,0.5336864994682962,1.6457705701357541,0.803006227783289,-0.7274841622934124,2.050020707092058,-0.16951172749498913,1.0109137344566446,0.4929898221583237,-0.6028990984137329,-0.15586210026208222,-0.11273797185322693,-0.001130462007793119,0.05116857949317901
-0.36713918183686056,1.4711719849202276,2.373787509389878,-0.10494550755500459,1.0258079855222795,1.6001469944221265,-0.5668949091121112,-0.28987506833703436,-0.2828166964652789,0.5296814816824345,-0.42755198336348516,-0.05242341188152258,-0.5141689982133195,-0.23879963684196565,0.05491439771519007
3.9376526694698595,-1.1949335261779366,-0.9846660709818236,0.04189676016306698,1.3690043531752816,1.4847047681471341,-1.0224349880873767,0.33989796760395014,-0.6694750740389739,-0.7359330354566,-0.07761821382999758,-0.16660475748422385,-0.031059755978663908,-0.15684112045820126,0.0556975098791951
1.0458152263197658,0.26173904496695277,2.1693081069531015,-0.07196586840102687,-0.05538703332432171,-1.8546630366017363,0.04141282525631959,0.33813744907898347,-0.26178135368747263,-0.12637474460128933,-0.0783521972331642,0.037236723557066115,0.03633984859478977,0.28537068888793415,0.019677476216522004
3.7848062749378575,-2.3682380311445312,-0.2615216187952834,-0.7447918679513665,0.2286863209474449,0.8490417928286718,-0.10615737479225434,-0.5260918864952734,0.8653550557901639,-0.4381062954488819,0.27604630309524775,0.06330316137079892,-0.057819292208436054,-0.1547637455114222,0.08798632079280026
4.651598572756802,0.3203883307225648,-1.3676179149792904,4.690421542959486,-1.397978069910796,1.0523735284471583,0.6396502282776312,-0.10950849377556174,-0.23721063449513347,-2.2703111751915337,0.10186318303192682,0.6221885365882602,0.03290131506934245,-0.041194770894443664,-0.029296142830510335
-1.6686374044851435,1.7846803471298909,-1.4658921551114126,-0.11631025619413532,1.107907357480661,-1.9890753095527154,0.340398586396804,-0.08666327632444955,-0.6527296066358892,-0.6903004524182415,-0.7671660527542308,-0.314562921723161,0.06194936051091682,-0.03269744243367985,0.014213984418066577
-1.1675342051155426,-1.7411390002227511,-1.7250861006308558,-0.06313356852431584,-0.34906388356178253,1.1145368903350463,-0.8350203426276308,0.8660739329443847,-0.04132721391171518,0.19211832523384786,-0.02830479170241136,0.994794517610365,-0.03624888766274533,-0.2757028916526608,-0.0018480136775987249
-2.497579595891161,-1.192196156534307,0.19710061565947817,0.2835257888847945,0.4532876174659254,-0.0014751465246838347,0.3122595145089512,-0.706475719701736,-0.5326768289317203,-0.16081045868041088,-0.15801402679798976,-0.16243679386996665,-0.14970431779874438,0.03442987340037802,0.004880431394551101
-0.3793615073721184,1.362315750535617,1.740401678580405,0.05483654026665585,-0.3994285720574614,-0.3515687371443754,-1.0098068922218553,-0.34622539700269295,-0.7428672108314385,0.2585839255930815,-0.037049894687284854,0.2592908084296655,-0.5458779732845671,-0.30413332298253687,0.040002556554524484
-1.735498856767809,5.675047349218465,-0.0011720606770581898,2.382189544664615,-0.9922314412816923,0.5392137482179931,-0.4912087560383366,0.018418774612632582,-0.7951196198616126,1.0956600895329387,-0.32585878844581273,-0.11026050257402334,0.09175517877944167,0.8084081156469348,-0.003364318434943893
0.008676309077358724,0.5136669542026053,2.482485201341439,0.2871873693339577,-0.8118032110114878,0.9674499935220706,-0.7644804708832069,-0.9410293890434476,-0.24760541785635187,0.3101162240509132,0.11526793984686869,0.11885206860111863,0.3766550590474123,-0.3900344109701817,-0.00637309503701043
1.729712581324498,-2.9864280103817733,-0.01732370264816782,0.8822566290628544,2.3553928237129735,-0.5102780978444799,-0.029468534356015215,0.6171980228985157,0.6245985564318701,0.0326723290517661,0.3222386189455482,-0.3023877151101517,0.02611521554041092,-0.1324224410566355,0.032417559636120016
-2.377258042510034,-0.9551514093847834,0.3545388154286292,0.5355430918087609,1.72766516377891,-0.05301637327383868,0.4081649394396958,-0.6257645178919837,-0.1413912904717875,-0.11712367209590269,-0.15977599704932474,-0.10584938739201508,-0.13730638390229785,0.019669990032923246,0.008096728721185796
3.8694163602703413,-1.8224546812614388,-0.6969116041140069,-1.16783264872776,0.1836334381357425,0.7867047753331449,-0.4333359620874846,-0.26963429368633063,0.24126366353303666,-0.6369531734076133,-0.13488433233982974,-0.06511533129641969,-0.05278399844254045,-0.1603443691112822,0.0610319819477909
0.388821080505954,2.282843803479681,1.3579491441978613,0.3019701279494148,-1.7115212885949571,-0.55555784035473,-0.8193163850509134,-1.3218678246382303,0.24583970314535758,0.045496253005714554,-1.0071075715340398,0.04218721620226362,0.3811452021429137,-0.4663444678668291,0.017926258339707728
-0.31560696307612046,-1.4420616670175816,-0.7211986015814154,-1.0100974595087249,0.31250833612010526,0.5308670508446591,-0.3596251924258118,0.14995900859254496,-0.3374621621081561,0.9050760396703574,0.11400097782614675,-0.01950569711801428,0.01439940676523696,0.11362562213933579,0.025778864027908695
5.616506539229748,2.1783485951583303,-1.4735095029203926,0.8858854649329055,-0.08305967974851469,-0.2058568557393633,0.421603514094821,-0.8772719066624004,0.3785872514942834,0.6410887829759362,-0.010534671311786072,0.07244345241090636,-0.14713659332701412,0.09757355759338308,0.009454563702553905
4.239895567729661,-1.4068493957580936,3.0547365850926944,0.5722558264599964,-1.0014781152413317,1.1494539009011513,-0.642508788977761,-0.07553600997790849,-1.3536615285779325,-0.6984113235751206,0.1643857405044016,0.4113520966734349,-0.18167933770067846,0.05720228018222896,0.05327604982915089
-2.502902918690101,0.859786535448297,-1.672298088874783,-0.14044763862472742,-1.0209247833561101,-0.2602787904056725,-0.17623384241267873,0.8646774236897901,-3.1232018527662158,-0.6045230450457739,0.298115006097954,-0.4542108478831043,-0.20584738170193068,0.13083802086772306,-0.07532713670091168
4.149821950133056,-0.15543439845804274,-1.529759578880396,-0.6478932455099666,0.05540949776622217,0.7853269604932716,-0.5927685500953623,-0.31407718437995097,0.2655136617734238,-0.7574414427724263,-0.49544456725176234,-0.08741766048091429,-0.0622637151699567,-0.16816201299714062,0.015460756385262849
-0.31790845186133154,-1.293286641187513,-1.0791781700976992,-1.658767948665796,-0.00847078621389119,0.9497618001176997,-1.083399692835346,-0.46200984772866466,-0.08833518141020197,-0.05233910437105965,0.5972228620125747,-0.14594607143515773,1.9361435863369165,0.7831090038405804,-0.0543558437631983
-3.246657972743474,0.18094217405385637,-2.4720117018597114,-1.0069954696762042,0.08709982717194653,0.1854394908878958,-0.6817765119581376,1.04654362333291,-0.18289497740965666,0.4350516882746066,0.38912743125180277,-0.14883272131456157,-0.04891046104956864,-0.0013880654660424624,-0.057253603760807875
4.11692514741593,-0.5955167954986811,-1.2665489022648746,0.42865774767386977,0.7356361144767715,0.2166938076479823,-0.5564038594904575,-0.22433096889735815,0.4869806742846976,-0.7057770055743726,0.352628208357031,0.014886886933329402,-0.06830660793589963,-0.1688771924015981,-0.05632852601979837
0.18889991674887385,1.158215459332708,2.301566447017258,-1.472067920256552,-0.43098066256684175,0.634692077383366,0.11070887473179294,-0.3666403212813976,0.017550942857485763,0.34731727637953214,-0.3725490423327163,-0.0018360934776977533,0.3449730441221208,-0.36114711826947493,0.010285206478877314
0.9681781487741419,1.0123883618716816,1.7231015266263472,-0.6937928995673732,-1.9931008830425676,0.08690377551455675,-0.06776577557355938,0.02736547576273768,-0.7756734532061889,-0.05270406267415905,-0.214042321995704,0.05203137690103485,-0.0017792046960827257,0.3612735016333055,0.08029436705838054
-1.393043838995485,-1.5178215181774388,0.2147683733737224,1.2829924556205075,2.0796576723890148,0.618133089721091,1.0377203633628942,0.0935574197186197,0.89900428029783,-0.6436379843479603,0.09689069168715637,0.9155434012866889,0.012062209208992578,-0.06138344664742382,-0.04793192443713745
-2.512004548673194,-2.573568573114386,0.3707500374326754,0.14443734301237166,0.15809162794504988,-1.9696450922578443,0.33646069503142995,-0.19363958729675254,-1.0288147017672795,-0.36307514299844235,-0.08142220550780857,-0.24996022823150302,0.11058709708400663,-0.057787267278469286,-0.0076508073482459155
5.368335961891647,0.6012372350486961,-0.9877734377582896,0.6871233118646458,0.8445879680273176,-0.948367660907668,0.2008668836589732,0.1195750444458275,-0.7873494557359768,0.5132549299033764,0.4847968139653396,-0.09428313480648645,-0.13256101998648567,0.09812007443953129,0.04786306478784151
1.6712197607670394,4.56514796040431,-0.05116878155343642,1.993077540044381,-0.3712759635848215,-1.2636208710162014,-0.19187185247788038,0.9300440365616462,-0.8462864294375014,-0.32028344901850025,-0.24893287769173894,-0.0362404641347627,-0.02319143375285647,0.3263588201596037,-0.0013661739272761977
-2.177200859730975,-0.3735250351105138,-1.836823011695199,1.2600565020490446,-0.11808789054855606,0.36996248360229966,-0.8879829842866035,-0.0005558675858281931,0.47602266337501187,0.5299935057607941,-0.6470476028568106,-0.5826842106984453,0.06576649210788596,-0.051786685817069085,-0.6336197397007908
5.3481470047333755,-0.014357947651989722,-0.1315746613274844,-0.1868865137808294,1.633141540817884,-0.29329935074502744,0.5538478300482459,-0.6268826592237551,0.41748542640527486,0.7317960366049403,0.3897483894442569,0.06333726771951662,-0.11388377939668998,0.0985903933203847,-0.050927925963818704
-2.8600569386612156,-0.9168024131382171,2.0861560542398174,-0.20593344867719793,-0.3411660280279567,0.508875104707396,0.5065882164986104,1.707566408544064,-0.23541928632149228,0.1109833489319555,-0.031240775603481208,-0.2890477155448612,-0.16526167477673562,0.10907605849750633,-0.05334676994345286
-3.0540629785454025,-0.09037641636438032,-0.6175248436951633,-1.4233300505447384,0.029828532692137588,0.7958278863156458,0.3787452111842573,-0.10030766760145952,-1.0316896836414748,-0.36148283898302663,-0.2742547650435418,-0.030026967000557486,0.1123110081683516,-0.12706976515334523,-0.04849818381710602
3.673125898958735,-2.533294669807855,-0.6000633643468225,0.5903626015254848,-0.32560316917633214,0.7692116961190636,-1.1546450052166908,-0.5536251118984237,-0.1932395103695302,-0.6789542051971662,0.46287641542900615,0.0188040942090362,-0.031953646835633974,-0.1843910845940936,-0.02015119558351325
-0.2228694111959717,-1.1277209098829715,-1.2977822525042124,-1.9770445966919283,-0.8504641673930663,-1.1202225136716162,-0.025228052776586518,0.4080389559213485,-0.5079137474606754,0.6614272254255213,-0.18577158411953434,-0.35385392759524825,-0.010521474772433356,0.11976836353583357,-0.045969087006615096
-2.9307633619811924,0.38099156877184925,-1.2636272417656826,0.9365820604500403,0.40237130439532687,0.1398846922813315,0.6828307564353745,0.055218404134797144,0.557574742590485,-0.8594348065031603,-0.3606056051683044,0.229495968080753,-0.5445837160220433,0.892984160186271,0.02267761712737768
1.156489788873437,0.9268199450295531,2.1899123697438223,-1.2356759073297336,-0.6009780221236652,-1.0006378790564316,0.5344835226650121,-0.31563129762307807,0.6499235597777588,0.02453873604822513,-0.09068444122999661,0.18605955004542887,-0.00014740497657327045,0.33422458589099086,-0.05195182090650822
4.991166429868558,-1.3801695174640658,-1.0098149328805208,-1.2784775603547378,-0.3565743360424265,1.7316314170578515,0.6082631646917396,0.2504885374913185,0.9695154971000912,-0.9724346389557752,-0.039326803928650275,0.12320288263304213,0.11389273543712966,0.08979664617798873,-0.03781337567058071
4.693236975308622,-2.412765666091204,0.6063088387545108,0.3628811222351116,-1.0712962607510463,0.7205804405103744,0.6762351637453162,-0.8608755464617774,-0.030825859786161702,1.1232906657696091,-0.03267816050658487,0.09460722413249362,-0.08113488456356184,0.0723791035477112,-0.01960250151716575
-2.903672425525419,0.3796453202049239,-0.8317229094870109,-0.041590654706341545,0.6062368616518357,-0.9065165653871216,0.3660868602935635,-0.4322218161453565,-0.19209210746153,-0.46595159118595275,0.04247737309750603,-0.08170381762963394,0.02086811442657148,-0.15493029810395648,-0.022165894693194896
-0.4230350749879124,-0.4804504326589817,-0.5394616426717691,-1.0092806790655833,1.1537332811384609,-2.0586952339432996,0.7676776771779207,-0.13354825571762263,0.07365997547497427,-1.3779134997310434,-0.15602817887967083,0.18592211721207677,1.8331637840819772,0.6492222771371916,-0.03788331093694494
0.7621142058913843,4.610558857048456,-0.039899998273158044,0.7310943648305714,-1.0929707564722917,-1.5747240313025943,0.08175456864956286,0.7429818333281988,-0.8263283730470905,-0.08253996353493498,1.0652104605410508,-0.01887221496378938,0.22090215571868937,-0.3070518982990923,-0.025960884445279147
-2.353344705994126,-0.49771973497621713,-0.315967924111638,-1.3455230622335619,0.5521844649736242,-0.20261428408802562,-0.2305867439226367,-0.5027428049353204,-1.4510561723831472,-0.5732905599438982,0.31210545000845213,-0.2153493619538707,-0.19434411081875483,0.09189127161436293,0.18378845807937536
-2.0616898361468077,1.2927249108276246,-1.4976673033236285,2.1969985658799915,0.2591873492870116,-1.4541197528005092,-0.4781606354384679,-0.38903669334955576,-1.2340513593752314,-0.6113873091298037,0.11625551533096426,-0.1369961605701154,-0.18022019016452467,-0.0009519580156506988,-0.03681558683875983
-2.220262917226725,-2.395359131100917,0.07367923211454372,0.9035892233854086,0.4807913526614313,-0.2888977285514712,0.3803101810669798,0.004685526579764954,-0.2857055562986131,-1.0013941463368439,0.6742823608235994,-0.05222927210305159,-0.10467508154792507,-0.11635953851567549,-0.02056433215466802
-0.8458288609517577,-0.6041026832395195,-0.8685763480202013,-0.05628784272987797,1.1242268708881984,1.0903133294138483,-0.38635482916107267,0.28943769497425037,-0.3228218002632411,1.0556649824294222,0.07115594934204661,-0.46975668426939277,0.10255395766123546,0.2716795029208726,0.027033919276921906
-2.5958700663850385,-0.7387179528711182,1.930625371786742,1.8570798816597243,-0.4165381885752433,0.35712497111661534,-1.8126067628000324,-0.4330667068966497,0.052216054335346596,-0.4111866623648805,-0.39762228230505475,-0.028093020756096404,-0.09791751285879577,-0.034970919554540694,-0.033930001555689426
-1.2848995266957368,0.5050906837781888,-2.083894494056746,-0.25552893333031834,-1.0454278998159894,0.7032595598118929,-0.5018263718882991,0.1988243183782888,-0.3889263504562001,0.6614567413924606,0.37688155042545135,-0.4968788302836573,0.053102228008946234,0.08397778462173967,-0.05860473228761354
4.172631225639172,-0.3974435342842604,-1.1018632151377437,-0.30943765468351464,0.85436600611546,0.4319448669629544,0.3105043776329698,-0.08788008801616183,1.1617726226784375,-0.47898343339932253,0.39259874118263666,0.05757884470613994,-0.1000588471975383,-0.1313887008325189,-0.04880063565851834
0.10855046757859732,0.5817146192132594,2.34774210533277,-1.4094142476413427,-0.32254143276446734,0.13856722589946258,-0.5811839973018488,-0.4074730600803441,-0.5888395811315696,0.11460578074994357,-0.4101175739084129,-0.06578859493414244,0.3747211487917884,-0.3958654317325355,0.004324571064457291
4.854235208693929,-2.2163118240552446,0.4067255850601483,0.5105974803668696,-0.05209391302320787,-0.7075180133007384,0.37927363736809594,-0.6248120664903694,-0.173166586667715,0.8382512343608186,0.10703464326018332,-0.03308373493127545,-0.07062220371994869,0.04326692300967229,0.07333207248398443
4.682026475856622,-2.2892498893409865,0.22892861235832185,-0.5551739766903425,-1.097357737188275,0.4533919970333824,0.6575751077103241,0.11673885558266922,-1.2346754865932839,0.9233138924597719,-0.0661253039001682,-0.17483843225125964,-0.10247359541880727,0.11114793256232354,0.03582551520316784
5.192560357409121,-1.0888321869540774,0.14637658594840647,-1.1058193445026467,0.522029825727153,-1.2728654524717764,0.7577409357802961,-0.9615778514630138,0.713704335413267,0.7233911937368243,-0.18043791012568844,0.022710469515328596,-0.09569512612868303,0.049681261966367005,-0.03917436647102084
0.24236327199525753,2.0638929876611063,-0.04537611109319903,0.7682699683531216,0.8328157558575666,0.09897872709517253,-1.345061869066663,1.1568878707114505,1.0468209509269095,0.5357582268607024,0.5555242886685298,-0.44095556076885534,-0.017201554350524943,0.18251996542282029,0.045263202234714105
-1.981588247587003,-2.731395455601641,0.6477114760452092,0.3172636084629138,0.09957207195334744,1.3976366370425075,1.002562207886715,-0.448708098773881,0.5356577364914735,-0.7053274471565396,0.0925860186509492,0.05394546038315384,-0.09597387485473899,-0.10994970480359514,-0.0015327891774078867
4.970871900600663,-1.95721406350399,-1.1026876114857267,-0.13946350109853314,0.09431659783855545,0.47311491069706846,-1.1548285577269788,-0.3834871834582312,0.17239521712873065,-1.5472281799119088,0.2532145400279534,0.023440173351614163,0.17799604772317312,0.013745582091582872,-0.05976704440522464
-2.8124346561005957,-3.539754469429452,0.506279977126801,0.02585984494596144,-0.8312219131934068,-0.026257346563071104,1.3498676789953785,-0.40263758290860363,1.5222339075046998,0.25647447858037487,-0.22424854480842404,3.4587276962817546,1.0915339875289327,-0.5545280483531357,0.02523008411515788
-3.0782113210729505,-3.06719416339622,-0.709467427227926,-0.4271074878729566,0.1474608597678232,-0.14766625461134608,-0.34705775354406254,0.6451448458589235,0.318579702884941,0.8437341098308677,0.2254844632342656,0.004852861754870208,0.07038978568319301,-0.11864028844044312,0.03188454386156812
0.6062787404212342,3.8519909691855827,1.3029034035032971,-2.0933059050814737,0.9901387214660365,1.586636058177782,1.45264446018543,1.6148176328275374,-0.5709232020480102,0.49891659082774104,0.756200535344646,-0.09576573974072786,0.20827950634522946,-0.17760774090557746,-0.0032820743797184276
-0.5546362013637935,2.4346864625467255,-1.6392709569988493,-0.3921580940489968,-1.395233680551344,0.6100751094313419,-0.7688292360920427,-1.6187523015481597,-0.6897401669781971,2.1832595073601033,-0.28359752967306445,-0.23236148814742538,-0.11840690868796136,0.3132230724627525,-0.0038442509980097773
5.284647231366172,-0.048242693827887706,1.9383422658280585,-0.9118588191155342,1.4546550208356275,-0.866083730963449,-0.587231973009822,0.3611723891902305,1.1865657149368105,0.48046273658359095,0.27641881225234693,0.0007626330177679941,-0.10066888113743427,0.08183220870690745,-0.05211019690386374
4.813244074983167,-2.722660432574531,-0.5304040065391238,1.5811421457521562,0.9410065045964093,0.9913990740958982,-1.0360114618176834,-0.20084950239995686,0.3819930649009584,-1.263324227804472,0.4984582147175636,0.07632504088774347,0.20984666291342674,-0.0041590475422238135,0.06133173934388149
5.253275179690107,0.3804384339889473,-1.1233400067028716,0.6219121547544842,-1.315511383786891,-1.225666931571038,0.7340605982382097,-0.3246162345577297,-0.22608648607874893,0.7032938257822541,-0.23062998304238908,-0.08221488107410277,-0.13525169043621396,0.06614135853034168,0.06478358074756065
-1.1594023016279353,-2.892112699457348,-1.3944699419426745,-0.2954074530763965,0.7770243513247892,-1.2748618192601375,-0.8437768247424126,1.7074824547037937,-0.6944136674458108,0.46268995799761314,0.6575232400956017,2.0833045893133146,0.47521080278422667,0.37759570661796876,-0.011740171819174108
3.571214216207657,-2.588950863813651,-0.5989002602261277,-0.9826365629834927,-1.9276601694232602,0.9014476412117602,1.0757084094295828,0.48509521005349804,0.39812214246443123,-0.11396591612831113,-0.47725243385760263,-0.1762491330709481,-0.08787775666009448,-0.13349041642434006,0.01533361614515338
-2.349391750837191,-1.4213612701699858,0.07544185937517614,0.628265164847713,1.0288184521308836,-1.75262314780298,2.2747366580633193,1.3797882172257325,-0.29218317262041643,0.36096953723270053,-0.36884320598504644,0.4118659570278965,0.32863255569772265,-0.12632013744916115,-0.11506084768804346
0.15745328616688647,0.9720799033841065,0.25983478301181406,0.9689797186342504,0.9695407929296848,-1.4946279487041259,-1.595889624106461,0.9689016366113985,1.2040573865514013,0.39484614439375504,0.2595965463302593,-0.4939262448444601,0.028985976685308848,0.0979355041180499,-0.025076328333942466
4.573882534413208,-3.7886861703987864,-0.5207202929840165,-0.028717902649862792,-1.1907451493259358,-0.5725342999834907,0.6241425695972855,0.7654823690940109,0.3991630098285914,-0.9956673262356635,1.4301977968987212,0.22127818974573413,0.09471864694782797,0.06111674124150737,-0.02310213662864002
-2.939924082678946,-0.41083503299036417,-0.6972074513658193,-0.47558955947994574,-0.18533815339298443,-0.7288997161234625,0.11562623700474892,-0.578470662418005,-0.38367400673241486,-0.36823941279922673,-1.072687788764524,0.5360739364827177,0.636770189915151,-0.24177924107510557,-0.029280544072328704
0.550893245980463,0.8990501981468628,-1.5993621141541867,-1.3362249614487636,0.1461678005599678,-0.3260344512693494,-0.7548334413191472,-0.9224470647263028,0.24786905642303547,0.5652981242904267,0.4860538322557717,-0.13379851717035815,0.04472410205905587,0.06607632021949301,-0.006271801824050698
-3.924314577429978,-2.887129275396921,-0.7643141133089859,-0.28141580905823654,-0.012302706587134338,0.9978826955853268,-0.7442358666268422,0.3644228140486169,0.19896339332897858,0.7651001441138212,0.37960914647775196,-0.48561744354422587,0.0061292424422791925,-0.013075468987301657,0.0240530457130826
-1.666611145182212,4.498776229253753,-0.8856962244394715,0.6607275683229841,-0.7627385310215286,-0.32902789352870576,-0.22792751594033933,1.048112080798995,0.6746093347070623,-1.0621052867394254,1.0439576794300915,0.012612668393253645,-0.27337240676247077,0.07457775309801486,-0.02931482042835451
4.723190294559565,-1.9950012774871477,1.8783826069984115,2.3326338672754137,-1.5197814228339186,-2.132441263612066,-0.5251840249619756,0.8331277541730653,0.38872516761243997,0.741093435791774,0.23458059727297947,-0.033348190323490096,-0.07177764696779385,-0.012390378269311081,-0.008288098057537871
-1.5446009795121136,2.1761230376617067,-1.7466421505865375,-0.31507782816589747,0.22071277916915533,-0.2874811504511242,-0.3035054599454309,-0.6977977862076161,-0.7787044094284827,-0.9396746096492792,-0.26991896247038005,0.0015132750221109603,-0.40952387550441566,0.03786003285296817,-0.011623118723882619
-1.3804881923206094,3.9916991614582646,-2.209879843071155,0.8629768835526406,0.5374550704030298,-0.8881060970324051,0.9099794941612922,-0.3852143431289101,0.15148521825805267,-0.4450884861655462,1.0521874846582147,0.21744445461383954,-0.06781945353117834,0.09079729209028138,-0.02373342544384036
5.393150629526774,0.420676906278153,-0.7783899787589972,-1.1785336810731057,-0.820563045061914,-1.068932835697869,-0.00964835589582713,-1.7331174253025494,0.4313516751270753,0.37749798197440654,0.4065723806526826,0.06713085953546583,-0.14445887045343478,0.1031500496521048,-0.00434900263851392
1.2068899994115103,1.188248876022819,2.0907838474200533,-0.2400935454690961,-0.010328236493039544,-0.2600681782729122,-1.3050087234964738,-1.3680805386049033,0.1230130915497146,-0.36883044157574374,-0.22070792191964728,0.24600272460872988,0.07070116932548937,0.27989831672300003,-0.24648367854506154
3.569128007846843,-3.343134690477966,-0.05433790749912476,0.22576932742381872,0.684815461065444,0.38898690596303553,0.2722322670428756,0.7700409464815317,0.014334689548196472,-0.2971389297382334,0.46517358615162047,-0.11558187285206525,-0.04941052724055282,-0.15935637308994693,0.02436308211820451
0.8607899435111013,4.9868963755923605,0.3419454772927003,2.1255631253426914,1.0876861417794634,-0.10958405715529418,-0.2412620549418146,0.7118289145823486,-0.487272262252115,0.10409875126072916,-0.15546997942877347,-0.09730431992312485,0.31922450560899557,-0.3766893257491646,0.007781826472213224
1.072836710070447,0.2706460753600577,2.9274347843927857,-1.2760807193445913,1.6202814766890117,0.5892720360034929,-0.47567091955919816,-0.3993289626481937,0.03097599494474837,-0.07747660786276,-0.06959890948442025,0.15457362620177312,0.0646969112327194,0.33671162260634413,-0.0574705111738024
-3.304779196556079,-0.11682090913783139,-0.6227739487826168,-1.4874954978242054,-0.6478391468953549,0.8235327318869812,0.592447736702164,-0.5765080556690223,-0.30252752787852116,-0.40078875917166507,-0.5328413623004887,-0.24920273515656308,-0.13647869404332025,0.03567759727117446,0.0621920004427154
-1.1501697521097975,-0.3280509075668765,-1.8457437921925846,-0.28269448344073544,-0.1685812818572051,0.9994717648920255,-1.0374777366702215,-0.3154440624124235,0.604998633970704,-0.020675096241482414,0.1184643661192243,-0.2788711344410336,0.04548260157167945,0.0059515034119100585,0.0528697249129563
-1.2416301367707079,2.0025664741057994,-1.1769319927984088,-0.2248418054052943,0.8182043420044958,0.2648354622835123,-0.6294608610291647,-0.9701509751672233,-0.4986929115278233,2.6371952065180198,-0.7210889363072481,0.5714184123168654,1.0425659994122707,0.2911415023887927,0.027262761285981547
1.1195820517889228,1.3492132445773386,2.3244486983051877,0.24653908220529974,0.8827424491274425,1.6628130004267816,-0.8810922828782843,-0.5108106892175182,-0.3519623307832455,-0.045358614069610476,-0.022439942285624584,0.19767625191505256,0.05750452344479132,0.352194681252665,0.04452707699096554
4.9272206359004915,-1.0734377784110678,-0.4926316088395312,-0.9072765810091006,-1.506976152166319,-0.07805454476317353,0.25266166845610194,-0.2557963660952496,-1.225095905522819,0.6526666245042156,-0.25505191246211706,-0.11482102619504228,-0.11726800139784538,0.09472578851327242,-0.04669601370794958
-1.7048988358630712,1.3217383709344444,-0.7766283562511611,-1.0372397820099888,1.647141960091234,-1.1168197875071981,0.397928716235429,-0.8142475372139104,0.07534022545301977,-0.5918951629517559,0.013888612562858567,-0.11106535668027642,0.042148734439439645,0.024443661424192978,-0.005593761427728304
-2.444881587075205,1.1514835525276337,-1.1083399711230106,2.1308725531660064,-1.2484790660965452,0.8487375793106184,0.2401456068168479,-0.8868352484529383,-0.6093434534894382,-0.05525340273306842,-0.23265991492210747,-0.11527725939995817,-0.15519813896247442,0.06400701698382914,0.02077727869912403
-2.7141971541519854,-1.2453271445916538,0.5709798932672081,-0.5738608816356633,0.2363447945996292,1.2211078147496583,0.6223634132832511,-1.1875127784873796,0.0277985029752173,0.09526734840286191,-0.185957500388227,-0.05142825586364927,-0.12545203635323746,0.07746647570387825,-0.006237870463084048
-3.1838452611010664,-0.20583271212703103,1.2168227325796255,0.8149161754245478,-1.7269050696719361,0.4601171946088827,-0.776884159996071,0.2774973263680622,0.5265246330601997,-0.607465393707078,0.008399171816919952,-0.08208581401276374,-0.12180148220734849,-0.026723840681939504,0.06129300236848455
4.141802822597082,0.5170021167198977,-2.0244269163077684,0.7085845153235497,-1.2318056749767572,0.7374500478397572,0.2946332501293423,0.1863918256003661,0.4361549608218861,-0.4643208235076224,0.31014388576646973,-0.0013867460659892916,-0.1353843325739681,-0.11003463042509896,0.05607449587919626
0.0273484707767766,-0.3494907039921651,-0.9999600377792268,-1.183912191519149,1.8450331748709332,-0.3732608713265164,-0.1802386580377365,0.42151742536135167,-0.05960492437970227,0.628035225258661,0.2617829517315948,-0.5779749123035898,0.013751132115147849,0.16854710487816377,-0.052279928511420104
0.3078986805072841,2.1051170420115413,1.8480939878266842,-0.7849862101204083,-0.6034345369667743,1.1085011170373034,-0.5820370591230887,-0.8159177422505282,-0.2545144833940512,0.15204723475580798,0.9805946330112872,0.20151496653036466,0.2936859010584391,-0.29463831171709015,-0.023608128010089685
-2.443271297031978,-2.5610353795961727,-1.0461592977148717,-0.12973603066529255,0.5277987552266598,0.14777966330659997,-0.09842378374664042,1.2067478254044621,0.46536534660711404,1.1561390111223055,0.10405771738843037,1.703332247479455,0.18002810624060261,0.02464462671173731,-0.0434378721936015
0.3495722755945043,2.4192485474404175,-1.4863571924031882,0.2520279546617358,0.5305097743852579,-1.5568163310950023,1.4412839263827977,0.22691427013099924,-0.3727726609567173,-0.44841118281665676,-0.5873542156398224,0.20081905652311352,-0.07705846787903511,-0.029511942452363042,0.012147781116365913
0.4995137726142085,3.1594603649473307,1.537292230497656,0.6318799112035987,0.7550144233529992,1.7179645275916484,-0.882679956085888,-0.4992789539505142,-0.36571176860337323,0.17281754234607913,-0.027140651546734534,0.07077225304675072,0.3539258021160141,-0.35203821397742735,-0.005596745612313545
5.310950438374526,0.44022670190564384,-1.2385131851454467,0.5030278071641521,-0.4837629224985347,-1.7011695267992284,0.30895940024121815,0.018453195123415783,-0.8378785094914525,0.4624041741101329,0.439726553751305,-0.1055831960755845,-0.1495213208733113,0.08749156577487423,0.0472813140634233
1.3389606975341555,1.6481422161964567,1.5842229875293687,-0.2217139578508113,1.844781278194417,-1.2313351856254529,-1.197201193177534,0.6539111327000697,-1.3839791323482045,-0.5768393060110184,-0.8717892569224264,-0.18383535207805748,0.08950926943017792,0.2590710861076697,0.005524096041826786
4.784895428771426,-0.2434715538215293,-1.255589380879162,1.7082677284310457,-0.6706367558774012,-0.9525409572397288,0.19753489934118784,-0.33863143714419996,-0.3385020015791173,-2.793804236053406,-0.21938546289547756,0.5951580603362283,0.041578501589130276,-0.08793352571340697,-0.05534820029337564
4.629256623106647,-1.453738365965474,0.08637488351482658,-0.25482942788158736,1.3794947966615334,0.5454121426859038,1.5998275011161656,0.5309520552192406,0.17059604579087664,-2.312608639188215,-0.3126247254011779,0.40984373381250216,0.040422723527184026,0.0003956475789455918,0.01463185724173469
1.7897034171313204,-2.153423361898559,-1.1446633570081253,1.4049678338990677,-0.6934403928643457,-1.9944766769058497,-0.17422931793518098,0.08618141283173392,0.5977624885452734,-0.16170302111938334,0.16841874356902073,-0.2190922997727298,-0.01323029146660365,-0.17228876581119734,-0.027315421645339445
-1.3145492138382506,-2.257038423200236,0.2961414726691832,0.20104313057234835,1.253424608516139,1.118585821144142,0.7644257587267546,0.3688004226008421,-0.22137360642037984,-1.0972972119058553,-0.06765995097707053,-0.06275390669062006,-0.09136997601986033,-0.14013429426223806,-0.002326565572415669
-0.4179875948422933,-0.5528191406310909,-1.512141060944109,-0.4054047453250412,1.7658356063466458,0.7847869126966858,-0.7339387137211169,1.198259095023466,-0.713273235610751,0.36569531437530156,0.1364972542912105,0.11471791696866199,-0.04209820936209993,-0.07782714102782406,-0.01825835699945825
-0.49158675287762366,2.292720807139725,-2.342160076982808,-2.3922740355247436,0.25004543531412105,0.7338082806149937,1.6619817778014716,0.9055247691542776,1.4893716317045622,0.8306078760042217,0.790997472305813,-0.13624074277067103,-0.2733729110120814,0.2351871869064509,0.002172985297988911
-1.7077061170931667,1.274597720586025,-0.8892032683926772,-1.1704838840363996,0.8596598449713917,-1.728103628315969,0.6338099843788478,-0.9960885744300643,0.3909765004737626,-0.5708381813972205,-0.05251947845812324,-0.05340644667434599,0.02943350242644474,0.008751018871986455,-0.003208511361433211
-2.8201138370833108,-2.5900608601556083,-0.6091143167486595,-0.3430168548488012,0.6269862152067617,1.4440848595855007,-0.37481675385287816,0.5156482398309918,0.4223095606183162,0.8311596218471646,0.08919349520008918,-0.08204301474617451,0.3431086492373107,0.010385890430033726,0.0028928899387105893
5.839473021159506,3.043536049274896,-1.889397060595695,-2.3953589045136345,0.7321487480440405,-0.9769247173307245,2.562369454414275,1.4528173012987857,0.0437012718336896,0.8175687788918493,-1.4530867701654144,-0.4105199056687381,-0.19917888516289378,0.14862193158093423,0.05001492926589161
-2.5139881163789597,-0.7139459153088213,1.6062189168735035,-0.04143929318647377,-1.2020407045979091,-1.460930206268394,-1.1763638482206802,-0.059570253687804366,0.028243796185936837,-0.6144004999680417,0.5574213154595129,-0.030180736710989836,-0.1893175459051566,0.028814417080356466,-0.018968720971874076
-3.87033260536091,-2.0265451509032912,0.2327672953734209,-0.17842726513052698,-0.523970097771088,-1.0245813756593607,0.775334495903139,-1.2576039650284625,1.091832814173927,-0.1905416871138474,-0.759696989747185,-0.08739314572653742,-0.15817849150439395,-0.0883227861333613,-0.009306289831026621
-3.4944712902552784,-3.5824259418948996,1.1010306230304567,0.3863133943490783,1.215701851182539,1.4396632562698959,0.6802003611501853,0.14228238922275288,-0.2900335052129321,-0.21892564005086315,0.3660368646854001,0.14038435477903666,-0.07747987753326228,-0.07905582368524572,-0.010270966131591766
-2.293387306646905,-0.499155592391077,0.15410513671315396,0.919124428477633,1.403882648291706,1.6540550303420494,0.18382217177152083,-0.30442978865098436,-1.0248629719146194,-0.11620488458384828,0.5280746454132259,-0.1116221462081449,0.0763042253394757,0.07283969609765452,-0.03833443149320276
-1.4964530520758532,4.149321710379741,-1.8294141773670975,0.7606733048486605,0.6783573994093968,1.9374300875487749,0.8813632701008416,-0.5764948652560977,0.010396048278945386,-0.18110511471911359,0.9996162184784759,0.17391540728884639,-0.06204164374545927,0.17222447719727002,-0.021239103014566038
4.0056950515014496,-1.444805142392975,-0.9380115526779345,-0.8785748397321698,0.6456556746482067,-0.5453309895065972,0.4505665152891396,0.5381707460383613,0.565807514677291,-0.5447574976037426,0.05652956286744128,-0.12387095318845245,-0.08460190277823784,-0.16069331167755574,-0.009396639983322758
1.1235570589493995,0.7634756241201446,2.5745754936025875,0.25664082193583504,1.3712403495503194,0.6462360219713696,-1.151298555965617,-0.8030332009552295,-0.07037154231365045,-0.17308205168535257,-0.30569679369308295,0.18143565190104685,0.09660997384991615,0.2886184734258884,0.04864950621862195
5.132204813691949,-0.5453103327581079,-1.89563061971411,1.5080917345339409,-0.4928732373077038,0.5007330830673944,-0.6705149084036104,0.06792963723507395,0.31617304182097844,-1.354670561195616,-0.08947035192103858,0.05810031910718938,0.15904156576817918,-0.002211760929501337,-0.04913832079659265
-3.2691036344378803,0.205681652631452,-0.5573672346340866,2.5559591991703847,0.9935072166795909,0.956288140602608,0.6089498751268234,-0.06977699933357018,-0.040393092938646846,-0.11143049549496012,0.4126571971123823,-0.13014814597172977,-0.11686748026329478,0.014254601994312888,-0.011874707765750891
1.0338344905889234,0.7930618014527036,2.3993899707880515,1.1072520839128586,1.1708695164448617,0.5001255124783168,0.1539770467408155,0.738669732082762,-0.39218514605699434,0.20894901100611485,-0.2773067005437103,0.011928095421490675,0.05991987123706924,0.3233673569704075,-0.004049371781191623
1.099822817843859,0.9197216927706107,2.072713850201825,0.08298087144612137,-0.9504427133833574,-0.5030855316025443,-0.5794176069587439,-1.020868718234696,0.30306839386611284,-0.13378533954749278,-0.34909227522241104,0.21506802684002072,0.051181589664170635,0.2833925295894772,0.05085073160078236
-1.1953872944075898,-0.012640791177288335,-1.7933427430780202,-0.7415140973918943,-0.15361556894923722,-1.047170154705963,-0.15862478796498894,0.22157105404501953,0.3074482748753302,0.5898329155875399,0.1063465411633071,-0.5504110166890369,0.07457229918754904,0.025256843707121,-0.04914608692146916
-3.0148043160493945,-2.604094085920883,-0.5956095853307226,0.9107834069280634,-0.08857366152718604,1.3950121514525833,-0.2600783654011265,0.2955202829923266,0.5384409428886916,0.9971555239433594,0.21037337669094755,-0.5161498500965315,0.03638922360327167,-0.005860855126111848,0.03102777182806577
-0.07041714053368864,-0.8781953541715418,3.2404546668221688,0.5237190205660043,1.8046051780099472,-0.7159784792464012,0.3296841639870689,0.8673147821163276,-0.3471793302340633,0.5052050263975993,0.40620969243715455,-0.09016287949534704,0.38996372940101415,-0.41071194017575213,-0.005447895457814628
-2.952397693784275,1.7971762935627913,-1.4243077213125186,0.4912973449742435,-0.08803956537140589,0.9236469117162471,0.5597104475616789,-0.8383473020930257,0.6290977185997829,-0.5872865877667324,0.33215506695022834,0.012312446480725547,0.015693476295188177,0.007260593999962858,0.04874040761090291
1.1481171131060615,0.9008053119929429,2.039389251813461,-0.6208144490110499,-1.1542911665910967,-1.3728606047049623,0.008896754263060913,-0.8354273471259646,0.6579586961827686,-0.10888649361070785,-0.06247498685294131,0.2371353131385655,0.013782356996813044,0.30161589183295434,0.0803105188226716
-2.7228778768556046,-1.5414087953754971,2.6599050715925063,0.035551709233147766,0.5331224429267191,-0.8922284868930375,-0.7764125426930357,-0.4346642160306419,1.2023725110556813,-0.2665830041926416,0.3288557397377575,0.018809810575839664,-0.1043310360860073,0.008604188321532258,-0.019896676836827
-1.7053022284542705,-2.454859874581774,-0.35462615718654134,0.03827782267639984,1.8091685853325754,0.8952220557904931,-0.41182126036510736,1.0439801297372198,-0.5023218192247991,1.0892308858616133,0.4835000459248794,0.10910521437583708,0.12149974585074283,-0.030603186326049196,0.022325915079434905
-3.086293218054451,-1.064148245054075,-0.5424759886521208,0.8874686755438375,-0.867891489098236,-0.29921124589925974,1.6540309251227105,0.4035714143344024,0.2789167533237344,-0.316044517783808,-0.1150995243489206,-0.20253526227963684,-0.29895602838429347,-0.2200861912801867,0.03241260399215586
0.4292044771757513,0.4432605442201123,-1.5831026968160982,-0.10071027187670362,0.11884435539968874,-0.8545127706136291,-0.2064148227910409,-0.05844903919139669,0.04114392222133051,0.7936219679204355,0.40666265365864657,-0.15494426446235568,0.04926141897997738,0.034958696431885095,-0.05621965741880163
3.861405023365918,-1.1675169959209017,-1.0876042499134848,-0.8808314930615819,-1.6932663175035163,1.311449737926321,0.08378613283972802,-0.6322504236523434,0.7022080089048167,-0.4241860335739516,0.006578347210175771,0.055219179534270246,-0.10156311483149105,-0.12114655255943692,0.09181086532705815
0.6286095030256735,2.5577365319278407,-0.47969438003843806,0.8267682345192684,1.4175388024623048,-0.19583792454917848,0.4744409965976726,-1.1991167819635862,-0.9108107435345347,0.20368855759255203,-0.11454661504945282,-0.02934334119619833,0.3559586023109101,-0.3986911655162832,0.000667965763057673
-2.023847627391034,0.5372089244319675,-2.200778661830441,-0.9884883268545179,-0.6358729604731669,0.44913160671196306,-0.010478988460899839,0.38993887952848244,0.5369196237542517,0.5269981856026693,0.41858405257655434,-0.47927036727095274,-0.059980932638550574,0.08713880871376846,0.05325463089439251
3.498513935201666,-3.616939579599088,-0.06747493902385465,0.2199959807915005,0.15014352823790317,0.25164108572276556,0.17801650015873427,0.6906603428183364,-0.11502150298251884,-0.3169841471250058,0.23820084062860483,-0.14570987799473709,-0.03925459657937145,-0.17705489608747105,0.031857771128741295
-3.314659322177218,0.42102500053994896,-0.7528173617600347,-1.0166890782064766,-0.008276057060407571,0.7123818880274924,0.32001973343853085,-0.23465720872655862,-1.0752252899724577,-0.15833534518119166,-0.10484276472532864,-0.13517065452005375,-0.23195339396675238,-0.008063045437748995,0.08137616012794664
5.63661432082516,2.453391919473927,-1.672299478470899,0.8214330483594154,0.04996653102288823,-0.2173384483554569,0.896246187405509,-0.10150477413390048,0.05425434473824442,0.7269072906799587,-0.23076566186854064,-0.05611734996439857,-0.1600607012787182,0.11308734936893715,0.017437616916241336
0.6224212739534982,-0.9687417346429456,3.2099347476880795,0.40099248867564175,-0.6934154614819376,1.1295811186131073,0.35236709334612215,-0.08544055408443209,-0.08541302550580854,0.41658661997501356,1.2741830356135022,0.3101912821727559,-0.00017967743997045205,0.4099956360564822,-0.03309974035131273
-2.8341968987110002,-2.320321613295895,-0.2787031837853498,-0.009093140186055393,0.5967037864949802,-0.7673608400231777,0.6715484482511189,1.3549517001334832,-1.515522622961261,-0.8818289717644108,0.2334839998673305,-0.22794221867633888,0.11194322503822213,0.2246560249979221,-0.06232792012193325
3.996227946385192,-1.3909402493987586,-0.7238256607243585,-1.1784935681329478,0.27566763197503674,0.32880051958725387,0.4031213118882293,-0.21413575108958188,1.1492602310333202,-0.44168286163297565,-0.1742051178535618,-0.010242701527995751,-0.07534198442521522,-0.158039249751942,-0.03721315357904052
-1.2541454645975088,-2.0742518624210615,-0.9160669608400978,0.9161569192932537,-0.17518782092318297,0.930310238945975,-0.875419751363308,-0.2683792685987575,0.4963689906177283,0.34383232655124985,-0.19453964196628679,-0.38938098545611666,0.37590099570206303,0.3575046509795423,0.001041416913420086
-2.7241477640626903,2.1899092869363783,-3.265425346205485,-0.6108377654903676,-0.7867029465705299,0.6796742501481889,-0.4435836720122234,0.41013016138945774,0.7835206409445856,1.0144963584768107,-0.19015148309266547,1.4525161229971464,-0.12236669264926062,-0.15910641178490792,0.015714278155180134
-2.0981103917604553,-0.030629258009695848,-0.1748937245246637,-0.8665404149837553,1.3957808500743685,-1.6212606497504605,0.9245203602896106,-0.674942393231857,0.42013284151255204,-0.3141251782372115,0.026799414018019017,-0.1255728054696841,-0.19377390218332782,0.040551373876833205,-0.019809975560578078
4.118323988049356,-0.8488071135922864,-1.1664448680953456,0.08905313764775152,0.9780020316013188,-0.2566882750878279,-0.49733099596926345,-0.13725161214627826,0.5168057152543979,-0.7512470600712657,0.34743175237925306,-0.00962035620802093,-0.0658778535274004,-0.1780038724955702,-0.055700629123094945
1.3075971278452636,1.630266262172002,1.7488916415867304,-0.5665815189545049,-0.607419447820512,-1.1742699423286262,-0.4586508403758033,-0.9823890092668937,0.5640320448758873,-0.25427325791493866,-1.0444291996389006,0.13367899154614127,0.060778961357399186,0.2500933024714133,0.015012487197048265
-2.272670479612848,0.9198070482649432,-0.3251875854074029,-0.7598160028049119,1.9004579163977704,1.126057901528371,0.6121940367778383,-0.31923968878777864,-0.45763727146551264,-0.14784558867160832,0.30121401444106566,-0.11735908186378771,-0.17681853154310634,0.13872682069435904,-0.05979494537466759
4.645563334000091,1.6590147753259474,-0.38333759775488263,2.1308616912990894,1.160612097742706,-0.35785967832668264,-0.8637801787994456,2.665009928283958,0.40089253501062383,-0.5697641130183662,-1.0638686812389104,-0.22629108754248403,-0.20100018201666628,-0.08717317415404893,0.02465869908892709
-2.916211229497928,0.3566569550957748,-1.0511656690191633,-1.4246360419095607,0.08035531210552499,-1.4106168006270647,0.7247503882086049,0.14430997239307353,-0.7395098131906439,-0.5857211251422345,0.29942484719021134,-0.26556065307282006,-0.024198022861298685,-0.09754185088771679,-0.060059988690475415
5.250055146462312,-0.5758533938906054,-1.4274493878686063,-1.5638224426467509,-0.09397036664365932,0.4751925389911731,0.39666814454597155,-0.10407269762249036,1.342582925527931,-1.2625785632631163,0.1714725731622845,0.09705416753294624,0.09212574522422262,0.0854984599739242,0.787827999503371
-0.5535185521439479,-2.227120832294383,-0.6468888756737188,0.3240477432326778,-0.9350367729460246,0.48878419893292446,-0.6100725440345613,-0.041610322537772484,-0.6237368524757689,0.9558464082236766,0.19368123851502006,-0.12513558833197455,0.035920933347254186,0.09683525552908097,-0.0323235455804812
0.9270095309627577,0.3759311941214336,2.0682845998964647,0.1122475888489528,-1.6621923653656587,-0.7103276254588439,-0.03156747891125772,-0.24790837287106504,-0.1952137158852268,0.007828034464719451,-0.1351596554570194,0.12788872811852708,0.024144281450360183,0.3105629765351796,0.018993656422424746
-1.3374140705055224,-1.2463593613557309,-0.6547735235494188,-0.5565423847636949,0.7870928454036317,-0.5928440065068623,0.5023260892438138,-0.21262661241139158,1.6083505457489773,0.9802645541346418,-0.03691940909766278,-0.5144060155560884,0.11390731148764927,0.009916817990942739,0.008065108705973616
-1.2673279781050797,-1.6400814304491194,-0.759487651621561,-0.9716104285027655,-0.7941701942664715,1.250785970699202,0.25585602116592376,-0.25416612051669535,1.0073306899548806,0.9077535937918415,-0.10244284037786888,-0.17782960654285293,-0.11335848418843214,0.08807727111862122,0.004062259233663537
-1.495119639418145,-1.4423253359806012,-0.521339945584465,2.04471137267681,-0.004018823772708846,-0.21514308911200497,0.434703620132457,0.16791749723172805,-0.3237249451489202,-1.0645167158795448,0.2311882691345888,0.16236880541188803,0.013167206667647507,-0.00758526692420209,-0.06234294141659872
-2.0702655360036792,0.887556746594304,-0.9596547419123314,-1.3815325886628664,0.9346998579066326,-1.1245668472971062,1.2225223879105755,0.5731104710754322,-0.6900230060963135,-0.17687824206125474,0.16688305251579927,0.43869153582035814,-0.2695325188755292,0.04087583774059904,0.05293560132157841
-2.1488113028916196,0.8379531146973507,-0.36736524057326186,2.4086274713495834,1.282590415896752,0.44221542593758834,1.0427790861810098,-0.510693148073704,0.4932976522307565,0.14656934560345733,0.15634632043233065,-0.021831127779661536,-0.18318202376624954,0.056691493289440203,-0.024639220729629197
0.6704871840482118,2.813741939617966,1.5958266015949578,-1.6889107124241727,1.6306370646328854,-1.1599687016494538,0.6084531025967637,0.6586832045246294,0.16215647216510126,0.11798541639028562,-0.026451624712621746,-0.10182991088376495,0.30241734708890505,-0.3508411155186847,0.012956486717212182
0.4283242485632526,1.8552279358383146,-2.194499065472137,-0.7901844621296314,0.16424458402001602,-1.470227055609451,0.43758244708646965,-0.37643486089199096,1.616455499812227,0.8922898746807513,-0.07191124967235758,0.6280507437218213,-0.06635259176959198,0.0405449801971529,0.017023787085931948
3.6485264213748345,-2.7830029780895122,-0.21164239447674835,0.6183281387383639,0.4782930076314675,0.9388214698356836,-0.07604123875618676,0.1735192958570244,0.2953293352587519,-0.3178940448703212,0.25156218987400136,-0.03809938301793178,-0.03555929524729245,-0.17242398718817947,-0.06348158893457592
-2.543643712017955,-1.7890355338888517,0.3318391060754363,-0.9955997821027265,0.06267904626940468,-1.053466220477545,0.783287679995461,-0.519461384298525,-0.4029602876096359,-0.1901886171715956,-0.08122016248887007,-0.16727462197331142,-0.17430605639892982,0.0366960672937376,0.006089799416338101
-1.6565661767587314,4.162922162529696,-0.64319254677763,-0.6370876281676303,-0.07838365426881844,-0.8738551025077625,0.7053089101354109,1.881136220050433,0.8140406218872374,-0.9192628499691664,0.8139813483271502,-0.03634084307389582,-0.29274837618783045,0.08423344890252159,-0.016155634142152826
-2.1241436092274744,1.3187806402015587,-1.3422308859234036,2.0142752589110904,-0.7272820138969663,-0.5166264447421798,-0.2231810833477332,-1.0237277246077665,-0.6457372783809114,-0.41824185745253406,0.033400985455160376,-0.06488291628933604,-0.19015319018923155,0.026125305897117243,-0.032885812383266724
3.42582964210546,-4.290636661776556,0.4387556797279519,-0.5558295095520012,0.3133169089094374,0.4386713106143676,0.1404316528267024,0.20177918695187141,0.29395728404392507,-0.29052742913893453,0.20856827381482518,-0.07688624223182441,-0.025540272294060466,-0.18120166942746058,0.03318495560877169
-2.84392481948194,-2.160336243942843,-1.0702365200844544,-0.5501146839477212,-0.5015540084925818,0.2630415527622201,-0.041900414282756794,0.5956860774188815,0.4388226791460036,1.0634492630524455,0.018453956400270567,0.26814164219119463,0.014318029017661216,-0.2991493055282783,-0.05514600175067018
-3.0502352936706267,-1.5937823233301938,-0.31752801047683676,-0.033452656961417915,0.4612604028386889,-0.33768711278030117,1.24773703570769,0.701448121874586,0.05206442427033697,-0.3972767381408175,-0.10815785088125271,0.7084295508283093,0.18676511297346737,-0.08888539415711205,0.005024593892228134
-2.3863271834330755,0.9983975331899293,0.882839749846632,1.8441669419994418,-2.144904278805853,-0.08908644569624813,-0.5381211894025557,0.1522079643229825,0.39762241255823083,-0.21617088307641105,0.0551313731645132,0.03950054191198191,-0.20937009379134536,0.0417440996783905,-0.003046240213388807
0.4764845915048035,1.6057217697510628,0.06851573051124504,0.1925119955548169,1.9227700267048435,0.3865620242329717,0.08411771957055034,-1.3347361065459413,-1.1745702278707022,0.1830526353559733,-0.9512611245396615,-0.14736342174313252,0.41948364887156386,-0.43958469645802273,0.022030037971513292
-1.9305603677839238,2.5995579019097086,-2.02028705742856,-2.3393264789074544,0.14030583616729742,0.6572369007598904,1.950459838075592,1.6489867632339072,-1.1646669584578186,-0.6771766490934525,0.7277427193251502,-0.2423245945085216,-0.30230511467434573,0.1640818040690849,-0.011492760050881172
0.06033275532343474,-0.9334173230722427,-0.725087970555016,-0.5370556310460477,-0.4773743038601572,1.0200072960066473,0.04340482802208473,-0.1835815475739087,-0.06326486271009929,1.1242193555576048,-0.028090164162252934,-0.3011380988324499,0.08093649066426728,0.07068679615135041,0.03195291076244142
-2.3917913550445675,-0.14503409029334102,-0.7279915748697319,0.7946242346927463,-0.5099211867420494,-0.82207537580022,0.975130164965103,0.3440126231133119,-1.062388993341724,-0.1349009872111524,-0.05500395962932916,-0.26986016273504354,-0.20779795368285298,0.06025511990105997,0.005391047202787188
0.25522430198549806,1.9563076924079286,1.39979926130934,-1.950837108524422,-1.8966834240303037,0.20433458598402265,-0.6588114494223475,-0.5003248410220074,-0.9879551322234712,-0.05207883081845804,0.29149762004968804,0.08461776639883187,0.289710813710745,-0.32597370055215547,-0.009313897908961897
-0.9968736850272581,-0.8773852338246328,0.909322753916191,-0.9245499499054877,-1.4840707300928804,-0.7375522916075634,-0.762732595699831,0.9825998980556623,1.1068788447931526,0.9677035613405915,-0.05237547884868178,-0.32062598915246265,0.06904959141971698,0.22846932246507484,-0.002270100569879057
-2.3076517290108782,0.19344833262240324,0.12408311540592987,0.8515756870320723,1.5482683486655011,1.7838732249559492,1.1480270705685487,-0.28408516284001617,0.08176976391872987,0.25868055543338986,-0.06303268322082659,0.0007610096922474052,-0.18282931330388608,0.09546998712520323,0.013521521181916355
-2.5198356988389023,-1.8034676974917287,0.3411318472942073,-0.5247127914253117,-0.43397745195490434,-1.367314400284638,0.3803856782042706,-1.4069484059047839,0.12243628198275786,-0.2744532978815276,0.08974122676007582,-0.05023262090420352,-0.16424784361067613,0.010918371966307336,-0.0007380409174617018
-1.6723385994805025,-0.4806236398624738,-0.6107030376550899,-0.17622330278902185,0.7655420742688306,-0.3917318680549504,-0.39548072104825405,-1.1331804494865283,0.25088475241792685,-1.351338983263626,-0.27533487251380584,0.11308552706742399,0.23372236113995704,-0.11970910659763123,0.05438457442430055
4.969358515513454,-1.1792348449672791,-0.569315818005487,-1.9245221560616168,-1.2934008321983392,-0.38266518814957784,-0.6405682905063237,-0.6235879738450292,-1.749512021747579,0.26650800393589347,-0.7743122568135057,-0.2700479720424812,-0.07910296362646348,0.0634494234957138,0.011394862742841346
-1.8611712290007891,1.8477772831193846,-1.047498088918169,3.2493803015898965,1.2655512427722169,-1.1758936423222728,0.7744846390465483,-0.8617371863634127,1.0614380302206008,-0.04671091457922083,-1.3794192958429208,-0.08951030015968928,-0.1213876579057099,-0.08552858300957251,0.009482386309760388
0.19956166380499551,1.6084184275444287,1.729338703691556,-2.020700211546106,-1.3072556616159487,0.3161360842283327,0.032922402921543345,0.09496802110161587,-0.8827352066523995,0.14219277590881438,0.7933270475717066,0.008623225756704767,0.26471770131361955,-0.2744595307607711,-0.01736323416902824
-2.4126669013940973,-0.34032577559421373,1.8313206290087047,0.6180837088115011,0.005111129009363946,-0.8181886109339156,-1.0757816839918504,-0.15312140913221362,0.5518395710390391,-0.472927946744059,0.7583295808369869,0.06198963813378508,-0.1811762704213979,0.03763127326247062,-0.05140277273291939
0.7912971217235194,-0.24861051399927137,2.5485207878433296,-0.21341249750222177,-1.8902614301733118,0.1518921572139289,-0.015448017424286364,-0.6997313666048062,0.13486621864025478,0.16513401750356976,-0.7304041871996987,0.13401359870789492,0.05951006710465376,0.29245806469889263,0.03224016041447387
4.105569734245176,-0.5241357923265035,-1.3319588754618659,0.7880806719526559,-0.2811819259829319,0.19837923412035052,-0.5975983097164356,-0.9313234827949786,1.0435434483174972,-0.6504691243291989,0.1006336643118799,0.11065598912040397,-0.06171672177105921,-0.19575616611632202,0.05519393346836212
0.6895505609014654,3.3030498648421793,-0.9141764379772792,-1.3905116079058477,0.2217839918371865,-0.37037336488574957,2.4514493654871305,0.0979302211805392,-0.8732973283226149,0.48676302123754983,0.7543651548276648,-0.07163824208771272,0.2075121196940421,-0.2407093497370424,-0.0031890962969277005
0.1377855508601793,0.9649296176015958,-0.6921586207674864,0.764448581501898,0.4437771982503917,-1.5903895067147173,0.6379927386986687,-1.02065112180765,0.1245456280511908,-0.501116523148391,-0.028493980061569002,0.42886023858378186,-0.036908445612180235,-0.06893529074834737,-0.054016293955931466
-2.4921972993218464,-1.3272750909588271,0.01572542249438047,1.060917497721978,0.2309624371650135,-1.089711002652523,0.07301152928975109,-0.7460730949013907,-0.6054325208604254,-0.29055154080550194,0.1927039061376314,-0.13859042455883183,-0.15032750127302874,0.0052827649408788285,-0.0410346889613549
3.995733810235792,-0.6922826197865399,-1.1713521480635103,-1.722253700588553,-0.13183385003219328,1.5641215767900274,0.12963739938904612,0.22158923554605314,0.10473757420224275,-0.5261735364735658,-0.2513579362198533,-0.11926478402683002,-0.09539035085437057,-0.10059916592581436,-0.22217776482484541
5.162745233817613,-0.7088286225174563,-0.4118910656943619,-1.318611249643428,-0.5455656048980234,-1.4387939671812149,0.871313929497768,-0.3425207341021188,-0.18664388161297468,0.6036666261642885,0.3106398470175396,-0.1842789615629117,-0.1469174335432029,0.11899434788278783,-0.05175894432741515
-0.17877331162770593,-1.9230336970125064,1.446486979179321,0.27821832825119786,0.2757272617349679,-0.9850082641999566,1.4816317705245996,-0.9791855491781043,-0.6283441401100556,0.7058087044499097,0.043296551087111446,-0.054127057770092496,0.39308393815646264,-0.434973187926467,0.0366721650905705
-2.267615686141532,-1.73511311327909,-1.0901190732089923,-0.12362230140530944,-0.8244462166629928,0.16861061840892755,-0.6444974151070019,0.5492913070691683,-1.156627415393833,1.0657826757659252,-0.09717560101347703,-0.8314565276430067,-0.05700035169378446,0.10453444799156657,0.0070377177665952965
-3.6357975565022818,-2.0738058331097733,-0.23359567598269249,-0.021800413895097126,-0.6300962407331175,-1.399379076405705,1.0809132439800677,0.14619527093177032,0.010972279155294778,-0.46615358365958803,0.16529695424615043,-0.09899461013795699,-0.049938325369444696,0.02590981976762323,-0.05715756119552226
0.1596992039645304,0.9219741327202187,-2.0512826068395538,-1.3347250229071377,-0.350308327415804,-0.6254104591278226,-0.7710909889669367,-0.3024922341988857,-0.2940926246052939,0.38026311111504973,0.4061320661810584,-0.2839960726714492,-0.036594669887941404,0.16271095777190048,-0.007597402736404878
-1.9326613799884922,2.089027361456263,0.3970873845079536,-2.448677263825747,-0.04190513916631744,-0.7774907420646224,-0.736034971374222,0.4028145759230723,0.5970346955482515,-1.3276255470819163,1.600021831101161,0.08197684451535694,-0.2587878773473053,0.08962663571397421,-0.044383133683629575
1.3679167064662217,2.8043086297557873,1.5532906390939696,2.217846636024892,0.9108806816371091,0.8781386158142483,-0.1665848111750455,0.10496966259117324,0.13379219397061215,0.14003337901041904,-0.5753746617387244,0.1246015044920888,0.055322961219856914,0.30699997215370844,-0.04504445526831448
-2.6621154268366727,-0.6186512105618915,0.23684698587449776,0.802964218717259,1.0192961033676993,1.4285072601364832,1.0797833093678628,0.03027277130455505,-0.4968170201981528,0.268879574431874,-0.2581817161699331,-0.19006555125593685,-0.12985149930837384,0.08677865814256756,-0.020322094457094278
-2.8425999549107432,-0.8287138820823314,1.9187161323754955,-0.3532065042483089,-1.6604753231348153,-0.3020729413146114,0.49397878438978904,0.9090188037629825,0.2537593442601918,-0.011572787605878786,2.1551247360754684,0.06081227123579794,-0.2710877165674874,0.20124124794031267,-0.05020358265671875
4.8866829118946065,0.6506845682159317,-1.1811935035214436,2.07835726633769,0.6718888399073101,1.028814003171056,0.18340962736925912,-0.1050824484253462,-0.4714748218700891,-2.654987821880924,0.3276683426779056,0.6008477252733558,0.02389051801980009,-0.00039568801918647006,-0.06400136175516073
-2.4755833270299545,-1.345222381868718,0.1892821301741185,1.448355826508488,0.556040622070513,-1.1117121500545186,0.47247500819207944,-0.7041917001814311,-0.1273059997420422,-0.13476264482531497,0.41891332348520716,-0.08710276915949636,-0.15907577542103596,0.013678949401685805,0.010648488472839251
-2.302367749262445,0.1942975411286303,0.12283000944502714,0.8586552147931452,1.5729041638690306,1.7261872628965103,1.1505377024441983,-0.2867638079043541,0.10173044659807032,0.2545837078220399,-0.06098112520299871,0.0033245348301207678,-0.18258519308513704,0.0935020288208472,0.01353044034070424
-1.5917790296319252,-2.449200259476097,0.1789699705291049,-0.2690622327675699,-0.38603348675446614,-0.3243299752635195,0.2508339541993597,-0.3812814354430152,-0.7285890713352638,-0.8124101212968822,-0.34181353492873057,0.10022616505019608,-0.3111083333787545,-0.09874906143902006,-0.0058533087056679345
-3.913200399838567,-2.062852354969022,0.706800477386125,0.6571385247213195,0.09886420251680667,0.909340889548719,0.7657008116944383,-0.40053459391789575,-0.6044880975631701,0.5775669732463082,0.028127660554972077,-0.005879745462811697,-0.14793018133472113,0.008872015428160088,0.025972645146405335
-2.455371734148412,-1.2562529405417382,-0.008886073620035989,-0.3619407305086894,0.07711298299267672,-1.4377033668407262,1.0078090726696927,-0.1515087260853939,-0.4374913948453411,-0.17603284725371252,-0.22546709625891476,-0.27227283185720275,-0.17835041180839295,0.030637576749511647,0.010475395971086234
-2.234412146417111,0.6606252500006957,1.5036157504600351,-1.0930510145110472,0.24661249515621264,-0.37574586595349146,-0.19198822505097332,0.5798369755826225,0.5818980679814278,-0.35652057782651647,-0.028207977930172837,-0.030661361950917204,-0.21245573940269905,0.07209178607046905,-0.02271523889945995
-2.519772044789889,-1.4307614950435807,0.3733728882867046,0.9310134914385566,0.44921005049485835,-0.5473609024768401,1.0288170493191937,-0.5079400135272594,0.08549403351064047,0.06639239176275281,0.20116263824432873,-0.1055113987389383,-0.1684571349061032,0.03740572158617028,-0.058527205507506654
-2.4573377223425257,-0.9425539601902562,0.07466341155073253,-0.3547380489298495,0.16965526196674635,-0.3342322602429515,1.38365815689493,-0.04029113525074289,-0.24080460138613208,0.05475426800009385,-0.40427229411194304,-0.21745005612392013,-0.18541428910279617,0.056289134993838225,0.018476930237822403
-2.8659973278016775,-2.2171758597378104,-0.05877406543846002,-0.04584848270328923,0.33094229150389703,-0.4311003385211074,0.9482281757328233,0.6436440937780927,-0.5156742934861733,-0.6709599496393641,0.18031990510894289,-0.004600554862065287,0.0690508927124491,0.1637601540368931,-0.057287497582812895
5.301829960561694,0.12528858768140028,-0.7459701364900246,0.39248075323136045,0.26956109231002234,-1.133682224621152,0.2353833443213799,-0.43406549642473874,-0.3055295773732701,0.5502205022989346,0.3899569553323154,-0.017709500576354065,-0.12462302015751298,0.07931464217875413,-0.05707521253158216
-0.3339238370891098,0.7123396549897711,2.2854770612693667,0.9914720420147194,0.3728454628994273,-1.2244985225146283,-1.3933259259119202,-1.4022647146809326,0.4543248865729886,0.20862837615853977,-1.5650190621858786,-0.007720417750041286,-0.4203035318011577,-0.4412054995578698,0.014724004301681814
-2.390522269981657,-0.14300198584472745,-0.7220903754552295,0.7965806947231309,-0.5106985141416976,-0.8210512214197355,0.9800498671404904,0.33685607549357593,-1.061545548735,-0.14502240823779342,-0.050160067019664314,-0.317977975602053,-0.20678162303166836,0.06566770107848259,0.0052255124359807895
-2.4396471375974795,0.1750617655378044,-0.06869431088362922,-1.180596647865167,0.3127650880995077,1.1160305281211436,0.7371050728449283,-1.1070307223323017,0.10537596559323456,-0.03281957906441445,-0.30273080969856253,-0.06516204522500671,-0.15792309598367998,0.10169884007803275,-0.047507702357386924
-0.9731298072045382,-1.6843841743543515,-0.10225262375772785,-0.2995261983658861,-0.8090861242614572,0.10853124212694465,0.8589758791654292,0.6965048795803592,-1.232169197067853,2.4959706650689633,-0.09805767140277158,-0.5636304454483484,-1.1961690615977494,-0.09773427314755807,-0.0011890536069577486
0.49420458610263207,2.039422911486023,-0.31817476985429227,-0.3371286228135629,-0.4679336283348585,-0.2810673782847142,1.1151692423222843,-1.7496152023928533,-0.2484757126548744,0.3750138236225259,-0.25689903057078833,0.05617764124367619,0.324823674456119,-0.38199649375722855,0.0072395849235529445
-1.7607320350847744,-1.9280928910527497,-1.784250735611139,0.4372353871681163,-0.6358352853201624,0.3298950426652707,-0.07347896490645557,1.7661183601645505,0.03693185078203709,1.999536522466327,-0.8290360516583622,4.664228582726636,0.16849668170738835,0.41633349507889006,0.023904626918861527
4.059598623990922,-0.23652551302333824,-1.5061941648621948,0.017352251863865353,-0.16678858835512744,0.9785791893375393,0.2973072071022529,0.4892424013035596,0.2499586051918745,-0.44273355698707273,-0.11225814109155868,-0.10808695172811852,-0.09902600937441966,-0.12536827021775132,0.06610507784698323
-2.073629593139781,0.261571956361798,1.2546566093221299,-1.374072271797784,-1.5964774508432225,0.15365125927814582,-0.4802907127864321,0.20348631466054729,0.41675573508057395,-0.6605191813871945,-0.6608494880706324,-0.0694334135765369,-0.39196801570211426,0.041970813146134905,0.05789200631800788
-3.2931160106345954,-2.2879513415200403,0.12556581803435618,1.008065986390065,0.5816688482042822,-0.7828808730794095,0.17962180085650448,-0.5361396577339275,0.20251940821835152,-0.7112465272735404,0.69836931162149,0.02052639549242921,-0.08650638692879142,-0.10285047740790282,-0.021957006922433936
0.6672015610131323,4.661308388887138,0.5999072203408489,0.25027872447305843,-1.1504782041120865,1.239818933429809,0.42435979799112467,0.00643403617796276,-0.035924113090024024,0.3437468755660973,0.9557601773561478,0.16565529979873417,0.21931929499370073,-0.24078838254360152,-0.017811728805412173
-2.367205545705068,1.2737303514234468,0.8298515637614947,2.032662651759093,-0.957507797921704,0.4571316578373459,-0.22687567700377448,1.3117659475374315,-0.31596117429151555,-0.12962874602021085,0.10739600158498924,-0.12376033208180784,-0.2161960356635723,0.07968096344066368,-0.03289715398332174
-1.7637436257251817,1.1590899314908967,-0.5395731402766518,-0.4705446969099405,1.3905399883686589,-0.2659818280860704,0.07330588343050884,-1.5444444127777022,0.5100596866012259,-0.4797213613196533,-0.9394945880649991,-0.09299956089025427,0.10326010795152293,-0.0342333369680738,0.019066269600574413
1.458267061675059,2.409146661921052,1.3952062115676587,-2.1946823753587803,0.1522431215220607,-1.3778282373007285,0.09442660042883791,0.15250432807967979,-0.22385043398262977,-0.41665285984869854,1.3913662985395934,0.21028805149109456,-0.08916475947996963,0.4416619669206021,-0.0380098268059664
0.01328359669056045,0.06283442822808327,-1.6173429115892897,0.6170675992663456,-0.9399856056920276,-1.2893728379616434,-0.2736112375482047,-0.7290356851748334,0.7856615250687595,0.693178730955851,0.11054419716198534,-0.3391084637467583,0.006390239229070949,0.09856842428535177,-0.019419091150197285
-2.7549278464938594,0.2921604980993855,-1.7260882704292348,0.23271903640083647,-0.3326192316571954,1.2113219597552893,0.16362271111683893,0.6009907968218244,0.14312583352590924,1.252835853204878,0.037338525832066975,-0.7867832735010728,-0.023341462064604225,-0.0021895285334938286,0.09456964926728574
0.9112997917073078,0.2805849018646849,2.0233553461706575,0.36655072571080116,-1.034484093074052,-1.075037293530584,0.4360241159947442,0.7800638066405514,-0.6288583154418264,0.09094292467865074,-0.3556345382681766,-0.05404048056811836,0.027285623851176027,0.30787665476554665,-0.004604978777184606
-2.9394710765891228,-1.4497927016164964,0.08844415428701896,0.8776631507134329,1.8774469778750449,-0.3149039973717458,0.08362335025701742,-0.55361325496775,0.3720159305738524,-0.728432561355806,0.2470858876947499,-0.02934498423486956,-0.07417842058198401,-0.11389254142293553,-0.03551058053924512
0.7213350243781718,5.2487895312674535,0.15641967234755438,2.42776135249291,-1.4310968394802468,1.2638075238522322,-0.13588192430761842,-0.23001762118123015,-0.06842311384290956,0.3410879571836967,-0.29951861651728207,0.06012808901188782,0.29654722862494365,-0.34838342942748873,0.009852739666788493
0.7255323830680731,3.7493836544730557,-1.229324275328358,-0.4789640873986468,-0.6707283013935178,-0.42895411694597796,2.270534338861472,-0.4019733423897884,-0.591042594846424,0.4914544588540128,0.741689795812502,0.016082571511682853,0.20638703160076088,-0.26011938524073885,-0.005124309751115769
-2.0465840251114624,0.9178647407827507,-0.8753599967583632,-1.3460908688056912,0.9480669997470508,-1.1674059620791892,1.2963524109247901,0.46668558270247235,-0.65783516948241,-0.32770217991973805,0.23915501399426525,-0.2562938951072228,-0.2545549695478856,0.11737238405464094,0.05054481449004043
-4.017906649725377,-1.3539234167101488,2.146865868296094,0.34580791131476274,-1.2342568898567365,0.8398891562965183,-0.32880988123805654,0.09419676084994341,1.0383817594482883,-0.10122842109516182,0.48701687837238866,-0.0046663885247223424,-0.09771825914307192,0.06591374006094773,-0.017345916699307108
1.297216038957651,2.04764574698331,2.139807845115528,-1.945873364697307,1.1512772558385562,1.6591720829168484,-0.3742623108865444,-0.24077493335741257,-0.28974696756664214,-0.13556684481328274,0.23539267037614356,0.1748088691658072,-0.0020689232550172715,0.42779250748832603,-0.00797274855276037
1.0932508273070862,0.26250812857180184,2.844155140274961,0.29356289575854344,1.7223835370249736,-0.15265340831733698,-0.6179771487974066,-0.5107814415775691,0.2808260472004032,-0.07280596560331139,0.21315209071113092,0.2145032912050759,0.07637224752092928,0.2978199488307002,0.012784671062588755
-2.5575509833234316,-1.1270659141051278,-0.671191348897054,0.7906977095841865,-0.5622746131876791,-0.6553899580748446,0.0708083131039923,-0.03702966670709114,-1.096707898917515,-0.8005211296285106,1.070247577953579,0.009521473747583359,-0.1606461273376956,-0.024691884563685637,-0.03551144258899522
0.6482296110832868,3.7035810890869,1.0492028745950204,-2.1870310008108866,-0.2117105001754076,-0.305228646516968,1.715341633433329,1.2333374139288886,0.032447549035918816,0.40245729945899233,0.7309057837225583,-0.050363247051685295,0.19267038689220678,-0.2242260701641623,-0.0025467441989876697
-3.474045703354367,-3.1205700132386074,-0.29050825979113315,1.1345489408751996,-0.08743079104114271,1.352381130177898,0.04529333102068557,0.6149544947475407,0.4240754736232881,1.6923356476121907,-0.015006704286846126,0.28809080916113305,0.014472875547846181,-0.07235542865656107,0.009662568028721862
1.11920164078201,0.9935732534976927,2.551718243878583,0.6818944071817887,1.4347974310961775,0.33750441334267856,1.0760568119363172,0.8766172881195093,0.48075382432665587,0.45310487810630773,-0.53956667545108,0.051364165732593225,0.04483344026948574,0.32623322626723134,0.010494442007331857
-2.841720422692974,1.4749096699508,-1.6503500719504829,2.070916882285342,-0.7735297570267595,-0.33324889020188386,-0.9576738236263315,-1.3870065263707074,-0.6283703421568549,-0.7085493186068053,0.07767530634529958,-0.022694900789795164,0.041147567649721786,-0.18318113200749184,0.03804684091744447
5.177648718531355,-1.4106788730310327,-0.8163756305945808,-0.6544404002241629,1.564306964124302,0.47513692112496453,0.05948150204039197,0.0004650254335615417,1.3566881077917254,-1.2328998046126425,0.1720765791224721,0.08134597727756943,0.1545331629157741,0.03687982567698664,0.0936476547063731
5.2174924834021414,-0.8845054931242367,0.31104187225792196,-0.8121277418752479,1.7529609800555899,-0.22483062191523673,0.5167362867737132,-0.7007208207291702,0.40095161871046225,0.7563658667913955,-0.13355473774172633,-0.001991871920543148,-0.07866294918886722,0.06947899805519962,-0.04022812275940069
5.280599355218685,0.5375950635190101,-1.0580160630452387,0.5233831511057774,0.06159705957919126,-0.44160242680745276,0.21541664808886102,0.0701884115904757,-0.9415954777840818,0.6171686070167146,0.4146837796052092,0.12315778046904281,-0.1465493541140935,0.0925830768845635,0.04893111640785069
-1.9117083356286622,1.1081314266668256,-2.6226641092091576,4.078269318266521,-1.5717043561396942,0.3534530966198717,-0.87442863988242,0.4829453959746411,-0.850199847208607,1.2244385287382673,0.2693413546756215,-0.36277630457417653,-0.09239506740249157,0.05578815526064104,-0.03401152359121634
-2.557339902205015,-0.4803528926174724,2.115141539526376,-0.4423410110963668,0.5864131941882794,1.3543375757328353,-0.8858822803550495,0.6773469689742802,-0.40141121734339885,-0.2965112923345358,0.4021620733806602,-0.10486057471441454,-0.18026048134861322,0.110824460258541,-0.009847498488879081
4.973440813733628,-1.9597424845570734,-0.14718804235019653,-0.08182288839269608,-0.13116452506901033,-1.891947891612618,-0.899633547073013,-0.9269079990405462,-1.0507457279855468,0.24741218958116468,-0.5861296719205624,-0.20745216397949404,-0.024136663878473172,-0.030390128528055955,-0.048335850066073154
-3.435367394313065,0.6802748010738164,1.2932983990056512,-0.89692432854369,-0.46780630589185324,-0.9103630257840882,0.3274720878157259,1.1686168910465882,0.3125804446654888,0.06964793057000908,-0.3161171555235211,-0.35889539501314205,-0.21122442743933859,0.04738959591251704,0.02978487860615516
0.4649091125708109,2.6935768079282463,1.7037612345983841,-1.6468323127516638,-0.12142371414324349,0.27305775221878337,1.5177224783353003,0.683558563875533,0.43724923771922874,0.566877214002935,0.274490066287005,-0.0009777213531825812,0.2496011470389436,-0.2731665288457091,0.009022003357200253
-2.5641657193043694,-0.3159119497748908,-0.30024416400364684,0.26794079128564385,-0.6498182398177522,0.16746397075841757,-0.021134657164237795,-1.387888459981145,-0.39615651954258396,-0.23757740547934741,0.12349640125562895,-0.06208567272838686,-0.14404923372644016,0.06090532031836772,0.011968716790004871
-2.428598181405631,-0.0694616994442907,-0.04950219901840909,0.34276239610277015,0.5407006222008295,0.12602156908751638,0.34270410845361987,-1.4428287828673594,0.3823041584929542,-0.11439468683106568,0.06101397489046986,0.00916064226360394,-0.1360118613480641,0.050004504753258905,0.01907590715412316
-1.147391788129673,-1.1089237973692658,-0.8478780527736216,2.3188917111381757,0.028033360520690165,-0.542752387379724,0.5601455447378242,0.43872006612352826,-0.16073179686908473,-1.1046053790170147,-0.26533218543040965,0.5392889680323589,-0.11100999796969077,-0.2756126441650157,-0.0011634659041137455
4.755313921050297,-2.548644043812509,0.28362266432412503,0.43842749225665034,-1.102894140834489,-1.2298031094568884,0.6009572492720937,-0.4887588012755894,-0.3198228117246275,0.8632837053230076,0.029485279045025965,-0.057916412412108015,-0.0819458394859132,0.03451802669783319,-0.023454451898771694
4.249079181558702,0.6429805359172689,-1.9362192563677403,-0.08896172151016146,-0.213683016459571,1.0653244904198553,-1.0172994555018415,-0.6127524538185243,0.10126905285790261,-0.8861720656186607,0.49751076867970423,0.06211681046641923,-0.10535571843925441,-0.11778871069899467,-0.008917041594594492
-2.140843123060537,-0.8157829911074627,0.11801569485442537,0.5117907480365692,1.0377503556411982,-1.3495641196745023,0.7127011884029277,-0.7930535765797286,0.28145475557348437,-0.2388830799733825,0.5347285720635575,-0.003540098551864823,0.06549812782693898,-0.006772542705092838,-0.03453888751307402
0.6713792979372499,-0.5745974079538925,2.787455692333582,0.7075867136624066,-1.6274683130477756,0.8344390515475373,0.024826748885437795,-0.4638462520831155,-0.054526539537873675,0.32718521757023006,-0.10355665832293684,0.20426634192283677,0.051139131323056086,0.32335389461450764,-0.0318829855918296
0.1855339464855228,-1.1690979493227995,-0.8997948632681521,-0.9171011692161289,0.6920576399424458,-0.7552977143047641,-1.1029351636812865,-0.24014577003206108,-0.6907579258865455,0.5848014103345072,-0.17990703108787567,-0.283553344276262,0.1237455145063879,-0.01967222774656195,0.05542368613348795
-0.23157223890288225,1.1510296419789139,2.228158561497296,-0.9278907364418133,2.099526544092033,-1.1160803041315932,-0.31574319595333133,0.565006709259847,-0.5191426146476494,0.22579870448488273,0.13418820217183686,-0.11144473965641974,-0.5414511511370872,-0.2630777510810821,-0.06246159765560219
0.9185481654333958,4.888966098533601,0.478047475569132,0.9355350773456739,0.010845794382883411,-1.087502504557161,0.39710223323466554,-0.14857568425213644,0.7673012713654068,0.14015515927888264,1.0675103985295107,0.20642119648293872,0.2362121374047751,-0.319744014398031,-0.019012456804852286
-0.6615043116799741,2.1623353601065567,-2.905860655007556,-0.743726277932222,0.2501868483235772,1.2249527959821203,0.12104136133034865,1.7345233341514879,-0.8570431171738473,0.48608322679523813,-0.20751574101198283,-0.49435030002575875,-0.1864649938684072,0.16191568589341598,0.013524874510963486
-3.081886863343943,-3.047650933097533,-0.3890572037817769,-0.00365130411456549,-1.2660783744523845,-0.23339213754290344,0.5437859091523749,0.5647148991951929,0.09873220595413196,1.5037039971874258,1.1298867020335688,-0.4795146533445296,0.1871793840118759,0.4553747781957602,-0.018995676914340953
-2.1189352976124614,-1.4457691946246227,-1.0285481379301973,0.39595881129404553,-0.47965577145050586,-0.5049338540202162,-0.5325745105447753,-0.07866140795260645,-0.08221203448680942,1.1066042981348916,-0.0786968628828063,-0.6524531806298441,-0.04933287847776975,0.062087449915871756,0.00943950818835884
1.1350521493372887,1.3451916781645408,1.5801430705669381,0.38154957479305107,-1.1100766169615688,-0.8183119723779098,-1.1967084479710595,-0.7669436230149638,-0.6562910489464717,-0.43215988048272713,0.9457111642494364,0.25788183677317317,-0.014762232618837079,0.3531181916626765,1.6625106213856804
4.807660383920586,-2.441887635283101,0.43808755230569135,1.5372817008889221,-0.07030758435243034,-1.0560692323139398,0.314019060957651,-0.5910727476087168,-0.18514743346228707,0.8463238193996871,0.47209885053123,-0.08789903062884627,-0.06582453797566808,0.04058256866021806,0.018562227426010863
3.64194472336408,-2.3175159288015466,-0.570503640514072,0.113767814251717,0.05337428565761704,1.7755551861794463,-0.4794920163073315,0.3614035533896444,-0.5700863577573778,-0.45231910520895274,0.17166536989726539,-0.11885505393068138,-0.047497134647779465,-0.13521716194616953,-0.008169361464368145
-2.3300973821771134,0.02988824822357894,1.1318140098022023,0.11722838901902582,0.09193352342562905,-1.0660096923614288,-1.2890961307253876,0.45258334965581865,0.3020885708813733,-1.1489978596910686,0.2210953260709982,-0.10224990201636844,-0.11642034248433214,-0.07417427034737205,-0.017121105639492304
-2.314925046766806,0.8709998610097058,-0.7153377908657137,0.8147190923458958,0.33424907637531376,0.05220490578807402,0.21847432343219902,-0.9587525133598691,-0.22608177027913812,-0.2230119106106036,0.01557407048379747,-0.07313884781684785,-0.1526209654502198,0.05956022422097386,-0.02619083263012628
5.18302019040077,-0.7044137005911641,-0.03555494869987806,0.02762976079044127,1.4296150901997946,-0.08277680379914254,-0.22451301020522607,-0.6769729955340991,-0.39901564859719846,0.57429504652375,0.012055527832270395,-0.03644290118487811,-0.06811089578586305,0.06142741931706992,-0.050829498427487144
-2.5252437842380604,-0.3473173982917944,1.8243657687977783,0.3824501279761666,1.1757647136781406,0.7316242092431935,-1.030440921001681,1.4485078107746314,-1.066605923516193,-0.3938076272804692,-0.13183251117053058,-0.33183978269361536,-0.1469557532693292,0.06599019557150891,-0.0007415172858456246
-2.30901840638739,0.23662521722692942,-0.4659547581786095,-0.719748107652061,0.2956706793513971,-1.2360556415597073,0.6616498121253521,-0.980599515191932,0.21202318123696806,-0.2882297761362184,-0.24024990697135468,-0.1107392889386681,-0.15680163817736414,0.0372110551403709,-0.05083736515401132
5.606097222028794,1.3594812260604479,-1.017214286413889,-0.06674651254486808,2.105241351899854,-0.5360745616858287,-0.4490996214445093,-0.47638059663744287,-0.5227830019897994,0.2860238257114054,-0.10886882778694124,-0.08914258740105382,-0.09381072203089338,0.07021224453341453,-0.0007886641268291588
-2.8617829774322447,-1.5117817711979236,-0.1963512304023721,0.78862386042078,0.3593255155366868,0.4554455643797717,3.039921871910348,1.733878858214219,0.8813352703517705,-0.23249780475304196,-1.0518870094535222,-0.351083147223091,-0.10276868982019358,-0.10567153572092505,0.03831792629761044
-0.8691953672060624,-0.7041206811445397,-1.039125447196909,-1.6145750532684704,-0.26272076492394125,0.9676094656803969,-0.5618517420881788,-0.257683574219409,-0.3001599592967316,0.9237458430066967,-1.7295393290258707,-0.6659066953643118,0.15287444710075432,0.2020463836160014,0.032591030727864526
-1.8370490968114055,-3.248245226804297,-0.6586854420943831,-0.418842850563749,-0.13977608065579472,-1.3587709928560183,-0.6700608210567957,0.7770416288955857,-0.9043005534372066,0.7215136037516907,0.6270074469470348,-0.2976433365173832,-0.07395686600775878,-0.04772844443757816,-0.068670679610355
-1.5143287503670986,-1.9782143755493986,-0.6588832655457744,0.15343899977906728,0.13052610749229349,-1.0336483573960105,0.04985877527366403,-0.16075552693121947,0.996264928020943,0.8844817266375384,0.15593705231116917,-0.5360964160560203,0.12803137154662173,-0.015530446916236895,-0.02197083209859353
-2.2677457030738806,-0.06548350510327905,1.3572641185764032,-0.42502147143380176,-0.3669595648028007,-0.9729323438331878,-1.7610710081376564,-1.0039031347682972,1.399808508107719,-1.187498501755017,-1.959293538969963,-0.12686780155732644,-0.010411843369323742,-0.2124006576088181,0.021844586764611998
-1.5674780763555098,3.408790802856203,-2.1211790265723796,0.6192678513165074,0.049699275152015054,-0.3207300585770665,0.9604336851893897,0.11984099782898239,-0.5423304133981492,-0.3629774123003468,-0.29032500281509604,-0.08720810818231564,-0.014226661006374597,0.05345855540912668,0.00947775261745236
0.21746725480207063,1.6527553579911394,1.690543297707526,-2.0855127332396224,-1.2469725063816046,0.36640450914042555,-0.12866511280879062,0.029912467051395775,-0.9124115942892772,0.11236150184408003,-0.13362784612390594,-0.09547300720429105,0.3070131970532083,-0.324058684111431,-0.0019198764889742296
-2.257504850453347,2.208472774278046,-1.9114276725794221,-1.0142514836629264,-0.5569381256131459,0.19935688969713605,0.9051760533296545,-0.19752410314371133,0.13597304949282285,-0.799103565755179,-0.1552653127855394,0.1363602262130713,-0.16277299446899407,-0.13021442665633132,0.007996492098230603
-2.822454351714758,-2.7304342577592724,-0.8750675240499672,-0.4980524975192241,-1.5785267329956523,0.4550269013135755,-0.012942005354319564,0.09948354529523157,0.6512521583249226,0.865634114531123,0.3818869218442592,-0.17978492853700492,0.06355313583916775,0.0021941336584934273,0.024264851263121702
5.312532714233349,0.7002949233860665,0.8734072183933468,0.1377832944077415,-0.6560446238859406,-2.1161195353082407,-0.6447418842429332,0.6292248258234792,0.6002608382142183,0.3380593339273584,0.38993086346649897,-0.0007342172803569136,-0.1409102648850062,0.062287317067964254,-0.05943135997496732
-2.6259575365563146,2.617815058541188,-1.8329205030548321,0.12988879466057446,-0.3240972805756491,0.5123322366894039,-0.09332661301660186,-1.0459319049959928,-0.2111865528077197,-0.542736598134034,0.13788903433153102,0.19902369800420686,-0.027003656267200866,-0.11317116591073831,-0.005614094421642308
3.455013464325989,-3.7922459091167307,0.4656706158311745,0.2240789991236628,0.36783782004712806,1.6899058896888417,-0.034050371470201624,-0.2600455742780426,0.6139144241226749,-0.15259684387080058,0.19700388749829217,0.03343664536130986,-0.016326196323878973,-0.16990758545921525,0.033497357328880484
-2.2995768582924656,1.359589347986422,-0.7815988175906803,0.5710822052065914,-0.23488919670097108,1.1316813948081723,0.4203127488504397,-1.2554144744702673,0.05222054125045575,-0.07290034355886182,-0.07896392442719458,0.01194123047197071,-0.17014448037755334,0.09315621307611537,-0.05543163408072492
0.4902928480900237,2.135358455009847,2.027395503176623,-1.4022151914077956,1.0920451278331407,0.299543205256974,-1.0150410006620016,-0.992523962143206,-0.01853176389627398,-0.1022950170763107,0.5632616507464738,0.1404810850875856,0.33789913041979114,-0.34817436143725733,-0.012287451575637612
-3.221128102442969,-0.9495324793515104,1.6205765399314416,-0.210269184465889,-0.8221106133576245,-0.05383972425662087,-0.8665859447237428,0.4535012209744574,0.36091832668568224,-0.7340771632822733,0.17500138405933924,-0.12689983586920014,-0.11360695584410725,-0.027059789404047997,0.05769859159467086
-3.4391380063604284,-1.9951192079066904,-0.35667689077940856,0.31261186821435016,-0.6853641479041096,0.3045435739684954,0.9097311372018015,0.28645323021977925,-0.0857325122576888,-0.7480760677456315,0.6975547294180889,0.05391466402911435,-0.5656871170477605,0.9718364770313807,-0.02804409161609325
0.8022233870694504,4.800483131559961,0.3337596825554783,0.8099367257655619,-0.4107807082261955,-0.40523305866118164,0.2007670461977199,0.2965555730136021,-0.14485254186463387,0.11170616512171469,1.0514760766755067,0.10346021728167637,0.23069027633094974,-0.29025521080974553,-0.021877952026784796
4.163428238424988,-0.08188352211050309,-1.7244055928685473,0.018965005738780738,0.5629503677745258,0.4606810879063883,-0.8076011693876588,0.2322307438876553,-0.29945312908453475,-0.8370844552825667,-0.8864239366375486,-0.23494767658435348,-0.03367111198226675,-0.20359572354108135,0.021360712319731044
5.162936892222453,-1.4374380127277675,0.639910255432413,-0.6713903210501264,2.3444139203242482,-0.2235308109087757,-0.14958555068875107,-1.1168823016932456,0.27862463540396687,0.6047095496095087,0.43832353628410603,0.09077643254947193,-0.06415308315814705,0.06669696919810093,-0.023523943450956774
-0.25760956053609774,1.430982364874236,2.1766144941482577,0.048386230575719225,0.5009213435017006,-1.3750149662338127,1.8960532951055697,1.0041186643404625,1.0893915546052928,0.9653579355882227,-1.1403097305992254,-0.2406370656057413,-0.5527305913768308,-0.29077463744409676,0.12056860674505698
-0.6706731210260517,2.4963526759581876,-2.694199561406336,-1.9588134241995738,0.6488574827338105,-0.5935315860076297,-0.6884997439310232,-0.3065921721929497,0.5041292504292813,0.20094189975494317,-0.3652132248873131,-0.6535011519018626,0.06028403297207596,0.057959204951831086,0.006891462136735537
1.738554292949293,4.890673481184379,0.5835378423810169,2.1374033244240334,0.8743592096139572,0.7645021141658399,-0.016054906703854708,0.22660855718218814,0.23904492367622127,0.001495531971247504,-0.2666840679084057,0.1560228071906396,-0.005411961063783319,0.3568795533887909,0.005255656896241072
1.5056661665422024,-0.9851846926183567,0.42150130218856147,0.9442537116129923,1.9505940827228283,0.14241784541200175,0.32207572221218206,-0.45707348026283784,-0.7113658934909,-1.0097896690062442,0.046853903414294254,0.273069721203013,0.6449196726999972,0.9716747340015631,0.06924913815204477
-1.4757350975205916,-0.5331472677162121,0.08276463626187883,-1.5843668429575064,-0.7329814424719651,-1.1390877972305442,-2.1824545314399937,1.708872072817014,-0.5581509919292382,0.17194588474331277,-0.06133789802946783,-0.579665541907356,-0.09106536219591702,-0.012895809083498105,0.04669114023165323
0.49530788597094455,0.23717800474183193,-1.2100254539057054,-1.8107351774608589,0.7800927326820104,-0.9784253383637277,-0.025265005529975952,-0.3263492477359486,0.4577079244032701,0.7075186921497687,1.0284026587508586,-0.10078869573790913,0.016092195175547483,0.09035892234380567,-0.01489121715443582
0.864484816892455,4.232943377103558,1.013491443906795,1.1248224215569025,1.6373978884390539,-0.5453719297997515,-0.21082141376664243,-0.12987104063433255,0.5190953779148132,0.09506492138986389,0.04956330908284702,0.06731694783198683,0.3294664049637367,-0.39268958689841865,0.005897889113983217
5.608132257660449,2.2302755638064307,-1.5133150772528832,0.7359050779926253,-0.4956020396871015,-0.0024830855401800633,-0.2262537420985449,-1.53702788760447,0.1797807264792119,0.4075423441288693,1.5235700232418563,0.19568116170337696,-0.1973903521911276,0.17930326594421087,-0.03502891058402231
1.2210903001857156,1.8025430128101094,1.5760931914726588,0.22787719450215638,-0.637087507869397,-0.5762739801305542,-0.14278813446623312,-0.0752313977875423,-0.1957116964845343,-0.12501028055280627,0.23823619363884724,0.14680657867288666,-0.002878223740222008,0.34605992198180535,-0.06535814749739857
-0.9782394697230046,-0.3143093433034644,1.0027944225739471,0.11752145998461444,-0.6421966564836962,0.12695677230343527,-0.585557870820356,-0.340801264820892,3.8447317636512377,0.6260657761271651,-0.018030680904786114,-0.09988975954484855,0.07604563044393989,0.0324339936020281,0.006140923134568528
0.45653704353614044,2.9832317088894196,0.8267143180451115,1.7309946006736305,-1.1478813512715318,-1.1422138523583487,0.36092760257788237,0.6074985754873996,-0.27313736971150177,0.32549798699348503,-1.2636422764684407,-0.21491252964376786,0.35841679682742844,-0.45930740525490094,0.028128112560321834
-2.276814554059857,1.0234537084320534,-1.4705370991020217,0.028183042575539274,1.9007241816982936,-0.8624991927733494,-0.23636999691350483,0.5521860790935258,-0.7445003172374385,0.6040305460666355,-0.10597976588638036,4.703037285162771,-0.27358293161709185,-0.4694094839093659,-0.0492643892999728
-1.499055380494851,4.72342139381459,-0.5954177100569529,1.046915076266019,1.5706903613353815,-0.34855523632235985,-0.38149251447964894,1.2567524224024709,0.9402579073386723,-1.086775956592581,1.1489499387347266,0.0651303506561437,-0.2453474428975966,0.053230827256735655,-0.029045877559505922
-2.1492764879986384,0.5492975636606459,-0.1582728195615911,2.2079509864971145,1.9129004902677034,0.4979102706117382,0.42721965277905005,-0.8759844869233822,0.4069950735925652,0.00643838795140271,0.17965027385732601,0.10983478974662325,-0.1586008027036463,0.026828144908244825,0.0029386902687549947
0.5491697473420087,3.7918125146699277,0.9550647419771032,-1.1947334238576377,-1.559194961781893,0.8187525041753405,0.683977590823892,-0.05247902012876791,0.0321378726480929,0.3268217000970302,0.9999300983133869,0.15386935372259292,0.20718859302202025,-0.22873453477749878,-0.01739315038212095
0.15630976061625734,0.2916848132184571,-1.1581865696830482,0.5956650655102078,2.2504620357560374,-0.21738839802871468,-0.6835469983819603,-0.2265369350935627,0.5113031129477521,0.658374260230016,0.010413582788817773,-0.366725701167229,0.052730535089305364,0.09885892950175716,-0.049248407960997276
5.235935592492959,-0.24531891115585913,-1.7547378485107732,-0.05270923013912793,-0.023651427302352646,0.2282144051297086,1.275459080448088,1.1910103808121433,1.0671132281034774,-0.9646798568118866,-0.33805784862817156,-0.08972165073623065,0.10127203975166876,0.061788374825315684,-0.026847146541039247
1.218496731539354,1.9293225881617873,1.6188841356911234,2.737667635878169,1.0208473980183903,0.03229679838342947,-0.7051004810303422,0.47181546525758394,-0.7289091707423074,-0.06010943446710496,-0.11330050406146694,0.04900737146520864,0.06738112661626489,0.2886152521658171,0.0163960041495629
0.33209245418856925,2.258315480415898,1.4322567329691518,-2.5526651228847053,-0.6355888464535561,0.5228815355600684,-0.5496099320616895,0.1790311285733539,-1.5025123969484893,-0.13446919013287242,1.5548333898878124,0.061864409605453724,0.23309400804532648,-0.22354901336422917,-0.040232953072574414
-2.614630737167426,0.8565479430578424,-1.9611777564768962,0.25187167208765093,-0.2949642230646128,1.1886832764883826,-0.6407430883940107,-0.23364966093398815,0.3107565628446421,1.018558728095646,0.09957200066224264,-0.5977046677676638,-0.012304901146305641,-0.031016127850009012,-0.051423885743559425
-2.696837269309533,-0.7352632608681897,1.3568878001519156,-0.4062362821302883,-1.841530495906495,0.11142334267655762,0.5901144752632174,1.7521022978839313,0.048180123975027384,-0.48829780385203153,0.2225853078372612,-0.2340134590800981,-0.18580750139887087,0.02694908536796499,-0.0072301177749929234
-2.419451693748039,-0.36557471418622745,-0.07440526297862958,-0.07917182897688424,0.1422407420009873,-0.6754460114465519,-0.04235199385025944,-1.9431812480113178,0.5411301527099712,-0.2849347090942743,-0.8522022640953091,-0.03624079123261423,-0.08912546977245445,-0.03073583073594216,-0.04306182805238773
1.376226861689282,0.40836354843471945,1.556671740327442,0.6620673983332193,-1.3674515623962686,1.2002854220585557,0.6470746790501983,1.2084587302954326,-0.002741249033819837,-0.700528398974348,-0.6044776949171826,0.21784871204528944,0.5751615352590691,1.03361549045377,0.08788446796453102
-2.3976954658042624,0.5390298214070874,1.6976656111251796,-0.42727001826026656,0.1681693899236376,0.9231285893460957,0.9636413675677119,1.7031171644784093,0.3994125763624885,0.13662679270437864,-0.307208245390215,-0.2630835326522122,-0.22387347158601462,0.1298512010298617,0.02003044885618287
-1.4228029005994924,0.3383051189647588,0.04726551050577854,-1.0153477355783227,-2.132849395745108,0.2304208780681003,-1.3511585430415687,0.7923272396320566,0.9314367103682009,0.6320915726896148,-0.19569269863677274,-0.3494644698569288,-0.12127722723798748,0.01995791084042997,-0.04944633971160477
4.952022696742025,-1.6007085231424096,-1.30993047162284,-0.37846672098940987,-0.5883662393231018,0.9060728972239596,-0.3838551850831602,0.1548556910775723,0.16133539012013925,-1.3125983783702924,-0.04260085620929771,-0.008047493002211276,0.14858617134262694,0.04209890085625495,-0.048029392589811225
-2.3688899524960836,0.29709251361129585,0.9244961479207721,-1.556411941008419,-1.2040696291747466,-0.16446351829219585,-0.8202653591492686,0.5667541552645918,0.17469574222638104,-1.0267320060590233,-1.823600534789404,-0.3685095925260474,-0.08360865830342715,-0.10122086877341305,0.023892613203335748
-1.4426750446077745,-0.25866925136964414,-1.823397233440469,1.8870350560687819,-0.17827363909066618,0.6651305546232138,-0.8071752850309815,0.5044915830020216,-0.3175655443395889,1.0787342300298066,0.16223416873289448,0.67009366510263,0.08652999241799936,-0.11060363828639509,0.008011730244155843
-2.090655038364636,1.5450909219584998,0.8159166417736832,-2.043695184258056,-0.7658963140314391,0.13326484867211796,-0.26605225185524306,0.04241751110782466,1.3200670844139737,-0.9431209423747022,-0.1258496825065717,-0.01749485017945207,-0.1855455130403132,0.013481992455127823,-0.004098043657167014
5.148773762675075,-1.083246843627725,0.1344494759674848,-1.1163464444829465,1.6526399257362083,-0.3571775167034533,0.07438504197578,-0.30031624207660435,-0.5912502333268754,0.5455372677340162,0.28684935366576847,-0.08023348908336289,-0.09268444864098128,0.09559797226619647,-0.05435118584805664
0.4026661214191454,0.20575849450294248,-1.3273609900969683,0.820259577774022,0.5086643488915169,-0.6400719922707417,-0.45246598116202985,-0.41590860123253287,0.3435610073960766,0.8352061657198031,0.1600913625379213,-0.22055793830206374,0.092104001765551,0.003992026773757595,-0.01885506923718442
-0.3496615247053598,1.188370117589645,2.1465816726800564,-0.5046556407715895,1.4948823528731383,0.059052869314852874,-0.5732552350818227,0.6193153855590587,-1.0959599587787003,0.27489027707573255,-0.17551323514700667,-0.2614631690213175,-0.5251718147178259,-0.24247616325953059,-0.0592924492830971
-2.306419431801598,1.8764225977867697,-2.7390535107749923,1.2615395958374196,-0.9584032145453517,0.27079973134367075,0.13965838633921046,0.5006980588409993,0.49913491481982614,1.0793002859147818,-0.30970096482324716,-0.506658450208258,0.2235695573330443,0.4527966598505003,-0.03891216116129193
-1.7346300567519333,-2.863884018932874,-0.3059457287701389,0.003541003378784602,0.4279178819142493,-0.22311703728670929,-0.20345037830048315,0.1356365664890228,0.5586551984113022,1.1723849119678589,0.19213340040288912,0.4316979519760502,0.12209607788535348,-0.10788703425156604,0.03438901105812003
5.2170316226767195,-0.2156823248740415,-0.5940964540836975,0.7026312774421917,0.27548603685541806,-0.6685024286679867,-0.31979990901364574,-0.7429648884785449,-0.5554217178000054,0.4925781171376929,0.1522194098325852,-0.022775371517621795,-0.09058026306430908,0.05526372279599119,0.08134728932197137
-2.6033394630114532,-1.924514086065622,0.17085462952593267,1.330468837589795,0.32840673149771105,-0.2791394998101001,1.2693041615801062,0.037228601156759106,0.43621030119690857,-0.35821551486203607,-0.10354116991463419,-0.07795276516807467,-0.00955163426152357,0.024712546219161025,0.034810322180867825
-2.1679559793369054,0.4004470626116903,0.03875919788633439,-0.3439284998389448,2.68129662391001,-0.40637138095834535,-0.07400652590692555,-1.4972392958013017,0.5486176054825584,-0.3898695841687579,0.43025986879329575,0.04860467183799594,-0.1297559690078055,0.0490232887829332,-0.06627968984084158
-2.399535034839321,1.3343363312227212,1.3333260872499606,-0.8755669372309558,-0.5489496148285714,1.050542141390395,-0.3634790148326972,0.03698177838577851,0.6693686458179011,-0.23157261343666408,0.007096044829476435,-0.0341137852862384,-0.187160481474759,0.12287305501673292,-0.05792701369831102
5.376054380667371,0.11338873971443375,-0.3434185060730789,-0.2138387060073869,2.059542668182763,-0.07023176753035698,-0.45952372868013536,-0.6924621129165178,-0.3946450268998943,0.4431516787964953,-0.826390650965162,-0.13643329930088718,-0.038591820081896724,0.025466152121949456,0.0209414270140547
3.51253564081686,-3.558968003817351,-0.12548565158895827,-0.18075843920191936,0.08241243975416895,0.5377473917350528,-0.5272429773247325,0.2203902926110013,-0.3942985501537894,-0.5255117474471687,-0.08999009647636069,-0.17698641456081718,-0.019122901881891544,-0.19056044253152804,0.8141251827076599
-1.9097988640237673,1.4162636138582867,0.7605080852170638,-0.6864035199777044,-0.474568936400906,0.6937986317024236,-0.5757056838506965,1.1041205944068475,-0.40952677224466577,-0.751185364071133,0.257356748150329,-0.16499307829871887,-0.43467607561793686,0.12352148239427137,-0.06858563761307224
-2.758958478469791,0.8158387310220552,-1.0195846923401333,-1.763126680716408,-0.13273331667037647,-0.05412212852025644,0.6968569494203403,-1.1164381181314889,0.9513145176745506,-0.8721442383663831,0.8621047955415394,0.15646096988825986,-0.13999854229826622,0.007020554279317942,-0.017866010040651116
4.7499276741401335,-2.916988151797629,0.6874566246120617,1.1991416336042848,0.18287581751520327,-0.6999672617164066,-0.47500410181095454,-1.1507290506797447,-0.3309408689763665,0.7164842095491508,-0.392414575492591,-0.031854065755608424,-0.0008468957622004281,-0.032631524459224306,-0.017677948492129565
-2.0697462963592748,-0.7519273131061833,-0.5189260257674362,2.391202435672472,0.7551558577487132,0.19569293338641902,0.6430101659277097,-0.03780573789066945,0.41747964786706493,-0.8253575654063889,-0.20685220969811335,-0.003425344408119896,0.010084030835592409,-0.03603077989862177,-0.0006438160512019222
-1.3797871460461875,1.7468585921111957,-2.2031768814110433,0.3547595978516762,0.8952653221112247,1.4374680930061388,-1.2022193714476,-0.15061508999986445,-0.2113869765699795,0.6578488367779289,0.13593096620013911,-0.5327274661221119,0.10669981754046787,-0.28203824217106155,-0.004334392651504764
-0.24547299749494678,-0.07000573939946386,2.4925349071645977,3.012600205853853,-1.306500761231609,0.8867966164923846,-0.006312178659212211,0.23270893519263103,-0.6856730041636849,0.7175967522761539,1.0147410721513261,0.09054811096477836,0.3483382560328088,-0.3632996698514865,-0.02446600528449601
0.4172256680310018,1.5559856746964895,1.9961105841823208,-1.6858054975750416,-0.35737911856295723,-1.4826230360093087,-0.030759168334305663,-0.8934498141826974,0.64357694990292,0.026786302206560947,0.9997166340761816,0.20919017829604264,0.28570454318155913,-0.3492802267066227,-0.01953807030067903
3.531239880792126,-3.3339916420043196,0.08974193384889642,0.47991803490016316,0.5161645730994542,0.9959595037939897,0.8460258832935286,0.8890570244774427,0.4521585261336625,-0.005039735764241677,-0.5041110554208142,-0.18562259015396623,-0.020882555855432382,-0.18790657503053337,0.049930656475021956
-2.6229784872986737,-1.0911856335365653,2.2916101141285603,-0.4542655837988101,-0.12428041672417622,0.528591127093881,-0.8936323229630783,0.12592068151968366,0.10786383993707394,-0.3138552817290879,0.044757172750216574,-0.10676053378578601,-0.15721260435396583,0.06007462672423271,0.10135253734420545
4.045464453648197,0.2882047229007605,-1.9020055526987463,0.4678856865680592,-1.0966811163288122,1.5924999011225585,-0.016314463833007012,0.3481252970167788,-0.20262207056275994,-0.5128730180606523,0.40120000516808807,-0.13092901823550954,-0.12859166001427597,-0.07342932296427629,0.051207128962083466
-1.937001634057101,0.0008675382411944543,-1.9944353149577707,-0.5593711502096882,0.9316863501900561,-1.0040486850101953,-1.0121309046143379,0.04023861209361068,0.5442989921119015,0.19198691136903975,0.09069177953493449,-0.37011080324667034,0.01188656579060926,-0.03430242199000787,-0.0022094424466399393
-2.6946102277097266,-1.4519836418502652,0.3984285165227052,0.4207954726258193,0.9547213229470375,0.16419611883360474,-0.2959025881237367,-1.0608278989393538,-0.6949094242417013,-0.24693958654794818,0.34921073187089663,-0.09426430445785908,-0.1051777850326357,0.043413873228924024,0.052954088817085736
-2.291067261824965,1.0999774297840932,1.2593814500723446,1.1188692756407186,-1.0902943988504283,-0.10004978190637082,0.8001053667501564,0.7394304555524918,1.324314643631139,0.1293396635343429,-0.07649475544670582,0.015387138984443466,-0.23250153666298665,0.07185144060493066,-0.01872165746721543
-2.699733694383358,-0.9955605230378012,-1.4764955456710678,-0.9398976866879253,-1.2207197746058256,0.4719905927387693,-0.2956001322881797,-0.1449727268758641,0.5115898489270503,0.84607529483786,0.31734420898616433,-0.32746425558485726,-0.0491600312499139,0.03504505608303707,0.08402037551857969
1.1691632824783351,1.2307894580036667,2.2298191576779436,-0.971659912241463,0.09356656090153292,-0.14661592302401494,1.0155438796476703,0.37777874351630136,0.5274049646630328,0.2481802992366537,-0.7092783270557906,0.04547317836683981,0.016092522762060774,0.340286481723391,-0.03401563587424372
4.0836452063806,-0.5254694589618105,-1.5033239158081153,-0.4098510286124638,0.5260758046425165,0.7116614539328268,-1.1157500858359353,-0.01275441628734468,-0.46473960785898666,-0.9039005942667186,-0.7347960517353458,-0.2078303953949663,-0.027927746460290177,-0.19607163536557465,0.015595472793246946
-1.8738503575543122,1.0716656722704068,-0.8726131778985275,-0.052771732497248536,0.2804773954915888,-0.8464391317816523,0.6263661812902978,-0.7883909718689803,-0.008448223323118675,-0.3932118443997301,0.2991219016579583,-0.016563228294999538,0.022031043042756923,0.03427507439098612,-0.06021869968563345
5.186587928397618,-0.8971705858281809,0.08687681441162148,-0.32304955940945274,2.0994311443780083,-0.24688385125352041,-0.1965539254361511,-0.329355754542228,-0.6285695875070769,0.5253554047396416,0.04137148524122944,-0.12304523252824315,-0.06392055927360488,0.06775617814348613,-0.05086601342317368
-0.46737920705984837,-0.8062685634530298,2.2941817390705457,-0.7466465092484387,-0.823365761629865,0.6544431003792295,-0.5155196428325911,0.0982910130133263,-0.1481528442193239,-0.48607867460579657,0.05192551760650937,0.05176422052190388,-0.015897395746059147,0.03346868963221919,0.06672292514101465
-1.5796559708331745,4.743154677287325,-0.45837856626779516,0.8586998003337303,0.6544893322358447,0.770099689023414,-0.19101035330879104,0.7505777428534477,1.3300502727066086,-0.8857613036191729,1.0626228855495525,0.18389973578766095,-0.2559509775385207,0.07880009026476202,-0.02552039419637216
3.8133798394469056,-1.4851426600905882,-1.1442624758044961,1.011012796083036,-0.20881090064211405,0.6072378706022072,0.024030203033281676,0.7396670561521614,-0.23788439322621519,-0.41691558199788237,-0.09867868228246429,-0.17161679004389094,-0.06087240174062786,-0.16816752056691542,0.08341516755988676
-1.3880933735719292,-2.4131736372919113,-1.474328499881414,1.080061812843149,-0.6326309302747676,-0.46739754624619745,-0.6768802705353554,0.8610599356529891,-0.17084911944257097,0.04600269792240816,0.5288096928788226,-0.33261991322371487,-0.11630333558302947,-0.29522757823279006,0.014914678897701022
4.0853360054226915,-1.1578874522944675,-0.9829316593672557,-0.549273432575186,0.0023231111959571837,-0.7216496264394181,0.2894027334058411,-0.48230616446840313,1.4700938470559894,-0.5422033978957648,-0.1380743890715244,0.03207185899355211,-0.07294125128569084,-0.19772400769817744,-0.039403897291889166
3.5012034463986565,-3.6833058204632825,0.09028403663690562,0.20179345036080165,0.6065967428237662,0.5993795434579512,-0.13923948213327902,0.46735687546489985,-0.14539951897511572,-0.3719179475250855,0.5865608826723401,-0.08104971358274679,-0.03686280638324103,-0.16351349733419623,-0.06039098843865329
-3.388258380325924,-0.33702050862787336,-1.0616099505136427,0.1393348307947384,-0.679350801192658,-0.010676766008858474,0.9599139321247039,0.7590858771046511,-0.8739999808112551,-0.4456475483309492,-0.4215748588200068,-0.11584653766694955,0.05696330016230394,0.2863025267250403,7.654539500833325e-05
5.17119693285991,-0.7885792212261722,0.022658801346523677,0.9878585662727759,1.888239038715506,0.02020400452485771,-0.4484244158413522,-0.6332948883494229,-0.41623353346318354,0.618584729972276,-0.8370670907888416,-0.13019134110393246,-0.008704497177851697,-0.005770733453292938,-0.034379108413390876
0.5305176852442357,2.7178769349273137,1.3987221090621809,-0.4374443824730625,-0.639858851041332,-0.8215500977426377,0.11604489875895893,-0.5427468639044652,0.5332427850399069,0.17145113629001477,-0.2259656054602509,0.06029556238200384,0.31855117635540303,-0.39186772596155306,0.004396682426405989
-1.3913294504329494,3.9476625816356967,-2.254595935820537,0.728551587775383,0.38157769823925247,0.37666985234789463,0.5657582603709902,0.2858524061895806,-1.3475188937238702,-0.20610557993880826,1.0092828279757047,0.33487326321124583,-0.5300534859003087,-0.17844593510818124,-0.02903703713797269
-2.3999655365386863,-1.3629573121874357,1.560555572357248,1.592804876254128,0.017445828035055677,-1.361431087844307,0.4426754323486337,1.9560247340919479,0.852096549879241,-0.9153552920246262,1.3231952580276267,0.030001776326394614,0.19316789768626152,0.4054242023699696,-0.029066526303292352
4.635546814423389,-3.2498385950180855,0.7966606162942085,1.306409484180405,0.28464373857890035,-0.7066953973527373,0.5008596423354018,0.009265011865922004,-0.6421732976963868,0.9832789887916191,0.18856993534517993,-0.10305423301865527,-0.04855429599481301,0.028863461132184576,0.03002134296789312
-0.8866418699861323,0.13363467878403612,-1.8793376961265778,-2.46519146374646,-1.215905534542515,0.42158737432459503,-0.9456587592827312,-0.9254296884451554,0.37506196989889773,0.16986715508357864,0.5310404545932682,-0.19600366926958582,-0.1657492698461963,0.13467855630641623,-0.011009986719351777
3.887776767368519,-1.2062484304693015,-1.0517967874915533,-1.3286041267646564,0.3152507815763497,1.4574931801560376,-0.003947906369852643,0.7886169421267659,-0.5506585848707275,-0.555045456152669,0.0802975071167813,-0.1925754938063716,-0.09395510283869003,-0.09148972767582725,0.05932290901247696
-2.6762864692548565,-2.010331855817612,-1.125789590624988,-0.598320860686786,2.031685982662001,0.8329342027116073,-1.1498678632400434,0.8835097592866106,0.046785020548752554,0.45897542237573596,0.5365352054546623,0.6856624390179069,0.11352679428916768,-0.022241033982246257,0.001750048834851292
0.4593006298351243,1.0198817095986423,-1.686538567566686,2.954464873810763,1.6678799544729137,-0.13158448693904723,0.3546185726294,1.2791428607259008,-0.1571981457644045,1.2004133507983135,-0.43078694099475007,-0.41232031546705483,0.10677550666548677,-0.009715882900453048,0.013182950379347316
-0.07360459781556772,-0.3933394935620921,-1.2354146826375376,-1.5320469768499858,0.5256280187181582,-0.14428112418764694,-0.2159397200791477,0.33389317398339935,-0.33959755059325497,0.6860512677495669,0.475575344615363,-0.2337379386083678,-0.023644677292766404,0.16634795928265178,-0.05838367524239523
5.169604124313608,-0.8484017780751574,-0.17176218146155772,-1.3715860071084633,-0.006355148071155947,-1.1507622250908807,0.6532630979094087,-0.619612620371566,-0.014175767004792728,0.5916484497012431,0.4276143693866757,-0.11085069529763344,-0.13516276846005915,0.11648402876701154,-0.054683088614662166
4.788171906921949,-0.3993774193108709,1.4568447205095176,2.215158848103222,-1.3309653530396965,1.2528178961185836,-0.5935434842816347,1.3059541594030704,-0.44390535798758685,0.9646572971078806,-0.17668142491348346,-0.003329114627081936,-0.0902020854820837,0.07598175789641363,-0.06030606708608894
-2.400259614131425,-0.6930924019499308,-0.2755376675268572,-1.2149758172718657,0.5434342599187201,-0.20551362262108597,-0.1973494430073172,-0.3982392227760279,-1.4450625600546734,-0.45806565995009335,0.2577228071309152,0.11212176991792246,-0.19542442361630286,0.04903031027924096,-0.03609877962795287
-2.1332224603998746,0.39504416686247645,-0.5641733642977358,0.021070254230169616,0.6194530050511499,-1.0168544458956055,0.18348939002048764,-0.9750947668944996,-0.22242137861678285,-0.45971759772046633,1.0897473186836433,0.026843185432157024,-0.23633283066130079,0.09451641198267575,0.736465782852697
-1.0084017285353901,1.3044917871530393,-2.4203334646150987,1.5043667597476384,-0.09153516031073572,-0.746651288899598,-0.8934108159560162,-0.23592170640655397,0.3320909996352597,0.4831181266213825,0.5036747316662538,-0.45116219541533376,0.07972825337998271,0.013033088340447974,-0.06295016377891532
-2.4604314591065366,-3.3552316353536753,0.1734624236424961,-0.845837076851924,0.4288634495438129,0.5244323632847894,-0.03065551921145763,0.2996400599579715,0.011873487108200326,1.5571618567112844,0.38730745969234504,0.042402183992282794,-0.0630150945755459,0.04570683820012185,-0.13966546385134926
5.07319259851932,-1.0207533338523196,-0.4964580588090899,-0.6503243075838495,-0.3382929119645425,-1.384985121532988,0.19976946292774483,-0.08177727909333798,-1.0087285791558467,0.4925272716642794,-0.1626884382918093,-0.1930412636571426,-0.10239059649847136,0.06019388914073276,-0.04810162974791735
5.073691863243901,-1.0830930693729939,-0.28728789619165185,-0.14618655285648724,-0.3225355598265286,-0.9009922164622355,-0.4147016362136109,-1.0502833365716597,-0.5674102435278434,0.44732609627323006,0.027497801466598186,-0.023320528042762495,-0.0801780194033094,0.04274362269774168,-0.055859065352742335
0.8322595577945253,4.941333490351864,0.36804364264459183,1.9098219450960918,-0.4519385767882552,-0.255733152143068,0.1568049694310709,-0.1387360419854372,0.4882784381827572,0.2559768425006159,-0.2531149209841763,0.06345098573606756,0.3008131275543708,-0.3840693502181161,0.012459522449821854
-2.840655151373246,-0.08687202891659263,-0.3562512750771608,-0.8954167395342281,2.5226509398003056,0.38299471776049465,0.3650686456690867,-0.43957353746195915,0.850102448489793,-0.5501202954158639,-0.6310227762937621,0.8644433651567023,-0.03692559917769805,-0.20131700201050512,0.07181832677040231
-2.4713578606351314,0.13473661368050704,1.8482891144413258,-0.2326411876717071,-0.82839233049435,0.9436371250433471,0.1895809208675562,0.37387679700965687,0.826205799770299,0.010858715069016488,0.007215799142579603,-0.013841976410172208,-0.21201856941411779,0.10201875325989186,0.0068105474126948454
0.3848687290345021,1.2999789766301766,-0.25983539140058665,-2.2278104805497305,-0.8258476520501746,-0.964483007726946,1.0769772017032986,-1.3249535205059888,-1.0557889355215329,0.1428189300510269,0.13467148079764735,-0.04548489373214251,0.29174568924421646,-0.3413367366080225,0.003083124784358869
0.12252343871763172,3.6798249951879574,1.0734599977971244,-0.0659813510028841,1.581011649002804,-0.3427114872336313,-0.17438289726236145,0.6281855442236877,-0.44633525306579097,0.2181869490648742,-0.012823807967953647,-0.17473199874949905,-0.5842918348843715,-0.21437033969294,-0.003063238649807953
-2.465196713449893,-1.3481727161221324,0.13649802184196957,-1.388195370559825,-1.234456970504163,0.50945083814249,1.1472405268863044,-0.4478883090013733,-0.6621890922193907,-0.0433392951480123,-0.21536853633775616,-0.2012085746481078,0.04196322460025739,0.06754704657504741,-0.0023211783755895084
-2.3694100760554972,-0.33006132237205144,1.9139912085886606,0.2511905117940524,1.9098602616638845,-0.27771667068719597,0.5108512744090997,1.7172256418100993,1.102105158307388,-0.49955312449405814,0.3905612425872782,-0.12509855080950857,-0.1393247787418248,-0.017401910254714326,-0.004753487048168137
-1.2540901933295001,-2.607346736878549,-0.5006956602954107,-1.014787299836979,1.9237695456038941,1.1279853456046576,-1.0404037948135754,0.5781803417734461,-0.26292484833742863,0.2629189777389086,0.19303566932288627,-0.010269215936900666,0.3580063055993118,0.3576305464346831,-0.009379789088921488
-2.257167068033338,-0.25096367262364194,1.1787393896178506,-1.3673121871205955,0.007471093807832119,-1.9760286061595842,-1.7014821021438327,-0.18067897480428674,0.613837083338655,-1.3886237698107642,-1.3585927613327413,-0.15774994161035663,-0.05014997771116663,-0.18420051712584282,0.008561127923036257
1.406131559233236,3.0526246676720503,1.1529787405718155,1.7640445242751357,-0.6394534150897891,-0.32818836300986975,0.6113328812371586,0.1489295762158373,0.5898831925199656,0.19294296601916594,-0.4521767924374515,0.13847872905127528,0.0018424283216634807,0.3188030316957291,-0.04353644229702588
-2.87329870222543,0.934115080688861,-1.0136491501310614,-0.1927586204747789,0.21104380622424163,0.04603278158261226,0.15669417347351308,-0.7055507705498141,-0.3455694499679742,-0.4983368217868133,0.4102294466648238,-0.07609134197940351,-0.003443222618472297,-0.09740435752075838,-0.06503272935914786
3.916692070237487,-1.1865542421759105,-0.9422951315059025,-1.5351692205730079,0.34538154133945237,1.584194899682522,-0.3197272859216289,0.20409066206576687,-0.2930509171069126,-0.6423159587317904,0.7518714755023548,-0.03607160691729602,-0.11208837491470171,-0.065983607245688,0.043453032683187356
1.0845679681776894,0.8653170773855579,-0.06919884961508574,-0.9190008706043576,-0.2420477177018684,0.5865138647008974,1.2254116168811442,-0.3556424425026541,-1.7553459952057797,0.1785320687620936,0.2064776073767876,0.21265885786958913,-0.026976541831648056,0.3927964483228653,0.04742179763827574
-1.345575276999077,4.1521813720153755,-2.1239104678259513,1.9645433351405013,0.47015114545589254,-0.6352609975717765,0.9098574730925711,-0.9168773608050667,0.8750066490327049,-0.31627925542463653,-0.2401656158193181,0.012549510595091268,0.005970731919374028,0.018814049910775052,0.010490601484194177
0.49101572067658683,3.193532120063614,1.3072549666528983,-2.373225612960386,-0.44427910803400106,0.8284251668220992,0.8690683043023641,0.7131361038622619,-0.5213560445090624,0.29045642852368614,1.0211392898879619,0.012584087836042868,0.20804091039247485,-0.20299527365545966,-0.015793189237557022
-2.4624713644168836,-2.2163552202351404,-1.1007393583948553,0.4565479589628393,-0.9233542504854589,0.7642764147732541,-0.04304283530285903,0.5808966927619224,0.3582852559034799,0.7833104658785268,0.2509686909208927,-0.256234813543876,0.21218118565401978,0.2589404281471068,-0.052134353175467434
4.540652560028812,-4.069066366966442,-0.07129851575844483,-0.41014324089042986,-0.756909082827559,0.34955891124167726,0.3733825243249663,0.20378877340089402,0.6855329150438487,-0.9902441710596079,1.182751327357638,0.09772195343629403,0.12827226820744472,0.07587744863913419,-0.018679376428089173
5.030162600035309,1.4802934139765247,0.2561398073968165,-0.3801828541113647,1.4331129868298467,1.4936568511707429,0.6433103564700319,-1.3808201591579876,-0.9787769156637833,-0.6706742924173481,0.15074945670274315,0.800114608313801,-0.24004692627479143,0.08234025257341963,-0.004389291997351584
4.14250178226102,0.53188315131998,-2.0555731944430606,0.7365647150814145,-0.3909218787447559,0.9070059878086192,0.12832010412568365,0.8123594079109193,-0.24429988077643333,-0.5367508785605304,0.3347088470950672,-0.11638103160293575,-0.12778099885842656,-0.0996046435561729,0.05434314400601829
-0.09853023962674223,-0.9965610806794974,0.9734253795163239,1.015817624303051,-0.12740698311771081,-0.40604230963890997,1.5338943218405616,-0.8244883174559132,-0.7878653354997183,0.7655428860238873,0.03180531019645588,-0.061222586655010375,0.3760609988864458,-0.41342148589372174,0.004863545824717706
-1.774698488195575,-0.695661016578737,-0.438057019030753,1.2331502629292892,0.2833129055500474,-1.347297033630725,0.3193425698424981,-0.4899610981145708,-0.28509008248661033,-0.6305242778235864,0.5345941501425433,0.09492709020498752,-0.005216415056761667,-0.06178846323156214,-0.03961257875041732
-2.185450709355216,-0.1319919563385501,-0.7943232264931126,-1.7254880809888107,0.28712000642544777,-1.1574758321067453,-0.17909193864766734,-0.9357448069031955,-0.3076249883208602,-1.1808078809835454,0.7140169660255432,-0.061685462684997555,-0.16539298547054504,-0.010720918231019436,-0.025532699409891706
1.1394889115815796,0.7512002659122494,1.6787881265975437,-0.5654581279592452,-0.9376712599311215,-2.5271583184173414,-0.2959152210204301,8.726465898746538e-05,-0.4126570439491836,-0.376057327014714,0.005274274477942785,0.04753884236087569,0.014781691772043457,0.28496542893149374,0.0741917158206508
0.7256005378480812,-1.1369196895061566,0.559117917466553,-0.21745887743849798,-0.2264301747344275,0.08615011351461566,0.6881998590020013,-0.17145899531769446,-2.39273702588458,0.1970551029740464,-0.6325107202152643,0.18602742839601386,0.07027711544310078,0.26943241227842585,-0.9299750004564871
-2.763508111075078,-1.6417905105427972,2.488059353471033,-0.0526820175603438,0.4155800548841037,-1.4491658040202444,-0.175143267130864,0.5304072134823572,0.7735462131293782,-0.1844054377555562,0.17615346834660406,-0.12588858266946149,-0.12179668691609909,0.015027835222001198,0.021767553892911753
-2.4007834967220076,-0.4993959125571852,-0.6448723611316167,0.2250347169385849,-0.6889720505374785,-1.793028281488979,1.5027718057475192,0.5652911275861487,-0.7868879540165761,-0.10550809815593551,0.07766266814092218,-0.28459892636516804,-0.22853496293521164,0.06063394159511318,-0.02560531086873428
-1.3327460076053996,-0.11274182896690943,-1.5925039935265481,-0.35459953650303677,-0.23178507101890466,1.0431603641194118,-1.0524663894577244,-0.47570236502994023,0.13899986839309164,0.8084756101715143,0.03258289058676096,0.3699528109788267,0.08706278073542906,-0.04478357413402374,0.055100637620193633
-0.22803406028082085,-1.5486380526261345,-0.5654275349220714,-0.49124925190671626,1.2262956734350807,-0.5206060034603885,0.014916334664680037,0.45354640870568647,-0.008323704113521124,0.8207020343189562,0.07799632213538041,-0.5935232518918715,0.040197588009538446,0.13359345749607104,-0.0023224336015193548
-2.4700292441770615,-1.441143126311724,0.35826908675553576,-0.3035261629935801,-0.35206625139086745,0.9642237813922443,0.3543098625978497,-0.96759787071596,-0.6064650138377174,-0.08785828887875374,-0.032984921314491225,0.05049723278859103,0.364626300133279,-0.01375922254340465,0.0076268531303870304
-2.232352539633961,0.6333077742771922,-0.8687131318502324,1.9639790560284804,-0.5062841994953508,-0.9354075014688681,1.422132228965739,-0.0489289666121863,0.02272715585411081,0.06169105290460605,-0.009011704211149489,-0.15129941282142537,-0.21530643748379927,0.04766704711997681,-0.02230821696398619
-0.7670700423026682,-1.1048706234472632,2.677533127909555,0.6241988808185667,-0.6137861654883024,-1.8347025312472076,-0.6200226903343355,-0.05298686729132656,-0.7159824131168986,0.35297919019579654,0.44923147732648916,-0.029685687704968183,-0.5170133175449061,-0.3200708697436072,-0.02620357369147782
5.544582977451128,1.7376266767887398,-1.4921060228232583,0.1703100592520579,0.049458151681611606,-0.6936242807129349,0.44840750464023416,-0.19583229582354503,-0.3747350286037244,0.5242185136709034,0.0014299614799259328,-0.07699649698631192,-0.15329823487560215,0.10752955417111405,0.00799913486331881
-2.3789673122586596,0.09891114666971346,-0.8347486838593989,0.995208043846582,-0.5921703176226111,-0.7322505709036596,1.4531130300648687,0.7350177078350946,-0.991336044693103,0.019172177469081904,-0.03390155776174361,-0.24017346875893839,-0.22725091508394252,0.07295195280119497,-0.023055887402591135
0.7636756393010589,5.340897627443118,0.21813323746513646,2.663341844406708,0.27824910269207354,1.6468779371476736,-0.4974048186265413,0.48840653026807596,-0.8139139049430353,0.2587029237635597,-0.21463935607995,0.02735458791384715,0.3154861993982209,-0.34896543240753564,0.006702520930730127
-2.816707947568212,-2.768761046267654,-0.5843979253498127,-0.3281344764731996,0.108118486048222,0.21348884367999266,-0.6482321850089624,-0.2192913806852021,0.7885346447248713,0.7142295377957368,-0.09292459600782027,-0.3908057259012223,0.03509625565211105,-0.08404511373842122,-0.021567855624848555
-2.198199452245445,-1.488806855907272,1.8692791634955184,0.5310044059573642,-1.6554299892106132,-0.4755772008064786,-0.29777660192724487,0.7094596966068452,0.13642508601216086,-0.5226468261655501,0.04329756641426074,-0.09776760663557713,-0.0325533261706736,-0.031107730276222174,0.021904798676900504
-2.1580681557141754,1.199802995750661,1.6489423198392401,-1.0275983891367044,1.8151974707160141,-0.901845028061884,-0.17925459075966785,0.22712286782077912,1.450853788299592,-0.3827269313800619,0.13323267140744552,-0.037857102456107156,-0.1645958716970368,0.06574888396085225,-0.055916748051404716
-2.876963767434129,-1.6183956615393233,-0.9711073242572672,-0.8589716568811641,0.2320867591437796,0.6461773115188896,-0.38452696648501206,-0.002002149932563993,0.692292327166901,0.7650476369193879,0.14042545779164722,-0.4633693007251236,0.4428354052024581,0.30148687183981115,-0.0021618360910119795
0.9246140426408691,-0.3331905916512944,2.7428664081961367,-0.49965503608639245,-0.5625601999760322,-1.1167126105617626,0.5337286180159588,-0.2721674460575116,0.6438211142372378,0.1637694330428354,-0.18343328029301614,0.16649635429239407,0.03740605517243656,0.2960542130409323,-0.004649964757453935
-1.3065844413677012,2.6242924285915765,0.5784789666301842,-0.32777512088176664,-0.21283936774525702,0.5110436573581576,-1.2412240593185793,-0.6250916172930321,2.239050133111339,3.5944785915370767,-0.7904109777031505,4.214555524367963,-0.1574787386809855,-0.1294212079128777,-0.2082471286859759
5.192523354688696,-0.7848773472398826,0.018532208761601998,1.0164703622664406,1.9866656146219501,-0.21038610751450193,-0.43764338999896,-0.6450837406556531,-0.3362641929593823,0.6006780092182411,-0.828133740180097,-0.12716022349936298,-0.0075754545274017565,-0.012830082078962822,-0.03436828026420587
3.806210696029861,-2.100003580817167,-0.6576069658184596,0.10299305158987493,0.1919454453060041,0.33592128727894655,-0.1397789868737222,0.07784038933325133,0.34421311123337833,-0.4820800343936318,-0.2154585720605695,-0.09579129255494542,-0.038677849619083084,-0.1930292059089192,0.0966348150100258
4.354752354353703,-0.3495607824199497,0.27203001469466687,-1.6373232546976333,-1.5199561148194305,-1.6102251553304172,-0.7690048391498617,1.3018477931437347,0.8702870743344826,-0.8447305440025719,-0.5366144676515286,-0.3048782740077589,-0.24491267962759752,-0.030877098048635882,-0.2240359296342748
3.9928025516682344,-0.6020920200167257,-1.1337972515105934,-0.04496703152551068,0.4294877830565429,1.0691220242235637,1.6480641059185412,1.522633086640453,0.6148957639431569,-0.021037764448892955,-0.3130268297577128,-0.20584498501123547,-0.11429312818712442,-0.10220492900726844,0.11422394973877906
4.2279587862776005,0.16676485664768204,-1.2988087873833143,-1.7299677759845014,0.5701184476089665,1.4742745930605516,0.006637782875014847,-0.2877172473897853,0.7369468443921112,-0.6283024345758628,0.30271056091257037,-0.012257018238657491,-0.11889399959892805,-0.07336136339592028,0.005550760735551653
0.40123689040667143,1.5500261364487482,-1.8321743659205245,-0.8164431033411257,2.339058853974174,-0.3225233489838073,-0.8341201414112355,0.023896071294819743,0.008401705014621064,0.35910387495613466,-0.06001216627882769,-0.50745013901705,0.016452085241071043,0.1457780036393409,-0.0009746521605971574
-2.472832469615339,-0.7420965311797847,1.870133272182538,-1.3800675567975957,-0.1844877762543855,0.8689225050311595,-2.161617825642683,-1.080852473960981,0.7391148517359953,-1.154343756970318,-1.7969887677986733,-0.14325229023541905,-0.0028076211132949808,-0.1531081146773011,0.015622131844093522
-3.6099585887574714,-2.3544654298833585,2.3502542889584683,0.2177613466135344,0.7558734257042354,1.3696140711906883,-1.4627215026288303,0.534821303425089,0.437969277920954,-0.9886432827611444,-0.36704102215249756,-0.1298964557338407,0.03259629822558689,-0.07547138842443334,-0.0053390034568457125
-2.642878401470207,-1.2363950521601281,1.6949953762450405,-1.1703115643136992,-1.1813062945175679,-1.4707342666034988,-0.4374940021618505,1.1662657430606396,-0.7055511802086203,-0.5034376281486043,-0.0699074695578822,-0.342535514785558,-0.1923639359417143,0.05117862146605319,-0.0013921470548584882
4.890987289424091,-2.060517298299387,-1.3158752438289543,0.4964821540726856,-0.31503975213324587,0.3951842239084413,-1.1013344197428832,0.10806321753537593,-0.23863484792172857,-1.435149751486152,-0.7196676664427608,0.055492439345207395,0.2109807243884113,-0.06097814789653739,-0.040018350611892226
1.2779119242591115,1.558558217451444,2.0391637954092454,0.33182227785803087,0.5810937581742894,-0.5152792126797912,-0.27547396051706774,-0.48755275207814064,0.44702467764011633,-0.0938077847509426,0.05732668980620336,0.21753915240144234,0.034828648538560214,0.310884529357253,-0.05991635168122537
-2.9580852377498448,0.012803497402639641,-2.392209458193417,-1.3428666389697606,1.3116989669014645,-0.4900901683415966,-1.6054425042275122,0.7185617949244087,-0.3551802381632377,0.04617366416196936,-0.7252449506061477,-0.29615969266196485,-0.056646428833787246,-0.12617153991896735,0.014029075196610723
1.18453403895918,1.8977900780953512,1.814549718624867,-0.28518410777855596,-0.7207144118267118,0.7284330861798602,0.072809333460519,-0.3047779311097464,0.050992287190844504,0.05050285878134615,0.32395532125156734,0.22438382478293803,-0.018275782272248582,0.3948975805655297,0.04284825248034058
-1.882968941830599,0.44526459503492544,-0.5995283996086123,0.16950959968152413,0.6604550867674621,-1.6511470999133513,-0.20239970903929647,-1.5873583148680277,0.20672411032027285,-0.6411892314125427,0.40664552595367726,0.059227491206880506,0.06334450744577119,-0.02468569690463676,-0.06877194187878966
1.1775108036938269,1.144867190761392,2.332212515913066,0.17046576271421865,0.906569606473787,0.3019798800768905,-0.6029065931251247,-0.5455838334872156,0.1281439846134153,-0.088829417084464,-0.1184884741184268,0.1846879673932564,0.06069904876376769,0.3128724834899403,-0.05845369655658466
-3.1029895133374854,0.09069512752520259,-0.5858342120840185,-0.8937387276309633,-0.7161268014252203,0.8442849674873303,0.6703469927872786,-0.6894522488323311,-0.2689744509026089,-0.24678372939083296,-0.07446769209063629,-0.16608014104083388,0.00306747205182345,-0.08010754852569907,-0.018312567028364556
-3.008381108081518,-1.4960006603919696,-0.00692846476158418,0.2774167739037927,-0.10710028979476649,-0.49179461580533157,0.9042557387141082,-0.9326139581393458,1.1108380774376139,-0.5032635602497795,-0.022248252997033535,0.03820834493177519,-0.10955765571580756,-0.10351540755063426,-0.02492984394563284
-1.6703023240210801,3.435738183932712,-1.9674105668108526,0.45906994192696704,-0.3324810833182812,1.2647559261837658,0.9711144651477808,0.008433749180438835,-0.7300369470141697,-0.22201598937237677,-0.33724428553960095,-0.15806501217727456,-0.016242599142164,0.10744068684180748,0.010570478878233727
-2.4912005727171946,-1.218911341165483,-0.5218012857198366,0.5430493892752184,-0.17798495657118651,-0.24652122068472404,-0.2117146707566886,0.7477600249963441,-2.835032029031463,-0.47745766926066574,-0.14952266068885248,-0.3856050175989474,0.37221159238874396,-0.02869908245339918,0.0011006670359656103
4.363873953978667,0.6126943494468278,-1.7318090128248562,-2.8691971368271307,0.782727866076736,1.016187825557303,-0.9837616792440033,-0.48224435175006913,-0.027868384155653902,-1.098704687302637,-0.09817778908233424,-0.07299024086912173,-0.10061118919806548,-0.10274403573156791,-0.0016556628350457964
4.637057588256674,-1.4636307289075052,-0.42058087314936543,-0.9289984863212458,-0.2565467286215757,-0.7868484312646608,1.1029649616700035,-0.033526355028339186,0.02409071064336407,-2.5819332864748703,-0.3201946889897781,0.7067193897309154,0.018990289656051373,-0.05771037724741592,-0.044450098200424025
5.09547871406231,-0.46862833443770935,-0.43480922689393053,0.3075876910182582,-0.09738284396535535,0.4066693806588997,-0.4784017535339824,-0.883245517447113,-0.7834225587067991,0.6047082754724109,0.04118625663535599,0.19981428146717337,-0.0912144851579657,0.05644129796034619,0.05173044071765756
-3.381522810646888,-2.2455684815645967,0.49021193174496563,-0.11279302376226535,0.04048916471315622,1.149972226317204,0.6187451237932052,-0.9132022991422264,0.5392947022918816,-0.4628002770044598,1.1753884252879407,0.09659785602739945,-0.13089499578025637,0.005014099779551445,-0.02735421703867666
5.6576295051033085,2.3841702943153837,-0.10969339035911005,-1.440085175515153,1.8323879697051733,-1.835212089405338,-1.5880863360723214,2.4087906198833373,-1.7858060839877492,-0.2726853532451571,-0.8744838765751793,-0.540417350852551,-0.1048519296513855,0.06480057856152065,0.007776375724332577
-2.406253271873542,0.7533483626845094,1.4289926005317413,-1.2827760225751028,-0.005135280979366885,-0.2530397939024238,-0.36205886573501045,0.42567287659649716,0.48547179879336855,-0.3607447425284416,-0.2533338731082583,-0.08231110288584778,-0.16814410874951952,0.07064781155407145,-0.05283271529505695
-1.4827520368225424,-1.6187627537794127,0.05298364227932045,1.2197753209560434,1.752940651967489,0.8600559837421078,0.8296171777540462,0.6861325470536388,-0.32330847124156553,-0.9412325298423854,0.19015391180637162,-0.08121908831436661,0.024880845215674838,0.053845762186417775,-0.05567080981497414
6.1290643501633575,5.558792167980197,-1.0259812318833283,1.278063174637234,1.3141342427036982,-0.7873189053752292,0.2236765151972243,2.2485807706568433,0.5140151493035321,0.4516024741879978,-1.261994809432426,-0.33438307392185085,-0.16111029732138626,0.09044102972878658,0.03413398213572804
0.44957717097347594,-1.9090709266797683,3.1130435869288835,1.9000326565126489,-1.3104629712348035,-0.49620667321920886,0.4857844716431742,0.5750987892441743,-0.45714379789261034,0.4614785268272492,0.0763643381093003,0.06230102015464975,0.068061641743111,0.2835602858498985,-0.00984668443122471
-2.293945161186362,2.1281353725305214,0.6628853857248524,0.1516663408177933,0.07202518111784995,0.5206648370988711,-0.1738599806154408,1.4415836192621512,-0.30860956035213555,-0.27559165098392097,-0.36518929616568885,-0.2845576176197022,-0.18661022320953552,0.10940051745861222,0.08820923272182894
4.925024432667632,-1.3746371049484858,2.2807422811090254,0.8244104251569568,-0.08668482998440386,-1.2316364923649885,0.5333376372532108,0.9588160530751593,1.4777115466141506,1.0113503403099053,-0.27291237180877015,-0.11179193221939751,-0.08084386743798717,0.03567759048796468,0.013354778588855344
-2.6441765535800488,-1.9217829397178297,0.5851273154158954,-0.07247238276362983,0.260114987219777,0.2846024888524854,0.7035661026102906,-0.6204042903957951,-0.28380367429730385,0.09395055256288246,-0.8252374380034153,0.018762886312348043,-0.12882539620825167,-0.014335603326605884,-0.009334340331266547
-2.6255463084716797,-2.012960979869989,0.8528932008981183,1.276095725813561,1.9928723265673436,0.4068865133084021,0.619141872150626,-0.06929651297891609,-0.5338116080299284,0.09559353136276068,0.15697565491357657,-0.155659792872867,-0.12697097661366002,0.034112124670962085,0.02350139383673036
-0.22238816569555464,-0.8190390554530772,1.1349057560385156,-0.49276876164858235,0.0201686971097903,-0.6379992950445789,-1.292920463031517,0.7679174800202597,1.1633824209314274,0.6123550348517488,-0.13956328095857531,-0.5237402308716096,0.04612059718476047,0.11034468487146522,0.09031082327831572
4.1136903039369965,-0.13470778940512373,-2.0619577900887816,-1.3757487175182932,-1.3115078675984941,-0.27277864453796075,-0.7111003177048222,-0.04998555869257264,-0.520962689014038,-1.0247748880253964,0.4526070924192269,-0.09176921999034413,-0.13100784950960243,-0.11581098387774234,-0.008977812047645285
-2.046877341033725,2.487470125010887,-1.2792339474145042,-0.4248400673444741,-0.07619934236505543,1.056065208168091,-0.007325289139226776,-1.6273947897343615,0.03990122927685871,-0.3591136036649044,-0.3244407857585721,0.0017475228746308413,-0.17949447304964533,0.09893286831604219,-0.00471624766150101
-2.4789065647657953,-1.304553833778098,-0.2184411039863887,0.1326508473147477,-0.04341156489328679,0.17544274642522106,0.11275709788614124,0.19678120771192015,-1.6880980758277844,-0.058449723069848344,-0.29823963341765025,0.7658219117412489,0.3503227882379179,-0.13593946186553774,0.011321008827054606
1.0999006215159413,0.7709065547769061,2.1143602990852783,-1.8650170414345313,-1.3988306189917803,-0.4999351440851292,-0.522318024090836,-1.188878700252064,0.24666468494574195,-0.24511346384392121,-0.952872626049938,0.13210595690449878,0.0513726415854788,0.28756124651378295,0.011435954825811945
-2.758314648760725,0.36473843324433197,0.6334329754995287,1.0912357171221159,-2.2431764361187256,-0.23229392387501802,-1.0739258834930883,1.431810279014942,-1.7539483738316566,-0.47561366979522773,0.17342036439692568,-0.32321720245617636,-0.17691433460341344,0.08159629702242983,-0.013388426639829991
4.377356908823632,-2.006872776357998,-0.2413494570504673,-0.8104153962141114,-1.6518691085510757,0.9095347977227717,0.3701426449186487,-0.6945405572612802,-0.6255371449223284,-2.6303803470529097,-0.5779327091188006,0.42369574727162906,0.05158952682328205,-0.014892306304801685,0.09058436374811166
-3.419863572201624,-2.735759121986138,0.26791442206510757,0.22995744089351755,-0.20995067008822332,-0.5706587650990208,0.6807043370513695,-0.33472854756099374,0.17372550991308386,-0.5737133382841646,0.2395074408759619,-0.10341346795321718,-0.08960042545662138,-0.09031073816436354,-0.009533363010540818
-2.3280482240792293,-1.0714961140056418,0.16695703664237688,0.6527479176222992,-0.04276395178592407,-1.8422085113607585,0.29153683921029205,-1.9647968982216615,0.946770877082322,-0.28500673508512875,0.7259463193888813,0.14931846058344428,-0.1783630344976292,0.0023870271901499096,-0.045036449709252184
-2.487915830573701,-0.4644545047658918,1.5875651614630195,-1.3598724810242329,-0.2055739387310337,1.0710300236762085,-1.843858108464236,-0.20982494105893978,0.11075916233189026,-1.0764895808628103,-2.0093526846942704,-0.20869859439843055,-0.017338837139539785,-0.14106528572225197,0.021810393150591207
-1.1063388386962563,-1.2276363749270864,-1.0781691531135473,-0.4400817102828393,1.2767065159984212,0.975086611724107,-1.3716565654724038,0.06743016063750193,-0.3935506858613013,0.3242263159324821,-0.6654546856038721,-0.5330661130314385,-0.02906885990542836,0.029997210959754272,-0.042754817702587954
0.7870113764723392,4.172749102500225,-1.3540674828816839,1.8506122813739811,-0.5106489967045175,0.042145188826876234,1.240241505738618,-1.382408553439152,-0.2167352537618965,0.4556955267216165,-0.2958850460798002,0.06134884542394142,0.30288513100027004,-0.3772532964857884,0.015873373776261676
-1.5709907644588843,2.2483148797870767,-1.333903174242943,-0.860397978412182,0.8157546062884024,-1.2980202923024111,-0.008228854578279592,-1.407482022211404,0.1436959201480485,-0.7567618502564446,1.6364410055119307,0.3449421945348459,-0.04487182223720902,0.08244011145809617,-0.04311683525762429
-0.9097853352793979,0.910938705091972,-2.4578651905756073,-0.4614561205734631,-0.05761863954712154,0.6860723930533534,-0.7441953707186305,0.025304310307773054,0.6762763394658349,-0.07609969723961613,-0.6265235581935736,-0.43912708619469076,0.0435264262432624,-0.006354607042646586,0.018964337026953448
0.172097707417612,-0.7207656638904651,-1.0415327384010507,-1.6246145737468949,-1.0513454994129288,-0.1618203153329496,-0.2335642411429317,-0.5641191023843954,-0.09683155661078713,0.7696044880231983,0.201594859121039,-0.4517966106132013,0.059758085617162116,0.0869520417863081,0.05286471186567342
-1.5818124688040451,3.9898427283627824,-2.3553552807724074,1.6708888655850649,-0.6497058600908193,0.8787083041401265,0.6244521548654218,-0.28229310899224835,-0.6422939442617106,-0.3114463395994325,-0.29702736515457934,-0.14680653535602942,-0.008018377238376978,0.0798923459150505,0.0063612341460280684
5.301501222715723,-0.28555168845102197,-0.288537732914137,-0.47976048222508155,2.2245672032814983,-0.7735127161888369,0.30690820295674826,0.34123785219156894,-0.7723129117217338,0.5304921995707232,0.4480896473877083,-0.14139938588135956,-0.11138802213597768,0.10469207418738748,-0.05563388367294832
0.4120623962349774,2.0186043803893776,1.562050881531964,-1.3394078697573601,-0.6726789230453077,-1.0470010811316537,-0.08528562663643383,-0.2823652006785401,-0.10253538777292165,0.03023806994505105,-0.09722899468154658,-0.037369524769177015,0.3176393656365876,-0.3781471527687859,-0.0011860993725620241
-0.18885619584790803,-1.3589737377138493,3.304103618155961,0.04384801562904861,-0.615874171146506,-1.1185194189994239,0.1940107590491017,-0.6360751021775932,0.4997756344632933,0.4724055368697144,1.2070519510457756,0.206784018170738,0.34496086290165623,-0.39079732421396907,-0.02430930012921239
-2.6310809689704784,3.383142550757745,-2.3558908400296206,1.4795313025847676,0.0005305502097807113,-0.6294212469841708,0.9828883531056137,-0.0610020198904624,0.43726436643355204,-0.4407864289374771,-1.2528329293541753,-0.2895522666137613,-0.14536286194470419,-0.03979371840483688,0.029796189386192357
-0.44871119062676135,1.0582151269870517,2.0844213489158037,-0.01087031699574803,-0.40607429230742276,-0.2818823488962572,0.4722686123228327,0.43157963757729084,-0.18054645103215405,0.6459813633690499,-0.34286585045261875,-0.15556587693279508,-0.5568919459158608,-0.2485885301869425,0.0285172692219747
-2.62879371589633,0.8353824892554913,-0.06368165661555232,-0.3504756186188195,-0.4962747610424625,1.0129118428697135,-1.650344940980612,0.6813885957275081,1.8719627247543102,0.4945892825740947,-0.10773077763123687,-0.33193996994817065,-0.04930362315651931,-0.054941257994336336,-0.04772681989395257
0.7107070092379386,-0.9689805947920986,3.282885701734299,0.06206112552390736,1.1124728801208519,1.097719983630991,-0.18410718643683993,0.435308471565611,-0.7258856479905897,0.21213181338836457,0.11419751197866661,0.0548631231614474,0.07598767806646031,0.34408623087062223,-0.07344430712089356
-2.1756929970497643,1.1695048220326387,1.281227631878085,2.178678881330579,1.4551709389872378,-0.2025587997715691,-0.8279937991457634,0.8663723426249457,0.2538178994818366,-0.34395761029556454,0.235021447608657,-0.0762940049548668,-0.16674067465766537,0.029908965407663496,-0.004644181613559079
0.8949460378193548,5.091603034364859,0.5767576106622998,2.126629753569703,1.0746815241218055,0.35322251622687717,-0.023681455904171825,0.1384868842862053,0.3350914562247961,0.2598066250098632,-0.18932950540224042,0.03876595334879196,0.3199549001658517,-0.37560336536219013,0.01190368116166722
5.482849961392988,1.1932848436942054,-1.514757066854496,-0.09007032189661834,0.37386387073463145,-1.1911611002046183,-0.6200954722230254,-0.24103865530481264,-1.3399451471697652,0.14044075573066211,-0.13351834205323027,-0.1866987363084546,-0.11311712083008987,0.06765312852214751,-0.005776390637268782
-2.1082629595719045,-1.5389475841755578,0.14637246359519013,0.0385773090481073,0.421680905714172,0.17788960822931865,1.6964673520017486,-0.09824124149125024,1.0518995709908834,-0.5753535474447107,0.0031110327827623754,-0.012561330033096063,0.4655251985145552,-0.9119841673594447,0.015018913710908764
4.818477907738872,2.1356485915923935,0.02568047786876876,0.37002579229019705,-1.001319000068582,0.09988469862176097,-0.8396134031366889,-0.7563278125859909,3.4180209170873046,-0.5111178969643477,0.1847667828000825,0.5042985922836934,-0.27870409842147204,-0.02789818792110252,0.005497678721133289
3.5649856987553687,-2.416126925016843,-0.5488133657797443,1.727684515942365,-0.5904908310492342,1.5859351930131025,0.3662346205132895,0.6291629145536681,0.04754790582701998,-0.07229708506072563,-0.035185369188085194,-0.12617065054171786,-0.046389279398082114,-0.15826887869898826,0.039171481581404446
0.6523324813960536,3.2711053624241884,1.4128102000033234,-2.2036342835862337,0.027249158823164477,-0.5125371336879262,1.113698943794775,0.20886774050927204,0.5994921634975678,0.2695502693797137,1.0527758458493368,0.11396997013343065,0.21414003368347323,-0.24999832488893303,-0.012918550056476338
0.407807021998722,2.4215958824095414,1.958514594561464,-0.5917405539976579,0.9597237125618638,1.7057481275328317,-0.7522059227771256,-0.48077162296211295,-0.38043504653231547,0.16455995412061356,0.04640380154191556,0.05684620921554495,0.35104120649234577,-0.33510761310347226,-0.005853779470251214
0.7706302215826488,3.1817555286024484,-0.3019043882021193,-1.9082872318823698,1.7198750852211857,0.1346758825160692,2.7915263385835467,-0.1431780206258318,0.0039685099384857425,0.6429622997297091,0.7680999121320091,0.004026420954730187,0.22033963999479672,-0.2306759011247465,0.003018799991218431
1.426844517723397,2.8149373713965855,1.5432452025129186,2.2969609646389015,1.1813821699273697,0.24424189035070842,-0.13585096313818285,0.07097050691245374,0.353894071218477,0.08855558765941883,-0.5497386555978637,0.12231504415917839,0.05865218406073214,0.288781593715108,-0.04505121974918293
4.95274907142119,-1.4332639922366646,-1.141571752440168,-0.26734370305605876,-0.802935470053535,1.763971428512622,-0.26176893803429346,-0.3866123267756281,0.799692472962557,-1.1115522649237808,-0.09936294115767413,0.2522878680680951,0.14577620252052342,0.03834280949997883,-0.044221108381634545
5.175699387865713,0.7029631975726691,-1.189279687304258,1.3124755218091089,-0.750624294217581,1.1465144208553908,-1.089228623537727,-0.8116915503101036,-1.6644717627087569,0.40376012630276503,0.6090486129518473,0.012270187377375202,-0.11797683159520507,0.12475130238583247,-0.022887306873302145
-1.140446789056814,-1.1014017053439633,-1.802633813077281,-0.2697855632880259,-0.48165933199231137,-0.5654980896848292,-0.4990749575547677,0.8607346324947693,-0.41406376681622564,0.30194132570258925,0.03785576433540641,-0.21474091613593174,0.05642904242302352,0.019900579343985314,0.025904219270633466
-2.3033630413176334,0.08015558247235588,1.1920906773939486,-0.7299577036392797,0.4755743534386416,-1.2236734857022205,-0.254304700245349,1.344203595746323,0.4230405181310707,-0.9378548716539505,-0.11094654175288163,-0.20661846778842916,-0.13926933806199931,-0.05203376571712455,-0.0013173439037616873
-1.7540645074816967,4.4377765943825604,-0.49136452767096284,0.1880062504186205,-0.9902842728873612,1.4221604471262372,0.02309495745476687,0.6453615296011923,1.0705020775466663,-0.7966306963265481,0.963646728059686,0.11262680486777801,-0.27812460986486987,0.12042091506331411,-0.024106610180606558
-2.9598388669756686,1.1396013673287668,-1.3370019988786352,0.12970500822554903,0.2784785749223827,-0.6476626160165583,0.42179798277919145,-0.6567280084212657,0.49121431478973043,-0.7901543951364058,0.3246993152844281,-0.0450227272200783,0.03098905805007772,-0.040094561696653375,-0.06005907823426021
0.8462173099700689,0.49165873354413714,2.2285802665676804,0.055351092195274065,-2.121110273721177,0.6904746918751692,0.7134395803437876,-0.045097205882204894,0.12650678456792128,0.40000642434093236,-1.1084873793997625,0.051476715056125416,0.03909990510319125,0.3170333147106913,0.02129037490058666
5.091895017468627,-0.914748101075915,-1.5562626155791328,0.6476741096099896,-0.3094124176977181,0.7141598541788368,-0.327533266514371,0.05606908117844131,0.5917726659995068,-1.25947970687488,-0.12445331499408288,0.0696019117202733,0.15343770731160863,0.015279498092144489,-0.0448342240366034
-1.9396856192838827,2.0178530038626548,-1.4086435696947268,-0.6114467426402292,0.29906278768771843,0.1282681118531135,-0.15288460116484365,-0.7171241270438709,-0.999633183587521,-0.6084289145675525,0.252132579119987,-0.09257186018446192,-0.235454261706737,0.11103508170038086,-0.013442498870999096
-3.619838803208664,-0.8714595621257226,1.5913526612456785,0.09085789967292496,-0.11726219498750112,-0.6188908381305317,0.36446470043890933,1.8099607909678934,0.4594032059999329,-0.30896599356151144,0.017217400663803305,-0.17659328649934206,-0.11626886699365498,-0.0033323830869732562,-0.05302506853848929
-1.8628241923369389,0.34733894300825363,-2.456948724678638,1.7469227593128795,-0.7678069737686771,-1.059442705507907,-2.0658351436937545,0.0476239662180549,-1.5562051393392413,0.5463300712440156,0.4526283002013515,-0.5006727635476986,-0.07090805221619041,0.03857370934640812,-0.044058923923050206
0.056263990450533985,-1.598566832534591,-0.23475563765179136,-1.0035860541886077,-0.028042358625013364,0.5028020262931301,-0.2558557616421659,-1.001792039836884,0.6510646181976949,1.0630798494101572,0.24778561056073165,-0.017814571996810386,0.09389432249633684,0.031106894600959167,0.08716538255509365
-2.783581068044879,-0.6200937629904086,-1.0742428005294304,-0.8624182679294992,0.0944261906366452,1.5903518180035414,0.9531071743607343,0.542607397058458,1.2290419786485136,1.2963209734586647,0.7176487282374456,-0.45591929631654904,-0.15249423036957657,0.1389041869708193,-0.0017679101866515967
-0.556822204219859,0.31148592585900325,1.3377948102804424,1.4272440638183386,-0.840120248496454,-1.2631386978644934,-0.28026212659145944,0.5192220830460919,0.44099772769894985,-0.6295646393150516,-0.3396293693220905,-0.010967525702933634,-0.07660494063795216,0.03661072406523454,-0.007819517094232793
0.2392127673904021,3.5528451123207456,-1.4521297609950887,-0.9725677420586312,2.0027167947147397,0.5838552044186418,0.32896940697063015,-0.6433900448017056,-0.5062394401227985,-0.7141489615152761,-0.6454337501883914,-0.028476398362320327,-0.24542792223903784,0.09955165794236272,0.005200019666390471
-0.08133697385383654,0.21118783948780329,1.6799684187617505,-1.8082045148383574,-3.071873760887527,-1.048536706459689,-0.5049923936542229,-0.03654986588402172,-1.5299374389973484,-0.02210714180763373,-0.5817827125940256,-0.1602945987601834,0.3390103791628858,-0.4068738431594701,0.0025344164204872555
-2.8220433108184357,-3.0708721131834826,-0.9950466827344533,0.21215732435970203,0.40822763387865235,0.3094766282354384,0.02323216471054214,1.4012948322731977,0.6389931832324838,0.8856149967365563,0.031181523615538824,1.2356281281485588,0.4406389586440703,0.3309166036481278,0.008894668952265768
-2.4279385983290958,-2.838140787754698,0.934865840170169,1.7118741830227748,1.0847139272609225,-0.2700987517934119,0.8761978686680291,-0.27909127743420065,0.12526610960608484,-0.03266920327916698,0.2874626447332326,0.1436908471659375,-0.3265481766791884,-0.029080288964101322,-0.011482525085944916
-2.0934806624487003,1.6188125721219446,1.372816312542239,2.4859323453807534,1.4400666107520463,0.1293441487498883,-0.03779298769696889,0.7204851806295853,1.2448409211641065,-0.051729695655178085,0.20325689067084854,-0.014957844149060706,-0.1840044753965185,0.048441561613287484,-0.027915640648376924
-1.715511168862509,4.342931236130413,-0.7496083169774277,0.284100869712559,-0.631602630935168,0.15072851135788756,-0.16424563722946459,1.1883432784979753,0.5267463338824202,-0.9995953587007154,1.021394866592746,0.060457476055643694,-0.2764514084549027,0.08638290554075205,-0.027938427299135045
4.963081420718112,-2.0028768774163783,0.5219361646783052,0.003687245325183053,0.38425389198554744,-0.5496835866407425,0.03165602993420344,-1.3044973694606503,0.31525214786201605,0.7461556698600373,-0.3944915466876992,0.02545958676332971,-0.03914237202993393,0.008252735468631547,0.01161851199084487
0.6754528955469299,2.8884378969791977,-0.4271394963352738,0.5500821353230065,1.2581000402306584,0.49820374889197616,0.36953514030205215,-1.780006192856661,-0.5275980068382908,0.22214409997418777,0.21485754618174163,0.09570082142346995,0.3387178166166138,-0.3644931999672569,0.00044353272829540484
-0.8261790274504979,-0.2786547976843966,-1.173836126169917,-1.6142774403104567,-0.3458584193898464,0.9695757354289061,0.10848116814933056,0.1755682310286848,-0.19387439932843598,1.054557397778657,-0.006735710838713174,-0.4577641086031047,0.05179979275291574,0.3131909057801367,-0.04641613050900529
-2.4460503761070655,-0.2755036492664944,1.9076617244405758,-0.1716577254074511,1.5438964848039287,0.16188560191758783,-0.31723589490587,1.744975483463838,-0.5540133811721197,-0.2851322344102024,-0.18666129291500205,-0.34739293871298804,-0.16522536717750946,0.0721537073465799,0.007052335784424659
-1.748630986556302,0.22642792838205716,0.23769027069881304,0.6085380285838331,-0.1883557054919146,-1.4343563460173028,1.2698317302456146,-0.8928513193142666,-0.7655887384272255,1.0528287110368089,-0.16418568177318213,0.01916142956131031,0.023532296020764384,0.48517739218741596,-0.0037631060094285903
-1.8577377787547347,-2.5287130739280617,-0.8722475738126461,0.6452713088807271,-1.0124605906395772,0.44513689937056844,-0.4842525512462542,0.7231593022260641,-0.9760874134094031,0.8958548890767235,0.05209694754464852,-0.6948730014610603,0.1331367031775996,0.018434006835799835,0.028755667011912858
-0.25830660729524335,1.9410890635413045,2.0065431335115083,-1.4474883854350329,-0.09346711294179755,0.31022358192027166,0.859470151758813,0.22441170074880235,0.31672396259941277,0.6573209414705317,0.13129328581309044,-0.04757776788062737,-0.612812753094796,-0.16996598022129888,0.05331875734873808
0.7246900153476434,4.967774941944501,0.46105805092940394,1.808131595288321,-0.5529538993019772,1.3233770077588285,0.035307633526541586,0.019346016541688632,-0.04049138953721554,0.3624113917683772,-0.28518437412166064,0.026723676046728873,0.3004036069297657,-0.33780267333407155,0.01217970651672538
-1.0905452131131155,-0.5663529863736734,-2.2758179961451894,-0.536190457331805,-0.033154445013546585,-1.5292271565929831,-0.8917811263718542,0.6579894396805397,-0.05496234715412113,-0.3184061475281242,0.22745161532361274,-0.4870130408106407,0.030766959778113306,-0.029638083510610036,0.08007912128803554
-2.19463184188098,-1.9737921385584754,-0.27923678134774116,-1.0497991327326255,0.19304562481291287,0.5986697025178604,0.8628982264498022,0.4211793787982107,-0.08910139929151967,-1.2949783050514423,0.4018423053396397,0.10445477629250416,-0.00911692638536743,0.08043798744472051,-0.030342920511697565
-3.281428245064047,-3.35009166965792,-0.576184983318931,-1.0860740555817858,-0.6440155863558924,-1.6899641708128077,-0.640018986428706,-0.21560347015000791,0.4116162710613261,0.8363399037591717,0.3955688224919492,-0.36922528109503505,0.00750128972759459,-0.04133706263211245,-0.013053063879104224
5.173556518549635,-1.2616343813828075,0.47430499287008027,0.2633800979567609,2.2373970423450995,-0.1995620555225448,-0.320591705563375,-1.1351092641685192,0.2833204500552541,0.6450613862368508,-0.7396902122762063,-0.03089574942193299,-0.004435982032303942,-0.011926677542894643,-0.03389736181212023
4.098982789346154,-0.09260632753590292,-1.5734824620882415,1.468997598076196,0.19164422202029868,1.0776049953286053,-0.8949190179047358,-0.3306572008401358,0.16893265701928645,-0.6681168435249796,0.1926350099737828,0.018751083254228168,-0.059876052260366214,-0.16865096676533148,0.08164895240732199
0.6938580112045054,5.116195964557033,-0.17031643803645144,2.4687421314273275,-1.150304120098181,0.4990979669384694,-0.4697368692635855,0.6211762508089205,-1.180399002162267,0.14031606889018586,-0.2524398538812986,0.01937197969675422,0.2955124982134572,-0.37150286137647753,0.0045255869175211474
-2.034616698982866,1.4144893046022222,-1.2292615238780034,2.2066118364303353,0.36284836152547134,-0.7472839106809415,-0.2885257432983678,-0.9174864849486803,-0.5076509595258838,-0.4603298103508668,0.09176905509799585,-0.08289018455843997,-0.1763938013604902,0.01483819604025656,-0.03311150437801097
1.4432516062982899,-0.8083569535180573,-0.37596954545445527,0.4095996806035417,-0.6313037649671384,-0.530099128504212,-0.4981523820139334,-1.100134246313492,-1.3272299183288574,-1.266373036652985,-0.4580428687580351,0.6657231594963088,0.6413250280657179,0.8838638102127436,-1.008477756110862
-2.3353372109311317,-0.9141268923394399,-0.17715464992981478,-1.1036331042214673,0.024498592939734387,-0.2729578206101908,0.12294204204949272,-1.534321392279217,0.7674892991504159,-0.737080229906073,-2.552099349737506,-0.18683625863722067,-0.010136326319445277,-0.198473717269395,0.04418406844423877
-2.7313431374172548,-2.135956151462303,2.4335732872078375,0.16195194554318892,0.25837078849624767,-1.5259775705864176,-0.34908136818621216,1.1461501463263024,-0.1239268038856442,-0.28723895600982596,0.2432475695046389,-0.21033300685597137,-0.15459865836376435,0.012066316790261725,0.016091680035671865
0.7591354013505822,3.692020473596789,-0.8756915712259852,0.7787991598535486,0.6264100414069056,0.35148875322204276,1.5273984295106715,-0.9928126385665395,-0.25137329730313646,0.511999499645214,-0.2907840341379174,0.0059435262821431745,0.3055892564329818,-0.35230929118952575,0.019723803679009173
3.9075879182311346,-1.2957344272817106,-1.1712373929182183,-0.79430557238244,-0.6390274079383945,0.38399325879979784,0.04469389191558165,0.17423697678037225,0.14821584253892434,-0.5627318033254796,-0.17601829813512032,-0.11782435991020493,-0.08221237499097529,-0.15060648619586114,-0.04289604212459213
-1.7281271422428175,4.501602664101293,-0.4077438466494372,0.281687484029816,-0.30686787940174476,1.692589860152724,-0.06558921056339892,0.7809249153111981,1.0006750308895684,-0.778385528576486,0.9842354941931574,0.18019972954775046,-0.27123163583377996,0.11536206540642331,-0.0240845692713299
0.35451451525849054,1.9061180642836297,-0.2335527563544292,-2.4010472202515576,0.1741132097648465,-0.7562431707564259,-3.194165048201226,-0.4808147748715265,0.5561044567902785,-0.31713608516541647,0.3078865245703232,-0.40665123452560703,0.004838408105066708,0.1506623179893748,-0.024749300005378748
-2.0762279019626932,1.478870316749692,0.7472013034488483,0.8632416384904191,-0.10324302305427135,-1.6826781468254426,-0.8351784610131071,0.4086499648614343,0.4252944984484533,-0.6092595359545363,0.0654824992099253,-0.05000242050784401,-0.19894014078357794,0.01124351111316553,-0.031454053851612575
-2.586684254993633,-2.3514536827133714,-0.04560259471517725,1.1178042505581849,-0.49022384853495615,-0.5131859535931078,-0.3274680029206646,-0.5965575584227902,-0.7977955800726684,-0.6385567646561421,-0.13752565846089485,0.3608700358686097,-0.4987845277865708,0.9588426204452866,-0.022985231138464877
-3.13132335923477,-1.5856389329493923,-0.05176318668138871,0.09519875134862554,-0.1589546761282321,0.6016256382149276,0.6801047148987349,-0.3878295246274692,0.08940893620170715,-0.5122026914304258,-0.028644301347378,-0.10309125046519882,-0.11065668389113312,-0.059960143804463635,-0.027684237145694453
-2.852201182132678,-1.6045184641729537,-1.485753997683306,0.6807775268452159,1.2306788426020054,0.8273638299044155,0.0049137849245056466,1.8102962580621387,0.2343772289601897,0.728108774499516,0.035311911378970336,0.22152570031321273,0.1270010542878695,-0.05736933989672144,0.009557043668974053
1.0268556650419072,0.16907732444069978,2.711225641674262,0.5307350942743941,1.6314592611166252,-0.30043151315203076,-0.12516056295072037,0.3979388485127456,-0.19578880466411708,0.04977929233398577,-0.04861148813444155,0.06737364028253101,0.07116637400969408,0.30040374411191645,-0.010599395099709304
0.719681159190503,5.015267113205171,0.5379270440079931,1.8477798369382616,-0.1417650507110625,1.824416719678149,-0.04239340997850901,0.13264151221330253,-0.19422795181991437,0.388368857150342,-0.27510659643209473,0.0249213616908891,0.30546422614418556,-0.32721170137536587,0.012008265825659146
-3.168468242360303,-3.5151312885734436,-0.559847395689216,0.28706795723386513,-0.14332753383178543,-0.7828259985910373,-0.3332425653001917,0.4692928688115769,0.45236194039930055,0.715249601653658,-0.24120651277147848,-0.7739815171263263,0.05979771232405681,-0.08986869028395025,0.006346075895524489
-3.3163544046667086,-1.9803230099580245,0.34499116882163605,1.5755986807489217,2.46536800853847,-0.8011906830689661,0.4214720889788155,0.28014887549495837,-0.17133388637353042,-0.41117973532284485,0.2642377434878097,-0.12520570584179183,0.629379314727726,-0.18235873895367183,0.0288518568685699
0.9067220643881693,5.026105617801472,0.40851519763544814,2.172478120149268,1.2475198891618753,-0.3428162378185666,-0.155009042088932,0.5091857932798873,-0.08689428964625984,0.13025722194562747,-0.15414204129582215,-0.0231218408441681,0.32081545846058634,-0.39086674731071724,0.009227687077992182
0.8239206177375471,-0.09578249664176575,2.238222278371212,1.2410114919823494,-1.237553983659545,-0.694395489404823,-0.23254398290761297,0.02197429500358178,-0.5029313732007135,0.05510737533513603,-0.0711916219700271,0.09358321029286903,0.05101895501370468,0.28645189829951406,0.06232566431616972
-2.376664157455528,0.16907072089699104,1.5070474717653648,-0.6667811863651123,-0.40814681379423245,0.2920220927259103,0.4958425839564665,0.81197328499339,1.4520557494486386,-0.4851723976162951,-0.984249896139828,-0.17353501870266821,-0.12408825014165539,-0.04871787354548307,0.024222410751850335
4.0511699005386745,-1.4538769589646783,-0.9338651166106369,0.022797511016511063,1.1925274221772089,-0.7479070483733053,-0.5775215878604522,-0.11183396269466925,0.4739044078813385,-0.7943167065140304,0.4139581993098488,-0.023953706137735814,-0.05342232232063217,-0.19666569378182397,-0.024560692036444585
-2.9365941115403,-1.6651723452352498,-0.12421124998634686,0.5998639264413365,-0.8156449097225263,0.8420166441992856,0.9275715803485071,-0.3183871051036907,0.21624032438898516,-0.42888728585773744,0.14965029195995472,0.22256310642003668,-0.03131435851122288,0.05234206471416744,0.02262081469402965
0.4029751922889533,-3.0914423606768344,0.9635935218299303,-0.06857963014605595,-0.8879177631295566,-1.9862553363845172,1.3398037267147498,0.7194215408702331,-2.7411988013031605,0.29771851955979883,0.01659939956137209,0.23264123433667366,0.039831171852622194,0.24385535765209754,-0.009984082102620667
4.030686492995313,-0.5222633546785547,-1.4354608986487039,-0.34508907032043484,-0.1799326827839579,0.5901258029047702,0.49269713634242396,0.6944026593715686,0.22212745974492412,-0.43773900226239776,-0.3293541420269146,-0.1701932156945151,-0.09486674914754172,-0.13690659109878595,0.07182668190442154
4.928402196881269,-1.9630839708552346,-0.8526917161425387,-0.7323591093768445,-0.5732816162609026,0.6710940438941224,1.0592747135744633,0.3960198746464311,1.3877980811803887,-0.856403100895007,-0.28251776805918033,0.08513423390084315,0.12811502212454748,0.042663673792550025,0.023016678823983623
-1.8908343207218095,2.8028054607972526,-1.2408510937807014,0.24285785165851526,1.4536751658300666,0.6331017133208383,-0.23065760741744726,-1.5286385412982137,0.22081963969525706,-0.4481962005115084,-0.22616916877466764,-0.008693954305215273,-0.15672780120227991,0.07287763892344247,-0.0064942261252612845
-1.6167519683617286,-2.6492181189670996,-0.18217003523736777,-0.4074208324282417,-0.02258544811660257,-0.5033074477564321,-0.4603790213273976,-1.0911681726626017,1.3222414161246268,0.8553841346905688,0.42380112423142335,-0.2743806210552223,0.13878417441997928,-0.02379262575161554,-0.03067360769544248
3.937159348277706,-1.8346288239511672,-0.7537707039705388,-0.10007490395534074,0.474685854291611,-0.26852007953771084,-0.8270833736855441,-0.6527124934336168,0.5231277554707118,-0.7876459752688438,0.8000417678576486,0.08926881792383523,-0.06858747989037978,-0.17175116011885133,0.6492859030617524
-2.3684084892462316,0.8798848494412954,-0.46763484299785973,-0.46398892742145703,-0.12434501301216705,1.2703220605714098,0.7586136303885528,-1.0861049520030315,0.07533591121357822,-0.014856963396579614,-0.11173808560438553,-0.05123969827364663,-0.17771971974685336,0.11872111797102723,-0.05185346342530299
-2.8539260693004422,-2.053849227641999,0.4495465204179579,0.20074404112159816,2.3521393767402223,0.23004372469331735,0.5285403488364776,-0.025785199714722623,0.31949835484213646,-0.716900821347217,0.0949077254311034,0.03129771128497669,0.4914328017036512,-0.06622809852865152,-0.0010001857665911879
-2.7407057580231378,-1.7930604468090108,2.6106677460458325,-0.3174947528292488,-0.9613508368853719,0.38780636864997664,-1.0203799382136374,-0.6976532071370454,0.7230320541083828,-0.24139565541176616,-0.4641879571544514,-0.012093828615962116,-0.12004712101988038,0.0008383481262776715,-0.025906665942811873
4.963282539037857,-1.8751946716432317,0.5495721866584173,1.626771255792615,1.9182734050349382,-0.2393613671947119,0.09774596045671909,-0.2771608331949683,-0.26451568228886563,0.857358824900815,0.17868668286828096,-0.03622894056551415,-0.03704711838773916,0.0281303942980336,-0.025732856490425934
4.8126060811488784,-2.021969886723528,0.2335305747132686,2.13133135777975,-0.3848114698230366,-0.5106018888356849,0.4456594555155994,-0.4686527558758513,-0.20190698805388152,0.9908637638932671,0.2801739611845555,0.014133766404576809,-0.069584163428207,0.033909295723096686,-0.054960845260722736
4.911975328808243,-2.3612064516999887,0.9773645041226418,0.4775510562834624,1.6987161762393082,-0.4197591200570925,1.2680146077831613,-0.10278724680329472,0.5649209367012552,1.1550005280732367,0.13406912639138352,-0.009074196438815685,-0.06807300053766487,0.056666223926537904,0.009998306122412688
0.37009167533469745,2.218788298306337,1.6077980938665595,0.00229220479627118,0.7780836983961006,0.09415155452198953,0.2287757820104472,1.0311158742657733,-0.7917943608433848,0.3215312335357468,-0.7079900035742869,-0.1455953480984705,0.3526994893168173,-0.39366190393730965,0.018305241269218273
-2.715774701034313,-2.8709642223368355,0.6593667823076739,0.20964350057214365,-0.12734396410807425,0.8081739507164727,0.6739208249227159,-0.8560575939794897,0.6043036420593199,-0.5838216720696052,0.41879277276344856,0.26385224742836566,0.5740204204331654,-0.6403672342293062,-0.004495311172032362
-3.0766157707892616,-2.074817453339909,0.36569933815902794,0.36461035961295407,0.6202022689156271,-0.19498224292277744,0.26511684584282846,-1.2300000960943736,0.9167055164606734,-0.6120195369567667,-0.19219916296097353,0.0057311396653947355,-0.06275506027880805,-0.13241013068862623,-0.025730171730407213
5.244760713154747,-0.3981361749268031,-0.1597136183920567,-0.22175926917020242,0.5475246857152944,-0.5412789654806239,0.5023029087949032,-0.907463397704035,0.43541888613934177,0.735520377347161,-0.01256267162031182,0.0531453896964271,-0.10233544347805397,0.06830210714594849,0.09344190682177649
-1.9987250088544573,1.3380463818491033,-1.2938121726519312,-0.45042286876248594,-0.7555856973898442,0.11107006083877669,0.9033558814500507,0.08997736605864604,-1.0401053647281315,-0.24021309356040627,0.17513770440645404,0.12211822300376275,-0.020553613473713386,0.06554902492859759,0.04981083790866677
0.14318161682664376,1.5684401748215557,1.6230904122875438,-1.3243942454873412,-1.3071231414943378,0.17190595537743136,1.1623259176842413,1.3908295007056382,-0.9381216158973824,0.5279319155540709,-1.3932068915274318,-0.3836457307260065,0.3296287885610803,-0.3626174254335675,0.03671221289371338
4.185092707545403,-0.6896497777002099,-1.2800576542716866,-1.4533592153862385,0.7905957489251288,-0.7385722683679079,0.16469073822818767,0.2906054518885158,0.5844878242942295,-0.7548917086463589,-0.15174578773958158,-0.18666005381921383,-0.08400094567066738,-0.16108750354165108,-0.2235958705174073
-3.1620641565666023,-0.45055763667726145,-1.8139258975925832,-0.8168635665796788,0.19380862172963292,0.35092228093177935,-0.9607750361694443,0.2756592457709205,-0.01967579148594989,0.6058053353685309,-0.40569816632102057,-0.60519362828431,0.018017957022159067,0.0016831624087489533,0.06308896612771693
1.099714217619185,0.5790986468021959,2.575144922561394,-0.9145240484580645,1.5657064310442266,0.2667973977284426,-0.44407306070566543,0.15832542974802066,-0.48034931444131274,-0.13147887272414907,-0.11170714864487086,0.049193842038363356,0.057339743506724994,0.3371825021280686,-0.057491139052165983
0.17445280452678746,0.6442285941936696,2.1570003237981465,-0.3390740134233678,0.08220905458005684,-0.7447460900355989,-1.1773994044332665,-0.5567347839767839,-0.674357483197811,-0.05685943369662044,-0.5893444951690743,-0.0072958323904178946,0.41081874995277556,-0.47100189803807196,0.0032564755261580425
-1.9697669299729859,2.5902159403219303,-1.5971131499437332,0.04082300323942628,0.024394892568995408,-0.2962001273795415,-0.20246920905789606,-1.4097992282623937,-0.17458067239115027,-0.5623529021447526,-0.2613853134567886,-0.0887967275631614,-0.17500524887241609,0.06432259669788222,-0.008785003041171248
-2.634205089453977,-0.9187091430599089,1.9917397373564685,-0.7017813173399805,-1.3886539324279075,0.1099670369505048,-0.5139991823707475,0.09629545596543079,0.26985780624112143,-0.25003548813486753,-0.06206747920188539,-0.02467757997996947,-0.18550145244198013,0.05600375361340239,0.0004501738578391694
0.9298151273575468,-0.14742886386389364,2.280477715218963,-0.9279824285203562,-0.6987334450894053,-1.2442080262013053,-0.28857873458282735,0.06211306152070528,-0.5869894069128614,-0.1761219648347024,-1.05747552914542,-0.07558608618080956,0.07716796958137656,0.25576010024841045,-0.04089957493131464
4.785345818708839,-2.5556125622719685,0.44674074256177937,2.129352180099156,-0.0060854105188909435,-0.6035131423506801,-0.9259327876326362,-1.4307277905693048,-0.42359208685529043,0.643693612413061,-0.31148657843521765,0.013520431940874905,0.00905906576682397,-0.04889850201081495,-0.02328713321673341
5.352512810173412,0.6450001868345543,1.3824746870909865,-0.19150748157193392,1.2634058584842904,-1.0411611014441389,-0.617991344475703,0.9040981081194324,0.637934960792638,0.43403092190905623,0.43510800738887434,-0.010852534567708905,-0.12196016173475252,0.0887968239617457,-0.05679199130128269
0.510541731092979,3.263380028793979,1.4662782830534788,-2.377460322134408,-0.47223442509525804,1.1768900213930231,1.014761877194238,0.327350601763894,0.020522397097207656,0.3976065921248416,0.9970837429231122,0.10031275219454538,0.20838633503355286,-0.20072776652668833,-0.013026740437593866
5.359403468303867,1.102322006165135,1.2621995071767136,2.8602723144936677,1.2709415275477345,-0.36747986584539805,-1.0258337695935589,0.426825605460388,1.0720248896645113,0.6362984480366347,0.004114038678069747,0.0759499222745417,-0.06383758622772069,0.01639861797019465,0.02728502995727
1.287481606198131,2.443797610309858,1.6382562754855932,0.6109360772264365,0.886039377373968,1.0969758136571213,-0.25527057056439995,0.4639287543847203,-0.6573149629957482,-0.022809387079264786,0.3402586784728861,0.1094514756113107,0.0018112021217976254,0.3951872620932075,0.04113418207367499
-1.7643279949394441,-1.6742747417551231,-0.02519567120635058,-0.020014246105185873,-0.3172390689619051,-0.7596078251749613,-0.1360396780652513,-0.7790327914982005,-0.9436694012181757,-0.7146334227564501,0.13541677327875584,0.1616358820109457,1.1102766898288288,-0.8058360982336622,-0.00538815436806184
5.542014728310651,1.3338083985839684,-1.2078486600922411,-0.06916038882318482,0.4243978745317145,-0.7334485922479168,-0.32695906018616105,-1.0021252421234352,-0.20775915945092122,0.3316891939363383,-0.17128336705171177,-0.013054946709042559,-0.11123055519291666,0.06524589108239524,-0.000381874528102304
-2.7830890145962726,-0.06538350362943213,-0.15271074559187783,-0.04929237609749937,2.2708578660115806,0.3270462236954612,0.031841559126062784,-0.5933982449220991,-0.09190219420468093,-0.456652795451009,-0.9038712006596534,-0.21258857030931874,0.6850947683792573,-0.1450757058931048,-0.030668069426499817
5.231063253294456,0.8072074408310173,0.7961588692343535,2.523812737551813,-1.0218299098561956,-1.4435377000209886,-0.9168846040939277,0.42093680705503306,0.6845509347725832,0.5350792218388556,-0.07202237414663569,0.020579780710981266,-0.09321520590228138,0.0069914218647557785,0.025275811751232655
4.6862711213802015,-2.0603235146335974,2.865168569911517,0.1540417879210496,0.4715924419666924,1.1824959681467946,-0.01572184716078777,1.016301864037093,0.5886897411498617,1.1072028725765648,0.22894933370717013,0.05692662809972379,-0.08080185375870824,0.10284501653444995,-0.04880727914522667
4.343202550990162,-0.4684746530402484,0.22306157949610161,-0.3682680620842862,-0.6604898086771697,-1.9179099329650962,-1.377474036858199,1.5890741573467375,0.2678243347577402,-0.9903052915944179,0.19603347417140174,-0.267882246534467,-0.2405014597804118,-0.035574297507441816,0.07690067711364641
-2.791938239409583,-2.1920178834568143,-0.07315072559099686,0.9062499998964624,0.506192858642142,-0.12751899224986651,-0.11381144902890392,-0.2782033940544466,-0.2868661292941083,-0.6932033428213569,0.44084047837252544,0.9315101071204525,0.1217038801311823,0.10104560671956274,-0.0687116260818129
-1.1785263731531341,-1.040772102683919,-0.647826343626086,2.2623881730583024,-0.22767238031959636,0.4119818147102372,0.6823904999072333,0.1222450171292436,0.011030595671741722,-1.0825913658083623,-0.2544306831828709,0.07787527339686737,-0.10239051898298217,-0.19520276650027218,-0.0009552528786107208
-1.750261009102097,0.5860291295837792,-1.843186357423955,-0.94696211615248,-0.35004707854290773,-0.8365541028841379,-0.32034019250237245,0.34691587797921036,-0.7169944647954116,1.2745367381916286,0.5103121658592025,-0.38731820346961066,-0.3237067154526727,0.2017162188860861,0.04233899203282111
4.9656458436228466,-1.8597683177102322,-0.10916797576268616,-1.1159913063625748,-0.2016662633565589,-1.4507983708074437,-0.40540397611017176,-0.5747300032584233,-1.1302331517321307,0.3419017405978396,-0.25874411162680655,-0.1779121617369762,-0.06864231436972464,0.03141222922901249,0.05605049142324531
0.8765272921437783,4.859277603822079,0.45098642881635637,0.857708461822307,-0.38388514770413973,-0.8400620367004032,0.4105696186512138,-0.17638177976682293,0.672208926671376,0.165501819486997,1.0442169695730916,0.20161999233981542,0.23151098490311006,-0.3100469405865087,-0.01895337509112769
5.251945283210432,0.005707017367669431,-0.912060638766448,0.21994933068767353,-0.945293388938322,-1.6182772605176383,0.37901091904825823,-0.6546740905897945,-0.1836263668825926,0.5471728361239694,0.3391977665126419,0.0019343664194789167,-0.13985566921161086,0.0725775766610977,-0.056632884882827264
-2.717714935694359,-1.899966987202189,0.45759817171751355,1.5295966206187959,0.04134156975802328,0.5635224796253946,0.17007755503206523,-0.7086520581894757,-0.7475573762301322,0.027882589506657236,0.35657484240422244,0.046008095575656216,-0.1475658063343113,0.028936200901384837,-0.15408865644206507
-0.5944150278482829,0.27899261564667643,2.260205888835714,-0.41753726725927076,-0.9235676544204973,-0.3484857843254703,-0.38559007484701613,-0.12527882425201411,-0.6837105028461987,0.3949281716920101,0.009663613752679621,-0.12956821706681246,-0.544431970503523,-0.25146717178248806,0.012726738798187743
-1.1350016170208674,-2.277429383752536,-1.2338934003698265,-0.13212133935772355,-1.093980092828482,-1.8628555217027416,-1.0520546872529675,1.5265991889890276,-2.8604597312607654,2.8229304276014586,0.2943717687788511,4.024824648247085,-1.296635042735695,-0.6505761275248804,-0.018775427403053404
-2.4724618349011283,-1.2237173547254885,0.4183746332448955,1.1287096728693824,0.8513933088274899,1.5830267105706048,1.0964771228695045,0.29613419319163503,-0.8496733926751487,0.23052203395426601,-0.19951989871922962,-0.21359437780915028,0.0901554241276154,0.04578136419254018,0.0367532951158904
0.9334686998999326,-0.16412132447186922,3.03423745190463,0.2755676552134516,1.1147263169179444,-0.07611938229284543,1.2348283105529112,0.7920561997229396,0.5878298008989713,0.5080903845258835,-0.41675537179219346,0.04949357769323784,0.05158902675896368,0.31773270781562285,-0.011609380873874501
1.3884888147499357,3.0284376471175913,1.2762534723092547,1.9269961193996237,-0.04928623185083014,0.35629123803913165,0.4492884812086311,0.3076770594926342,0.38591682078954537,0.24305627807121233,-1.3232093176867794,0.018716753556796722,0.050578346532193785,0.28442909322934057,0.02548853263567524
3.897130562144413,-1.2525041850120804,-1.1898524219082214,-0.5837648331298138,-0.11200518626913536,0.8726511469842513,-0.5735594665999687,0.2216069345437664,-0.47428508157930743,-0.7210919950016281,0.08752552915723025,-0.18694033551266645,-0.07163936590480162,-0.13190297992047026,0.053669378266411966
-0.5327212415490454,1.2879597823440765,2.0028896636424443,2.5139245716179284,-1.1251616526938633,0.9334501190765407,-0.580898404431457,-0.6594959490128296,-0.10870902532119459,0.6758163083908768,0.16430978995230253,0.07554628015788134,-0.5293583499504291,-0.2663750030817477,-0.034113833281380866
-2.5727869554755127,-1.021922723267697,0.24730971772006144,0.1651096872425628,-0.06084488843192748,-0.6423678337496939,0.5176125794334155,-1.5902487037160342,0.6087536814327363,-0.07355409954606083,-0.11784661899630841,0.005687791385056262,-0.12201306242132959,0.013701742364506192,-0.009178495487848926
-2.946946817297449,-1.0438925484901775,-0.38314731380377126,0.07300811688606423,0.48708191270166146,0.03232386096816686,2.0658833228795292,1.2051029259589927,0.13709429316930893,-0.3600406972963233,-0.33813949311702746,-0.19819691304583362,0.25001371396444455,-0.041348843951588776,0.015970106168251067
-1.945041793436749,2.169742959408217,-1.5808674210776534,-0.9336401072728755,0.2838940407425431,-0.22827457090896008,1.5670778313559468,0.8545096605471578,-0.7212995140854908,-0.026831892808287815,-1.3977775550119347,0.1801500208386655,-0.24015170584210557,0.016000664442741397,0.03595103225134714
3.4988317983818304,-3.0790675937478187,-0.27511858252702226,0.8272663892213445,0.10559670439240976,1.393611736863178,-0.13948635244154595,0.7323321334365,-0.5569846600864015,-0.29678242620714246,0.4835308206688013,-0.12074984136788466,-0.0474694452169938,-0.14081803291861936,0.019651093372744847
5.306901583420721,0.5472048474393365,-0.9729791150878426,0.44978552663793425,-0.6916734124035283,-0.7507459019633016,0.5258328952492886,-0.5803526931680021,-0.11140116016166263,0.655452192790174,0.3902667090774635,-0.00941871442003403,-0.1500258964700809,0.10745953979951335,0.05153322312633721
-3.279400561246426,-0.9482189203652447,-0.38455456969393964,-0.80282143056596,-0.8160464484365134,0.574517314702164,1.217596830665992,-0.5479516836677085,0.8483137440265898,-0.4270876248737344,-0.1432738413073047,0.2320229282584602,-0.3128603779459058,0.06561250751519866,0.0012674708587184867
0.12966840840010896,0.9085607334200883,-2.6398585104914423,-0.12487314872883953,0.7432161889710523,-0.9623566061767598,-0.966300340455689,0.47890715887783625,0.45016481297764455,0.4109941399117849,-0.8027017895247068,2.3964245929181685,1.8955124856526426,0.38386952515806466,0.037559311435834346
-1.23203701589744,0.5230905806087278,-2.1044747201476937,0.2784994544076894,-0.8279641211352041,0.1192451980779543,-0.5822101832100058,0.03969225256821515,-0.08797989720856042,0.6342395162066699,0.09247367471720745,-0.4984255305620158,0.07731493714037407,0.037235448325565815,-0.052956613505617985
-2.0817661639440113,2.1131612451307324,0.8065426609195574,0.8329567946049607,0.06020437684057023,-1.5632225708647216,-0.4908534148173803,-0.2535189253846932,1.5631273595390158,-0.44935791346121334,0.02324410401648661,0.01580100017796568,-0.16911084931342185,0.021110906687042186,-0.05874229242491926
-2.727196135922303,-1.4412569756245437,0.44551036147459605,-0.4096170194759823,0.4225569817978404,0.4590590682304969,0.5513685801274854,-0.7371645414812629,-0.38929998203615085,0.005306750763113356,-0.2050583357840316,-0.08285599533133522,-0.12148215066284285,0.05131431179423769,0.008767546833911233
4.9853097458798405,-0.3494069851834959,-0.7741304083355809,0.36282745912533065,-1.4521807281510561,0.8535762836019103,-0.3973405578897534,-0.6363277516111876,-1.363601921344486,0.6498311410111237,0.026384515554068396,0.14712389556039013,-0.11572315047568621,0.08628266589550622,0.08115980053173408
0.08402850547051877,-1.8521593762677693,-1.0181721293591206,-2.036025105166141,-0.3496602681639024,-2.1815110372043254,-0.7855562067333385,0.15719798582746214,-1.0663740969191424,0.4590254290716521,-0.22062379596418263,-0.4006726780926678,0.10030518401377442,-0.02576151787823778,0.055795488635544184
4.599849582964012,-0.36487539323320883,0.6754245352486259,-1.0193399755120955,0.24500522783816278,1.1675639721116111,1.3090417918276458,-0.23823867184336645,-2.0715860070320224,-0.5617800909119361,-0.15744020053095456,0.2214460697557613,-0.23125988833541367,0.12240401391900844,-0.05248081723409457
-0.7366367306298913,1.5624134876648923,-0.654552383090468,-1.608345962811733,0.676838926386969,1.1900537936387736,-0.6621733138710861,-1.6216212018987428,-0.3863716873889714,2.2326185317658873,0.4244985213312624,-0.39282378143186814,-0.3631259224834526,0.4414420778328557,-0.01059026112100998
0.6834606693245848,1.6895006346817079,-2.172626898378948,-0.43226586084325147,-0.2742079961493269,-0.9608537527147534,-0.7218773100207221,-0.839014866090005,0.36477610219993956,0.554731518204145,-0.16743358096432914,-0.11913499900543165,0.05749879190382978,0.0053254403924652555,0.0004155341704931625
5.573948192586464,2.236016953888533,-2.0339229837160357,0.6465379094247525,-1.0648035742733426,-1.285377170400274,0.8714797239317191,0.16105239826027662,-0.4554881438422485,0.5789262947199918,-0.24641826107009845,-0.1459358905023622,-0.17522363489943255,0.09952983607820078,0.014490584802807734
-2.0572418125182472,1.667084622980631,-0.7171319631125928,2.256278341155297,1.2921115448879996,1.770662883674023,-0.27438121008691674,-1.2492604582411104,-0.1634543113118896,-0.1707171581838123,0.06458092543415273,0.01754751474731303,-0.16269599132156298,0.06826736784557196,-0.028930777661615715
0.24477758358025303,2.2427561978133226,1.421224037324456,1.2858388095489872,-1.0900882550634665,0.10171960732332375,1.0213167418034927,1.0031689418964969,-0.31431762446870354,0.6495280149884048,-0.39175538994119113,-0.1344871347108699,0.3138075700109738,-0.3653577005773789,0.10360335524328212
1.5090835314893236,4.577700165225158,0.19518081989451502,1.5694938983316928,-2.6092952184259293,0.7241603792273832,0.2837160556551208,-0.257685382583493,0.13937909602248988,0.08352440231384507,-0.43634291628752153,0.1892393100816501,-0.04856685023982246,0.37558659216912044,0.006290727009044764
-3.2316831863252906,-1.8442549211116264,0.1246290062537656,0.1373229748443442,-1.1757475953081125,0.4666579607005399,0.06485825439197213,-0.8724049871094266,-0.9603999232913716,-0.12957325975353998,0.34727000970594846,-0.0038917888190376226,-0.1320607092662295,0.040253795980785545,0.5732637534894807
-3.2033496140359308,0.5114287420833994,-0.9624143132847369,-0.8356430837515163,1.0008735306690815,-1.643839434261777,0.5819185871039892,-0.07317991440455471,-0.16839180781329832,-0.37638809936013307,-0.022359798164582473,0.15726815200770305,-0.1581064098088874,-0.02456418848118034,-0.05411472369971309
-0.13872452372140964,-0.9091466100575444,3.238092672112542,0.765640382620989,0.057225598858653304,-0.550980565742464,0.6322443494771792,-0.013655220151694639,0.5135190428510804,0.6895604548351708,0.4383660243982577,0.0772960478413407,0.371032975762969,-0.4100021836942173,-0.0035748137901533655
1.3210218392905069,1.812184881236758,2.049687636096083,-0.6097216906931497,1.7889616772633992,-0.3923974872677134,1.4683934100611211,1.618974888705655,0.1601756660638617,0.300134423153874,-1.0931305312807376,-0.1552142222120055,0.025354896880273217,0.3342935710605207,0.08614068716801397
-2.055602584048908,0.6347405533723558,1.305951337449522,-0.306477850052104,-0.47870115983788997,0.9759684736781793,0.016635090381819637,1.1042510593258916,0.20695957327139808,-0.4206659057007443,-0.2995235127326775,-0.17096671887314527,-0.40384207981155656,0.09126468011838153,0.026076443984450436
1.159431012298004,1.7524434044810726,1.4846907365162163,1.0954364007642636,-0.6664952965761611,-0.22316751549737357,-0.5178317668901896,0.04912218292697901,-0.6368706567052418,-0.12739303802016103,-0.3895898547365438,0.04982343565725475,0.040713023707617174,0.3028473433152365,-0.05587777762700514
-2.4217993745820223,0.05951152730799758,-0.6006231250674614,1.519090973347993,-0.1382758844804709,-1.4613532603233286,0.6488946444929422,-0.706714263181,0.024224729796251343,-0.14792028767006146,0.13416079828443891,-0.08998658742020518,-0.15167091165310456,0.016325407709797082,0.0010567048586633378
-3.2192709443770275,-0.8390347843981106,1.5973144462546716,0.5110982464810363,-0.24274046388506398,0.23512263136327016,-1.0148150967059437,0.7602019339232684,0.06264033769765595,-0.7161579145804096,0.18245415536862591,-0.16780441402293703,-0.09878486193577138,-0.03171961499684719,-0.04134539705190887
-3.6391460889482046,-2.9940956065236066,-0.17944032322047204,-0.065379129780468,-1.2462364492798494,0.4089341427884501,-0.12285990750068125,-0.37244067735321745,-0.34711210276044263,-0.6997665627526191,0.07891317581289387,1.1750433777338878,-0.5339878656819884,0.790599235127625,0.010313350131254971
-0.3984403024346226,-2.5053962660959934,-0.19076808716583304,-1.0230114236753232,0.3119394634312984,-0.536031595368366,-0.46659659392232733,-0.44318167257652963,0.15613677078754779,0.7381723404183145,0.1632967535323304,-0.47479179865935883,0.055472116857439746,0.11458070211250161,-0.00954137478888795
-1.5000583294341214,0.41726926842515644,-1.4965127103029212,-1.8822041076236107,1.5732546135441074,0.5627703017984973,-0.5379481204531108,0.30271495079225075,-0.0899873020056986,0.6990888489422968,1.103765917053147,-0.2929794456817405,0.05125935463893683,-0.24027707802836235,-0.015590302909312528
-1.449786195525099,-1.7541343140800028,1.8200809240652185,-0.3732265839673599,-1.7279575897617403,-0.24038628142760754,-0.3786782192396694,0.5897897973207655,0.4262080039145061,-1.0872121853960668,0.23841467568715494,0.07714839492622719,-0.14454201607960573,-0.09564445736785472,-0.01565207299907376
-0.8871057344217776,-1.681489282165534,-1.4989340873903674,-1.5937241918220508,-0.1564565158395571,-0.5436244140530012,-1.0333246231528301,-0.0076987159310683145,0.2919280229219021,0.0001501420065358819,-0.3249368519083109,0.5579047466110076,0.5286066899917746,0.5305636991761501,0.06178907682824558
1.5382555410546788,-1.425556437919814,-1.9088716886369246,-0.9894549416201271,-1.586606419324585,0.6015443216530416,-0.22717096205236967,0.9315363544045177,-0.3818332662907958,-0.5016973168222749,-0.017727899680326897,0.24480810536302028,-0.08722896828366689,-0.20035469275357815,-0.014440865859184372
-3.4305841142722313,-0.9695295240513944,1.4402071447752545,0.6896022772921206,-0.3999311821982533,0.7221133631768208,-0.7640308339518417,1.0172684999945547,0.47335214175850393,-0.956346505171942,0.30481366147973504,-0.14125428754274852,-0.05208895088081816,-0.012221228291463868,-0.015677102301199022
-2.6217730561940797,-1.1726270334485922,-1.1182466745802515,-0.9522085523373008,2.2820087587174145,0.008622653818681103,-1.3244072904844286,0.6859903429265135,-0.7535843668699507,0.6256257822039677,-0.6645205052129928,-0.7079614209420965,0.34553761894621965,0.3826340166026992,-0.04118778228066915
1.1868827560761424,2.280659584212449,1.6122782975155858,2.8925796126786514,-0.3018439420392537,0.634766701442413,0.7833863347002794,0.5877235385636523,0.3500245832386765,0.48672137477281546,-0.7045045287037519,0.08645466190584547,0.037416271708488325,0.3070709122791715,0.009229220011283219
-0.160268796785759,-2.670590851438965,-0.298329779735952,-0.1484125165884378,-0.09642382913008074,-1.1466488154447965,0.42392627985634335,0.7737516571600864,-0.46931011616234014,1.1000782221877774,0.3071707168938636,-0.47051787988442506,0.09447219028608203,0.025106207531005523,-0.05239461180432456
-3.520971716457107,0.22609423480804391,1.548478970340994,-0.4963896417635286,-0.40318713835031106,-0.289824339682227,-0.9832182637900191,0.12416971158797768,0.060610871797001226,-0.17609493000432336,0.16225258084661365,-0.2104130121738901,-0.1787680743152832,0.03501552733295214,0.00948183378667075
-0.7078709760680466,-0.041597318194738,2.6755213546192134,0.5828421709386593,-0.14191926341581873,1.01950652294046,-0.6323640968334009,-0.11790206896511596,-0.8079930423416632,0.5776064616441856,-0.060348501586993925,-0.0994778347987462,-0.5072331796054037,-0.2535507899814846,-0.002404103776017254
-1.6595159733999316,-0.3752596027028825,-2.342831544501793,-1.1879019206722206,-0.43765758459116755,-2.1554193972310567,-0.40866487720841305,1.0020214351425956,-0.1359623763885367,0.827006885710363,-0.08237178891955035,1.3954749664122694,0.05404676617848761,-0.24852340612651175,-0.043885565346444284
1.0615046517615525,0.7456264325572777,2.6561633486728726,-0.5278306774696602,1.1503792450612926,1.3828052622346116,-0.6323980926522467,-0.3866515009631436,-0.23478928673015953,-0.014365957224361407,-0.3113940857144197,0.1359090421879175,0.07000901565731499,0.3401861031351289,0.052835295770158996
-3.418658921921157,-2.73383019281858,0.2735160020832885,0.2318145663086727,-0.21068853053380543,-0.569686609726817,0.6853742530235916,-0.3415217384583148,0.17452613062145328,-0.5833208681770026,0.24410539633325967,-0.14908821305876693,-0.0886356965824285,-0.08517296795179903,-0.00969049314238795
-2.1347772221113686,0.40363319335869674,-0.13899999947261124,-0.17911355526370792,2.1471379432527984,0.44350485657786587,0.4651930826988272,-0.4521733525916529,-0.2602041705243346,-0.22680545132842503,0.05064515710901841,-0.14111779207504108,-0.17751042944328288,0.08149071431382622,-0.02268191805290978
3.7502711687723864,-1.7930684702225008,-0.7135533584321998,-0.38414380855400787,-0.3251367395437287,1.6583021939255942,0.10739122289296188,0.24621165214496377,0.06805291505064698,-0.3404156583313159,0.009121028038473374,-0.07878614145263893,-0.07331161260616031,-0.12192233130987588,0.03211251902708894
5.227972734124597,-0.174314542198716,-0.8317749428700325,0.6263175904375929,-0.4510217960574554,-1.4881531631662792,-0.07721387006180014,-0.667724652985618,-0.48339941144074766,0.46512202269927083,0.16060538766720583,-0.038113661605331,-0.10755111493972638,0.0461771172262611,-0.05633021055260825
4.651259393868282,-3.246785468372598,0.5512507861474139,1.343714038618687,-0.9768597700097547,-1.6806365969966013,0.61724436675966,-0.4537802816518795,-0.14915174326385183,0.9614894591875573,-0.6234481175962246,-0.12618127424845585,-0.02857025347869828,-0.03905500325884873,-0.03640379287200875
0.6794972710259253,3.0468616172320426,-0.6471037134556377,0.2869042231116119,1.7605189267340027,0.3624594710227216,0.8078847502508119,-0.5627766501293933,-1.302824746528939,0.25115447961630694,0.0011357526298412038,-0.10386140196730256,0.3263067820709387,-0.34504799287054994,0.007691815470302189
5.215213244446103,-0.640650390598216,-0.3271805023546661,-0.24386827426101784,-0.6746139114402868,-1.570223030492944,0.36763877547176005,-1.4326749800732457,0.6746064431464478,0.617461795017707,0.0669679989468106,0.10707611874695938,-0.10993910426348308,0.04013925185210901,0.08876206525660309
5.178884374405422,-0.5416868733213431,-0.4581939774599188,0.34811523166152814,0.723307578260461,-0.6745087566244912,-0.5447784181195735,-0.5696639871012535,-0.925442738196862,0.4029097767884112,0.13713333780213882,-0.08038705273770272,-0.0783601626708737,0.053687565941262616,0.04887755747926829
0.2572376701244248,-0.3759086637991226,-1.1679851945095716,-0.6035186897990699,-0.017223914986105593,-0.2789474404501425,-0.3150380985494142,-0.11521651093210468,-0.2148185359032463,0.8132882281651763,-0.16338743369262795,-0.3956184706434672,0.0888906688503284,0.03409956275225537,-0.045871369091921944
5.610870368868115,2.797247404803768,-2.4527141024229073,1.9142488872199415,-0.6531474050137777,-0.9027893538713656,0.19815282569503684,0.5472491012485858,-1.375866157439668,0.42102586925437974,-0.1626759616627055,-0.28643126566750776,-0.15786739494538368,0.10100362128940941,0.006537136763117502
-3.4722572961228173,1.5341210968398657,-1.966754381075993,-0.4405441382525079,-0.0670393001272237,0.5806680880771564,-0.2378068825762135,-0.09270315586282998,-0.5793527966525112,-0.996998923775753,-0.7766198659297626,0.08882618099893289,-0.11443429103488789,-0.07286239124750937,0.011056575867692611
-3.3745714049466624,-1.7360170557277488,2.30635725595432,0.02811112440151059,-0.13116360592824683,0.16947988377214784,-0.8173794235910188,0.6647173690647676,-0.12287192325207197,-0.28007657672930025,0.2524464657359664,-0.17877096607985912,-0.2896538586420707,0.1874307260108437,0.011718623057953358
-3.3948549938844477,-1.9426825493405746,0.10801891472940023,0.17377687035877398,0.2764503014399263,1.0744520713456502,0.06299191868512181,-1.0036232589684486,0.5919568363162739,-0.6883997347013902,0.8146172378666506,0.5950006821559289,-0.07671791744686479,-0.06995090380546505,-0.02219709390279886
0.3632215287049769,0.576450035193999,-1.5658846688368788,-1.5350480267325082,0.06669932804552997,0.7722890916202605,-0.42960591003948934,0.17762133884998177,-0.8049832246199315,0.7450490208683884,-0.008984336664502664,-0.32918684841282764,0.04976996400365692,0.09431166537799214,-0.0010517202519877387
-1.4572721607550365,-0.3017590697163689,-1.9255654037544625,1.882156504308752,-0.16360956702775498,0.48307734294449967,-0.8988619719203834,0.7275200696301709,-0.6004852568268144,1.0577718783178924,0.1581477757518247,0.7873470951078709,0.08289005272467942,-0.13000700873338328,0.007143912896383289
-1.9231789474681227,2.9983379735774247,0.3144229323775844,-2.493612012458555,-0.7142913961598795,1.131049114390907,0.6656988538207965,0.8872104930714213,1.18962138955114,-0.7463080127659865,0.9883998050528354,0.06450653480691285,-0.29433138783984447,0.1552733200914192,-0.019130552315817007
-2.10057340596991,2.358977153068067,0.008298566093792148,1.1467324547908133,-1.1404631203004132,0.6217422852533945,-1.8012235564818813,-0.022790246970445738,0.024917133769190525,-1.1913042774670406,0.5573812100346291,0.08968172932420371,-0.16785304479660823,-0.012172893705639627,-0.03013589235347053
1.0783107339835882,0.819049479836004,2.6751103515275454,-0.976796654915893,1.2311375112681344,1.3261529245337327,-0.057198945364996284,0.01612743061706684,-0.11337841090012801,0.1012142590666691,-0.27710615401188865,0.10386388214059575,0.047863065085121254,0.3650189731524244,-0.05008600006012968
-2.265801028994049,1.4043258907110134,0.8372339059016922,-0.4296769713210711,-0.049540514593265916,-1.4597518262185656,-0.4453893841767139,0.7890573911249843,0.22117219219011044,-0.5420915633448524,0.003634531143977937,-0.19007010759803325,-0.18313611051217107,0.05971915891708522,-0.06026133631199439
0.868373195960924,-0.7082505602639348,3.19667696660172,-0.23552616132397244,1.6475977307150207,-0.10839976675076413,0.02545305100681087,0.42768154474655834,-0.29913494747648267,0.09029794717353005,1.0602481571426408,0.17159359414749328,0.029791680243237417,0.3691844905820718,-0.029255815390434772
-2.133694518077478,0.351725613285502,0.03702826732769615,-1.5887150737518683,0.20835901998200623,0.012529831523879986,-2.2967105245897543,0.6536847184519898,1.3478762916967693,0.1914406889167156,-0.17527248302368661,0.0713940941969485,0.03270868381568123,-0.21082819377327178,-0.23302427901968858
-2.8580710383320933,0.8945305624021893,-2.8412368859206825,0.14290096462406776,-0.2904651337561237,-0.5644990699446868,-1.5597888392018506,-0.31707020724573065,0.6498738673527368,0.14320679640851822,-0.8285783646152185,-0.2200553653484634,-0.06150470253393414,-0.1457162853671074,0.015768048613669098
-2.4983110311641186,-0.41534002557919725,1.8725269541842822,0.07557385346098694,-1.4165512859467495,-0.38847501013176766,-0.2129784236788074,-0.2597288985578592,1.1451358327260146,-0.166038790265995,-0.28557273828656154,-0.026375764339638924,-0.17764468962660074,0.027868206247420327,0.00840624721484015
4.491728054196283,0.11355935908890014,2.2488469681746674,1.3188506398506814,-1.052187671840596,0.34582978047289825,0.7816596882504971,1.1119623951828022,-0.8609930100283123,-0.3410753288748998,-0.035576349070899016,0.6834226761437757,-0.24585091923272673,0.03740035552645413,-0.0247842777045738
-2.7814065347792485,1.2326696085231337,-1.1790501320738007,0.1587684940058678,0.4234421242378542,-0.5647348282723199,0.35769217438463163,-0.5664701039503581,-0.08663920857152568,-0.47635560090281936,0.3244651627089878,-0.012191913128338394,-0.0062706432424297215,-0.12478053994350118,-0.06117810670268713
1.684936370680425,-2.863269943085731,-1.0291399819971025,-0.03505841877521709,0.12713555629333206,-2.418741407681381,0.15708913151747833,1.54163865964569,-0.6016074964639293,-0.2440810735224528,-0.4072175059673858,-0.5619240095707849,-0.0027283039634857648,-0.16587042441306754,0.009463568978519634
-3.2426783194230238,-3.073348877108185,0.6827173285752985,-0.022098417594482778,-0.7462937777012498,1.172181388100697,0.8642312771916609,-0.8075060657737585,0.5789094519413236,-0.4674886326943482,-0.05723256018231787,0.04825940193583919,0.43591834870815704,0.3398866403603456,-0.0022290691333200488
-2.484503710662212,0.14105171659173088,-0.38311580235653586,-1.0765185940332687,0.6517876107677392,0.9955066834546109,0.029082770669968526,-0.4378504520156487,-1.2824202042643424,-0.30503772670272294,0.15380201472583793,-0.1161870233768049,-0.16520015803114357,0.11529718081421524,-0.06439216154856142
-1.4073234942854773,0.9834807371452396,-1.7686983463183608,-0.9519871595285647,0.04947274413935371,0.31515052673333077,-0.6419700718405787,-1.0015490171516446,1.048733062929492,0.713131496164817,0.15717660787561566,-0.41124785350094517,0.09173222300958794,-0.29842957448493845,-0.00016503149690832997
-2.692176966659117,-0.9901818432064524,0.14906788602534998,0.2838171735054683,0.060704839453740944,0.4607363496127759,0.6543295583334,-0.5963546858942483,-0.45549903815606146,0.03444697366610276,-0.05484189987537619,-0.13199202930194667,-0.13622285963017017,0.06658010160794868,0.06836406552995336
-1.4982488765075754,-0.5308820969120843,-1.404466576682667,1.2464623640438717,0.43933694226993913,-1.1188818878267845,-0.285119363463752,0.275237814784129,0.2610956491053387,0.9029785278847169,0.2767456501397168,-0.4750751226818365,0.61628292833764,0.8660808730983122,0.005932624305067946
0.7817716365258187,3.9961633379899815,-1.4555024660169606,0.7453868006847868,-0.7179911152604511,-0.7457406943452568,1.3600166334647332,-1.0538904582988486,-0.644985633064777,0.27114334660594896,1.0095795494144988,0.09868433887707825,0.22977599353614098,-0.2982339203348733,-0.01833519819560488
0.0614579529544379,0.12386082482749816,2.9122799542737132,1.9855744522849001,1.3744391092091233,0.13771188774751497,-0.47901483844779136,-0.31778729290198005,0.16193304205117717,0.455809922591482,0.3252121864547193,0.10194225998115308,0.4138150698952055,-0.4396571001216763,-0.009315366330805635
0.47460371865174356,3.1772308505319553,1.3466230531488959,-2.501755731849477,-1.3474421598063966,0.8277771604161157,1.1182343228731615,0.1684193462619128,0.10834413571229606,0.3954109867660778,0.9605157132962289,0.11446462355013642,0.1974124015476365,-0.20558129585165713,-0.012708077926616355
-2.4243131361301833,0.4407483819911693,1.5252061082856396,-0.5075346440305958,-0.43999512867561397,0.3728558182613244,0.9773526346119954,1.7593925289564791,0.2562430224902815,0.08376355181550592,-0.32326875111770254,-0.2541668031489138,-0.23266918933105338,0.1172298359340908,0.01912519352961114
-2.456152219956538,0.398282690428408,0.9574037393341508,-0.06908477274663533,-1.9176054446456043,0.44556150938223427,-0.6204669842594688,0.2859060685998732,0.4896645799491717,-0.807151391952319,0.21651886234487586,-0.017845682370675492,-0.16637158830245086,-0.004452970102179828,0.07322771770617892
3.8464543409743217,-1.9284606817156897,-0.4469427985176416,-1.1260672463464714,0.11135011687643676,1.1885138378616604,-0.2504233155383362,-0.6289290418713982,0.724582375717248,-0.522467372419688,0.3371878200242501,0.020103606155963683,-0.06893147873727744,-0.12715054329190797,-0.02020871953897425
3.8795099280409606,-1.6555947593815283,-0.8773593605021921,0.4052577549465054,0.09607313547602253,-0.0876444537796166,0.6980814709571118,0.6475309823436501,0.6544460896714136,-0.2947066619438456,-0.19418490509971648,-0.12688035694424651,-0.06853022673214523,-0.17910410400939264,0.009663811377166024
-1.6718608404949127,2.698637429008134,-1.8117145902174416,2.6709445100050733,0.6569576299070276,-0.48588412122750957,-0.2507598866903802,-0.5744884119867629,-0.7132874729227878,-0.5446867670484503,0.46995763591760775,0.002897889684981364,0.03387265355944803,0.01141866693609725,0.03599716877231255
5.205718688515317,0.04618625607755522,-2.3049271112789276,1.5771091861553925,-1.7461075353246978,0.053188494193042724,-0.3040245926187546,-0.23067498763202113,0.7835914816697378,-1.310215750987682,0.36687895627354833,0.212331145667773,0.10603064795629988,0.021907435503245656,-0.056781285212135844
0.5377485690090009,0.9625651005725571,-1.9583242314774552,0.2790903005948786,-0.08919419221790337,-1.493679499314057,-0.04425881162576972,-0.14522537020528062,0.6709216612432642,1.0497602404166881,0.35376048643076413,0.9900638097650104,0.011066967044221679,-0.09829562036837876,0.05594242421027123
-0.18246759648198196,-0.6355139032918303,-1.485508792874531,0.2654498571193886,-0.3455894667248016,-1.2161897926348473,0.8060882299683864,1.3644180630062868,-0.3347853415655086,0.9778657010700726,-0.4047015909702971,-0.6270456275918138,0.00010689493510711301,0.1180538503994129,0.01116472495540207
-0.6711326599930134,3.8406069788511226,-3.0967364467057896,0.5423671999927636,-0.41633172551620357,1.175870806779653,0.7020058541597991,0.2258726188563231,1.1704493549488661,0.9279325464180712,0.8924380434903428,-0.28247412418432793,-0.04192421164561593,0.16551530742547904,-0.006988221189630888
-2.181374819205655,1.441453222091845,-1.0722310792585437,1.9857022981063028,-0.4085278497290359,1.280977068990035,-0.25529014420893564,-1.1324431564466029,-0.6887954014466051,-0.24044019618481088,0.0051924709720098244,-0.040313192904935374,-0.18464334941506838,0.07070910076989821,-0.031025841412756903
4.983537268144135,0.942159100846822,-0.23545562914650664,0.831255536197627,0.5142771689622123,-1.6049630482767412,1.1085458813097224,-0.44148916844659397,-1.3767491018056213,-0.8377531525115245,0.3302578154640282,0.4247369036500777,-0.25018668474329586,0.03775750932749217,0.04280680055050026
-2.3930807361598694,0.16566114601330773,1.0337564609487577,0.040148261778837235,-1.4636444638648158,-0.8176784771265807,-0.1433354738131663,0.5490455095264046,1.027661656325761,-0.741846036410823,-0.8244202380537412,-0.13062732136282448,-0.12273472583836542,-0.09266810051997071,0.013030741752464346
3.9201311788306348,-1.1401242622137728,-0.9154593866728842,-1.101991421683083,0.23982322242507575,1.8195096717097137,-0.7286776900695112,-0.320065709635697,-0.1389975486672118,-0.689115975261924,0.885709757644575,0.054837614458047135,-0.10111651052028695,-0.07642759911958011,0.03769410363894759
0.6168046514503476,3.2838133451153353,1.1745333653067958,-0.8078454679413383,-0.6754083652805033,-0.6920286650403328,0.524098656439631,-0.23841280752910107,0.5707721058479716,0.22583578783753086,-0.11854985123525469,0.04711978557347457,0.2863204812998699,-0.35550160563862593,0.0121096518728824
-2.304759706560751,-1.0362250177333245,-0.3010012508191399,-1.0690878475930643,-1.1154810825897394,-0.3529607536027697,0.5206545824811266,-0.46740069841148796,-0.943080000745985,-0.1891204576797156,-1.0489059805565328,0.13628622393691475,-0.10899567016050904,-0.341978764768246,-0.0017688653983662433
-1.772815285360403,-0.26324408943865896,1.304218162993244,-0.06014495888885779,-2.282854097995815,0.2525212757326909,-0.36487308067470625,0.4912540990392788,0.08501354770558134,-0.73230355477032,-0.5169351270927401,-0.08217355731531265,1.1452488049525995,-0.18918900547469586,-0.21890803983006774
-0.8621638616681846,-0.2933180455098209,-2.0978103305546423,-0.35493931942589796,0.33745738812161064,-0.6730127565437369,-0.23670270439979382,1.1177379836309476,0.038430684576637925,0.20517869954132378,-0.7195331487414485,-0.1268785099439643,0.31224574979522607,0.3145177111456673,0.07547910445968362
-2.5486312711285573,-0.19905347390355654,1.8340374274325715,0.41786970215836805,-1.3773215161548675,0.806822168395428,-0.46260899356450147,-0.1576333088958264,0.6989537240475574,-0.10405528397173691,-0.293212538665385,-0.002647644944554689,-0.17378064805080193,0.050243817038335595,0.006773731103799816
-2.878260293028269,-0.021280728087623713,1.6188815167199901,1.231580925717457,1.9943742604764938,-0.7203826194058769,-0.9133355849853177,0.7082377557494819,1.0345653272999606,-0.7675822517508086,0.20330203615370604,-0.11428841515230295,-0.07839908985820643,-0.07548942578548004,0.06119429490953952
-1.98592415084314,2.371783564204902,0.00552766780348285,1.2472413332684922,-1.036230760362138,-0.7111667706981006,-1.6118205247886384,-0.3642149940088163,0.7913526853263033,-1.2523753881152877,0.5826449963764954,0.11440510373508832,-0.1659118721707653,-0.04933071228893614,-0.02872032285213899
3.9286928698535646,-1.4719645524581382,-1.0192573924706567,-1.5423231119369325,0.2048627747384677,0.4415114513862006,-0.6241562597385711,0.028091930763602835,-0.33663283283736095,-0.8401918102836223,0.9075489938080179,-0.03151565491425032,-0.10718706603322387,-0.09828737287806256,0.036759403087563786
4.969353704916436,-1.9218276466605322,-0.05309584342068814,-0.10549514989909498,-0.2145103538445039,-1.522049820119595,-0.8237589977296352,-1.1438323942281083,-0.7839364484117128,0.330901982499197,-0.6100007206555595,-0.12428014424251241,-0.02539448952676803,-0.027778366676601322,-0.04657846372944516
0.80207904972954,-0.30873785041387103,2.8200903649225433,0.5482509976248549,-0.6319870800374773,0.4235523351730819,-0.08078468579801851,-0.48018339354626854,0.08153932647725695,0.194598483781402,0.9840985266502572,0.31829045711276405,0.014286921518546838,0.36747118423730835,-0.030582949264304816
3.9612071068858294,-0.9479464868223774,-1.3407984568497033,0.8414411364990113,0.517090759004001,0.22379776901684978,0.2490807523258026,1.1455957373945531,-0.21803190216184332,-0.4577123345571101,-0.13738037294351738,-0.22781374843496524,-0.07027401810424974,-0.16399678267464868,0.03597701546900265
-3.0492834995554423,0.3959265385009061,-1.1567176843256959,-0.1244831198328899,0.7253871817502527,-1.1354341194333992,-0.1880073475710311,-0.5600648745581085,-0.13953228966783487,-1.0119487176809192,0.2639098680721377,-0.12051336697182399,0.06258043813725112,-0.07221369239183208,-0.06444098174307433
-3.039543751621761,0.6940000598085363,1.0963980212794564,-0.9914756654148514,1.3783380206434819,1.4925640966043843,-0.4931477499799862,1.4337051895428843,0.6684179734350754,-1.0074577833665732,-1.3725821633717012,-0.3206379948557707,-0.02050504655362581,-0.0321896981947086,0.026225223050422547
-2.7168224923796123,-1.3946784023707564,0.49475586830430757,1.7576878311158357,0.35124728800268834,0.20337021764018703,0.35581056806169487,-1.3502716255074836,0.32197836492969345,0.10972890565107613,0.15690297948738072,0.04514068763733517,-0.10141516885664126,0.012899715922263466,0.021702369248652573
5.242624407913215,0.22910277702131454,-0.9937862577842642,0.021810025964423718,-1.1012217211437645,-1.1515723997111316,1.0097259190826744,-0.09261369453063757,-0.1986679996393637,0.7622676042900032,-0.7365328750727878,-0.16903173200380686,-0.12257319426747834,0.05734032737872924,0.02213172754480322
0.3940092565876898,1.0886917422650328,-1.6192832270996038,0.2179872345175582,0.18206663808377682,1.4174161900548294,-0.22627665871995792,0.14255803975698644,-0.45245754479793704,0.9371189048216948,0.45296560111325623,-0.39633694155957877,0.043240871192321326,0.13055439123677393,0.05002524610204796
0.6458041505584329,4.598160120408755,0.5098815982153713,0.16498655037285614,-1.7768102147302578,0.9225175575240208,0.5040130290063013,-0.11471882514239638,0.04938593131913785,0.3376372066120969,0.9307959217256809,0.17693858044358673,0.21143965624017896,-0.2461630482281847,-0.017572015468995453
5.617689214259196,2.082952066119021,0.649188431064041,-0.09007941773993383,1.660019850927335,-0.8325783030608128,-1.489771440274183,0.6980283960353595,0.16541278974880058,0.09865617400975728,-0.090769703941666,-0.08235899125336779,-0.1021225360807318,0.06630548437447369,-0.004054033097241154
1.2477092967358296,1.8802313860098518,1.7273694209193475,1.1875966627828238,-0.2670264800945402,-0.21606814202010538,-0.3075134227170745,-0.4930443805088908,0.31227837189074914,-0.017206378762063313,-0.3941769703686556,0.1844125879657712,0.04634138465572396,0.28918934531709284,-0.05196283318815318
5.268686954583654,-0.6148637440098179,0.048740372165331336,-0.1260852696425686,2.247184504837831,-0.517223892785728,0.14255968937592162,-0.34094692812946703,-0.15624829756509312,0.6026302292612027,-0.0648765138652476,-0.12782817472862032,-0.06675866942009531,0.060927722476163945,-0.04520887337304443
-2.9641197974134488,-2.4386937909846047,0.7773599580025248,-0.2951813070855036,-0.1710227673976853,0.5314462269061047,0.7645529682551724,-0.4823945008531023,-0.693604352910802,0.11933223644034963,0.08152100439877913,-0.1722274275921867,-0.12588666553140887,0.07378298439500063,0.024276591684270998
-2.985635186216644,-2.3379552930064627,0.6263596104876519,0.3027781816190135,-0.2172950673288554,0.8301175614727756,0.165119214878213,-0.6305921208398089,-1.091456686692042,0.04127471839261535,0.2067614598851572,0.001716609317995832,-0.11710279568665272,0.050632855640207,0.01672310995377988
0.4888568246115508,2.3129628853214927,1.4895315562445015,-2.3860160891030207,-0.20225350629825778,-0.9596287813808219,-0.3337927065646087,-0.23753474815308478,-0.5092239233122688,-0.18925885353893418,1.5930976431677548,0.1254455090753841,0.2388579475081894,-0.2705073146391489,-0.03812114001044971
5.3543122852546094,0.6099859409325179,-0.9589992367494813,0.11248229171773622,-1.1407339708309996,-0.7933868073335139,0.3907482783495174,-1.284817646167634,0.5106245034238945,0.6654628902216793,-1.2041582303057288,-0.03843148587916309,-0.08472498818248575,0.011455309935232152,0.03229584184021617
3.5349727452640187,-2.721611906295232,-0.4896983992026814,0.6121146064562215,-0.48863866129026967,1.540506197251478,-0.09703214625946271,0.5563562190214195,-0.46388159893404596,-0.29387265127565454,0.09382971894363326,-0.13529113057864936,-0.04756747897222574,-0.14708902845968336,-0.024459083959809082
-0.04405815538057922,0.2598217725770684,0.5848314059790336,-0.2783127707451204,-0.12836557154780603,-0.4405544689557863,-1.8791876773216634,0.38029512462192466,1.0121760109694362,0.4037905172866427,-0.08797288243270412,-0.4692989547116221,0.038958165715076584,0.11313786180986761,0.052573893263420574
0.6462787191904544,4.576468713518986,0.3903718885021274,0.283693725605465,-0.9204360837178159,0.7961238516140132,0.18672409479647786,0.6117728749904854,-0.8576047551566603,0.18404506670476992,0.9998932091215226,0.0272312512078495,0.2212839864904107,-0.24257204050517872,-0.022000940395775697
-2.4959287724353403,0.01228729173649179,-0.26382374248825613,-1.333210169244048,0.27500635097597353,0.8205421595432587,0.5657764208772876,-0.49342295701926847,-0.768467923044275,-0.16807326233135222,-0.28282880562566803,-0.21623459874647757,-0.16055772609224578,0.10906738974668319,-0.051029555541489496
-2.619689897901152,-0.815920435588328,-2.0091804484950164,-0.5582940359531021,-1.375303725345642,0.11489438933157836,-1.3344065698811922,-0.2793878004283445,-0.030809207131527516,0.48308691818247623,0.2855813433615654,0.3754285716125476,0.3426469270375242,0.4283737001116181,-0.02899050812324442
-3.37051573835316,-1.7424048919603665,2.184205191487803,-1.0334982090302642,-1.608874445539941,0.4629484293429189,-0.6070246526436317,-0.3174389856476484,1.0960601154587706,-0.5589921121035104,0.2163921428559024,0.012223655403513417,-0.1164255569814007,-0.014255871445051194,-0.03877565225581303
-2.3796158765235833,-2.827997405758123,0.3977392885681907,0.290016773537366,0.1067580724085318,-1.52790249117148,0.500755477158062,-0.327895088008364,-0.2866192506175195,-0.5829768814001954,-0.2393703063426318,-0.052815832570041216,0.007309970541203012,-0.004853816562496324,0.024871232272802978
3.582313943492458,-2.945199898631314,-0.3473457237531963,0.06511292443764038,-1.3833698960868532,0.3658197478023848,0.5236818333504487,-0.17573097937683507,0.847143370196531,-0.19875628461857278,0.012888332396294382,0.0047081433818682294,-0.06385766422795555,-0.1762474617699909,-0.017636411638619176
-3.1203539620033083,-2.496284622130201,3.0500327261061417,1.1712996605793737,-0.6618117076060389,0.9980223520659752,-0.6588112037667885,-0.2198412860267959,0.6177141791828877,0.11581376103369267,0.5166132870569651,0.040422407440223074,-0.10097700530112406,0.0489674087713078,-0.02272886650642783
-2.4347001319503163,0.08455082455483987,-0.6476160477023292,-1.3524298790322355,0.21887544273996898,-0.6585280760785178,0.5788866081499985,0.0328072152354055,-1.197802497256691,-0.372143207977823,-0.08687905950720035,-0.3179459564283962,-0.17844654584630587,0.09561720696244776,0.08125156831243685
0.21441636150448184,-0.28856444521515734,-1.0903919034219285,-0.3156813840099321,-0.3753849615936885,0.6706467617384912,-0.5844095192648453,-0.6359735707778558,-0.058451181079582026,0.8953281439242984,-0.11307262942708063,-0.21576137452904917,0.09245831978888489,0.03668619653212135,-0.048462772239929654
-0.2353463462460521,0.7997726881775298,0.505175163524048,-0.6574410031887965,1.1515430683330319,-0.35393981950708053,1.213132642933625,-1.3969847769308459,-0.15142609767699328,0.6810705529117738,-0.08074960649108692,0.10130807172681805,-0.5518022224988923,-0.26257315290477656,-0.05088638682471549
0.9302023083826554,-0.6901262865393949,2.9565630111107737,0.09486016405822656,1.976083834920285,-1.2713702689714677,-0.21400124684241983,0.7185381403541713,-0.6181633826313582,-0.1066902159684335,1.1416414852831365,0.10669375131926002,0.03596522744548526,0.3370620062071059,-0.03371958127313024
0.7779320598912536,3.985581873716734,-1.704592839161223,1.7570560202284307,-1.4810558400109342,-1.5182290915398284,1.2774515397894326,-1.2601740076658938,-0.39989399639342266,0.2886005832285484,-0.29815373885797075,-0.0033810443954202796,0.28980734111693857,-0.4072487576905491,0.013539375863574357
1.4445347084309597,2.1042494519810653,1.9808761854539052,-0.6164525373901649,1.6666949267585602,0.062030953773748676,-1.5213348821364192,-1.1980422121015504,0.04704892603517949,-0.5247113154195042,0.6768906468216724,0.3279231692238791,0.03414337086788316,0.3435336415263209,-0.026082577195891465
-2.315033129509041,-2.013844816474668,0.4166039220671291,0.23902258800806941,0.36370182307078136,-0.49020441928225356,1.2560377296569687,0.1333441475118466,-0.33404729207372913,-0.11291305971817076,-0.05082688153636007,-0.13217248230350495,0.16927668365780593,-0.740338403916026,0.0400709766751361
-2.9363543702896955,1.1815692279676737,-1.2082719420905528,-0.03817317567406353,-0.24977084774858282,0.9067393814807283,0.23026150328805953,-0.3450541409193202,-0.8373360219960098,-0.39109978804548035,0.2712221092536065,-0.06499879678100565,-0.014235775608586854,-0.0766784378391591,-0.06225602211095568
0.6323439034574636,3.006309326357878,1.1722176134540432,-1.8582730713279532,0.08539690641987463,-1.705524611994532,1.2651953937023028,1.0253324128885921,0.1103708314692384,0.22100457109760527,-0.31809677296349187,-0.1795826014538178,0.2698943235687587,-0.3450999216460565,0.021714678229121844
-3.316970923776015,0.8641522105353752,0.23912868154208833,-0.5816279011798575,0.0015769192452588232,-0.8131434299645838,-1.4460653576677156,1.766442496007504,-1.1113210630106187,-1.1999385858189837,0.11121673098608875,-0.13404594633859504,-0.04101933953895254,-0.09103280009434386,0.06939050799419656
-2.230896936212067,1.2700947396639002,-0.9025020188034838,0.7834697382256233,0.43265522117308275,0.08277627067773552,0.04356597752312602,-1.3149422298378233,0.3368244176862543,0.02334399473484483,-0.005874652891493484,1.251143935065146,-0.18307242103581284,-0.07745028966709265,-0.0566724308479727
-2.703955346914148,0.22801812081926665,-1.3376042664076828,2.8605521378907453,0.6908656807231209,-1.7105780958410015,-0.3419806889536253,-0.2563517290874878,-0.22931529151419827,-1.0357250407242073,0.5722433411748954,-0.03246150206348655,0.10384931147716148,-0.16012755823890304,0.7760639124889532
-2.669536552127339,-2.9948464141040496,-0.8836050379416935,0.6266592625734109,-0.3131127136871332,-0.8170798119030267,-0.4170251111671536,0.49919677642796595,0.34207176933093597,0.5187149876433721,0.5400239599887949,-0.43840059222956484,0.9214589807929695,-0.17487871440042463,-0.004870190848817834
-3.7404236957480475,-2.005444169709945,0.006183508763256601,-0.17017526017322376,0.25503435540194697,0.12689440668556817,0.8858270139114596,0.4489261562577536,-0.4543985891133077,0.008697713914228439,0.07511991361382028,0.7962468769801448,-0.11958026951820705,-0.0959915471390512,-0.053599812565957465
-1.0245038794747412,-0.7969249814639211,-1.3282362871823905,-1.5350304325979973,1.4002455468348065,0.6579425618216508,-0.8231535310248482,0.7981571917175072,-0.7578043872545528,0.26326426446261436,0.3435759277340088,-0.591135006307586,-0.10896007905050523,0.1298180629436067,-0.060037014883747034
-2.4366788768327,-1.028576565594849,0.01334735424030875,-0.8114985086821548,-0.8529188625262766,-0.6518325893287076,0.250665497209811,-1.6068793189393926,0.027211035740788342,-0.3100362181620258,0.1736006980485932,0.0009461782836741317,-0.18802496819925113,0.04686257545805786,0.012686445623895447
0.5147129277013165,-2.029393630580623,1.0471935824551146,0.6431958118748222,-1.1638375030368842,0.6035069157523076,0.20937062005842,-1.3140600021361788,-1.9198669862982691,0.27479485197934106,0.3460468517743552,0.47126929369358017,0.05787998507388242,0.2876939616923526,-0.024830841831545283
5.2370914605199985,-0.6740335036756739,-1.5854258949653837,-0.8485398869711194,0.1910647213897162,0.016458204654884012,0.11672817894445853,0.2717256297012177,0.8779148519542739,-1.3349512990294476,-0.3139211683097236,0.014381911608765258,0.14113471517741671,0.020269121609222673,-0.8195182841791675
-0.8106542194221844,3.0169632899400898,-2.988921889484337,-0.9176842669180959,-0.2833300108352901,0.504284086992123,1.0664223592179416,0.9271706404401412,0.9173678323322962,0.6471797657258087,0.9514161295748598,-0.5089132222940981,0.19197390224365696,-0.776444579378482,0.0031479169947596156
0.6138476944678648,-1.4343399070010547,2.7298072770921475,-0.573243567498906,-1.0653409410543508,-0.6176884561566559,-0.9692764214030196,-0.03128266662361119,-1.4498332574244366,-0.2334700219830456,-0.0934890486119529,-0.010673182435941952,0.06607435407137399,0.29804934787310405,1.1187270406586423
3.994930557095754,-3.3939897553145872,1.7966303896042746,0.4980471404474843,-1.7704737500412517,0.3691413479626393,1.8153113835708992,-0.8118551772725373,-1.21551592225188,-0.01926893171100033,-0.4215650725712966,0.6467446341499908,-0.1835894136693097,-0.007828730514316595,0.03698726338187633
-2.0745554793027066,2.5998357474614164,-1.4774401991763937,-0.16601617901281457,-0.9053360352771599,1.0409287225425627,-0.06544749986041708,-1.8063826068274917,0.008049290231633977,-0.3599951558500073,-0.35045273765646406,0.022274585666022167,-0.1861209303954011,0.09602779721218037,-0.0058137312545979095
-2.8125179334901476,-1.8497682075216044,0.019283391787025955,0.038029613862116174,1.6035301331667964,1.2466542700193362,1.0917053391420515,1.6336302665929865,-1.3517337106077947,-0.5799599207078032,0.043921275835107756,-0.297150567988021,0.11608860998028583,0.2844518090211311,-0.05221665642345167
3.938814993659505,-1.173077554400983,-0.9764643402932318,-0.0730323526004581,0.3782748898126951,1.2707101894876844,-0.6738071067049253,-0.22663205373875556,0.09639044848300968,-0.6210021221223858,-0.16589564240786153,-0.0587821277715688,-0.044182260898945065,-0.16474380308188397,0.06011589523139252
-1.2862217383664005,-0.5198587728198337,-2.2128757456820485,-1.6960658433420477,-0.7154010658749147,-1.69120283396963,-0.22034335390246326,1.2484275300624608,-0.8128885899709735,0.1743911549386309,0.34864027747351495,-0.4783902877349162,0.19274315401741815,1.0235290880431094,-0.0627974159460259
-2.4198600337165526,-1.2596223515022373,-0.23404987588268278,-1.2966960757405332,-0.06524122648406194,-0.27701884208071115,-0.6628393121605557,-1.5434574453442425,-0.15858155505202426,-1.0271412194746268,-2.000578651660062,-0.2937136609315536,-0.011582401185678881,-0.17005667784819445,0.024615097344886854
-1.5634270186015349,-1.1642352532967377,-1.4373618997717241,1.7180183722359115,-0.7512395209884929,-0.30001455533591104,-0.5838512480175686,0.10181327282381208,0.1406789449727202,1.035644640552965,0.07555538319441134,0.2129185667190182,-0.07907840854204795,-0.10781164983539333,-0.06545065533203959
-0.2551089723369717,-0.8102576280679787,1.1317189117462712,0.526229787288654,-0.7982552179924401,-0.6927362943950031,-1.1012222131320608,0.29148099803118627,1.8091058333906802,0.7805371383884077,-0.09203625877765884,-0.4013717747854447,0.04630004320149758,0.08999437205347459,0.01282039368886232
-2.688263290980065,-2.704507093132915,0.5484564328239931,-0.9292231202645662,0.0908563620130467,-0.9673555667398741,0.926187848599986,-0.5520732803856856,0.29621501829985875,-0.5367071126272152,1.0966744345292498,0.1491418211875536,-0.1538885386405569,-0.02845124272683764,-0.02629476536716404
0.8615736235146887,4.812334767871777,0.3258218744982434,0.8892588862086912,-0.13654540317791253,-1.0336712291852892,0.23290836700269937,0.25727737106362136,0.08578755058181989,0.0643339801104521,1.075803057091136,0.11343820258417436,0.2338520181898232,-0.30967485274914747,-0.021796726155633106
-2.146313096488766,0.28478776360836044,-0.7758935673556184,-0.21050572919965957,0.7153114669179171,-0.6115006645903422,0.26311844737583745,-0.4500682444374734,-0.2959076853599604,-0.7393846768545993,-0.21588018446444657,-0.11579839247139603,0.2724675400295291,-0.08857623566451232,-0.049399340645462184
5.005590895505206,-1.0780525928060625,-0.23959108635784404,1.1740575513811742,0.056634399398218904,-0.8943775532126383,1.0994290202769037,0.4518785779000583,-0.4533099571458688,0.9618139690985095,0.18350918264033483,-0.12759823019254476,-0.11279425288119142,0.07566470750413849,-0.017502727853501085
4.269401081969091,1.3561452918772519,-2.309582776324755,2.7328940932744237,0.7707185908641339,1.688867216375301,-0.9455705681171546,0.5594344230020101,-0.6207638820210484,-0.6899010956404883,0.5664534213116007,-0.08467968408329166,-0.0886780217192771,-0.11945293770372617,0.04239096147353759
3.6953346655876147,-2.765982447105073,0.006308282689796912,-0.26431082820776897,0.6280229244995315,1.1742329290869509,0.1233430395256237,-0.18669094011122667,0.8317715089657889,-0.2713770081764785,0.05606103564478377,0.011615665697750882,-0.03685546336657366,-0.1658867682220838,0.01708036548031008
3.462354318274403,-3.2068315556522187,-0.30025310134363625,0.21690155343593365,-1.6781793551533188,0.7256423054486278,0.5584102571842392,0.11423566938209495,0.35184037274315494,-0.17156697174265734,1.3910283703284536,0.10795926403609435,-0.1229981636996386,-0.09118679054809904,-0.023551703393225116
-0.9980201697165747,-0.6914135191537831,-2.094546651744165,-0.5435661278951703,0.40837735697312755,-0.009543096300729692,-0.7133248601609383,1.1798803719364663,-0.15029243362986833,0.6096372105408889,-0.8722262492390404,1.7794793749547269,0.28452717702828906,0.11255211983301193,0.11013933928964646
-2.8774167881913613,-1.3001652966332,-2.121852381516108,-1.8728780195990433,-1.152171587089267,0.30091810111851935,-1.337034528309553,0.49137130910097376,-0.3973839901371649,0.8887042812988819,-0.41272115074317123,2.161998218651839,-0.009907665975225258,-0.3323406606574868,0.06452150497251333
0.5143748405625903,2.9009649197622585,1.8664822768798361,-1.885318527770238,1.1984804458012677,1.5279495183484593,0.5985512298721896,0.4648204676075299,-0.07522919957322616,0.391671228077468,-0.11130080748350565,-0.05924971719830127,0.2989054721414993,-0.2792976229900025,0.015454592961396316
0.12516380726457266,0.2844900575948053,2.1686328647218844,-0.7750051887118563,-1.1959960130260376,-1.3963369750549341,-1.4181786929697766,-1.4336979992005774,-0.3085137529409439,-0.2041454313801861,-0.11992313593300197,0.05074081155053947,0.39165901501022393,-0.461768630083489,-0.010146160190042532
-2.4973941046015353,-1.3355964016700375,-0.008439533165446794,1.0529059450589249,0.23414553280816428,-1.0939048357116816,0.052865728990978744,-0.7167675853327149,-0.6088863613581588,-0.24910510370965422,0.1728685401532422,0.058448301419760845,-0.1544892967651864,-0.01688133679006807,-0.040356836880944595
-2.49639793642103,0.03791210063975292,-0.14869495591875753,-1.454916241549826,-0.617230635332089,0.9339993515634903,0.8992775907694697,-1.2223577652435176,0.14437516745346218,-0.01730661067371553,-0.35492434610403,-0.0916015838845218,-0.17054645881801914,0.10822014859584687,-0.04651018629595167
-3.632445745154266,-0.6544751296117344,-0.3919630467892439,0.9483693647068783,0.5141490476473606,-0.8000595917766309,0.2827257406385739,-0.6155706857112189,0.05116796455126035,-0.355417521481952,1.0759475545591648,-0.0413434780376937,-0.11502520256640487,0.052689780663972674,-0.030988080577445162
5.099232921917521,-1.1338039955369554,-1.5997798003121275,-0.029649542637093185,-0.9854730873000689,-0.2921514422542464,-0.11205610542202112,-0.1552168690821559,0.8810941256274873,-1.344948334866045,0.22104811320122686,0.09137382491500037,0.12427003505481826,0.024118457813076005,-0.05145066291835705
-1.9120249632424262,0.5621230001166373,-0.7595488092794647,-0.5378324692625552,0.18562366161644922,-1.70281574813521,0.8289047508973127,-0.6639435689240649,0.10234174738275276,-0.39842532440127987,-0.03326779863720451,0.012651017532675335,0.03100054453585012,-0.007880404196299193,-0.05204204496543632
-0.16712910086433608,-0.2567122810588709,2.999013443779965,0.032706091390364345,-0.5468200662986319,1.0160869710443872,1.3782869211979725,0.7035164801171621,0.14254889286723735,0.9698516205263663,-0.2610766228013978,-0.04277250773638533,0.3472431136776897,-0.35470751980808707,0.016775443902066662
4.0392980243195975,-0.17687875612608972,-1.759309372061644,0.061464484272949926,-1.5389545594370189,0.30909446651575556,0.7847038913334259,0.39237593679662436,0.6178803836289819,-0.35063659186608154,-0.3615809777040405,-0.10344199043858118,-0.11768980857071298,-0.14047476010172089,0.10443908089201018
-2.403588601535674,-0.2166006565744073,-1.436264492356022,-1.90252590550237,1.5926788687295224,1.0938211135759004,-1.4439848533707258,-0.3680761908774822,0.33559881872431424,0.575295428297171,-0.6775519579379607,0.04819287703978478,0.019055500332820746,-0.06780656701884827,0.01704387382803788
1.0526132038637819,1.0594977402132972,1.777580623688573,0.0868454631295002,-0.4240635735785536,-0.06829355744747101,-0.984042711738935,-0.0070592847553527655,-1.1899172422758748,-0.3046380833442842,-0.020328733962377415,0.03696597414486552,0.03965978790012516,0.32780451901054014,0.03931468704654027
0.29541956924324575,-0.3911342373819666,-1.2041395511806647,-0.686088266631536,-0.8472823996337858,-1.0968214141573076,-0.039400102346202476,-0.6789832267328997,0.5737587011981186,0.8357745938409311,-0.15081742270009738,-0.3167916220540863,0.07693393763153192,0.015163426278159045,-0.044337943696205
3.9038019326736664,-1.162421509959918,-0.8748721753265964,-1.0434384580697231,0.35151288712088347,1.6667354673947647,0.5906382658067432,0.7385739863837413,0.19758102140272757,-0.28861225898782344,-0.7846642766954643,-0.21877952548910798,-0.06599625164515163,-0.13042724222361346,0.08342154552751266
-2.3501715924831745,-0.7630297329087312,0.059293499945617,0.006143366322553689,0.6629702802226447,-0.855374141264146,0.920259597277222,-0.54159433897467,0.03507388651574425,-0.12491741153398012,0.1838098568771004,-0.1240743874662065,-0.1870639744437303,0.05168521670471661,0.00329800056283225
-1.9826724910720006,-0.8454228979612307,-1.0198604147126145,0.9946331266270607,0.39366234580274906,-0.14151079508800324,-0.5380238690079735,-0.27169190109479496,0.40592283027040765,1.19589314843312,0.6342874128401174,-0.32322703536503816,-0.07404709449707345,0.07561704766093845,-0.03476227928051864
-2.4428401023057873,0.3822181155388691,0.036289116072626915,-1.1111010019273657,-0.17649246977002098,-0.44701660080808536,-1.4594585483933722,1.1156106594684236,1.5812254914659907,0.6106647101319511,-0.1365897273007162,0.04301046415445664,-0.0396055490383151,-0.05547509424946887,-0.046125879261293246
-1.902369286702342,1.1990454168083136,-0.9222738683458178,0.1601836408896996,0.2540046268748574,-0.22401669883403152,0.4766159972419467,-0.7427906212774578,-0.2268059815152711,-0.33225459430955284,0.2809020604167385,0.12989627796195086,0.021162849888528054,0.030629721114988365,-0.06068687726884425
-2.6865525986132353,-2.363446329923698,0.6028243929316695,0.9785282092509953,-0.8279156856203832,0.7891474760320578,0.5018536599692011,-0.6668296258911681,-0.8224621691759642,0.05596064366294147,0.1504338081976177,-0.11023338764084942,0.0953990479517931,0.01732389114388326,0.021092948108036264
