BorrName,BankFDICNumber,LoanID
ACCURATE SYSTEM DESIGN INC,6548,Loan-5
ALVARO TORRES CONTRACTING LLC,7213,Loan-13
BEYOND THE BITES LLC,6548,Loan-23
Broadreach Retail Builders LLC,17943,Loan-30
Buckeye Counters LLC ,6560,Loan-31
Buffburger #1 Lp,58228,Loan-32
Cojutepeque Restaurant,28489,Loan-38
Concord Animal Hospital,58665,Loan-39
CYNERGY ENTERPRISES LLC,3511,Loan-41
FLBB LLC,33555,Loan-50
GEIGER & ASSOCIATES INC.,35323,Loan-56
GM&B Consulting LLC,628,Loan-57
Jump Redmond,17534,Loan-76
KAIRALI CREATIONS CORP,58665,Loan-79
KIMS CRYSTAL CLEANERS INC,26610,Loan-84
L. N. Zimmermann Inc.,983,Loan-86
Lawn Co.,3511,Loan-89
McLean Juice LLC,16889,Loan-104
MID-KAM CRUSHING LLC,6560,Loan-110
NERIS TRANSPORT CORP.,628,Loan-121
Pat's Wings on Wheels LLC,6384,Loan-127
PINE GROVE US LLC,18409,Loan-133
Solar Gaines LLC,1895,Loan-160
SRQ TRANSPORT INC.,10988,Loan-163
Zeke's Liquor Shoppe Inc,6560,Loan-193
Alvin  Watwood,8728,Loan-199
B&Ds Threefold Collision Cente,8728,Loan-205
Boba Loca,26610,Loan-216
Brittany Lopez CPA PLLC,3511,Loan-220
CADCAM Solutions Inc,9846,Loan-223
carlyle designs llc,628,Loan-226
COMPASS FLOORING LLC,6548,Loan-237
Complete Roofing Solutions In,628,Loan-238
EASTERLIN PECAN CO. INC.,9846,Loan-251
El Chavito Inc,31628,Loan-253
Expert Air Services LLC,20624,Loan-258
Floss Family Dentistry,58665,Loan-263
FOREMAN STREET HOLDINGS LLC,10988,Loan-264
Getting Better Chicago LLC,58665,Loan-272
Harvest Pack Inc.,31628,Loan-274
Jung Woo Han,983,Loan-285
Kauff's Kustom Lettering & Sig,9846,Loan-289
Kenneth D Dembny MD SC,6548,Loan-290
KETO-CHECK INC,16571,Loan-291
LAMARCHE MEAT MARKET  &  RESTA,32773,Loan-296
LIVING FINANCIALLY INDEPENDENT,6548,Loan-297
LIVING WELL HOSPITALITY LLC,3511,Loan-298
McGill & McSwain LLC,131,Loan-307
PHARMAMED USA INC.,983,Loan-332
Phillips & O'Brien LLC,10988,Loan-333
Royal Care Inc.,628,Loan-350
SAFFA FARRIER SERVICES INC,18409,Loan-351
Samir Inc,32773,Loan-352
Samuel Bond LLC,58103,Loan-353
Snova LLC,2270,Loan-359
SPM Hospitality LLC,11813,Loan-363
Tap Room Enterprises Inc.,6548,Loan-370
The Belly Boxes LLC,18409,Loan-374
Your Essential Supplements In,983,Loan-394
1ST CALL TRIAGE LLC,3511,Loan-399
Barefoot Sound LLC,27677,Loan-405
Barrett's Music LLC,57603,Loan-406
Chavero's Auto Mart LLC,Newtek Sma-11042,Loan-421
Connecticut Urgent Care Center,588,Loan-425
CORPLE ENTERPRISES INC.,Newtek Sma-11042,Loan-426
Corrado-investments LLC dba JD,32441,Loan-427
DC Welding &amp; Mechanical LL,18409,Loan-432
Formca and Associates,18409,Loan-448
GRAYCLIFF REALTY LLC,24045,Loan-451
HDI FITNESS INC.,10988,Loan-456
JNT DESIGN AND BUILD LLC,6548,Loan-468
K & N MASONRY LLC,6548,Loan-471
LA MICHOACANA LYONS INC,6548,Loan-475
Lukapones Company LLC,8728,Loan-480
MDD Hospitality Group,32773,Loan-485
MK TRANSPORT LLC,6548,Loan-491
NATU 3300 Inc,19772,Loan-497
NEM,6548,Loan-499
PEDIATRIC PRIVATE DUTY NURSING,4767,Loan-510
Plaza Degollado Inc,9846,Loan-512
POP CON LLC ,6560,Loan-514
REDEMPTION PROPERTIES JD LLC,3511,Loan-521
Renascence LLC ,7468,Loan-525
Revamp Agency LLC,35361,Loan-526
RUNS WITH SCISSORS INC.,18409,Loan-533
RWT Enterprises LLC,32441,Loan-535
S. Trout Holding LLC,7468,Loan-538
SALUD CONSTRUCTION INC,6548,Loan-540
scott farley electrical contra,3510,Loan-544
THE COLLISION COMPANY LLC,6548,Loan-566
The Moffett Agency,58103,Loan-571
Trowbridge Fitness LLC,628,Loan-580
ABK2 INVESTMENTS LLC,10988,Loan-590
AWAKENING POTENT,57056,Loan-599
BLUE FLAME GRILL,3511,Loan-603
Bonesteel Arms LLC,6384,Loan-605
Dimovski Corp.,6560,Loan-627
Eduart  Vasili,6560,Loan-629
EVERGREEN OCEAN INC,26610,Loan-631
GEEK911 INC,6548,Loan-639
GL ENTERPRISES INC. 401K PLAN,10988,Loan-641
Hawg and Ale Smokehouse,Georgia's -30303,Loan-646
J LORD LIMITED LIABILITY COMPA,33188,Loan-650
KCLC FA DA Inc,12633,Loan-664
KJ'S CHILDRENS APPAREL LLC,6560,Loan-666
Lake pointe chiropractic inc,Georgia's -30303,Loan-668
MARTIN AND HAYNES ENTERPRISES ,3511,Loan-674
MASON & FISH LLC,3511,Loan-675
Molly Jackson Investments LLC,57071,Loan-682
R5 Glass and Glazing LLC,5452,Loan-697
R5 Glass and Glazing LLC,5452,Loan-698
SDS TRANSPORTATION INC.,628,Loan-708
Sinchuwuz LLC,17838,Loan-712
STX Construction Inc,6560,Loan-719
TN HOMES LLC,6548,Loan-728
Wilson Tile and Marble Inc,6548,Loan-735
Zasa Spirits Inc,32773,Loan-740
Relax Northwest LLC,6548,Loan-744
Alamo Premium Distillery Inc.,58581,Loan-753
AMERICAN EDUCATION AND TRANSLA,57944,Loan-755
CCGCastle LLC,17943,Loan-768
Custom Concepts Miami Inc,18409,Loan-772
DTC Realty Corp,7213,Loan-776
foursyght LLC,32441,Loan-785
General Psychological Associat,29950,Loan-789
Genesis Diesel,6384,Loan-790
Huli Boys Shave Ice LLC,America Fi-84405,Loan-806
ishan and om inc,10988,Loan-811
JOSH19 INC.,10988,Loan-820
La Cocina de Rosita Inc,6548,Loan-827
MILANO CONSULTING INC,3511,Loan-834
Music City Sports LLC,57841,Loan-839
NEW AGE ELECTRIC LLC,57701,Loan-844
NNF LLC,32773,Loan-848
North Atlantic Investment Part,20624,Loan-849
Norwest Engineering,28489,Loan-850
Quip-Pac Inc.,8843,Loan-857
Resonance Rising LLC,3511,Loan-861
Romo Concrete & Design LLC,4063,Loan-862
ROSENBERG CONSULTING LLC,3511,Loan-863
Sun Valley Foot and Ankle PLLC,15019,Loan-873
The Z Firm LLC,35361,Loan-879
Twenty Five Supply Inc,26610,Loan-881
UPCYCLE BUILDERS INC.,628,Loan-883
Wisconsin Paint Company Profes,34607,Loan-889
AIR CONTROL SYSTEMS INC.,29950,Loan-901
ALL WALL DRYWALL INC.,18409,Loan-903
BIG FOOT MEDIA LLC,6384,Loan-911
BLUESTAQ LLC,628,Loan-913
Breon & Associates PC,7468,Loan-915
Cotton Mather Accounting Group,7888,Loan-929
Cotton Mather Accounting Group,7888,Loan-930
Daiquiri Deck Raw Bar Bradento,33555,Loan-936
Ernest Coufal LLC,17266,Loan-947
Esm wholesalers llc,12368,Loan-948
Estrella Solutions LLC,57056,Loan-949
G.E.T.O. INC,18221,Loan-954
Grand Butchershop Inc,26610,Loan-960
IV PURPOSE INC,Newtek Sma-11042,Loan-969
Johnston's Heating & Cooling ,588,Loan-973
LEGENDARY PRO AUDIO LLC,588,Loan-981
LISING ENTERPRISES LLC,6548,Loan-984
Maestro Holdings LLC,29950,Loan-985
MOTION ELEVATOR CORPORATION,32773,Loan-994
My Team Outlet LLC,628,Loan-996
Never Settle Trucking,6384,Loan-1000
PACIFIC WEST ELECTRIC INC,6548,Loan-1010
QUALITY DOGGIES INC,18409,Loan-1021
Statera Fiberglass LLC,17534,Loan-1035
WALLS RESTAURANT GROUP LLC,11813,Loan-1061
World Flavor LLC,10988,Loan-1066
AC Fine Art Inc.,18409,Loan-1073
ANDY U CHEUNG,6548,Loan-1082
BETSY ANN CANDIES INC.,6560,Loan-1088
BROWN'S BOOTS LLC,6548,Loan-1091
COLEMAN BAIL FORCE LTD,3511,Loan-1097
Cooling Mode Inc.,18409,Loan-1098
DIFEO CONSTRUCTION &amp; PROPE,18409,Loan-1102
DP CA RAL Opco LLC,58665,Loan-1105
East Tennessee Fitness LLC,32551,Loan-1107
FULL CIRCLE PLUMBING & SEWER L,6548,Loan-1114
Higher Ed Insight LLC,6384,Loan-1125
Jennifer Kublbeck,18409,Loan-1130
Kimsa LLC,11813,Loan-1133
Lakes Area Logistics LLC,9733,Loan-1137
Logistics Summer Inc.,57703,Loan-1139
ME & MY DECOR LLC,3511,Loan-1144
Meggin Walkup,6548,Loan-1145
Morales Auto Group LLC,57056,Loan-1152
NAHUM SANTANA,18409,Loan-1155
Optical Training Institute LL,58228,Loan-1162
Physical Medicine of Alpharett,628,Loan-1168
Powerplay Management LLC,3511,Loan-1173
Queen City Med Mart Inc.,6560,Loan-1176
RACK-IT CAR RACKS,6548,Loan-1177
RALPH TAYLOR JR HEATING & COOL,6548,Loan-1178
RAPID CONSTRUCTION INC.,3511,Loan-1179
S & J RESTAURANT LLC,32773,Loan-1182
Statera Fiberglass LLC,17534,Loan-1197
WORLDWIDE SOLUTIONS INTERNATIO,628,Loan-1223
YRV LLC,6384,Loan-1224
Buon Gusto Ristorante,Lendistry -90021,Loan-1241
DBennett Properties LLC,3510,Loan-1259
E & S Cleaner Inc,35151,Loan-1264
HAUS OF B INTERIORS LLC,6548,Loan-1285
HDZ Express Inc,22366,Loan-1287
HOMETOWN CARE LLC,6560,Loan-1289
Impact365 Events Inc.,35278,Loan-1293
James Wallander,6560,Loan-1301
Kacey Gwang Park,CDC Small -92106,Loan-1306
M. J. LOGISTICS LLC,3511,Loan-1315
NEWELL PROPERTIES LLC,10988,Loan-1334
Pure Clean Express Inc,57056,Loan-1350
Quiet Your Mind LLC.,588,Loan-1351
Ruhlman Concrete Products and ,588,Loan-1360
RWI Benefits LLC,58115,Loan-1361
SAINMUN LLC,6548,Loan-1362
San Jose Metals Inc.,628,Loan-1363
Superstone Global LLC,18409,Loan-1379
Sweitzer Trading and Promotion,588,Loan-1381
Tripointe Technologies Inc.,588,Loan-1389
120 85 LLC,6384,Loan-1402
360 ENTERPRISES LLC,6548,Loan-1403
Bhakti Krupa LLC,58626,Loan-1422
BUTTAR BROTHERS CORP.,6548,Loan-1429
Capitol Spirits LLC,18221,Loan-1434
Cement Logic LLC,6560,Loan-1436
Fleetmasters Sales & Service L,3511,Loan-1458
GEMINI MARKETING INC.,35406,Loan-1464
Go Brother One Inc.,34548,Loan-1467
GRAND PIEDMONT LIQUORS,6548,Loan-1469
GRUEN MARKETING SERVICES INC.,35406,Loan-1472
Harcum Services LLC,588,Loan-1474
Indo-Tech Inc.,10988,Loan-1483
JOYFUL YUMMY INC.,6548,Loan-1489
KANECT CORP,26610,Loan-1492
LC FLUHARTY CONSTRUCTION LLC,6384,Loan-1495
RANCHO LA FLORIDA LLC,3511,Loan-1515
SANKARA COMPANY LLC,10988,Loan-1523
SHOP 'N BUY LLC,628,Loan-1528
Steelman Delivery Inc,3511,Loan-1532
THAI BAY FOOD SERVICE INC.,18409,Loan-1539
TRANSFER INC,6548,Loan-1542
VCCOBRE LLC,3511,Loan-1548
Vigor Shoppe Inc,6384,Loan-1549
WLBM III INC,25883,Loan-1553
AZ THERAPY SERVICES FOR KIDS P,4063,Loan-1563
CAMPBELLS CATCH LLC,6560,Loan-1568
COMHAR SERVICES LLC,18409,Loan-1573
FAMILY ROOTS TREE SERVICE LLC,6560,Loan-1579
FOREIGN AUTO SERVICES INC,628,Loan-1581
Genpx Inc,628,Loan-1582
Manuel Morales,6560,Loan-1595
MBK IT SERVICES INC.,Newtek Sma-11042,Loan-1596
QUICK SERV INC.,10988,Loan-1603
Rock City Records L.L.C.,6560,Loan-1607
Universal Clinic and Urgent Ca,6560,Loan-1610
William Blaho,6560,Loan-1614
APH Holdings LLC,6384,Loan-1626
Artisan Hand Tools Inc.,3510,Loan-1628
Assistance Hospice Care Inc.,26610,Loan-1630
BEST OF MICHIGAN AUTO SALES L,983,Loan-1638
CK Investment Inc,24170,Loan-1647
CURLY ANNE'S RESIDENCE INC.,3511,Loan-1655
David B. Roy D.O. PA,34217,Loan-1658
Dayton Dental Collaborative L,6560,Loan-1659
Demiana Food Services LLC,11813,Loan-1660
FREEDON LOGGING & LAND CLEARIN,3511,Loan-1674
HK MEDICAL MANAGEMENT INC,26610,Loan-1685
Kv Express Llc,628,Loan-1693
Maylon Enterprises LLC,17393,Loan-1702
Northern Jet Management Inc.,6560,Loan-1717
Quiamzon Morales LLC,10988,Loan-1729
Quiet Your Mind LLC.,588,Loan-1730
R. Shelhouse,6560,Loan-1732
SPENCER'S LLC ,6560,Loan-1752
Square One Coffee LLC,6384,Loan-1754
Affordable Pest Control L.L.C,2270,Loan-1790
ALL AROUND BOWERS CORP.,10988,Loan-1793
Altitude 1291 LLC,57841,Loan-1794
Asbury's Topsoil Inc.,17266,Loan-1798
BRUDER LLC,6384,Loan-1818
Cameron John & Dina Michelle V,27237,Loan-1820
CAROLINA BEAUTY WAY LLC,18409,Loan-1821
Ideal Care LLC,3511,Loan-1854
JA New Generation Construction,18409,Loan-1856
Jason Kopras,6560,Loan-1859
JIM Enterprises LLC,58665,Loan-1863
LARK & RUE LLC,6548,Loan-1872
LAW OFFICES OF PATRICK J FILAN,588,Loan-1873
Loyal Legion Portland LLC,6548,Loan-1877
Lromo Enterprises Inc.,34607,Loan-1878
MID MICHIGAN SPRAY FOAM LLC,6560,Loan-1890
Nails Bin inc,26610,Loan-1893
SCHWERTL COLLISION INC.,18409,Loan-1919
Secure Installation Corp,18409,Loan-1922
TAYLOR PLUMBING LLC,6548,Loan-1933
Thrive Health Care Services L,6384,Loan-1937
Alimama Catering LLC,Metropolit-55411,Loan-1962
AVL Lines Inc.,Justine Pe-63106,Loan-1970
Carolyn Kunhee Lee,24170,Loan-1986
DC BEAUTY CORP,18409,Loan-1995
Dr. Sandra G. Reyes DDS,6384,Loan-2006
EL AZTECA LLC,6548,Loan-2009
Heart Water LLC,3330,Loan-2025
IDM GROUPS LLC,6548,Loan-2030
ILOKA INC,Newtek Sma-11042,Loan-2032
JB Golf Carts Inc,6384,Loan-2036
KDM ELECTRICAL CONTRACTORS LLC,10988,Loan-2044
MIDWEST CONSTRUCTION KC LLC,6548,Loan-2055
Mr. K Liquor 4 Inc,57463,Loan-2062
My World ABA LLC,58892,Loan-2063
Oghenejiro Akpobome DDS P.A.,6384,Loan-2071
PET IMPULSE LLC,6384,Loan-2078
Priceless Unlimited Inc,131,Loan-2079
RED CHIMNEY RESTAURANT INC.,6560,Loan-2081
SKL IMPORTS INC.,628,Loan-2093
STELVIO TRANSPORT LLC,628,Loan-2097
Talbot Services Corporation,4063,Loan-2102
THE START-UP FARM LLC,628,Loan-2106
Three Oaks Behavioral Health &,3511,Loan-2108
TNS EXPRESS INC,6548,Loan-2110
VEEZONE GLOBAL LLC,3511,Loan-2115
WAUGH SALES & CONSULTING LLC,3511,Loan-2119
Z & Y BISTRO.INC,628,Loan-2124
AUTISM & BEHAVIORAL CONSULTING,35361,Loan-2140
B Air Conditioning and Service,628,Loan-2143
Bottle Pop Liquors Inc.,17534,Loan-2147
Bowls & Dreams Corp,18409,Loan-2149
CLEMONS TRUCKING LLC,6548,Loan-2160
Core Fitness LLC,6548,Loan-2164
El Mene Inc.,983,Loan-2169
F & K Holding Co Inc,6560,Loan-2174
GREENE FABRICATION & WELDING L,3511,Loan-2186
GrowPro,58665,Loan-2190
Humble Fitness Beaumont Inc.,58665,Loan-2194
Jackson Brothers of The South,11813,Loan-2198
JATI TIRES SERVICE INC,18409,Loan-2200
JC MAINTENANCE SERVICES,3511,Loan-2201
JMJ CROWN INC,6548,Loan-2204
JWM Companies Inc,58291,Loan-2205
Kahlon Properties LLC,17534,Loan-2207
KEYSER HOOPS LLC,10988,Loan-2209
KM Market and Grill Inc,57056,Loan-2212
Kubisch and Ferris Orthodontic,58665,Loan-2214
L. Bordelon Media Group LLC,18409,Loan-2216
MLLC LLC,1281,Loan-2237
Nuceria Health Inc.,18409,Loan-2244
Restoration Cleaning Services,18409,Loan-2261
RJ RJ ENTERPRISES LLC,3511,Loan-2264
THE COASTAL COMPANY OF FLORIDA,18409,Loan-2290
The Kramer Group LLC,33555,Loan-2293
THE SPOT 4 DOGS K-9 TRAINING L,6548,Loan-2298
Tran Express Inc.,57056,Loan-2304
Valbert inc.,588,Loan-2312
Watson's Roofing & Constructio,983,Loan-2316
YUMMY CHOICE,6548,Loan-2325
ZION 7 INC.,18409,Loan-2327
BELLEZZA NAIL &amp; SPA INC.,18409,Loan-2329
Upstairs Circus Dfw  LLC,59052,Loan-2333
Ada Therapy Services PLLC,6548,Loan-2338
AWESOME OTTER LLC,6560,Loan-2351
Basson Trading LLC,9846,Loan-2355
Chaquette LLC,18618,Loan-2378
CK Transportation LLC ,6560,Loan-2381
HILLTOP WINDOW COVERINGS INC,6548,Loan-2412
HORIZON EXPRESS LLC,6560,Loan-2414
LK Transport LLC,34363,Loan-2437
Mid-State Oral Surgery & Impla,58665,Loan-2446
MPPB Hospitality Group LLC,57463,Loan-2456
Mutantis Brewery & Bottle Shop,17266,Loan-2462
Paul C. Nowak MD PA,131,Loan-2473
QUALITAS INVESTMENT LLC,18409,Loan-2481
RAMIREZ GUERRERO IRON CORPORAT,18409,Loan-2482
REINKE FARMS LLC,3511,Loan-2486
Sharpline Insurance Brokerages,58665,Loan-2504
SHRUNKEN HEAD SKATEBOARDS LLC,6548,Loan-2505
Theta Spring Hypnosis LLc,628,Loan-2525
TOMAS CRUZ,6548,Loan-2530
URHF ENTERPRISES LLC,3511,Loan-2536
Vas Express LLC,6560,Loan-2537
Vejen Logistics Inc.,34997,Loan-2538
Wilson Tile and Marble Inc,6548,Loan-2544
Xue Yang,5510,Loan-2547
yang and Yang inc,6560,Loan-2548
ZTL 1700 DAYTONA LLC,57056,Loan-2549
Agent Consulting LLC,8870,Loan-2554
Ausibelle Holdings LLC,17534,Loan-2563
Ausibelle Holdings LLC,17534,Loan-2564
Barring  Co INC,7551,Loan-2569
Buckshot Tannery,609,Loan-2580
CARPETERIA (MARKARIAN) CO.,628,Loan-2586
Cloque and Gglamour LLC,29950,Loan-2589
CMAC Provisions LLC,18409,Loan-2590
DASHBOARD TRANSPORTATION LLC,6548,Loan-2600
Elite Service Experts Inc.,15019,Loan-2611
ERWIN HOEK,28905,Loan-2616
GOOD NEIGHBOR MARKET,Centerston-90017,Loan-2630
Gurpartap Sandhu,6560,Loan-2634
Hair of the Dog Grooming Salon,588,Loan-2636
HW EXPRESS INC.,16889,Loan-2639
KAMA'AINA HOME AND COMMUNITY B,17308,Loan-2656
Komil Kibarov,6560,Loan-2658
LEARNEVITY LLC,6384,Loan-2661
Legacy Graphics Inc.,35361,Loan-2662
LIFTED CLEANING SOLUTIONS LLC,6548,Loan-2663
Misk Investments LLC,6672,Loan-2669
Naeem a khan llc,18409,Loan-2674
Point of Life Acupuncture P.C,588,Loan-2688
Precision Assembly LLC,6560,Loan-2690
Reliable & Fare Tax Inc,Neighborho-10032,Loan-2699
Sand Creek Concrete LLC,3511,Loan-2705
Sonny Ventures LLC,131,Loan-2710
Sultans Palace LLC,Newtek Sma-11042,Loan-2714
The Purple Pea LLC,8728,Loan-2721
The Purple Pea LLC,8728,Loan-2722
Wildman Design LLC,57944,Loan-2738
109 MADISON LAUNDROMAT INC.,18409,Loan-2742
Aliment Insurance Agency Inc.,17266,Loan-2749
Altitude Kidney Health,4214,Loan-2751
AMG NAIL PRODUCTS CORPORATION,26610,Loan-2755
BLACK AND WHITE ENTERPRISES LL,34997,Loan-2773
BUFFALO IRON INC.,6560,Loan-2777
C & C Home Repair LLC,6560,Loan-2779
Camacho Coffee LLC,10619,Loan-2782
CENNECA PEAK INC.,628,Loan-2785
Chaiya Thai Corporation,6548,Loan-2787
CNS Rowlett LLC,33555,Loan-2795
EVERYTHING FOR YOUR PARTY LLC,18409,Loan-2821
EVERYTHING FOR YOUR PARTY LLC,18409,Loan-2822
EXCELLIGENT LLC,3511,Loan-2823
GLADIATHAIR LLC,58377,Loan-2838
JW TRANSPORT SERVICES LLC,3511,Loan-2862
NOE Bullet Moulds LLC,9204,Loan-2895
ocean market grill inc.,6548,Loan-2897
Ochosi Enterprises,5510,Loan-2898
Page-Carroll Funeral Services,35278,Loan-2900
Pawlished Dog Training LLC,6560,Loan-2902
RAJ SHYAMA INC.,6384,Loan-2909
ROI Healthcare Supplies LLC,3511,Loan-2919
S D Cooleration inc,588,Loan-2924
Sharpie's LLC,17266,Loan-2928
Sweet Rolls SA LLC,15797,Loan-2937
The Law Office of Mark E. Kroh,6560,Loan-2946
Traveler's Worldwide Process S,628,Loan-2950
Traveler's Worldwide Process S,628,Loan-2951
ACCELERATED FLEET SERVICES LLC,628,Loan-2968
AJG Holdings and Wholesale LL,32974,Loan-2971
Brothers and Sisters Cleaning ,28489,Loan-2988
Compass Brands LLC,58665,Loan-2996
CP1 LLC,16889,Loan-2998
Cupelli Automotive,6384,Loan-3000
D.E. SONG FABRICATION LLC,6560,Loan-3002
Daniel Bowman Construction Ser,6560,Loan-3005
DINETH CONFECTIONARY INC,18409,Loan-3010
DPI Electric and Communication,7551,Loan-3012
EBI Management Group Inc.,58665,Loan-3014
flaik Sports North America Inc,33555,Loan-3019
FLORIS CAR WASH LLC,57056,Loan-3020
GRAND OAKS MAIL CENTER LLC,10988,Loan-3027
GREYSLATE BUILDING GROUP LLC,6560,Loan-3029
HUDSON'S CLEANERS OF DEARBORN ,6560,Loan-3033
KERZNER CONTRACTING CORP.,Newtek Sma-11042,Loan-3047
KIRBY BROS KUSTOMS LLC,3511,Loan-3050
KITTY PAW LLC,6384,Loan-3051
LUNAS TIENDA Y CARNICERIA LLC,3511,Loan-3065
MEGALINK STAFFING SERVICES COR,6548,Loan-3076
Natalie Greenwood,6560,Loan-3085
Ocean Journeys LLC,17985,Loan-3092
Pacific Rim Cafe,24170,Loan-3095
Parkside Renovations LLC,18409,Loan-3096
RELIANT OUTSOURCING LLC,3511,Loan-3106
SMURFINAROUND LLP,18409,Loan-3127
STONEWALL FARM FINE CARPENTRY,18409,Loan-3129
Superior Mobile Concrete LLC,16889,Loan-3131
TEXAN HOSPITALITY GROUP LLC,27237,Loan-3134
TEXAN HOSPITALITY GROUP LLC,27237,Loan-3135
VALUE AUTO CLINIC LLC,16571,Loan-3152
AARON PIPPIN,6548,Loan-3164
Alvarado Shell LLC,57463,Loan-3167
Body Mind & Breath Industries,588,Loan-3176
Borgata Concepts LLC. DBA Fer,34997,Loan-3177
Byong Corporation,33188,Loan-3180
Cantor & Wolff LLC,34997,Loan-3181
DIAMOND HILL BUILDERS LLC,588,Loan-3191
DISTINGUISHED CONCRETE CONSTRU,6560,Loan-3192
ENDLESS INFINITE LLC,18409,Loan-3199
EquiTrade Group Inc.,57701,Loan-3200
EquiTrade Group Inc.,57701,Loan-3201
Excite Medical of Tampa Bay L,10988,Loan-3202
Fluent Engineering Inc,17266,Loan-3204
G.R. IMPEX LLC,7551,Loan-3208
Ghost Social LLC,35278,Loan-3210
Greener Horizon LLC,32773,Loan-3215
HEALTH & WELLNESS CLINIC PA,628,Loan-3217
Homme Electric Inc.,983,Loan-3220
Inner Beauty Med Spa Inc.,33761,Loan-3228
Keystone Coach Works Inc,17534,Loan-3246
Laspada&apos;s Original Steaks,588,Loan-3253
Latitude Sales  & Marketing L,35361,Loan-3254
Melvin & Jamine Dillard DDS PC,6672,Loan-3264
Meschke Construction Inc.,33761,Loan-3265
Myers Insualting Services Inc,6560,Loan-3272
ON FLEEK INC.,57463,Loan-3282
RHINO FLUIDS LLC,4063,Loan-3296
RUTH RODRIGUEZ,628,Loan-3299
TWELVE OH FIVE LLC,628,Loan-3331
VIP WEAR 6 INC,6560,Loan-3335
vipwear 5 inc,6560,Loan-3336
NJ Enterprise Group Inc.,23621,Loan-3352
PLRS Restoration LLC,17838,Loan-3353
A.D.D Rental LLC,34363,Loan-3361
Advise Global Inc,Amplify CU-78727,Loan-3363
ANANTA HOSPITALITY LLC,58626,Loan-3369
Black Oak Realty LLC,33555,Loan-3380
Blue Box Self Storage #1 LLC,4988,Loan-3382
Bowyer Audiology LLC,6560,Loan-3384
Chance Enterprises LLC,588,Loan-3390
Foster's Drywall,6548,Loan-3420
GLOBAL LOGISTICAL CONNECTIONS,57056,Loan-3424
Gregg Soles Inc,10988,Loan-3428
Harper & Houston Construction ,6560,Loan-3431
Icobotics LLC,6672,Loan-3436
In House Worldwide Inc.,588,Loan-3437
INSPIRE NAIL BAR,3511,Loan-3439
IT NINJAS LLC,6548,Loan-3440
Michele Lisa Inc.,628,Loan-3457
Midlands Maintenance LLC,6548,Loan-3459
MY RESULTS INC.,10988,Loan-3464
Negra Linda Body Art LLC,6548,Loan-3465
New England Floorscapes Inc.,32773,Loan-3466
No Consequence L.L.C.,18561,Loan-3472
OPEX PARTNERS INC.,628,Loan-3478
Panpac LLC,18409,Loan-3481
PRIORITY SUPPORT INC,3511,Loan-3486
RA FINANCIAL PARTNERS LLC,6384,Loan-3488
SNGRAF LLC,6548,Loan-3501
SNOITULOS LLC,6548,Loan-3502
VIFFIN LLC,3511,Loan-3521
WD Maxwell LLC,3511,Loan-3527
ZUNIGA STONE LLP,6548,Loan-3531
101 STUDIO CORP.,18409,Loan-3532
Blue Sparrow LLC,6560,Loan-3550
Christensen Insurance Group LL,Mountain A-84070,Loan-3563
CRONOS TRUCKING INC,3511,Loan-3568
DEA BEAUTY INC,628,Loan-3572
DH & GH INC.,6548,Loan-3574
Dillard &amp; Dillard Investme,6672,Loan-3576
E&E FOOD INC.,26610,Loan-3579
Ironhead Equipment Sales LLC,6560,Loan-3605
Jennifer Sargent Counseling LL,4063,Loan-3612
K-9 COSMETOLOGY LLC,3511,Loan-3618
NEW BEGINNING BEHAVIORAL HEALT,3511,Loan-3642
Northfield Consulting LLC,34997,Loan-3645
NOVA DIAGNOSTICS CORP,18409,Loan-3646
Outdoor Environments Group LLC,6560,Loan-3652
PAK BioSolutions Inc.,588,Loan-3654
PAK BioSolutions Inc.,588,Loan-3655
Royal S & S Inc.,57873,Loan-3682
SON FAMILY F&B INC,33188,Loan-3688
The Prodigy Group LLC,2270,Loan-3697
UPSCRIBBR LLC,3511,Loan-3705
WipperBLS Inc,57603,Loan-3712
Zanmiller Enterprises Inc.,9846,Loan-3714
ADX ENTERPRISES LLC,131,Loan-3727
AJC Management &amp; Construct,588,Loan-3730
ARITAUN NAILS WESTWOOD LLC,35151,Loan-3736
BAXCELL ELECTRONIC INC.,6384,Loan-3740
BD Xtreme Holdings LLC,BizCapital-70112,Loan-3742
Bell Air Climate Control LLC,12368,Loan-3746
Casida Llc,628,Loan-3761
CRISTIAN TOLEDO,628,Loan-3770
DEREK BEYLER CONSTRUCTION,6548,Loan-3772
G. Waters & Associates Inc.,3511,Loan-3786
Galactic Ragnarok,6384,Loan-3787
GONCAR TRANSPORTATION INC.,18409,Loan-3791
Healthier You Inc.,10988,Loan-3796
HH WIRELESS CONNECT LLC,Newtek Sma-11042,Loan-3799
HIGH QUALITY FLOORING INC.,29950,Loan-3801
HUERTA HOLDINGS LLC,628,Loan-3804
I4 Group LLC,628,Loan-3805
JCP Management LLC,26610,Loan-3810
Kai coastal inc,10988,Loan-3817
KCJD ENTERPRISES LLC dba 360 P,32441,Loan-3821
Lighthouse Construction & Deve,35361,Loan-3833
McKinney Awards LLC,6560,Loan-3844
MJM Yachts LLC,9846,Loan-3853
New Horizon Home Therapy LLC,24045,Loan-3858
NORTHWEST SERVICES & EXCAVATIO,6548,Loan-3862
QI LLC,628,Loan-3873
Rose Auto LLC,17943,Loan-3884
S&W Metals,29950,Loan-3889
SAAB TRANSPORT INC,6548,Loan-3890
SIXTH AVENUE LAB LLC,10988,Loan-3898
SUPERIOR HEATING & COOLING LLC,6548,Loan-3902
VBR EXPRESS INC,6560,Loan-3919
VETERINARY SPECIALISTS OF NORT,10988,Loan-3921
A.L. JUDAICA CORP.,29950,Loan-3936
BIG ORANGE HOUSE INC.,10988,Loan-3950
CALIFORNIA SALONS LLC,18503,Loan-3957
CurrentMaster Electric LLC,7551,Loan-3963
Earthworm Organics Corporation,6548,Loan-3971
F&B EQUIPMENT RENTALS INC,3511,Loan-3974
FLORIDA DIB CORP.,6384,Loan-3977
Grand Apizza Madison LLC,17943,Loan-3982
JD SENIOR HOME CARE INC.,10988,Loan-3991
LBR PLUMBING & HEATING CORPORA,609,Loan-4004
Loch Unlimited Inc.,34997,Loan-4005
MAYWOOD PRIVATE SECURITY INC,6548,Loan-4011
POLL ENTERPRISES INC.,29950,Loan-4031
PREMIERTEK SOLUTIONS LLC,6548,Loan-4035
SALTENAS LLC,6384,Loan-4042
SITHEMBISO PHIRI,18409,Loan-4047
The Green Room Holdings Inc.,628,Loan-4059
Casey's Cars inc.,20845,Loan-4095
CIRCLEUP EDUCATION,628,Loan-4097
Dans Porch and Patio,57056,Loan-4107
EMN SOLUTIONS LLC,3511,Loan-4113
EPEEBLES LLC,6548,Loan-4114
EVANS LISA,57056,Loan-4116
EZ Welding Incorporated,18221,Loan-4118
Iglesias Ins. Agency Inc.,10988,Loan-4129
IMAGINE BAKING INC.,Newtek Sma-11042,Loan-4130
Infinity Building Corp,588,Loan-4132
J & S Reeve Cottages LLC,588,Loan-4135
J & S Reeve Cottages LLC,588,Loan-4136
J Harrison Trucking Inc,6560,Loan-4137
J&R Impex LLC,628,Loan-4138
JRAP PROPERTY LLC,628,Loan-4147
Liberated Montessori LLC,628,Loan-4155
Ohio Valley Parts & Equipment ,6548,Loan-4178
SANDMEN TRANSPORT LLC,6384,Loan-4198
SHOW ME RENTS,6548,Loan-4201
Sun Horses L.L.C.,2270,Loan-4210
UF AND S CONSULTANTS LLC,6548,Loan-4222
VVMA Group LLC,628,Loan-4224
Timothy Bennett,6560,Loan-4238
AJA Management LLC,3511,Loan-4248
BENJAMIN P HARTMAN DC LLC,6548,Loan-4262
Billy Ray Maintenance Services,983,Loan-4267
Cat Grooming By Jenny Inc.,16571,Loan-4280
CP RINO LLC,10988,Loan-4287
D&N Systems Inc,27677,Loan-4289
DD2 Consulting Group LLC,ESL FCU-14604,Loan-4292
Duckworth Filtration Co. LLC,628,Loan-4295
Engenuity Systems Inc.,16571,Loan-4300
Fuyu Investment  LLC,10988,Loan-4307
HORNET LLC,35278,Loan-4313
Lake Pontchartrain Properties,Newtek Sma-11042,Loan-4335
Lightning Properties LLC,3511,Loan-4343
Lockett Inc,588,Loan-4345
M & J GENERAL CONTRACTORS LLC,18221,Loan-4347
Modproducts LLC,628,Loan-4355
P&P CLEANUPS INC.,18409,Loan-4369
PABLOS PALMAS TREE & LANDSCAPI,6548,Loan-4370
PANKO FISH-ANZA LLC dba APEX F,32441,Loan-4372
Renee C. Talerico,17266,Loan-4392
Septik Safe Llc,18409,Loan-4395
Service Star Electric LLC,6560,Loan-4396
SoarBlue LLC,8728,Loan-4401
THRIVE ADULT CARE HOME LLC,3511,Loan-4415
Tomadaci Inc.,34997,Loan-4420
Way-Jay Construction LLC,6560,Loan-4429
WILLIAMSNWILLIAMS GROUP LLC,57252,Loan-4432
World HDD LLC,6548,Loan-4435
Z's Cleaners,26610,Loan-4441
ALWAYS FORWARD JIU-JITSU LLC,3511,Loan-4451
Arlington Structural Steel and,20624,Loan-4454
Big Ron's Tree Service LLC,628,Loan-4460
CDS Enterprises LLC,32974,Loan-4467
Dukes Development Corp./Three ,4063,Loan-4488
IDEAL CONSTRUCTION MATERIALS I,6548,Loan-4508
Ironrod Holdings Inc.,35444,Loan-4511
J Milligan Properties LLC,17534,Loan-4514
Laura B. Ousley D.D.S.,4063,Loan-4524
LCS 75 LLC,32441,Loan-4525
McGuire Business Development L,4160,Loan-4534
MIST,6548,Loan-4540
RESTAURANT PARTNERS INC,9846,Loan-4565
ST. ELIZABETH HOME HEALTH INC,31628,Loan-4583
The Flooring Pro LLC,35361,Loan-4595
The Purple Bicycle LLC,588,Loan-4600
Torrch LLC,6548,Loan-4603
TRENDFUL INC,3511,Loan-4604
Zach Lewis LLC.,4767,Loan-4615
ZAS REALTY LLC,3511,Loan-4617
2323 Snelling Avenue LLC,6548,Loan-4622
4-B Rental Source Inc.,58739,Loan-4624
Amber McMahen,34997,Loan-4630
AMH Construction Inc.,Newtek Sma-11042,Loan-4633
ANONYMOUS FITNESS LLC,10988,Loan-4636
AZIM PRESSWALA DDS LLC,6548,Loan-4643
CITC USA Inc.,World Trad-90017,Loan-4665
Disaster Doctors Restoration ,6560,Loan-4676
ENJ GROUP LLC,3511,Loan-4682
Galexa inc,3511,Loan-4689
GDR Saltability Enterprises LL,18409,Loan-4691
HYA Enterprises Inc.,35151,Loan-4703
L Wayne Mullinix Jr,588,Loan-4723
MONICA BEAUTY SPA INC,32773,Loan-4738
MT Wellness LLC,VelocitySB-92626,Loan-4740
Premier Shelving Solutions LL,32441,Loan-4752
R.S AUTO SOLUTIONS INC,18409,Loan-4758
Remodel Rx LLC,588,Loan-4762
Saigon Star Restaurant Inc,26610,Loan-4774
Sam Transport LLC,6560,Loan-4775
Smiles by Hazen,58665,Loan-4784
STOP 1 INC,32974,Loan-4789
TIMOTHY HOOVER TRANSPORTATION,6560,Loan-4802
Umi Sushi SD Inc.,26610,Loan-4807
Virtual Works LLC,Pathways F-43230,Loan-4811
WEATHER READY LLC,17266,Loan-4814
Will-Air LLC,588,Loan-4817
Agave Builders LLC,6384,Loan-4827
Anytime Fitness,8468,Loan-4832
Baghri Car Wash LLC,VelocitySB-92626,Loan-4840
BEINSPIRED,Readycap L-7922,Loan-4841
CFT TEXAS INC,3511,Loan-4858
Crisostomo & Associates LLC,58103,Loan-4864
D Square Energy LLC,17534,Loan-4871
Dawn Til Dusk Farms LLC,588,Loan-4876
EMBELLIR NW LLC,32441,Loan-4883
ENVIROWORKS ENGINEERING,6548,Loan-4886
F & D EXPRESS CORP,18409,Loan-4889
Five Star Commercial Roofing L,6560,Loan-4891
GIVE CONSULTING GROUP LLC,3511,Loan-4897
Heather Bradshaw,6560,Loan-4907
Midwest Truck Equipment LLC,8889,Loan-4944
MONTALVO TRANSPORTATION INC,6560,Loan-4947
Printing Concepts Inc.,6560,Loan-4963
Raaia Business LLC,20845,Loan-4966
Recycling Technology Consultan,5510,Loan-4967
RG Laughlin Corp,8889,Loan-4972
Rite Choice Heating Inc.,6560,Loan-4976
ROUX AND CYR INC.,18409,Loan-4977
SALMON EXCAVATING L.L.C.,3511,Loan-4980
Shane Stone Inc.,28489,Loan-4988
SNACK TIME VENDING OF BRUCE LL,8870,Loan-4992
So Very Charming LLC,6560,Loan-4993
SSD Designs LLC,Newtek Sma-11042,Loan-4996
Stephen Gabriel Designs LLC,29950,Loan-4997
Stormbreaker Delivery Inc,57056,Loan-4998
SVM Fitness LLC,8056,Loan-5003
Tax Point Partners LLC,6548,Loan-5005
THORNTON CONSTRUCTION SERVICES,6560,Loan-5013
Vinsheel Corporation,33555,Loan-5031
A & A INSTALLATION INC,35361,Loan-5040
A & Y INNOVATIONS LLC,18409,Loan-5041
Absolute West Corp,628,Loan-5042
AS Insurance Agency LLC,59086,Loan-5050
ASZS GROUP INC.,32773,Loan-5054
ATX CLINICAL TRIALS INC.,20624,Loan-5055
BEST CHOICE MEATS INC.,Newtek Sma-11042,Loan-5058
Blair Lauren DBA The Whole Ap,588,Loan-5060
Blair Lauren DBA The Whole Ap,588,Loan-5061
BRV Inc,57056,Loan-5064
CANADIAN BREAD DELIVERY DBA TY,6548,Loan-5068
CGE COMPUTERS,6548,Loan-5070
CITRINE LLC,3511,Loan-5073
DAN NOLDER DISTRIBUTING LLC,Union Coun-7016,Loan-5079
ELLIOTT SAW WORKS INC.,6560,Loan-5083
Hansok Kim and Seung Hee Kim a,57463,Loan-5099
HOLLY G COOPER,6548,Loan-5103
L & R FRAMING,3511,Loan-5114
NORTHEAST OHIO APPLIED HEALTH ,6548,Loan-5130
OUTER SPACES THE OUTDOOR LIVI,3511,Loan-5132
QC Infusion Inc.,2720,Loan-5140
Qualified Personnel Inc.,6548,Loan-5141
Rubber City Industries Inc,6548,Loan-5146
Sunrise Property Group LLC,VelocitySB-92626,Loan-5154
WJCLLC,58816,Loan-5176
Clive Lamb Inc.,983,Loan-5183
J & A Exterior Solutions LLC,18409,Loan-5187
SIP & PAINT WITH CLAUDINE & FR,18409,Loan-5202
AMERICAN PACIFIC SUPPLY INC.,6548,Loan-5217
BAZ EXPRESS LLC,6548,Loan-5222
BLOCKBUSTER FITNESS EQUIPMENT,6560,Loan-5229
Divine Investment Partners,628,Loan-5247
Dream Martial Arts and Fitness,3511,Loan-5253
Fayetteville Wax LLC,3890,Loan-5256
LS Acquisition LLC.,57069,Loan-5305
Maystar Logistics LLC,3511,Loan-5316
MICHELLE BELL CREATIVE LLC,3511,Loan-5319
Mountain City Cakes LLC,35583,Loan-5321
MY PLUMBER LLC,6548,Loan-5322
Myhanh Tran,8728,Loan-5323
PELAEZ NY GROUP LLC,131,Loan-5334
Radicke&apos;s Inc.,983,Loan-5338
SMART SUPPLY INTERNATIONAL INC,628,Loan-5351
Solid Gold Dreams LLC,6560,Loan-5352
Stress Free Auto Care Inc.,58665,Loan-5357
The Villa on Sweetwater 1 LLC,58665,Loan-5364
ALL HANDS SERVICES LLC,6548,Loan-5396
As Specified Inc,12368,Loan-5401
BOSTON QUALITY CLEANING SERVIC,32773,Loan-5408
BP ENTERPRISE LLC,6548,Loan-5410
CalBurton Inc.,10988,Loan-5416
Doctor Piper Inc.,628,Loan-5427
Eugene Crossfit,6548,Loan-5434
Exceed Technologies of Jackson,11813,Loan-5435
Game On Lakewood LLC,6560,Loan-5445
Integrity Home Care Inc.,6976,Loan-5464
Lot 10 Construction LLC,18409,Loan-5481
NEXTGEN ELECTRIC LLC,6548,Loan-5502
R. JENKINS Enterprises L.L.C.,6560,Loan-5521
SIRS ELECTRONICS INC.,15019,Loan-5539
STEVE DIMOPOULOS LLC,34997,Loan-5547
Sunrise Electric,Readycap L-7922,Loan-5549
SweetSeats LLC,17266,Loan-5550
Thunderbird Entertainment Inc,628,Loan-5563
TLJ Palmer Inc,33555,Loan-5566
Whish Body Products LLC,34607,Loan-5584
ZEIGE'S INTEGRITY MECHANICAL L,6548,Loan-5589
24 Seven store inc,18409,Loan-5592
AleCar Corp.,6384,Loan-5600
Baer Capital LLC,588,Loan-5616
C. Ashmore Dental Corp,58665,Loan-5633
Caliber Car Wash Group Inc,27237,Loan-5636
CLPN Investments LLC,3890,Loan-5646
Detroit City Distillery LLC,58665,Loan-5660
DUYWASHMAN LLC,131,Loan-5666
DUYWASHMAN LLC,131,Loan-5667
EC STAFFING INC.,628,Loan-5669
EDDINGTON REVIVAL LLC,6560,Loan-5670
Eller's Food Service Corporati,34997,Loan-5672
Essex Indoor Golf Center LLC,Newtek Sma-11042,Loan-5674
FREEMAN CONSTRUCTION LTD,6548,Loan-5680
Hoa Da Canh Thien Inc,3510,Loan-5689
H-P AUTO REPAIR LLC,3511,Loan-5691
Ion Business Network Inc,26610,Loan-5692
J T McCavit,6560,Loan-5694
Julie Akers LCSW Inc.,983,Loan-5704
JULIE GOUGH REALTOR LLC,6548,Loan-5705
KING GREEK INC,628,Loan-5711
Laura & Leigh Bridal LLC,588,Loan-5718
Matt's Automotive,588,Loan-5723
MATT'S LAWN & SNOW LLC,6560,Loan-5724
Mayerling Group Inc.,983,Loan-5726
Mevludin Mehanovic,6560,Loan-5731
NEWBOLD CONSTRUCTION INC.,18409,Loan-5739
PolyPail Inc.,16571,Loan-5751
RDJ UNLIMITED LLC,3511,Loan-5759
SandRex Corp,8889,Loan-5766
Shiv Shakti 3321 Inc,58348,Loan-5771
SmartBase Solutions LLC,16111,Loan-5773
Stepping Stones Behavioral Sol,3511,Loan-5777
TAAM MEVORACH INC.,29950,Loan-5786
The Welcome Store LLC,Readycap L-7922,Loan-5795
Timbrel Building Company LLC,4042,Loan-5796
Together Better LLC,7888,Loan-5800
TRIA XADERFIA LLC,7888,Loan-5802
TrueType Twins,6560,Loan-5805
TUCKER FITNESS LLC,10988,Loan-5806
Ultra Suites LLC,6548,Loan-5808
Wellness Care Center,6384,Loan-5823
Williamson Investments LLC,628,Loan-5826
ZENON MCHUGH INC.,34997,Loan-5831
At Home Car Care LLC,18409,Loan-5854
C S Tex Inc.,5116,Loan-5867
California Sunshine Investment,27237,Loan-5870
Custom Window Treatments LLC d,PeopleFund-78702,Loan-5887
ED STEVENS INC.,6560,Loan-5899
Flexible Jewelry LLC,9204,Loan-5912
Group Plus 58 Corp,18409,Loan-5929
Hooper Market,26610,Loan-5937
HUNT'S DESIGNS & SERVICES,6548,Loan-5940
Junk-A-Haulics LLC,588,Loan-5949
Math Enrichment LLC,Newtek Sma-11042,Loan-5970
Meredith Immigration Law Offic,Lendistry -90021,Loan-5972
Obenrader Pharmacy and Wellnes,6560,Loan-5985
Praytor Enterprises LLC,9846,Loan-6000
Renaissance Owner Douglas J Da,34997,Loan-6005
RIGHTEOUS R TRANSPORTATION LLC,3511,Loan-6008
SUPREME WHEEL WAREHOUSE LLC,3511,Loan-6034
Tamburro Enterprises Inc.,6560,Loan-6037
TFR COMMERCE LLC,58665,Loan-6042
The Tap WL Inc.,6560,Loan-6048
Two Horse Ventures LLC,59052,Loan-6054
Vera Residential Real Estate L,6548,Loan-6058
Arcamoda  L.L.C.,15797,Loan-6096
Asak Solutions Llc,628,Loan-6099
AUSTIN CUSTOM POOL BUILDERS IN,6384,Loan-6100
Between Two Worlds LLC,27677,Loan-6112
BROTHER SERVICE LLC,6548,Loan-6120
CARZ SHINE AUTO SPA & ACCESSOR,6548,Loan-6125
Dynamite Bookkeeping Services ,34997,Loan-6152
ELK TRANS SERVICES INC,6548,Loan-6158
GHM Investments LLC,1617,Loan-6171
JUST WITCHY'S CORP.,6384,Loan-6192
Kandalucci Salon and Day Spa L,628,Loan-6193
KENKAY INC,57056,Loan-6197
KODIAK AERIAL TELECOM LLC,3511,Loan-6201
LAABH NC LLC,9846,Loan-6205
Le Postiche LLC,4178,Loan-6208
Morrow Auto Body and Sales,57056,Loan-6231
N & E Enterprises LLC,16160,Loan-6234
Orion Management LLC,7551,Loan-6244
Page Health Services LLC,59052,Loan-6246
PINPOINT DRAFTING,3511,Loan-6252
RDK Corporation,1281,Loan-6268
RDK Corporation,1281,Loan-6269
SCL Industries LLC,18409,Loan-6277
SHOFFSTALL FUNERAL HOME INC.,131,Loan-6284
South Arkansas Veterinary Hosp,US Eagle F-87109,Loan-6290
Suburban Sporting Goods LLC,3832,Loan-6298
Trash Ladies LLC,7551,Loan-6306
West Wind Hospitality LLC,Readycap L-7922,Loan-6315
x vision,6384,Loan-6320
ADPM Inc.,Newtek Sma-11042,Loan-6333
Allen & Shariff Corporation,15019,Loan-6336
AR COMPONENTS CORP,6384,Loan-6337
AVN LLC,6548,Loan-6341
BIENAVENTURADOS PAINT AND BODY,18409,Loan-6348
Brathai 7276 Foods,34997,Loan-6353
DENISE M KNIGHT & ASSOCIATES L,588,Loan-6376
DWARKESH INC.,18503,Loan-6383
ELITE ENERGY SOLUTIONS LLC,628,Loan-6389
FLASIA INDUSTRIAL ENGINEERING ,3511,Loan-6395
Gallegos Construction LLC,57841,Loan-6399
Goodbear Property LLC,588,Loan-6403
Kevin M. Jackson DBA Kevin Jac,18221,Loan-6442
Lake Vermilion Houseboats Inc,35406,Loan-6448
Little Lucy's LLC,17534,Loan-6452
little Wonders Learning Center,America Fi-84405,Loan-6453
LKN DUMPSTER & DISPOSAL INC.,10988,Loan-6455
Louisiana Apple,Newtek Sma-11042,Loan-6456
NationScapes LLC,8273,Loan-6475
OBOTS Enterprises Inc,2270,Loan-6481
ONIV INC,57056,Loan-6484
Orion Management LLC,7551,Loan-6485
Pen's Electric Company Inc.,Newtek Sma-11042,Loan-6491
PRECISION FABRICATORS LLC,6548,Loan-6498
SC LIFESYLES,6548,Loan-6518
SFTD LLC,34997,Loan-6523
Woodmax,35406,Loan-6566
Xion Retail Inc,9204,Loan-6567
Yinzer Valley Farms LLC,6384,Loan-6568
Yinzer Valley Farms LLC,6384,Loan-6569
ZKN Group LLC,20845,Loan-6572
Aanvi Inc,35583,Loan-6582
Apex Realty LLC,27237,Loan-6589
Atlantic Star Landscape Archit,32441,Loan-6594
Barren Outdoor Solutions Inc,24998,Loan-6597
CaliMont LLC,17838,Loan-6610
Cannell Investments LLC,17266,Loan-6611
COLINAS FARMING COMPANY,Redwood CU-95403,Loan-6622
CRESCENT FUEL INC,57944,Loan-6626
DCS 1 LLC,8273,Loan-6633
Dynamo Aviation Inc.,7213,Loan-6641
Elegant Album,628,Loan-6646
EUROPEAN AUTO SPECIALISTS,11813,Loan-6651
First Town Real Estate LLC,34997,Loan-6656
Goodbear Property LLC,588,Loan-6671
Hale Six LLC,10988,Loan-6675
Harvest Investment Consultants,588,Loan-6676
Healthysoul LLC,1281,Loan-6679
HMS PROPERTIES LLC,34997,Loan-6683
I & S Hospitality Inc.,6548,Loan-6686
JacksonWest LLC,11813,Loan-6694
KIMCHI PLUS INC,26610,Loan-6701
Martinson Technologies Ltd.,628,Loan-6728
Pendleton's Towing & Recovery ,America Fi-84405,Loan-6756
R & V Marketing Services Inc.,17266,Loan-6772
Seacliff Mechanical Services ,3511,Loan-6794
SEAL-A-TRON CORPORATION,628,Loan-6795
SIMPLY STYLED LLC,6548,Loan-6810
SNEAKERHEAD AV LLC,6548,Loan-6812
Superhero Toys N More,7213,Loan-6821
TRIDENT EAST LLC,3511,Loan-6841
WC BEVERAGE LLC,18409,Loan-6857
WE Medical Labs,4767,Loan-6858
WE Medical Labs,4767,Loan-6859
WRAPID CONCEPTS LLC,628,Loan-6868
100TH St SW Lakewood Property,17266,Loan-6870
AARON FLEMING,6560,Loan-6875
Assisted Dental Care LLC,16889,Loan-6889
AUDUBON CARE HOMES LLC,57056,Loan-6894
AWAIS LLC,3511,Loan-6896
BEAUTY FINDS INC.,18409,Loan-6900
BKT LLC,628,Loan-6908
CITY5 CONSULTING LLC,18409,Loan-6924
D & L TRAVEL SERVICES INC.,18409,Loan-6937
D150 Fueling LLC,17838,Loan-6941
Eagle Logistics LLC,6560,Loan-6956
f&n Wine and Spirits Inc,17838,Loan-6973
Gannon Design And Packaging I,628,Loan-6986
GENESIS FITNESS LLC,10988,Loan-6989
Haku Ten Inc,29950,Loan-6999
HD Laundry of Lake Street LLC,16111,Loan-7004
Hunter Lawn Care and Snow Remo,57056,Loan-7008
Jang and Lee Investment LLC,35151,Loan-7020
Marty World,3511,Loan-7053
Media Swim School LLC,17534,Loan-7059
MEI QUAN LAUNDROMAT INC.,628,Loan-7060
MID-KAM CRUSHING LLC,6560,Loan-7064
MMD REAL ESTATE CORP,628,Loan-7068
MSR Properties III LLC,18221,Loan-7069
MTN Transport LLC,3511,Loan-7070
NAM LEE CORP,6384,Loan-7076
OIE RESTAURANTS LLC,58115,Loan-7081
Our Three Blessings LLC dba F,3832,Loan-7085
Professional Plumbing Services,Newtek Sma-11042,Loan-7105
QUALITY DME SOLUTIONS OF GEORG,3511,Loan-7111
Red Cafe LLC,6548,Loan-7116
Rowan Tree Gifts LLC,18221,Loan-7124
Shen Beauty LLC,7888,Loan-7137
Stephanie Asset Management Inc,7468,Loan-7150
TEJASE TECHNOLOGIES INC,29950,Loan-7159
The Roof Clinic LLC,628,Loan-7165
Three D Product Development LL,3511,Loan-7170
Vinifera CF LLC,6560,Loan-7178
Vinifera CF LLC,6560,Loan-7179
Wea Animal Hospital Inc.,14851,Loan-7184
All Glass & Mirror LLC,628,Loan-7211
AL'S TWIN AIR LLC,9846,Loan-7214
BEN WESTBROOK ENT PLLC,628,Loan-7226
Daylight Golf LLC,8889,Loan-7252
Envision Facility Solutions L,6548,Loan-7263
Hermosa Brewing Company LLC,6548,Loan-7284
Integrated Accounting & Tax LL,6560,Loan-7292
J&G Trading LLC,26610,Loan-7294
Jim Staff Carpet Inc,19506,Loan-7299
Kolbo Distributos,628,Loan-7301
Loyal  Zilles,6560,Loan-7306
Lunceford Enterprises LLC,20624,Loan-7307
MAS RESTORATION LLC,32441,Loan-7311
MC PLUMBING SERVICE LLC,6548,Loan-7312
NEW CASA TECHNOLOGIES LLC,Newtek Sma-11042,Loan-7317
New Hope Healing and Resource ,57603,Loan-7318
NINKE LAWN SERVICE INC.,6384,Loan-7319
RAYMOND KHOA LLC,12437,Loan-7350
RC Investors Inc.,Main Stree-94612,Loan-7351
REHEARSAL SERVICES INC.,32773,Loan-7353
Rende Landscaping & Masonry LL,23621,Loan-7354
SALON PALOOZA LLC,6548,Loan-7363
SHEATH LLC,6548,Loan-7369
SUPERIOR MAINTENANCE SYSTEMS I,18409,Loan-7377
T & J Family Inc.,24170,Loan-7380
The Hat Pros,34997,Loan-7386
Triumph Therapeutics,588,Loan-7394
ULTIMATE 3D PRINTING STORE INC,628,Loan-7397
WINGS NAIL SPA CORP,18409,Loan-7403
Peyman Boldaji,27237,Loan-7410
AHMED & ASSOCIATES CPA P.C.,34997,Loan-7419
Alphabetz Investments LLC,3330,Loan-7421
CENTRO NATURISTA VISION DE SAL,6548,Loan-7436
Diftech LLC,6548,Loan-7447
East Coast of America Inc.,588,Loan-7450
GIS Field Services Inc.,58228,Loan-7469
Green Day Power,28489,Loan-7472
Jan Construction Services Corp,588,Loan-7483
Jean-Louis Law P.C.,57056,Loan-7485
Kura LLC,Magnifi Fi-56352,Loan-7494
LEAD OFF MANAGEMENT INC,588,Loan-7498
Lionheart Music Llc,18409,Loan-7500
maisoli inc,26610,Loan-7505
MANAGErenthouses.com Inc,628,Loan-7506
MARIPOSA GROWERS,6548,Loan-7508
Mint Engineering LLC,5510,Loan-7514
My DBNR Inc.,24170,Loan-7520
My3rdPlace LLC,6548,Loan-7521
New York Steel & Precast LLC,588,Loan-7526
Per Ardua Athletics Inc.,3511,Loan-7538
PRIVATE INC. DBA PACIFIC FOOT,31628,Loan-7542
Rally5 Consultants LLC,35361,Loan-7548
Scott's Hardware Inc,Newtek Sma-11042,Loan-7554
SLT Carrollwood LLC,6560,Loan-7561
Stumps Away LLC,6560,Loan-7567
SUPREME MASONRY INC.,6560,Loan-7568
Svay Investments LLC,15019,Loan-7569
TACC LLC,7551,Loan-7573
TRU A BEAUTY HEALTH & WELLNESS,6548,Loan-7587
VENKU PRODUCTS LLC,3511,Loan-7592
West Plains Roasters LLC,6548,Loan-7599
WHITE PLUMBING CO INC.,58115,Loan-7600
ARTE ART ADVISORY AND CURATORI,6548,Loan-7622
Artisan Sand & Gravel Inc.,Main Stree-94612,Loan-7623
ASIA DESTINATION INC,3511,Loan-7625
BLAJ ELECTRONIC INC.,6560,Loan-7630
Boss Orthodontics PLLC,58665,Loan-7635
Capers Capital Inc,3832,Loan-7641
Checketts Enterprises Inc.,16571,Loan-7643
CNY Tree Service L.L.C.,588,Loan-7647
Comprehensive Hearing Center o,University-78759,Loan-7648
CORNERSTONE ELECTRICAL SERVICE,32773,Loan-7649
DB CONSTRUCTION,6548,Loan-7657
DURAN LAW OFFICES LTD.,6560,Loan-7661
ESKERRON INC,6548,Loan-7666
Haversack Holdings LLC,Newtek Sma-11042,Loan-7685
Jack Boles Services Inc.,17491,Loan-7696
Jennifer A Stonebarger,CDC Small -92106,Loan-7699
K MORIN LLC,6548,Loan-7703
KATAHDIN TRAIL SADDLERY TACK S,18409,Loan-7704
Keisler Social &amp; Behaviora,588,Loan-7706
MYC Inc.,26610,Loan-7724
NOCO CLEAN NAILS LLC,6548,Loan-7731
Nutter Custom Construction LL,34997,Loan-7732
O&apos;Malley&apos;s Power Gym,Lake Michi-49512,Loan-7733
Patriot Molding LLC,16571,Loan-7738
Quality Lawn Works LLC,6384,Loan-7744
RC Family Healthcare II LLC,32551,Loan-7746
SCHENKAR CONSTRUCTION DESIGN B,6548,Loan-7756
SOWJANYA SRIRAM REAL ESTATE LL,6548,Loan-7764
Stephanie K. Harding D.D.S. ,58665,Loan-7768
The Slip KBI,6548,Loan-7773
Under The Starry Night Inc.,14851,Loan-7781
A&R REMODELING LLC,6548,Loan-7799
AIM Innovations LLC,588,Loan-7802
Albright Electric LLC,6560,Loan-7804
AM Plumbing LLC,6560,Loan-7807
Becker Mitchell Services LLC,18609,Loan-7816
Bhandari Corporation 2,24170,Loan-7817
CallBeck LLC,27237,Loan-7822
Cannella's LLC,57056,Loan-7823
CAPITAL CITY DUMPSTERS INC.,10988,Loan-7824
Cash and Clive LLC,23621,Loan-7826
GDHI MARKETING LLC DBA GODABO,3511,Loan-7847
IEQ TECHNOLOGY INC,6548,Loan-7855
Indy Hunt Inc,588,Loan-7856
JAB FITNESS LLC,6548,Loan-7859
Jackie N Jae LLC,57873,Loan-7860
JOHNS REFRIGERATION & AIR COND,6548,Loan-7861
Kim's Golden Lion LLC,17266,Loan-7866
LeClair Enterprises LLC,6560,Loan-7873
POLK EXPRESS INC,3511,Loan-7891
Property Restoration and Clean,58665,Loan-7894
Read To Learn Academy Inc,23621,Loan-7896
The Accountant LLC,6548,Loan-7917
William J Garcia MD,588,Loan-7925
William Klein Landscaping Inc.,628,Loan-7926
Acacia Enterprises Inc.,6560,Loan-7933
BEHMER FITNESS HOLDINGS LLC,10988,Loan-7936
Cookson Trading Post LLC,4048,Loan-7944
EMERALD CITY MOTORS LLC,3511,Loan-7951
EMERGING TECHNOLOGY ADVANTAGE ,3511,Loan-7952
Fabworks & Services LLC,29294,Loan-7955
Good Soil Properties LLC,6560,Loan-7960
Hot and Fresh LLC,35314,Loan-7963
IKA IRON SUSHI INC,18409,Loan-7965
Jalapenos Authentic Mexican Fo,628,Loan-7967
PEACE LOVE AND LEGS LLC,3511,Loan-7989
Reyes Engineering Inc,29012,Loan-7993
RYKER SF INC.,3511,Loan-7996
South of the Well Services LL,32441,Loan-8000
Zatty Inc,3511,Loan-8014
AKSHAR HOSPITALITY INC,58626,Loan-8023
CARRANCO GLOBAL CONSULTANTS L,3511,Loan-8033
Culinary Services LLC,18409,Loan-8038
EXOTIC CEMENT COMPANY LLC,6560,Loan-8051
Gabby's kettle corn,6548,Loan-8055
General Cleaners Inc.,6384,Loan-8058
J H TRANSPORT LLC,6560,Loan-8068
K n G Ventures LLC,12633,Loan-8078
Kor-Enviro LLC,3511,Loan-8079
KWEEN Industries Inc.,57703,Loan-8081
Pronto Products Co.,58665,Loan-8111
Raytix Inc.,628,Loan-8116
SARA Orlando LLC,58665,Loan-8127
Trade Happy Inc.,18409,Loan-8144
Ames Stump Removal,23621,Loan-8167
AVIVA CARE PHARMACY LLC,18409,Loan-8176
Balon Equipment Sales,983,Loan-8177
Bay Area Metal Fabrication LLC,Newtek Sma-11042,Loan-8178
Faraj Sons Inc.,6548,Loan-8205
Graphix Haus Inc.,588,Loan-8217
Gulf Coast Outdoors Inc.,628,Loan-8218
IDEAL CLEANERS,6548,Loan-8223
Ideal Commercial Interiors LLC,5116,Loan-8224
IMPEGNO INC,6548,Loan-8225
Jasmine Monique Arana,57873,Loan-8228
KP Industrial Inc.,23621,Loan-8238
LINDSAY WRIGHT,6548,Loan-8245
MainStSports Inc.,23621,Loan-8250
Oak Village ALF Inc,35519,Loan-8263
OLIVE TREE TRANSPORTATION LLC,628,Loan-8266
Ophthalmic Surgical Solutions,4767,Loan-8267
Outside By Design LLC,6560,Loan-8269
R&R FUTURO INVESTMENTS INC.,10988,Loan-8285
SalesNet Pets Memphis LLC,32551,Loan-8294
Skyfall LLC,Newtek Sma-11042,Loan-8298
Spellex Technologies LLC,628,Loan-8302
THREE2ONE INC.,10988,Loan-8314
1239 Atlantic Boulevard LLC,20845,Loan-8323
BASEMENT FLOOD PROTECTOR USA ,6560,Loan-8334
BKH HOLDINGS INC,628,Loan-8338
DALA PROPERTIES LLC,4063,Loan-8353
Dallas and Associates L.L.C.,8728,Loan-8354
FAV ENTERPRISES LLC,18409,Loan-8365
JBW LLC,10988,Loan-8394
Jefferson Animal Clinic,58665,Loan-8395
JMJ PAINTERS LLC,6548,Loan-8396
LA BELLA COSMETIC LLC,628,Loan-8404
Ma's Chinese Islamic Restauran,31628,Loan-8415
MELISSA HOWARD,18409,Loan-8416
MPR Plastics Inc.,3511,Loan-8419
Smile Mission South Miami PLLC,58665,Loan-8450
SORELLE RESTAURANT AND PIZZA C,18409,Loan-8452
SP Brothers Transport INC,18409,Loan-8453
SUERTE OIL INC,6548,Loan-8456
TEMP-RITE COOLING & HEATING LL,32441,Loan-8464
Textile Creative Inc.,Centerston-90017,Loan-8466
Aviva by Kameel Inc.,9846,Loan-8499
Aviva by Kameel Inc.,9846,Loan-8500
BACK BOARD LLC,18409,Loan-8501
BMACIRISH LLC,19742,Loan-8513
BRIAN WGRAFF,1617,Loan-8515
Capital Property Inspection Co,35323,Loan-8519
COLORADO SNO-BALLS LLC,6548,Loan-8528
DOEL SOLUTION INC,6548,Loan-8543
E & E Concrete and Tree Servic,8728,Loan-8544
E & K SERVICES LLC,9846,Loan-8545
E & K SERVICES LLC,9846,Loan-8546
FLY CONTROL SERVICES INC,588,Loan-8556
Hagan Painting LLC dba  360 Pa,32441,Loan-8565
IDEAL FLOORS LLC,18409,Loan-8576
Lacefield Trucking LLC,8728,Loan-8597
LCH LEARNING CORP.,23621,Loan-8600
MCAULIFFE'S MOVING COMPANY INC,628,Loan-8609
Mimi Purple Management LLC,5510,Loan-8612
NOCO Lawns & Lanscapes LLC,6548,Loan-8622
Patton-Schad Funeral & Cremati,58665,Loan-8632
Prehistoric Brewing Company L,58892,Loan-8640
PROMOTION PREFERENCES INC,18409,Loan-8642
R & D Coleman Properties LLC,34383,Loan-8643
Semper Fi Mechanical Repair,6548,Loan-8655
TCM Wellness Clinic LLC,57038,Loan-8664
Tracy Ferraro LLC,3890,Loan-8671
TRAILS END SPIRI,57056,Loan-8672
VALL VENDING MACHINE LLC,6384,Loan-8675
VALO MARKET LLC,57777,Loan-8676
VALO MARKET LLC,57777,Loan-8677
ADZUKI ISLAND,6548,Loan-8692
AMZ Real Estate LLC,6560,Loan-8695
ATLAS ALL DAY SERVICE CORP.,3511,Loan-8701
BARR PLUMBING LLC,3511,Loan-8702
Best Rate Repair  Company,CDC Small -92106,Loan-8706
Chachapoya Consulting LLC,3511,Loan-8713
Debevino Winery LLC,32773,Loan-8727
East West Beer Exchange LLC,18609,Loan-8737
Fuego 360,6384,Loan-8746
Heidi's Tahoe LLC,3510,Loan-8757
Koti Spring Operating Company,57665,Loan-8779
Little Chicks and Hatchlings C,23621,Loan-8784
LOGAN SQUARE AUTO REPAIR INC,20624,Loan-8786
LYNCH-MOORE STUDIOS LLC,3511,Loan-8787
MAIN HEALTHCARE LLC,16889,Loan-8788
MI PLAZA GROUP LLC,9846,Loan-8793
R & W Builders Inc,19506,Loan-8810
Southern Jetparts LLC,9846,Loan-8825
THE MINI BAR II LLC,18409,Loan-8832
Trendy Threads LLC,6548,Loan-8836
Turner Towing LLC,19123,Loan-8839
Virtual Offices Inc,57095,Loan-8843
WARSINSKE LOGISTICS LLC,4063,Loan-8846
YOWON INTERNATIONAL INC,6548,Loan-8849
303 Fare LLC,628,Loan-8856
A COOL AIR INC,6548,Loan-8858
Angel Apparel,628,Loan-8865
DC Embroidery,628,Loan-8894
Dhammasoka LLC,18409,Loan-8896
FINER & FINEST LLC,CDC Small -92106,Loan-8902
Happy River LLC,3511,Loan-8916
Hudson Valley Native Plant Ini,588,Loan-8925
Hudson Valley Native Plant Ini,588,Loan-8926
Lewis Insurance Agency LLC,6548,Loan-8950
Liberty Tax Services,15019,Loan-8951
LONG ISLAND ATHLETIC SUPPLY I,18409,Loan-8955
LOTTIE MO BOUTIQUE LLC,6548,Loan-8956
McCarty Holdings LLC,6560,Loan-8964
Orion Coffee And Tea Limited,6548,Loan-8983
Sacflips Inc,6548,Loan-9001
Safely Safe Rooms and Shelters,3285,Loan-9003
SRCV EAGLE CONSTRUCTION LLC,2270,Loan-9019
SUGARPLUM CREATIONS LLC,18409,Loan-9027
THE CENTER FOR SURGERY AT BEDF,3511,Loan-9033
THE MINI BAR II LLC,18409,Loan-9035
Tong Soon Garden Restaurant,26610,Loan-9038
UPDOG ENTERPRISES INC.,10988,Loan-9039
Viggey Pilates 1 LLC,3890,Loan-9042
WATERGATE LIQUORS LLC,588,Loan-9045
XXY MANAGEMENT LLC,18409,Loan-9048
6289 Mayfield Rd Management IN,6560,Loan-9054
99 Bargains Enterprise,628,Loan-9055
ADVANCED BUSINESS MANAGEMENT L,6548,Loan-9063
Agent Fire LLC,33555,Loan-9066
ARETE COMMERCE LLC,6548,Loan-9077
BURKLEIGH BEE LLC,588,Loan-9088
BURKLEIGH BEE LLC,588,Loan-9089
Cable Tech Corp,628,Loan-9091
COLORADO EXCAVATION & CONSTRUC,6548,Loan-9096
E&L Furniture Service Corp,18409,Loan-9106
FUSION AVE INC,588,Loan-9125
FWD ECO DESIGNS LLC,6384,Loan-9126
Granite Marble Gallery,20624,Loan-9130
Hidden Valley Inc,57944,Loan-9136
Into June Corporation,31628,Loan-9140
JOHN MEYER CONSTRUCTION CO. I,6548,Loan-9150
L&S Free Enterprises Inc .,628,Loan-9159
MSA ACCOUNTING,983,Loan-9177
NAYE LLC,32441,Loan-9181
PURSUIT SOLAR,3511,Loan-9194
Spadone LLC,57777,Loan-9212
TALENT INCLUSION PARTNER LLC ,6560,Loan-9218
The Pet Salon Inc.,23621,Loan-9222
Toyray Adams Law Offices PLLC,11813,Loan-9228
Waconia Brewing Company LLC,16958,Loan-9238
 AIRCRAFT RUBBER MANUFACTURING,17266,Loan-9245
A3L LIFE LLC,3511,Loan-9248
ACUMEN SERVICES LLC,3511,Loan-9250
ALWAYS COLD AIR-CONDITIONG AND,58665,Loan-9257
Arm Trans Inc.,628,Loan-9264
CJN Coiffure Inc.,6384,Loan-9289
CNC VENTURE LLC,10988,Loan-9290
CORONET CONSULTING SERVICES LL,3511,Loan-9298
Garden View LLC,16958,Loan-9323
Golden Food Mart,57903,Loan-9328
LUGH STUDIO INC.,628,Loan-9360
LUGH STUDIO INC.,628,Loan-9361
MAB DBB CORP,20624,Loan-9363
MARCUR ENTERPRISES LLC,6548,Loan-9364
MICHAEL KEITH SIROT,6548,Loan-9372
Mountain Joe LLC,6672,Loan-9376
NDMK Fish House,6548,Loan-9379
NN&S LLC,588,Loan-9383
Other Miscellaneous Owners,7468,Loan-9389
Paradigm Enrichment Services I,6548,Loan-9391
Pear Point Investments LLC,28489,Loan-9394
Sofa Creations LLC,Main Stree-94612,Loan-9416
SRG Breakfast Cafe 2 LLC,20624,Loan-9421
SUPERLATIVE WAX,6548,Loan-9426
SURECAN LLC,17308,Loan-9427
SURJIT AUTO PARTS,3511,Loan-9428
A1 Capital Construction Inc.,588,Loan-9459
Aarna Enterprise LLC,10988,Loan-9460
Acuity Staffing Inc.,20624,Loan-9461
APUS ENTERPRISES LTD.,18409,Loan-9471
Catherine S Enterprises,57873,Loan-9487
Craft Bistro & Lounge LLC,6560,Loan-9496
Evertruck Inc.,628,Loan-9516
EXCEL P.S. SERVICES INC.,6560,Loan-9517
Fujiya Buffet Inc.,628,Loan-9527
HOME CONNECTION CREW LLC,6548,Loan-9548
Inquiry Academy L.L.C.,59052,Loan-9553
Inroads Travel LLC,10988,Loan-9554
K&S Hardware LLC,Newtek Sma-11042,Loan-9568
Kabani Logistics Inc,16889,Loan-9570
KAZMAT INC,6384,Loan-9572
KC&apos;S TRANSPORT INC,588,Loan-9574
MCC PIPELINE INC,6548,Loan-9587
MICON Construction Services In,35583,Loan-9591
MTN Inc.,4767,Loan-9595
N and K at Play LLC,8728,Loan-9597
ORGANIC DELIGHTS,6548,Loan-9603
Pflupez Oak Creek LLC,6560,Loan-9610
Rose Rock Technologies LLC,58665,Loan-9627
ROUND2U INC,3511,Loan-9629
USA Golf Games Inc,8537,Loan-9665
woods creek kennels inc.,17266,Loan-9674
Zavala Sk LLC,16889,Loan-9676
AMERICAN AIR HVAC INC.,6560,Loan-9682
AZPINC LLC,29961,Loan-9687
Bachmeier Enterprises LLC,32441,Loan-9690
Bearquist Inc,2270,Loan-9691
BROCK CONTRACTING,6548,Loan-9699
Conventry Arms Inc,34997,Loan-9714
EDGE EQUITIES LLC,6548,Loan-9723
GS Logistics LLC,6560,Loan-9739
Leading Edge Modernizations L,32441,Loan-9764
Liquidation Pros Inc.,6548,Loan-9768
MDD Hospitality Group,32773,Loan-9775
Newcastle Blinds And Draperies,6560,Loan-9792
NEWS & HEISLER WEALTH MANAGEME,20624,Loan-9793
Northwest Security and Events ,6548,Loan-9797
PURE JOY BEAUTY BAR,3511,Loan-9808
RGO Operations LLC,57056,Loan-9812
Salmeron Investments LLC,18409,Loan-9815
Sand Highway RV Rental LLC,14851,Loan-9818
Suptown Consulting LLC,Renaissanc-10002,Loan-9829
THE ULTICAN TEAM LL C,6560,Loan-9832
Franklin Automotive LLC,588,Loan-9855
Franklin Automotive LLC,588,Loan-9856
Heckrotte Development LLC,588,Loan-9857
A and S UNITED CORPORATION,6560,Loan-9859
Aitheras Aviation Group LLC,Newtek Sma-11042,Loan-9866
Ajit Singh & Santokh S Bansal,26610,Loan-9867
Beach Timber Company Inc.,15699,Loan-9886
BLUE COAST TECHNOLOGIES LLC,3511,Loan-9891
DURANT HOSPITALITY LLC,6560,Loan-9915
GLOBAL ENTERPRISE STRATEGIES I,17266,Loan-9927
Gwendolyn Braglia,17943,Loan-9931
HNS Trucking Inc,6560,Loan-9939
IQ INTEGRATED QUALITY INC.,3510,Loan-9944
Island Pawplex LLC,35583,Loan-9945
JKSD Inc.,628,Loan-9953
K & R Hauling LLC,628,Loan-9960
L&L Academy And Preschool WL ,29961,Loan-9966
Logistics Solutions Group LLC,6560,Loan-9970
Logistics Solutions Group LLC,6560,Loan-9971
Lydy Design & Print Company LL,17393,Loan-9974
Lydy Design & Print Company LL,17393,Loan-9975
OpsVeda Inc.,628,Loan-9997
Ozbun's National Company Inc,17266,Loan-9998
Pappazi Insurance Agency LLC,32441,Loan-10001
Perry's Fitness LLC,3511,Loan-10003
Peter's Fresh Bagel Inc,26610,Loan-10004
Rhinebeck Painters & Carpenter,588,Loan-10018
Sarver Corporation,35361,Loan-10030
SIMPLY SOUL FOOD,3511,Loan-10032
Summit Restoration and Constru,4767,Loan-10040
THANH LONG INC,18409,Loan-10047
TS Buddies LLC,57716,Loan-10054
405 Plastics & Distribution I,27476,Loan-10072
A. J. KLEIN JEWELERS,18221,Loan-10077
A-1 Tree Service LLC,3330,Loan-10078
ALPHA.LG INC,3511,Loan-10087
Anavii Market LLC,2720,Loan-10093
Barnhill Asset Recovery LLC,6560,Loan-10102
CELLANTENNA INTERNATIONAL INC.,12368,Loan-10112
CMJ66 CORP,26610,Loan-10115
DrillPROS Incorporated,58511,Loan-10132
ELD Holdings LLC,6560,Loan-10136
GEUMWON INC,26610,Loan-10146
Golden Hydraulic LLC,29961,Loan-10147
Guevara car hauling ,3511,Loan-10151
K&R Fitness LLC,18609,Loan-10168
LAW OFFICES OF ROBIN SACKETT S,3511,Loan-10178
Mora Consultants LLC,6548,Loan-10207
My Friends Bottle Shop LLC,33555,Loan-10212
NOLA Transportation Inc.,3890,Loan-10217
Pacific Crest Dental Lab,17266,Loan-10223
Padilla Investments Limited Li,17838,Loan-10224
RICK & MARK'S VIKING CLEANING ,5296,Loan-10240
Sitka Trucking Inc.,34997,Loan-10253
SKI POWDER LLC,12368,Loan-10254
The Cravings Truck,6548,Loan-10271
THE REGULATORY STRATEGISTS,3511,Loan-10273
Victoria Couture Inc,6560,Loan-10281
WINDY CITY KICKBOXING COMPANY,628,Loan-10287
A. J. KLEIN JEWELERS,18221,Loan-10309
Alpha Health Resource LLC,588,Loan-10313
Beachbox Brands LLC,29950,Loan-10321
Caravello Investments LLC,23627,Loan-10335
Caravello Investments LLC,23627,Loan-10336
Ceefay Leasing LLC,18561,Loan-10338
Centennial Insurance Services,34997,Loan-10339
CORNERSTONE MONTESSORI SCHOOL,35151,Loan-10348
DERSU LLC,3511,Loan-10351
Diamond Allied Services,3510,Loan-10352
Eclipse Tanning & Boutique LLC,6560,Loan-10357
FRY HARD LLC,6548,Loan-10368
Handsaw Inc,35406,Loan-10379
Henry's Radiator Auto Repair,57716,Loan-10386
Hoplite Inc.,17266,Loan-10389
JC Integrated Claims INC,11063,Loan-10393
MTT Enterprises Inc,57056,Loan-10429
Nicolas Ramos Jr.,27237,Loan-10432
Paella Valenciana LLC,6548,Loan-10439
PREMIUM CARPENTRY LLC,3511,Loan-10447
PROVENCFO LLC,3511,Loan-10450
Ram Hotel Group Inc,16450,Loan-10453
Red Pepper 1 LLC,6548,Loan-10455
Rick  Hays,8728,Loan-10460
S & A COMMERCIAL PROPERTIES LL,27237,Loan-10463
S.B.K. SALES INC.,18409,Loan-10464
SOUND SHORE ORTHODONTIC SERVIC,18409,Loan-10477
STEEL SECURITY CORPORATION,3511,Loan-10479
STERLING AND PINK LLC,3511,Loan-10480
Stumps of Time,34997,Loan-10482
Templar Financial Services In,28489,Loan-10486
TerraPro Solutions,6548,Loan-10487
TWIN TOWN DEMOLITION LLC,6548,Loan-10495
Adam Courter Enterprises Inc.,12368,Loan-10513
ALEJANDRO E ALVARADO,6548,Loan-10517
ANTHONY CUNNINGHAM,18409,Loan-10524
Blue Plate Restaurant Company,18561,Loan-10538
C. S. Hyde Company,5744,Loan-10547
CHICO'S GROOMING AND SPA,628,Loan-10556
CM Ventures Inc.,9846,Loan-10560
Code Angels,6548,Loan-10561
Consumer Action law Group PC,16571,Loan-10564
Garden State Pizza Inc,24045,Loan-10598
GENTILE'S PHILADELPHIA CHEESES,3511,Loan-10599
HOG UNLEASHED LLC,3511,Loan-10616
IOSM INC,57716,Loan-10625
J & J Courier Services Inc.,18409,Loan-10626
JB Griffioen Inc.,6560,Loan-10634
JEWEL BOX LLC,6548,Loan-10639
JustinSKlein,12923,Loan-10644
K2D2 PARTNERS INC,3511,Loan-10645
Kinney Group Inc.,8056,Loan-10649
KTB Avon Lake LLC,57252,Loan-10650
Michael M Morton PLLC,4063,Loan-10667
MOCHIKO USA LLC,6548,Loan-10672
Riverbound LLC,6548,Loan-10705
SOUTHERN BREEZE HEATING AND CO,6548,Loan-10717
STRENGTH & STITCHES INC.,6548,Loan-10721
THE8020FIT LLC,18409,Loan-10730
TLA LLC,58892,Loan-10732
TREASURE VALLEY EXTERIORS LLC,Mountain A-84070,Loan-10739
TWAS Gillespie LLC,14851,Loan-10743
40 Toes LLC,3511,Loan-10763
Adam Courter Enterprises Inc.,12368,Loan-10769
BUILDWORKS CONSTRUCTION GROUP ,6548,Loan-10792
Cain's Truck Service Inc.,34997,Loan-10795
CHILDS CONSTRUCTION SERVICES ,6560,Loan-10806
D&E Initiatives LLC,6672,Loan-10817
District LLC,17308,Loan-10826
DUGOUT SPORTS LLC,11813,Loan-10830
Einstein Dog Training LLC,Readycap L-7922,Loan-10838
Exit Plan Investments LLC,11813,Loan-10843
Florida Adoption Center LLC,628,Loan-10850
ILLUMINATING YOU THERAPUETIC S,6384,Loan-10866
JGB USA International Inc.,11813,Loan-10876
LASER CHIROPRACTIC LLC,Justine Pe-63106,Loan-10894
Modern Mailbox LLC,6548,Loan-10905
NOM NOM JAPANESE KITCHEN LLC,18409,Loan-10913
PALM AND MOON LLC,3511,Loan-10920
Pharmcare Inc.,6548,Loan-10925
Primelink Express Inc.,8468,Loan-10931
ST CROIX KITCHEN & BATH INC,6548,Loan-10954
Sunset Park 1991 LLC,6548,Loan-10959
Tri-Star Semi Truck & Trailer ,9846,Loan-10981
Tri-Star Semi Truck & Trailer ,9846,Loan-10982
Trivents Entertainment LLC,628,Loan-10983
UNDERDOG ENTERPRISES LLC,10988,Loan-10987
USA Veterans Construction Corp,588,Loan-10988
Verde Wood International Inc.,9846,Loan-10992
Bright Stars Children's Center,3511,Loan-11011
BABIN CORPORATION,6548,Loan-11038
BEHAVIORPRO LLC,6384,Loan-11041
CHEEZY PIES LLC,10988,Loan-11051
CHIHUAS MINIMARKET LLC,3511,Loan-11052
CRESO FAMILY PLUMBING LLC,6548,Loan-11054
DB Donuts LLC,1281,Loan-11058
Hot Chick Inc.,27476,Loan-11080
i:Space Furniture Inc,58511,Loan-11083
INSPIRME LLC,8273,Loan-11087
JOSUE FONG BALART MD,3511,Loan-11094
KEITH MINEO,6548,Loan-11096
LANNY GROUP USA . CORPORATION,18409,Loan-11100
LCi Builders LLC,35361,Loan-11101
Malabar Indian Groceries Inc.,3510,Loan-11109
Mother Co. Plants LLC,16659,Loan-11115
OM SHREE BAPA INC,20624,Loan-11123
Positive Travel Inc.,588,Loan-11130
Sacramento Refrigeration Inc,28489,Loan-11142
SEB-BEES LLC,3511,Loan-11147
The UPS Store 0028,3510,Loan-11169
USA Guided Tours DC LLC,18409,Loan-11174
West End Eyes LLC,35361,Loan-11177
Zarina & Sons LLC,20845,Loan-11180
Alan Rhodes,6560,Loan-11184
Anthony Ciccone Agency Inc.,628,Loan-11188
Destination Hope Inc.,Newtek Sma-11042,Loan-11201
Divine 3 Inc.,3510,Loan-11203
DOOR TO DOOR CARE INC,628,Loan-11204
Elite Wines & Spirits LLC,27476,Loan-11208
FRED R LYLE AND ASSOCIATES INC,6548,Loan-11213
Gleed Ventures LLC,24998,Loan-11219
GLOBALTEXUSA LLC,9846,Loan-11220
Group Triple J Inc.,26610,Loan-11221
Justin Yule Enterprises LLC,3832,Loan-11232
KROES CONSTRUCTION INC.,6548,Loan-11234
OFF THE DEEP END POOL SERVICE,34997,Loan-11244
RESOLUTE LEATHER LLC,6548,Loan-11254
The Law Office of R. Joseph Co,588,Loan-11264
VA Capital Ventures Group LLC,27237,Loan-11271
9 IS DIVINE L.L.C.,588,Loan-11283
Aaa express inc ,628,Loan-11284
CGI Construction Co Inc,588,Loan-11300
CRE.D Inc,24170,Loan-11306
D&K HOLDINGS LLC,6548,Loan-11308
DiNovo Properties LLC;  DNO Pr,29961,Loan-11310
DRH & Associates Inc,58228,Loan-11313
ECOSCAPES,3511,Loan-11316
Golf Cart World LLC,6560,Loan-11326
GREYSLATE BUILDING GROUP LLC,6560,Loan-11330
JHC Market Inc,57944,Loan-11337
Ken Roell Construction LLC,34997,Loan-11346
LEONEL FLOOR INSTALLATION LLC,588,Loan-11352
Ou Saechao,27237,Loan-11368
Pablo Hernandez,3510,Loan-11369
Professional Eye Care Inc.,34997,Loan-11376
RHODES CONSTRUCTION LLC,3511,Loan-11384
SOS SOFTWARE CORP.,18409,Loan-11394
The Fox Alliance Tax Advisors,University-78759,Loan-11402
Willow Greenhouse Of Northvill,628,Loan-11411
X Fit LLC,58892,Loan-11412
AHACE INC.,3511,Loan-11418
Destination Hope Inc.,Newtek Sma-11042,Loan-11447
Fast Cargo Inc.,57716,Loan-11454
IRIS & FIG LLC,628,Loan-11463
IRIS & FIG LLC,628,Loan-11464
J AND L FOOD SERVICES INCORPO,23621,Loan-11465
KC TERIYAKI,6548,Loan-11468
MB DYNAMICS INC.,World Trad-90017,Loan-11482
MELODY COURT MEMORY CARE LLC,57056,Loan-11484
ML Jemison Properties LLC,6548,Loan-11487
Nail palace NY inc,588,Loan-11491
NEWDAY LLC,6548,Loan-11494
NON-STOP SECURITY SERVICES LLC,6548,Loan-11495
PITMAN PHARMACY INC.,34997,Loan-11501
POKIDAN CORPORATION,6548,Loan-11502
Sandhu Trans Inc.,6560,Loan-11517
Tanvir 27 LLC,9846,Loan-11526
TAX DEFENSE OHIO LLC,6560,Loan-11528
The Power Print inc,29950,Loan-11530
TITO'S PRODUCE CORP,3510,Loan-11533
WELL CARE APOTHECARY LLC,58816,Loan-11540
Well Care Discount Pharmacy LL,58816,Loan-11541
WELL CARE PHARMACY I LLC,58816,Loan-11542
4 R KIDS LLC,3511,Loan-11553
86th Street Community Pharmacy,58665,Loan-11554
ABAD RAPHA LLC,5452,Loan-11555
Al-Kumah Top Halal Meat Corp,6384,Loan-11559
AMATZIA BGD,57056,Loan-11562
Amigo Market Corporation,24170,Loan-11564
Bhatt International Inc.,24998,Loan-11570
Deez Trucking LLC,17534,Loan-11576
Duffy's Beer LLC,7468,Loan-11579
ECM CAR WASH LLC,8273,Loan-11583
GULLI BROTHERS INC,628,Loan-11599
Hemphill Foods LLC,12368,Loan-11603
KNIGHT CHIROPRACTIC & FUNCTION,10988,Loan-11620
Merus LLC,58511,Loan-11629
MLH Enterprises Inc,17534,Loan-11631
Premier Equipment Group Inc.,23627,Loan-11643
Shulov Bazar LLC,628,Loan-11660
SKELETON KEY LLC,10988,Loan-11662
TOP DRAWER LLC,6548,Loan-11674
TOUR GOLF EXCHANGE LLC,6548,Loan-11675
WESTHEIMER PLUMBING AND HARDWA,983,Loan-11683
CADE ENGINEERS LLC,17308,Loan-11699
Diva II LLC,57716,Loan-11709
Empire Realty USA Corp,18221,Loan-11712
Express MRI - Birmingham LLC,33555,Loan-11715
Golden Fog Coffee Llc,628,Loan-11721
Happy Teriyaki Dupont,22366,Loan-11724
JMX Brands Inc.,3511,Loan-11733
Montessori Bilingual Academy o,14851,Loan-11749
Northernmasonry & Custom Stone,19123,Loan-11754
Perkins Insurance Agencies LL,58665,Loan-11758
Regal Lounge LLC,3511,Loan-11764
Ridgeway Construction Inc.,17308,Loan-11766
SUB ZERO WASHINGTON LLC,17266,Loan-11773
A & D Express LLC,6560,Loan-11794
Barley Taps LLC,Main Stree-94612,Loan-11803
CAMACHO CREATIVE,6548,Loan-11812
Complete Roofing LLC,58665,Loan-11817
Diamond Agency LLC,4048,Loan-11825
GENESIS 360 LLC,628,Loan-11838
GEORGE A. COLLINS & SONS INC.,6548,Loan-11839
GRASSHOPPER CONSTRUCTION LLC,8728,Loan-11842
GREENX LLC,6548,Loan-11845
HERO'S INK,6548,Loan-11851
High Tech Supplies Inc.,628,Loan-11853
Institute for Health LLC,58665,Loan-11859
Integra Interactive Inc.,34997,Loan-11860
JEREMY NEAL NORMAN dba JEREMY ,4063,Loan-11863
Jordan Medical Consultants LL,8889,Loan-11865
Kasey's Outdoor Services LLC,6560,Loan-11866
Lake Country Living Services ,5123,Loan-11870
Michelange lubin all seasons t,18409,Loan-11881
NGUYEN 69 LLC,6548,Loan-11887
Patel Construction LLC,35151,Loan-11892
RVA Inc,6560,Loan-11900
SCOTT KEIGLEY TRUCKING LLC,3511,Loan-11902
Sushi Damu LLC,24170,Loan-11908
Takeflyte LLC,57056,Loan-11909
The Cornerstone Agency of PA I,23621,Loan-11911
TOU XIONG,28905,Loan-11920
Zimmette Inc,33555,Loan-11926
CB MARKETING LLC,11813,Loan-11942
Duffy Insurance Agency LLC,34997,Loan-11954
ERIC BARNES CO LLC,6548,Loan-11958
K & A Build LLC,9846,Loan-11972
Kari Lempka Enterprises LLC,9733,Loan-11974
Marketing Options LLC,6560,Loan-11987
MARLY MEDIA LLC,18409,Loan-11988
Pacific Kosher Grill Inc.,983,Loan-11997
RHEE & CHA INC,6548,Loan-12003
Romano Group LLC,Lake Michi-49512,Loan-12009
YOUR DAY INC.,628,Loan-12031
AC Transportation,6560,Loan-12034
Cloudland Coffee Company LLC,6384,Loan-12054
Dayton Auto Repair LLC,28489,Loan-12060
EnergyLogic Inc,33555,Loan-12066
FOUR SEASONS SOLUTIONS LLC,6548,Loan-12072
Hawkins Health Center of Frenc,17393,Loan-12077
Jenna Jacques PLLC,131,Loan-12083
Joseph Raymond Boehm,58629,Loan-12086
KC'S CUSTOM CABINETRY LLC,6548,Loan-12087
LETICIA ESPINOSA,6548,Loan-12098
LINK'S HANDYMAN SERVICE,6548,Loan-12100
MARK JUPITER LLC,628,Loan-12107
Nils Lommerin & Associates LLC,6548,Loan-12115
Rajirejo Land LLC,3931,Loan-12133
TELFORD STUDIO LLC,3511,Loan-12154
The Radcliffe Hotel LLC,57056,Loan-12160
True North Family Chiropractic,6560,Loan-12163
True North Family Chiropractic,6560,Loan-12164
Turf Tek USA LLC,588,Loan-12165
Woori Plumbing Service LLC,588,Loan-12172
BEYOND HI-FI LLC,58490,Loan-12183
Fireside Getaway Inc,16659,Loan-12212
Gilber Construction Inc.,628,Loan-12218
Hill Custom Painting,6548,Loan-12228
James Duff CPA LLC,18409,Loan-12239
JEANNIE H CHAUS RAINBOW CHIROP,57463,Loan-12240
Keystone Carmel Property LLC,18409,Loan-12244
Kim FamilyInc.,26610,Loan-12245
MALISA'S THAI CUISINE LLC,6548,Loan-12257
MOSS RESTORATIVE FOOT & ANKLE ,3511,Loan-12265
MP Squared Subs LLC,14851,Loan-12266
PAN ECTOR INDUSTRIES LLC,628,Loan-12275
TLT Trucking Inc,6560,Loan-12301
Tuoi Thanh Le and Thuy Doan,58291,Loan-12303
Von Buren LLC,20624,Loan-12308
Woodcutts Inc,34997,Loan-12310
American Tree Service LLC,24998,Loan-12323
Anthony Kennedy Financial Serv,17266,Loan-12324
AWAKENING EXCELLENCE LLC,29950,Loan-12330
Connecticut Gaming Services L,Nutmeg Sta-6067,Loan-12345
Contractor's Engineer Inc.,24998,Loan-12346
Elevate Innovation Inc.,628,Loan-12361
ERP LOGIC,35278,Loan-12367
Five Star Market Inc,6560,Loan-12371
Fredrick Moser,6560,Loan-12373
GORECRUITME LLC,3511,Loan-12379
Green Medal Energy Corp,34997,Loan-12381
It's A Dog's Life MI Inc,6560,Loan-12390
K&C S TRADING INC,6548,Loan-12397
KELLY STRULL EA LLC,6548,Loan-12399
LUCY RYAN,18409,Loan-12411
MODERN SOVRANS LLC,6548,Loan-12421
MOORES EXTERIORS LLC,6548,Loan-12423
Nissi Apparel Inc.,26610,Loan-12427
PIPH PC,28489,Loan-12437
SKR Systems Inc,628,Loan-12464
127 North Street Loganville Ll,588,Loan-12495
127 North Street Loganville Ll,588,Loan-12496
Charlie Donut,26610,Loan-12510
DK Wood Inc.,6548,Loan-12523
ELIM EATERY CORP.,29950,Loan-12528
EVANS ROOFING AND GUTTERS INC,11813,Loan-12532
GLOBE RENOVATION INC,29950,Loan-12544
Grace Adult Day Care Inc.,26610,Loan-12545
In Touch Financial Services,17266,Loan-12552
IV CONCRETE LLC,6548,Loan-12555
KARS COMMERCIAL PROPERTIES LL,6384,Loan-12562
MAZPAC CARRIERS LLC,628,Loan-12573
Paragon Furniture Inc.,57665,Loan-12580
Pine Meadow Veterinary Clinic,58665,Loan-12584
RIKKEL CORP,588,Loan-12596
Sweat Stuff LLC,3832,Loan-12608
West Morris Mechanical L.L.C.,18409,Loan-12619
360 CONTRACTORS GROUP INC,6548,Loan-12628
Bavsound LLC,17266,Loan-12639
CURTIS AUTOMOTIVE LLC,32773,Loan-12656
D & A Maikkula Corporation,8273,Loan-12657
Design Space Studios LLC,ESL FCU-14604,Loan-12661
Drywall Unlimited Corp.,18221,Loan-12665
ERIC WOHL COACHING L.L.C.,3511,Loan-12672
Gem Wealth LLC,9204,Loan-12678
LATE NIGHT SLICE LLC,6560,Loan-12705
Manor Plaza LLC,VelocitySB-92626,Loan-12710
Qazi&apos;s Kitchen LLC,588,Loan-12735
QUEBLO CONSTRUCT LLC,6548,Loan-12738
Rooftop Drops Inc.,18409,Loan-12747
TLT TRANSPORTATION LLC,3511,Loan-12762
WARNER STEEL SALES INC.,628,Loan-12769
WE LOVE FOOD LLC,10988,Loan-12770
1st Goal Heating And Cooling L,628,Loan-12779
4G Coffee LLC,20845,Loan-12782
Akihana LLC,26610,Loan-12788
Curtis &amp; Briscoe LLC,588,Loan-12808
DNA CUSTOM PAINTING,6548,Loan-12809
Edward Lyttle,6560,Loan-12815
Get After It LLC,13421,Loan-12828
GISTICS Incorporated,6548,Loan-12829
Great American Electric LLC,17266,Loan-12834
ITS SO BEACHY LLC,3511,Loan-12848
IVEY CONSTRUCTION LLC,6548,Loan-12849
Lifetime Asset Management LLC,58665,Loan-12863
MADISON N THOMAS dba AZANI PRO,4063,Loan-12868
MIR HARDWOOD DESIGN INC,6548,Loan-12875
MPR LOGISTICS LLC,8273,Loan-12882
Ndura System LLC,18409,Loan-12883
Overcast Skateboard Shop LLC,6560,Loan-12889
R & R COUNTY FREIGHT CORP,10988,Loan-12897
ROPHEKA Healthcare Management ,27237,Loan-12904
Ruiz & Nicholson Construction ,4063,Loan-12905
SM Landscaping and Snow Remova,32773,Loan-12913
Techbundle LP,9846,Loan-12921
The Lava Hotel LLC,Mountain A-84070,Loan-12925
VAP Contracting LLC,628,Loan-12935
YWBG Inc.,14851,Loan-12942
Accounted For LLC,3510,Loan-12952
ARON AMBRUS dba ARON AMBRUS CO,6548,Loan-12959
Boo's Silverlake LLC,57463,Loan-12964
CHILDREN OF LIGHT SCHOOL INC,26610,Loan-12977
Clean Spin Monroe Inc,6560,Loan-12979
Climate Control Heating & Cool,16571,Loan-12981
COSMOS MAINTENANCE CORP,3511,Loan-12985
De' Vora Enterprise LLC,588,Loan-12990
Historic State Bank Event Cent,Readycap L-7922,Loan-13027
J L CREATIONS INC.,5296,Loan-13034
PC Ventures LLC,23621,Loan-13073
Premier Hockey League Long Isl,628,Loan-13077
Rayville KFC LLC,35519,Loan-13082
ROSIER RENOVATIONS LLC,6548,Loan-13091
RUCI LLC,6548,Loan-13092
S & D Enterprise LLC,3511,Loan-13095
SARPANCH TRANSPORT INC.,9846,Loan-13098
SCPH P.A.,57095,Loan-13100
SCUSA LLC,7468,Loan-13101
Unlimited Medical Billing & Co,34997,Loan-13124
WEST HOUSTON PATCH BOYS,32441,Loan-13134
CERTIFIED LIFE SAFETY LLC,6548,Loan-13154
Derby City Chicks LLC,17393,Loan-13161
Extreme Electrical Solutions L,59086,Loan-13168
FHMC Operating PC,57056,Loan-13169
GoodWorks Global Inc,628,Loan-13176
Hidden Pathway LLC,628,Loan-13181
Paintless Dent Repair Inc.,131,Loan-13215
Par Avion LLC,27237,Loan-13217
PROFESSIONAL SALES & STRATEGIE,3511,Loan-13223
RD REFRIGERATION & HVAC,3511,Loan-13227
RE Syndicate Inc.,6548,Loan-13228
Rebecca Atwood Designs LLC,628,Loan-13229
SAP Savannah LLC,15699,Loan-13236
SOAR HAWAII LLC,17308,Loan-13239
Studio V Inc.,8889,Loan-13244
The Developmental Advantage,34603,Loan-13249
Trasco Logistics LLC,6976,Loan-13252
15 Long Hill LLC,29950,Loan-13262
4754 North Leavitt LLC,34383,Loan-13266
ADMJ Holdings LLC,6384,Loan-13273
AUGUSTA PLUMBING LLC,10988,Loan-13277
B & I LLC,6548,Loan-13279
BRUNOS LLC,6548,Loan-13288
CO Weekly LLC,57944,Loan-13293
CRAVU-2 Inc.,57716,Loan-13296
Dunes Carpet Inc,6560,Loan-13305
ELECTRICAL AUTOMATION SERVICES,6384,Loan-13310
EVERGREEN PLUMBING AND MECHANI,6548,Loan-13312
FAMILY FAIR L.L.C.,6384,Loan-13315
Goedert Therapeutic Services L,983,Loan-13325
I.A.Z.L TRUCKING INC.,628,Loan-13334
JenStar Asphalt LLC,9087,Loan-13341
Key Dollar Cab LLC,17266,Loan-13348
Key Dollar Cab LLC,17266,Loan-13349
MAXWELLNESS PHYSICAL THERAPY L,32441,Loan-13364
NEW GENERATION FITNESS INC.,18409,Loan-13369
ON POINT EXHIBIT,6548,Loan-13373
Savvy Goods LLC,23621,Loan-13390
Segway of Cincinnati LLC,6560,Loan-13394
SHAWN BROWN ENTERPRISES INC.,6560,Loan-13395
Sky River Industries Inc,628,Loan-13397
Smile LLC,23621,Loan-13399
Smile LLC,23621,Loan-13400
TREADBLU LLC,10988,Loan-13413
USA EAGLE TRANS INC.,6560,Loan-13417
Vilasap LLC,33555,Loan-13419
WINDHURST CONSTRUCTION,6548,Loan-13422
World of R/C Inc.,Readycap L-7922,Loan-13423
BREMER CONSTRUCTION MANAGEMENT,34997,Loan-13446
Chary Coin Laundry LLC,24170,Loan-13452
CLASS LOGISTICS LLC,628,Loan-13454
Creighton Trenching & Excavati,6560,Loan-13459
DOWN THE DRAIN PLUMBING INC,6548,Loan-13464
Dunlap Holdings LLC,27476,Loan-13465
EASTERN AUTO REPAIR CORP,32773,Loan-13467
IPC Newark LLC,34997,Loan-13488
JANSSEN HH LLC,6384,Loan-13494
LEJEUNE HOLDINGS LLC,11813,Loan-13508
Midtown Tulsa Pediatric Group ,27476,Loan-13515
MK ELECTRICAL SERVICES AND SOL,6548,Loan-13516
Network Solution Providers LLC,588,Loan-13526
NUTRIFORMANCE L.L.C.,24998,Loan-13531
PAUL J MORROW,18409,Loan-13533
PEARLSYNC INCORPORATED,3511,Loan-13535
REVOLUTION PRINT AND PACKAGING,59052,Loan-13538
TECH TURNAROUND LLC,34997,Loan-13555
HB GNV LLC,10988,Loan-13583
Talon Custom Construction Inc,9087,Loan-13585
ADMJ Holdings LLC,6384,Loan-13591
All Point Licensed Behavior An,18409,Loan-13594
AUKLAND DESIGN AND REMODELING ,6548,Loan-13602
BL IMPORTS LLC,3511,Loan-13604
Crystal Dental Lab,26610,Loan-13620
Dumbo Pizza Inc.,29950,Loan-13625
J BARNES ENTERPRISES LLC,8870,Loan-13651
JNS FOOD & LIQUORS,6548,Loan-13655
NORTH COUNTY WATERJET INC.,11813,Loan-13684
NWW Holdings LLC,Centerston-90017,Loan-13685
Rustic Rook Resort LLC,8889,Loan-13703
Select Ingredients Inc,18409,Loan-13709
SUMP PUMP REPAIR & MAINTENANCE,3511,Loan-13715
Superlative LLC,17266,Loan-13717
TACOS Y MAS INC,983,Loan-13720
TS Cafe NC-17 LLC,33555,Loan-13732
Vend Central Inc,588,Loan-13737
WIRELESS REVOLUTION LLC,6548,Loan-13744
ZOOM MOBILE GAMING LLC,6548,Loan-13747
1025 Central Ave N LLC,27237,Loan-13748
AADARSH HOSPITALITY LLC,27237,Loan-13752
Als Plumbing Inc,17266,Loan-13756
Avaid Hotels LLC,20845,Loan-13759
Bonita Steel Builders Inc.,20624,Loan-13766
Ca Feng Enterprises Inc.,628,Loan-13774
CANTU-HARWOOD2 INC.,27237,Loan-13776
DAVID MANCUSO dba MACON LANDSA,32773,Loan-13791
ERA MARKETING SOLUTIONS LLC,18409,Loan-13803
EVERGREEN THERAPY LLC,3511,Loan-13805
FEIM TRANSPORT LLC,6560,Loan-13808
Fisher P.A.,35361,Loan-13809
InfinitusXIII Inc,6548,Loan-13818
John Cho Coin Laundry,58234,Loan-13825
KLNTEK,3510,Loan-13834
KWIK LOGISTICS LLC,3511,Loan-13836
Lake Adventures LLC,3931,Loan-13837
Lucky Liquor,26610,Loan-13840
Nikko Teriyaki,22366,Loan-13858
Pinemont C Store Inc,57665,Loan-13872
Pioneer Flooring LLC,8728,Loan-13873
sean's total car care,131,Loan-13887
Shur Law Co. LPA,6560,Loan-13889
SPECIALTY STEEL POST-TENSIONIN,17266,Loan-13895
STYLEMATTERS  WRITING SERVICES,18409,Loan-13897
US BEST TRUCKING INC,3511,Loan-13907
AD TREND INC,6548,Loan-13923
ANCHOR DAY LLC,6548,Loan-13931
BORISMTAX INC,588,Loan-13945
CAPX EQUIPMENT LEASING LLC,3511,Loan-13950
Coram Deo 153 Inc,26610,Loan-13960
DANA K BARBIERI,18409,Loan-13966
EAGLE CAP SOFTWARE INC,6548,Loan-13974
Flynn Ingham and Turner Finan,58665,Loan-13983
JC BONILLA & SONS INC,6560,Loan-13996
RICHARD J. ITO D.D.S. P.C.,10988,Loan-14037
Tali Inc.,35444,Loan-14051
TREEHOUSE EXPERTS LLC,628,Loan-14062
US ALLIANCE PHARMACEUTICALS L,12368,Loan-14068
Advanaced Hair Care and Beauty,6560,Loan-14077
Anytime Fitness,58665,Loan-14082
Blue Lagoon 83 LLC,27237,Loan-14087
BROWNHAUS COMPANY LLC,3511,Loan-14094
Chets Hardware Inc,6548,Loan-14106
COVESTREAM LLC,57056,Loan-14109
DEM DESIGNS,6548,Loan-14118
DS&D Petroleum,57056,Loan-14123
DUMP DYNASTY LLC,6548,Loan-14124
Elle Designs LLC,628,Loan-14129
EMERALD RESOURCES INC,17266,Loan-14130
FOX TRANSPORTATIONS LLC,18409,Loan-14139
Frank's Farm Labor Contracting,17266,Loan-14140
Granstrom Masonry Inc.,628,Loan-14143
GROSS CONSTRUCTION INC,6560,Loan-14147
Hajrudin Horic,6560,Loan-14148
HJ Liquors LLC,5296,Loan-14151
IRON CODE TECHNOLOGIES INC,6548,Loan-14157
Kara Nail & Spa Inc,35151,Loan-14163
MCKEE HOLDINGS LLC,628,Loan-14175
MI AMOR BOUTIQUE LLC,3511,Loan-14179
NMPJ Enterprises Inc,35444,Loan-14188
Performance Therapy and Fitnes,588,Loan-14193
SHREE HARI HOSPITALITY INC,58626,Loan-14208
SPEEDY FLOOR REMOVAL SERVICES ,18409,Loan-14213
The American Engineers,28489,Loan-14217
The American Engineers,28489,Loan-14218
TYS Creative Inc.,31628,Loan-14227
V & V LANDSCAPING INC,6548,Loan-14228
WCEA LLC,6384,Loan-14233
XPLEVELUP CORPORATION,3511,Loan-14236
SALEMS LOT LLC,32441,Loan-14239
45th Property & Power LLC,6560,Loan-14248
ACE MOTORS,3511,Loan-14251
Advanced Boring Specialists I,17266,Loan-14252
C&M Play Studio LLC,6560,Loan-14277
C&M Play Studio LLC,6560,Loan-14278
Dakota Inc.,6548,Loan-14298
DRLandscape Inc,57056,Loan-14308
Elite Ground Care Co.,6560,Loan-14315
FABEX INC.,6548,Loan-14319
HELLO DUMPLING EAST DALLAS LLC,9846,Loan-14333
Jai Bhole 7 LLC,11729,Loan-14344
JWA Floors Inc.,58739,Loan-14346
M&R Distribution. LLC,29950,Loan-14355
Madeline Ervin LLC,17266,Loan-14357
Make It Greener Full Service L,628,Loan-14358
Monroe Escape Rooms LLC,6560,Loan-14362
Pishon Technologies Inc,9846,Loan-14382
RFA Frontino LLC,628,Loan-14389
Royal Air LLC,24045,Loan-14397
S & J Design Weld and Fabricat,3285,Loan-14402
Snarfs on Federal LLC,33555,Loan-14412
THE JENSEN GROUP CPAS INC.,University-84106,Loan-14424
Tornado SAFE LLC.,27476,Loan-14429
VORA SYSTEM LLC,3511,Loan-14436
WDW Eastpointe PLLC,32441,Loan-14438
XP Climate Control LLC,3510,Loan-14440
Yorbor Inc,3511,Loan-14441
725 Liquor LLC,3511,Loan-14451
A 2 z pool service INC,18409,Loan-14453
BCG HVAC LLC,58665,Loan-14475
BCG HVAC LLC,58665,Loan-14476
Custom Chemical Services Inc,32974,Loan-14487
FLORIDA CAREER TRANSITIONS LL,32441,Loan-14503
FROSTY DESERT LLC,3511,Loan-14506
Indonesian Kitchen NYC LLC,18409,Loan-14519
J H TRANSPORT LLC,6560,Loan-14522
J&l yankee inc.,29950,Loan-14523
JAIME ROBERTO ALVAREZ,628,Loan-14524
JANIS CHRISTIAN,18409,Loan-14526
JOHNSON PNW LLC,6548,Loan-14528
K D Wright LLC,6560,Loan-14531
Knead More Bread LLC,7551,Loan-14538
M&T Group LLC,58018,Loan-14552
M/T MOWING LLC,3511,Loan-14553
Mak Movers & Storage LLC,34997,Loan-14554
MODERN BACK OFFICE LLC,3511,Loan-14560
Molina&#39;s Cantina 1463 Inc,58629,Loan-14561
MONIQUE A DECARTARET,3511,Loan-14562
Mose  Yoder,6560,Loan-14565
PlanetXone Ltd. LLC,11813,Loan-14577
REED & GARCIA LAW PC,35361,Loan-14585
S & A COMMERCIAL PROPERTIES LL,27237,Loan-14590
SHAMROCK PLUMBING AND DRAINCLE,29961,Loan-14594
Sierra Learning Laboratory,6548,Loan-14596
Storybook School LLC,14851,Loan-14603
TAILORED INVESTMENTS LLC,6548,Loan-14606
TEAM CROSS INC,628,Loan-14608
TRANSFORM GROUP LLC,628,Loan-14612
USTA LLC,6560,Loan-14621
Valley Juice LLC,57716,Loan-14623
West Austin Training LLC,5510,Loan-14625
C&T Shield LLC,32441,Loan-14658
CO-WEEKLEY,6560,Loan-14669
DRIM CONSTRUCTION INC.,18409,Loan-14680
EDGI AUTOMATION,3511,Loan-14682
EISNER CORP,588,Loan-14685
ELCo Enterprises Inc.,6560,Loan-14686
FIAT TRANSPORT LLC,6560,Loan-14694
FIRSTWAVE INNOVATIONS INC.,35278,Loan-14697
Harmony Dental Care INC,8870,Loan-14705
Highly Favored Confections Inc,6672,Loan-14708
IMPACT HOME SOLUTIONS LLC,32441,Loan-14717
KATHERINE SCHLEIN,628,Loan-14733
Liberty Industries Property L,17534,Loan-14743
MIDDLE CHILD MANAGEMENT INC,6384,Loan-14751
OVER POWERED LLC,10988,Loan-14770
PRO HEALTH CREDENTIALING LLC ,6560,Loan-14781
Red Clover Trading Co Inc,588,Loan-14786
Rupe Industries LLC,7888,Loan-14794
Skai Corporation,34997,Loan-14802
supermarket source inc,Newtek Sma-11042,Loan-14807
TSR12 LLC,7551,Loan-14822
W OBrien Ent Inc,32441,Loan-14831
Wayside Restaurant Inc.,6560,Loan-14833
4337 North Lincoln Property L,32551,Loan-14843
Auburn Assisted Living LLC,12437,Loan-14854
Build It Inc.,17266,Loan-14859
CAREPRIME HEALTH LLC,628,Loan-14863
CMR Cupertino LLC,628,Loan-14864
COMPLIANCE AND MANAGEMENT LLC ,6560,Loan-14866
Dana Marie Ferrell,58665,Loan-14872
DNO Inc,29961,Loan-14876
HAGMAN TIMBER CO INC,6548,Loan-14898
Heap Soil Real Estate LLC,26610,Loan-14899
Jailen Kobie LLC,57038,Loan-14903
JW GLOBAL INDUSTRY INC.,26610,Loan-14911
KEY LIGHT ELECTRICAL LLC,6548,Loan-14916
Kids at Play Properties LLC,58410,Loan-14917
LYMI INC,6548,Loan-14928
North East Attachment And Trac,6560,Loan-14946
PB&amp;A Manufacturing Inc.,18409,Loan-14952
Peterson Custom Woodcrafts LL,3511,Loan-14955
Seafoam Properties LLC,6560,Loan-14967
STEEL SPIRITS LLC.,6384,Loan-14977
THE CHATEAU AZ L.L.C.,58722,Loan-14981
Witz Construction LLC,17308,Loan-14996
Woori Inc.,57944,Loan-14997
YOSSI'S FISH MARKET CORP.,18409,Loan-14999
ALEXANDER FLOORING LLC,6548,Loan-15006
ANTHONY J GEORGE DDS PC,6548,Loan-15012
Bryco LLC,32441,Loan-15027
C.K. Edwards LLC,6560,Loan-15030
CCD Development LLC,2270,Loan-15031
DRINKING BUDDY LLC,3511,Loan-15052
EOT LLC,3511,Loan-15059
Frost Brothers LLC,6548,Loan-15062
Global CC Group Inc ,57463,Loan-15069
Global SJK Inc,26610,Loan-15070
Harvinder Singh,6560,Loan-15080
HOEY ENTERPRISES INC.,6548,Loan-15085
Horizon Electronic Security LL,9846,Loan-15088
JEFFREY EISCHEN,57056,Loan-15099
KSENIYA DAR,18409,Loan-15107
NEW MEDIA DOJO LTD.,3511,Loan-15121
Nine41 Consulting LLC,2270,Loan-15123
NotePros Solutions LLC,32441,Loan-15127
OneSkin Dermatology LLC,588,Loan-15129
Proscape LLC,628,Loan-15143
R & R TRANSPORTS LLC.,6560,Loan-15149
Randy James Inc.,34997,Loan-15152
Raynas 2 LLC,6560,Loan-15155
SPORTS TRAVEL CONSULTANTS LLC,6560,Loan-15176
STUDIO 531 LLC,588,Loan-15182
The Cleaning Spot,26610,Loan-15189
TRI QUALITY PAINTING INC.,6548,Loan-15196
TU studio,Mountain A-84070,Loan-15198
V GARCIA 1972 TRUCKING CORP,3511,Loan-15200
VANLINE PRODUCTIONS LLC,6548,Loan-15204
William W. Grubbs III,58665,Loan-15212
Bamas Gourmet Sauces Inc,17266,Loan-15229
Blate Enterprises LLC,CRF Small -55402,Loan-15234
BT FREIGHT INC.,628,Loan-15237
CANDYINJECTOR LLC,3511,Loan-15238
DIRECT PROVIDER OF HEALTHCARE ,6548,Loan-15251
Ed Shore Jr. Excavating LLC,6560,Loan-15255
Empire Tax Professionals Inc,628,Loan-15258
Fadaie Insurance Services Inc,35278,Loan-15261
Guardian Survival Gear Inc.,28489,Loan-15269
Harty Built LLC,628,Loan-15270
Herrera Trucking Inc.,6560,Loan-15271
Herrera Trucking Inc.,6560,Loan-15272
HOTSUGARPOP LLC,6384,Loan-15275
JH BROKERS LLC,6548,Loan-15285
KERIAN HOME HEALTH CARE AGENCY,18221,Loan-15287
Krystal D Fletcher APRN-CNP Fa,8728,Loan-15290
L&R Laundry LLC,58665,Loan-15295
Leland R. Lamm,19123,Loan-15299
Levitated Metals LLC,20624,Loan-15300
MID OHIO FLOORS & CONSTRUCTION,6560,Loan-15304
Mountaineer Upfit Solutions,34603,Loan-15305
Okc Soda Co llc,27476,Loan-15307
Omega Properties Inc,6548,Loan-15309
ROYAL PEST CONTROL LLC,18409,Loan-15318
Sheerline Engineering Inc.,57056,Loan-15321
SK Taekwondo Inc,628,Loan-15323
STONE GENERATION PROPERTY LLC,31628,Loan-15327
TOTAL PROMOTION COMPANY,3511,Loan-15335
WF TRUCKING LLC,6560,Loan-15344
Abreu service and repair inc.,18409,Loan-15349
Advanced Breeding Concepts Inc,873,Loan-15351
Albers Cleaning LLC,6560,Loan-15354
Bounce Town Canton LLC,23621,Loan-15379
BROTHERS & TWINS TRANSPORTATIO,11813,Loan-15380
Carwash Lodge Inc.,57056,Loan-15382
Chaos Investments LLC,6548,Loan-15385
CHILDREN'S EMPIRICAL LLC,6548,Loan-15386
D and E Insurance Group LLC,58665,Loan-15394
DEVIVO HEATING AND COOLING LLC,7213,Loan-15400
ELIOTT ROMERO MD,6548,Loan-15407
FOX RIVER PETRO LLC,20624,Loan-15413
HYGGE HOME STAGING LLC,3511,Loan-15425
IMP TRUCKING INC,6560,Loan-15427
J BARNES ENTERPRISES LLC,8870,Loan-15432
Kelleys Island General Store ,6560,Loan-15445
La Beaute Spa Du Jour Inc.,34607,Loan-15448
Pacific 14330 LLC,24045,Loan-15470
R1 BCS Inc.,32441,Loan-15484
SEAMUS GOLF INC.,628,Loan-15495
Sonj&#xe9; Productions LLC,588,Loan-15500
Summit Restoration LLC,9204,Loan-15505
VALLEY EXCAVATION & GRADING I,6548,Loan-15519
Vladimir Allkanjari,6560,Loan-15521
ACTION PAINTING INC,6548,Loan-15535
Airburst Successor LLC,20624,Loan-15537
Bhavi Food Mart Inc,32773,Loan-15554
Boomtown Investment Group LLC,6560,Loan-15556
Hathaware Corporation,628,Loan-15590
IBE INC.,35406,Loan-15594
James International Solutions ,628,Loan-15598
Kansas City Remodel & Handyman,59052,Loan-15605
Kenny Trading Inc,26610,Loan-15607
La Roca Inc.,983,Loan-15611
LANDAICHE INDUSTRIES LLC,628,Loan-15612
LETELLIER ENTERPRISES INC.,6548,Loan-15614
Lewis Insurance Agency LLC,6548,Loan-15615
PINENEEDLE MEDIA LLC,6548,Loan-15644
RIVER VALLEY FORENSIC SERVICES,3511,Loan-15649
Sams Stop Inc,6560,Loan-15653
Segue88 Inc. dba Homewatch Car,32441,Loan-15659
SnS Quickburgers LLC.,6560,Loan-15663
Stretch of NW Georgia LLC,Newtek Sma-11042,Loan-15668
STROUT DRYWALL SOLUTIONS L.L.,32773,Loan-15669
TENARES TIRE SERVICES INC.,32773,Loan-15674
The Rocket Shop,33761,Loan-15679
United Shipping Solutions NY1,588,Loan-15683
V&V Paving & Construction LLC,6560,Loan-15690
V&V Paving & Construction LLC,6560,Loan-15691
181 Sebastopol Road LLC a Cal,57903,Loan-15697
Abella-Desuyo Chiropractic Inc,20845,Loan-15700
Bullseye Home Services,58665,Loan-15711
CREATIVE AUDIO VISUAL GROUP LL,6560,Loan-15717
HZT USA INC,18409,Loan-15754
INVICTUS 19 LLC,4160,Loan-15757
KIDSEAZ LLC,18409,Loan-15770
Lakes Area Logistics LLC,9733,Loan-15772
MAHAL EXPRESS INC.,6560,Loan-15779
Melfi & Associates PC,6560,Loan-15782
Melfi & Associates PC,6560,Loan-15783
mspGOLF L.L.C.,58511,Loan-15789
SKY GROUP INC,6548,Loan-15808
The Law Office of Johann Hall,16571,Loan-15823
Todd's Lawn Care Inc.,588,Loan-15827
Tony Crabtree,6560,Loan-15828
TRACY LYNN CREATIONS,6548,Loan-15829
Triumph Box &amp; Ryde Inc,9087,Loan-15830
Vending Concepts LLC,34885,Loan-15834
CONCRETE LIFTING NJ LLC,3511,Loan-15867
Dat Chicken LLC,628,Loan-15868
Eclectic Culinary Concepts Inc,20624,Loan-15879
Eno-Idem Enterprises Inc.,6560,Loan-15882
Lynden Hardware Company LLC,28489,Loan-15913
Mikail Muadinov,6560,Loan-15921
NAMASTE NAIL SANCTUARY,34997,Loan-15926
NEW AFRAH PASTRIES INC.,6560,Loan-15927
Papa's Place Holdings LLC,9846,Loan-15937
Ratna Devi Inc,29950,Loan-15948
RescueMD PLLC,9846,Loan-15952
Stuffys Subs LLC,34444,Loan-15972
THE SERVICE SPECIALISTS CO. I,6560,Loan-15984
4-H Business Solutions LLC,628,Loan-16006
Advanced Accounting Systems LT,588,Loan-16014
BARE BEAUTY SPATIQUE LLC,3511,Loan-16021
BH Smith LLC,4160,Loan-16024
BLACKSTONE MATERIALS LLC,9846,Loan-16025
Br Fit LLC,32773,Loan-16028
Carl Lovern,6560,Loan-16034
Commercial Drywall L.L.C.,29961,Loan-16042
Cumberland RV LLC,15699,Loan-16043
Epic Life Adventures LLC,58018,Loan-16055
F & L Corporation,10218,Loan-16057
FINE DESIGNS & INTERIORS,17393,Loan-16058
Garage Door Openers & Doors In,6560,Loan-16063
H & YS LLC,57873,Loan-16070
HALAL CROWN FRIED CHICKEN & GY,18409,Loan-16071
INOCAP LLC,628,Loan-16080
JP'S COLLISION & RV REPAIR INC,6548,Loan-16088
lux lawns inc,4063,Loan-16099
OHIO HANDYMAN R,6384,Loan-16110
PLC Communications,9846,Loan-16118
Randy  Roper,8728,Loan-16123
Seal Tight Plumbing LLC,588,Loan-16133
Seminary Dixie Grill LLC,9366,Loan-16134
Stanwell Inc.,6976,Loan-16143
Stylechilde LLC,17266,Loan-16145
TOJU BAY INC,Newtek Sma-11042,Loan-16156
Worthington Farms LLC,3511,Loan-16176
547 ELITE NAILS INC,35151,Loan-16183
ACTION SIGNS FLORIDA LLC,9846,Loan-16185
AMC GENERAL CONTRACTOR LTD,6548,Loan-16190
Anthem Steel Group Inc,Mountain A-84070,Loan-16192
Bayridge Electric Corp.,628,Loan-16197
BIM Technologies Inc.,CRF Small -55402,Loan-16198
BINNIES SKATE SHARPENING LLC,6384,Loan-16199
Casa Bui LLC,6548,Loan-16205
CGR Wholesale LLC,7468,Loan-16208
Cox Wood Removal and Lawn Care,12854,Loan-16211
FOX LAKE CC LLC,6560,Loan-16224
HEALTH MANAGEMENT EXPERT INC.,33935,Loan-16230
HEENA BEAUTY INC,6548,Loan-16231
IRENE AND NICK LLC,26610,Loan-16237
LAWRENCE'S CONTRACTOR INC.,628,Loan-16252
Mefford Contracting LLC,23627,Loan-16260
Midho Velic Trucking LLC,6560,Loan-16263
MNS ENTERPRISE INC,33188,Loan-16265
Naples Cryo Ventures LLC,Fund-Ex So-33324,Loan-16268
NEST EGG VENTURES INC.,3511,Loan-16270
OLKAM LLC,28489,Loan-16274
Randall TKD LLC,628,Loan-16290
Sant Partap Dhillon,27237,Loan-16296
Seattle Painting Specialist,28489,Loan-16297
Society Salon LLC,588,Loan-16307
Spatial Relations LLC,628,Loan-16309
Sprout Design LLC,6548,Loan-16311
THE PARTS DEPT LLC,6548,Loan-16320
VCON TRAFFIC PLANS & PERMITS ,6548,Loan-16328
Westgate Lanes Incorporated,19772,Loan-16338
Xact Restoration LLC,628,Loan-16347
A Star Truck Lines Inc,6560,Loan-16354
BLOSSOM HILL HOTDOGS,6548,Loan-16373
Charlie Enterprise,26610,Loan-16381
Choice Finish Carpentry,6548,Loan-16383
CLAD 12M LLC,58377,Loan-16384
COASTAL COLLISION & TOWING INC,588,Loan-16385
DOHENY PRODUCTS,3511,Loan-16400
DONE & OVER Management Inc,588,Loan-16401
Eldahmy Pharmacy Inc,28905,Loan-16406
FARAWAY SEAS LLC,17308,Loan-16411
Goldcoast Funding Group,6548,Loan-16430
IAI Hospitality LLC,32441,Loan-16437
Jolly Premium Group LLC,32441,Loan-16450
Keynote Technologies LLC,983,Loan-16455
Keynote Technologies LLC,983,Loan-16456
LJ FOOTCARE LLC,6548,Loan-16463
NATURA FOODS L.L.C.,18409,Loan-16477
OPTION MOTOR CARS INC,22366,Loan-16483
Roman Music Therapy Services ,32773,Loan-16499
Servicemaster by Thomas LLC,6560,Loan-16508
Single Source Energy Solutions,32773,Loan-16512
Sycamore Growth Group LLC,6560,Loan-16520
THE ALERT PIONEER PLUMBING COM,6560,Loan-16522
A FAMILY A FAIR FOOD CONCESSIO,6548,Loan-16547
AIM GROUP LLC,6548,Loan-16552
Bankhurst Industries LLC,6560,Loan-16559
Canyon Falls Business Solution,258,Loan-16570
COSMETIC DENTISTRY OF SAN ANTO,3511,Loan-16573
Creative Contracting Inc.,11813,Loan-16574
DANCAN The Pest Control Expert,35361,Loan-16578
Devo Fitness LLC,6548,Loan-16580
GARBO GRAPHICS LLC,6548,Loan-16590
goGLOW Enterprises LLC,6548,Loan-16593
Gorgousstylist LLC,18409,Loan-16595
H&S Realty Management LLC,7551,Loan-16597
JackMo Enterprises Inc,588,Loan-16612
JAYMT Enterprises LLC,32441,Loan-16617
JI & YOON INC,24170,Loan-16618
JRG GMF I LLC,17534,Loan-16622
LCA Endeavors LLC,3511,Loan-16627
Left Coast Engineering a dba ,27237,Loan-16628
MKBR LLC,18409,Loan-16639
Moonlight Meadery LLC,59086,Loan-16642
Myrtle Sales Inc,628,Loan-16643
Newport Fitness LLC,3511,Loan-16645
PARK SERVICE LLC,3511,Loan-16658
PARSHAR SERVICES LLC,2270,Loan-16659
Pasada Films Inc.,588,Loan-16660
Personalized Medicine Care Dia,6384,Loan-16664
RE Schlichtman Earthmovers LLC,13868,Loan-16676
RED BARN DISCOUNT LIQUOR AND C,13058,Loan-16677
Rich Crab,26610,Loan-16680
SJ BURKE LLC,6548,Loan-16690
Spoon Exhibit Services LLC,58665,Loan-16694
TACKLE INSTRUMENT SUPPLY COMPA,6548,Loan-16700
THE GYM-NEST LTD.,3511,Loan-16705
TVC CONSTRUCTION CORP,18409,Loan-16715
Vintage Soul Investments Inc.,VelocitySB-92626,Loan-16721
Y.N.H. CONSTRUCTION INC.,628,Loan-16728
1 STOP AUTO INC,6560,Loan-16731
ACME Flooring LLC,6560,Loan-16736
ACME Flooring LLC,6560,Loan-16737
CAMERON WILSON,6548,Loan-16759
DALFIT Alpha LLC,8889,Loan-16766
DMD Exteriors LLC,6560,Loan-16768
FOUR PAWS HOTEL AND DAYCARE LL,18409,Loan-16783
HALES PROFESSIONAL TURF SERVIC,588,Loan-16791
HOPE OF THE HAIGHT INC.,628,Loan-16795
Jay Otto,6560,Loan-16807
KORA SERVICES LLC,10988,Loan-16821
Shaping Tomorrow Child Care Se,588,Loan-16870
Shaping Tomorrow Child Care Se,588,Loan-16871
SILVER WORLDWIDE VENTURES LLC,35323,Loan-16874
SMOOTH MARINERS LLC,18409,Loan-16877
Talon Property Services LLC,34217,Loan-16886
The Cyphyr Corporation,28489,Loan-16889
TRUE FINISH CONTRACTING,6548,Loan-16899
TUK TUK SUBS LLC,6548,Loan-16900
Two Contracting LLC,57038,Loan-16903
Uproar Hospitality LLC,32551,Loan-16906
USA Express LLC,6560,Loan-16907
USA Express LLC,6560,Loan-16908
NIGEL VAUGHN CONSULTING LLC,3511,Loan-16917
Buzz Burger Inc.,18409,Loan-16925
3 DAG LLC,35278,Loan-16943
4V SERVICES LLC,6384,Loan-16947
AB Petroleum Inc,35444,Loan-16948
AHTEEZO LLC,6384,Loan-16952
Apparel Impact LLC,59086,Loan-16955
AWP Trucking LLC,6560,Loan-16959
Bouchard Baker PC,29950,Loan-16968
Canyon Falls Business Solution,258,Loan-16971
DAT EXPRESS LLC,6560,Loan-16977
FENNEL AND THYME CATERING LLC,6560,Loan-16986
GBOFD LLC,9846,Loan-16990
GUIDRY COASTAL - ARCHITECTURE ,19772,Loan-16999
Loi Thanh Mai,6548,Loan-17020
Lone Pine Gear Exchange L.L.C,14851,Loan-17021
Lovejoy Controls Corporation,16160,Loan-17023
MAKS FAMILY FITNESS LLC,16958,Loan-17026
MAZ CONSTRUCTION LLC ,628,Loan-17028
MYRES ELECTRICAL SERVICE LLC,6548,Loan-17035
NIKSEN LLC,18409,Loan-17038
Paniagua Group Inc.,34997,Loan-17041
Restore Wellness OKC LLC,3890,Loan-17062
Sai Hotels LLC,58626,Loan-17068
SHIV KRUPA SUBS INC,29950,Loan-17072
Smile Academy of Kentucky LLC,6560,Loan-17074
Smile Academy of Kentucky LLC,6560,Loan-17075
SUNRISE ALL SEASON SERVICES,6548,Loan-17081
TOTAL MAINTENANCE SERVICES,Centerston-90017,Loan-17099
VERNELL TRUCKING LLC,6560,Loan-17103
1314 Cleveland Road LLC,33555,Loan-17112
ASA GLOBAL CONCEPTS INC,18409,Loan-17132
ASB Fit LLC,33555,Loan-17133
BANWAIT TRANSPORT LLC,6560,Loan-17137
Bear Bar Foods LLC,CDC Small -92106,Loan-17140
BEAUTY BY K INC.,26610,Loan-17141
CHRISTNINA MANAGEMENT GROUP LL,Lendistry -90021,Loan-17156
Delicious International LLC,6548,Loan-17166
Greg Fortunato Landscaping LLC,6384,Loan-17185
HAWKINS VENTURES LLC,3511,Loan-17191
Hedrick Mechanical Inc,628,Loan-17192
HORIZON ENGINEERING CONSULTING,18409,Loan-17195
Kids First Dental LLC,32441,Loan-17202
LEO BERNARD JEWELERS INC,6548,Loan-17206
LIFE CYCLE GEO LLC,6548,Loan-17207
Midwood Wax LLC,3890,Loan-17221
Moonlight Meadery LLC,59086,Loan-17227
NateNeesvig Inc.,19772,Loan-17231
New Age Contracting LLC,18409,Loan-17232
Nicholas DeVito Agency Inc.,58665,Loan-17235
PEDIATRIC SUPPLIER INC,34997,Loan-17244
SADAD F & A INC,57944,Loan-17260
TEAM SPORTS SALES LLC,8273,Loan-17272
TEUTHORN ENTERPRISES CORP.,32441,Loan-17274
THE CREDIT SOS LLC,18409,Loan-17277
The Dog House OKC Inc.,27476,Loan-17278
wp laundromat inc,35151,Loan-17291
3LEVEN CORP.,3510,Loan-17294
CAW LANDSCAPES INC,10988,Loan-17315
COLLIER COUNTY CLEANING COMPAN,628,Loan-17321
Colorado Kids Gear,34997,Loan-17322
DOUGLAS L KRAMER,6548,Loan-17338
EDB ENTERPRISES LLC,3511,Loan-17344
FLORENCE EXCAVATING LLC,6548,Loan-17354
Glin Limerick Partners LLC,628,Loan-17364
Gold Monkeys LLC,32441,Loan-17366
KC TERIYAKI,6548,Loan-17384
KLEEMANN TOWING SERVICE LLC,588,Loan-17387
Lansaw lumber products Limited,2720,Loan-17392
LT GENERAL CONTRACTOR LIMITED ,18409,Loan-17396
M & A Corporation,28905,Loan-17398
Miyeon & Sung Inc,26610,Loan-17410
NEW HORIZON FINISHES INC.,32773,Loan-17414
NICK'S PEST PRO,3511,Loan-17415
R&F LLC,32441,Loan-17425
Sai Anshika Inc.,7551,Loan-17435
Second Act Holdings LLC,873,Loan-17441
Second Act Holdings LLC,873,Loan-17442
South Florida Foods Internatio,7213,Loan-17445
V SHEREE CREATIVE ENTERPRISES ,3511,Loan-17465
CGE COMPUTERS,6548,Loan-17503
Click For Savings LLC,588,Loan-17505
Coconut Kosher Supermarket Cor,588,Loan-17506
CWGC LA INC,3510,Loan-17515
Everyday Dollar Store,35519,Loan-17528
FAMILY MEDICAL CLINIC KENDALL ,18409,Loan-17530
HANGOOK G&M INC,26610,Loan-17537
Hazelwood Floors,6560,Loan-17539
HNS Trucking Inc,6560,Loan-17544
JASON TERPSTRA INC,18409,Loan-17550
JKH Endeavors LLC,35444,Loan-17553
LEMILLION LLC,10988,Loan-17562
LTEC DESIGN CONSULTING INC,18409,Loan-17565
LYNCH HARRISON & BRUMLEVE IN,628,Loan-17566
Marine Imaging Technologies LL,32773,Loan-17568
MERCHANT GUILD LLC,3511,Loan-17569
Mike Ki Cho,57463,Loan-17571
MNR RESTORATION,4063,Loan-17572
Mobile Wrench Enterprises LLC,17534,Loan-17574
Monroe E Brittingham Jr,588,Loan-17575
MY PLAY CAFE LLC,8273,Loan-17576
My Second Campus LLC,588,Loan-17577
N J Pacific Inc.,588,Loan-17579
N M PARTY RENTALS LLC,3511,Loan-17580
NS Health Care LLC,58665,Loan-17584
Palms Capital Holdings,20624,Loan-17594
TRIPPLE SUL ENTERTAINMENT LLC,6548,Loan-17642
Troy-Onic Inc.,18409,Loan-17643
Zya Industries LLC,8889,Loan-17659
Dwyer Autos LLC,35444,Loan-17663
Stevo Saric,6560,Loan-17664
Allie Rae Properties LLC,15019,Loan-17676
All-Out DJ LLC,8728,Loan-17677
AMERITAPE INC,3511,Loan-17680
Argonaut Brewing Company Inc,28489,Loan-17682
BAGEL AND DONUT BASKET,3511,Loan-17688
Baird Popcorn Company,6560,Loan-17690
Bit Pros Inc.,29961,Loan-17703
Bit Pros Inc.,29961,Loan-17704
BWI CONTRACTING INC,6548,Loan-17713
COLO AUTO LLC,3511,Loan-17722
CORNERSTONE HOME HEALTHCARE L,628,Loan-17723
Dentistry of Winfield,8273,Loan-17732
Geddio Inc,34444,Loan-17753
Green Ramp Group LLC,Main Stree-94612,Loan-17760
HAMRSKY MAINTENANCE INC.,3511,Loan-17762
HUNT PHYSICIAN STAFFING SOLUTI,3511,Loan-17770
IBE INC.,35406,Loan-17772
INTERSTATE TRUCK REPAIR INC,6548,Loan-17775
LAW OFFICE OF FRANK XU PLLC,18409,Loan-17791
Mediabox LLC,628,Loan-17803
MILLSTONE DONUTS LLC,18409,Loan-17805
model works la inc,983,Loan-17809
Moet Law Group,6548,Loan-17811
Neoliminal,34997,Loan-17817
Palm Acai Union LLC,Main Stree-94612,Loan-17825
Pinnacle Equities LLC,6384,Loan-17830
Roberto's Taco Shop 12,6548,Loan-17843
Saki's Restaurant LLC,588,Loan-17849
WakeUp Fit LLC,23986,Loan-17883
YKHW Corporation,57944,Loan-17888
A & D Express LLC,6560,Loan-17895
apex health solutions LLC,32441,Loan-17911
AutoSmith LLC,6384,Loan-17914
Business Intelligence Associat,23621,Loan-17926
CISCO ATHLETIC,Centerston-90017,Loan-17940
Clarion Security LLC,35583,Loan-17941
Duncan Electrical LLC,32441,Loan-17953
ELEMENT MANAGMENT LLC,Mountain A-84070,Loan-17954
Farmers Outlett 55 Inc,32773,Loan-17957
ferlima fitness llc,17534,Loan-17958
GOLDEN STAR LIMO SERVICES INC,18409,Loan-17964
HardGard LLC,Capital Ce-78735,Loan-17969
HARTLEY HOLDINGS LLC,2270,Loan-17972
INNOVATIVE SOLUTIONS SERVICES ,6548,Loan-17978
KAMANI USA INC,6548,Loan-17982
Michael York Sing Chew,3510,Loan-18001
MOMO Kapolei West Inc.,27237,Loan-18004
Monarch Addiction Recovery Cli,15229,Loan-18005
Om Knbaa Inc,57873,Loan-18014
OM SAI RAM INC,58626,Loan-18015
QUESADILLA LA REINA DEL SUR IN,628,Loan-18028
Rebecca Cedro LLC a Californi,58291,Loan-18030
Thunderbird Tattoo LLC,28489,Loan-18057
Wildway LLC,5510,Loan-18067
 PRECISION TILE & STONE LLC,6560,Loan-18072
4LW Enterprises Corp,32441,Loan-18075
ACQUIRING KNOWLEDGE THROUGH PL,10988,Loan-18081
ART Holding Co. LLC,32441,Loan-18084
BESTWAY ELECTRIC MOTOR SERVICE,628,Loan-18093
Brightwork Consulting Inc,35361,Loan-18101
E.B.K. Services LLC,29950,Loan-18129
EMPOWERED BY... LLC,18409,Loan-18140
GEN HOE RESTAURANT INC.,6548,Loan-18150
Innovative Input Solutions LL,3664,Loan-18164
K &amp; A AEROSPACE LLC,18409,Loan-18178
Kothe Properties LLC,628,Loan-18182
KRUEGER LANDSCAPE HORTICULTURE,3511,Loan-18185
Meier Plumbing Inc.,6548,Loan-18202
Minifox Inc.,Newtek Sma-11042,Loan-18206
Paradigm Holdings LLC,33555,Loan-18212
PRESLEY PRECISION DIVING INC,2270,Loan-18220
SALVADOR PANTOJA,6548,Loan-18231
True North Enterprises LLC,588,Loan-18250
Zapas Construction Corp.,18409,Loan-18266
2K72 MAPPING INC,628,Loan-18270
Campus Classics Inc.,258,Loan-18287
CHIROSPORT CHIROPRACTIC CLINIC,19772,Loan-18289
Classy Chassis Body Shop,873,Loan-18290
CORONA LANDSCAPING DFW LLC,3511,Loan-18292
Cueva Bar,6548,Loan-18295
EL BRILLANTE JEWELERS R&A LLC,6548,Loan-18309
FEIM TRANSPORT LLC,6560,Loan-18314
Handel's Utah LLC,2270,Loan-18327
HANK'S LIQUOR MARKET INC,26610,Loan-18328
HUSKY LOGISTICS INC.,6560,Loan-18336
Indy Seven LLC,28489,Loan-18339
JNCLLC,17534,Loan-18346
Mane Attraction Make-Up & Hair,20624,Loan-18362
Medford Hotel LLC,26610,Loan-18367
Millow Market LLC,34997,Loan-18368
Mountain West Clips LLC,3511,Loan-18374
Panjo Trading Inc,628,Loan-18388
Philco Coffee Company LLC,6560,Loan-18391
Roger Vang,8728,Loan-18399
ROMAR LLC,6548,Loan-18400
Sanders Myers & Blackwell CPA,58892,Loan-18407
Scott's Cape Horn Beverage LL,588,Loan-18410
SUAZO MARKET CORPORATION,32773,Loan-18416
Telecom Support Service,Mountain A-84070,Loan-18421
TMK Concrete LLC,6384,Loan-18429
ZAMMIT FLIGHT RESOURCES LLC,3511,Loan-18444
AQUARIUS DOOR SERVICES INC.,588,Loan-18451
Brenham Anytime Fitness,58665,Loan-18459
Brundage Partners LLC,57716,Loan-18463
DAVID Y CHUNG,628,Loan-18480
DT LOS ANGELES INC,16571,Loan-18484
Everwell Parts Inc.,18409,Loan-18488
FLX INTERACTIVE LLC,628,Loan-18495
Furama LLC,6560,Loan-18497
GIVENS AGENCY INC.,6560,Loan-18500
HAPPY DAYS A PLAYCAFELLC,3511,Loan-18504
Independence General Contracti,588,Loan-18507
JENNACOOPERPR LLC,29012,Loan-18513
KSN LLC,27476,Loan-18522
L&E Research Inc.,12368,Loan-18523
Lake Oswego Natural Health LLC,3511,Loan-18525
McCrory's Landscape Inc.,17266,Loan-18533
MOTHER OF THE SEA CORP,18409,Loan-18536
Nobl Coffee LLC,32773,Loan-18543
PRISM Financial Strategies LL,20624,Loan-18552
SNJ ENTERPRISES LLC,4063,Loan-18571
Supermart LLC,57463,Loan-18579
Tabe Trucking Inc.,6560,Loan-18581
The Claire Company,588,Loan-18584
TREE OF LIFE ARBORIST SERVICES,6548,Loan-18588
YERO REMODELS & REPAIR LLC,3511,Loan-18604
Pickle Holdings South,34997,Loan-18608
At The Moore LLC,27237,Loan-18622
Damon's Pizza NCT LLC,6560,Loan-18657
Granite Coast Orthodontics LL,58665,Loan-18683
JOHN'S WATERPROOFING CO.,628,Loan-18699
KAOS Aero Marine Inc.,33555,Loan-18702
Lavo Solutions LLC,35323,Loan-18705
LJK INVESTIGATIONS LLC,3511,Loan-18710
Madison Steel and Iron Works o,6548,Loan-18715
Mann Down Enterprises Inc.,6560,Loan-18717
own flooring corp,628,Loan-18738
Pretzel Pete Inc.,7551,Loan-18747
Shone Asset Management LLC,30776,Loan-18768
Springking LLC,16450,Loan-18775
Taycorp Inc,16450,Loan-18779
The IT Link LLC,588,Loan-18784
Trafford Pressure Cleaning & P,15019,Loan-18792
TRY CATCH GAMES CORPORATION,6548,Loan-18795
Wicked Good Food LLC,2270,Loan-18809
Woodlands Chiropractic and Reb,6384,Loan-18813
Y&L P&H Inc.,588,Loan-18817
 SLG HEARTS AT HOME LLC  ,5510,Loan-18820
14045 CAFE BAZAAR INC,6548,Loan-18821
ARM DESIGN CONTRACTING LLC,6560,Loan-18839
ARTISTIC GALLERY OF BROOKLYN ,588,Loan-18840
Barnett Enterprises Corp,57777,Loan-18842
Bennett Physical Therapy LLC,32974,Loan-18846
Big Boy Transportation LLC,588,Loan-18847
Bissell Painting Inc.,6560,Loan-18848
FUNTASTIC WORKSHOPS LLC,6548,Loan-18882
Gil Kim Enterprise Inc,33188,Loan-18885
Harini Inc.,8273,Loan-18892
Hire a Host America LLC,5116,Loan-18896
IMPULSE INVESTMENT GROUP LLC,6548,Loan-18901
Kingnote LLC,58511,Loan-18911
LAKEVIEW WOMEN'S FITNESS CLUB ,6384,Loan-18918
Moussa Properties LLC,6560,Loan-18936
NHW Investment LLC,57873,Loan-18938
Niche Brides LLC,588,Loan-18939
Noble Installs LLC,34997,Loan-18941
RANDOM BUTLER LLC,628,Loan-18953
RUBEN ROMAN TRUCKING,6384,Loan-18958
The Building Group Inc.,6560,Loan-18982
The Building Group Inc.,6560,Loan-18983
Today's Solutions LLC,15797,Loan-18990
TROYER BUILDERS LLC,6560,Loan-18994
W3 WADE CONSTRUCTION INC,34997,Loan-19002
WINDY RIDGE TRUCKING LLC,6560,Loan-19006
13959 Peyton Drive Inc,27237,Loan-19009
AAASYE GALAXY INVESTMENT LLC,57056,Loan-19019
ABOVE AVERAGE HG LLC,6548,Loan-19021
Alexander-Brown LLC,27677,Loan-19025
Alexander-Brown LLC,27677,Loan-19026
CTW AUTOMATION INC.,35583,Loan-19061
CUSTOM FINISHERS INC.,35583,Loan-19062
Dakota Sign Company,6548,Loan-19064
Gerald Rouch,6560,Loan-19078
GRACEFULLY LEAD ME LLC,6384,Loan-19082
HDR8 HYDRATION THERAPY LLC,6548,Loan-19090
Hilltown Tavern,15019,Loan-19093
KOEPKE ENTERPRISES INC.,5452,Loan-19111
Lefty's Subs Inc.,10988,Loan-19118
Meyer Company LLC,Magnifi Fi-56352,Loan-19131
MUNDIAL CONSULTING INC,588,Loan-19141
Nations Dry Out LLC,23621,Loan-19145
QUIGLEY'S DIRTWORKS LLC,6548,Loan-19157
RPM Group Inc,6548,Loan-19168
Scott  Eric Talbott,58665,Loan-19171
Serenity by Santiago LLC,6548,Loan-19175
Shaun 2018 Business Inc,57665,Loan-19177
Shoaib KHRAL,6560,Loan-19178
SPADI CUSTOM HOMES,6548,Loan-19184
Stewards of Oregon LLC,28489,Loan-19186
Terror Tours LLC,6548,Loan-19191
WOCO GLASS LLC,32441,Loan-19207
3D ENGINEERING & CONSTRUCTION,588,Loan-19208
Avs Texas Investments LLC,628,Loan-19222
BBL HOME IMPROVEMENT LLC,34997,Loan-19225
Big Branch Woodworking LLC,28489,Loan-19228
BOORTZ CONCRETE,6548,Loan-19233
Collins Services LLC,32441,Loan-19244
Elite Embroidery and Sportswea,6548,Loan-19254
Eric Milsap,588,Loan-19257
Florworx Atlanta LLC,33555,Loan-19261
Gill Investment Properties LLC,57463,Loan-19270
Gutter Guys Inc.,6560,Loan-19273
Latte Love Coffee House 2.0 L,18221,Loan-19297
PRISTINE AUTO GROUP LLC,3511,Loan-19336
Reliable Restoration LLC,6560,Loan-19341
Scotty Whitwam PLLC,Mountain A-84070,Loan-19353
TIRELL PINA dba PINA LANDSCAPI,32773,Loan-19371
VAL'S WINE AND LIQUOR STORE IN,18409,Loan-19379
Wyse Insurance Solutions LLC,Readycap L-7922,Loan-19384
9645 Asahi LLC,VelocitySB-92626,Loan-19387
Contraband Cowboys LLC,11813,Loan-19412
Currahee Brewing Company LLC,58103,Loan-19414
Daesian Venture Group Inc.,58665,Loan-19416
Daily Veg Newark LLC,588,Loan-19417
Elis Management Limited Liabil,588,Loan-19424
Forte Group Inc.,32551,Loan-19432
J&M COMPANY LLC,6384,Loan-19442
Kind and Joyful Childcare LLC,20624,Loan-19451
KT Supply LTD,6560,Loan-19455
L & L WIRELESS CORP INC,628,Loan-19456
PennCraft Carpentry LLC,6560,Loan-19474
Radiant Unlimited LLC,32441,Loan-19485
The Board Room LLC,6560,Loan-19513
WESTRUM PRODUCTIONS LLC,6548,Loan-19530
2 FILE EZ INC,628,Loan-19543
aaa home improvements usa inc,588,Loan-19545
Atlanta CDM Investments LLC,24045,Loan-19554
Brian Myong Sok Choi,57463,Loan-19566
Chris Armstrong Photography LL,6560,Loan-19575
Cochran Douglas PLLC,29012,Loan-19576
Dakcomp Inc.,20624,Loan-19586
DREAM WOODS FINE WOODWORKS LL,4063,Loan-19596
Fun Art Studios LLC,58892,Loan-19604
I.A.A. Realty Inc.,57873,Loan-19619
JAKS Creative Ventures LLC,32441,Loan-19626
JAZZ SOLUTIONS INC.,3510,Loan-19629
KAT KING FITNESS LLC,10988,Loan-19633
Kinship Realty Inc.,6548,Loan-19639
LK Innovative Investment Inc.,26610,Loan-19641
M. Cabrera & Associates P.C.,18409,Loan-19644
MBE TRUCKING INC,628,Loan-19645
Nextgen LLC ,18409,Loan-19653
Nouvelle Landscaping & Cons. C,18409,Loan-19654
ORBIT MOTORS INC,33555,Loan-19657
Shreedalaxmi LLC,57777,Loan-19672
SPEEDWAY TRANSPORTATION LLC,6560,Loan-19675
Suzy's Swirl 2 LLC,35444,Loan-19679
C3 Capital Inc.,Newtek Sma-11042,Loan-19746
Casnar Group LLC,29961,Loan-19751
CPI EXCAVATING INC,6560,Loan-19764
D&D aerospace engineering LLC,6548,Loan-19770
EMERALD CITY LLC,32773,Loan-19780
Firemen Asphalt and Sealcoatin,20624,Loan-19784
HCO PET CLINIC & HIAWASSEE & C,34997,Loan-19801
J. BAXTER DESIGNS,628,Loan-19809
Jireh Healthcare LLC,18409,Loan-19813
John Rowe Counseling,6548,Loan-19815
KOHOUT HOLDINGS L.L.C.,10988,Loan-19823
Law Office of Sean M. Wilson ,35583,Loan-19827
MAYTE TRANSPORTATION INC.,18409,Loan-19845
Montana Homeplace LLC,8273,Loan-19850
PATHFINDER SYSTEMS INC.,2270,Loan-19875
SALOMON GUILLERMO AMADOR P.A.,18409,Loan-19898
THE BELIA LLC,6548,Loan-19927
Thorp Cabinetry & Millwork LL,6548,Loan-19931
TIG TRUCKING CORP,18409,Loan-19934
Universe Transport PS,29961,Loan-19940
ARBORPOLITAN INC.,628,Loan-19964
Coastal Fleet Services LLC,32441,Loan-19992
Gallardo Services LLC,6560,Loan-20013
Interstate Rescue LLC,3510,Loan-20020
MARK'S TIRE AND AUTO SERVICE ,7888,Loan-20037
Martin Bionics Innovations LLC,27476,Loan-20039
Martin Bionics Innovations LLC,27476,Loan-20043
MICHELE L DECARLO LLC,6548,Loan-20048
Northside Deli Provisions,9846,Loan-20062
Nu Way Transportation LLC,7551,Loan-20063
Prestige Estate Property Inc.,17266,Loan-20071
Sonoma Organic Chocolates LLC,8468,Loan-20097
Sonoma Organic Chocolates LLC,8468,Loan-20098
Vaughn Trucking,2720,Loan-20120
Atlantic Social Rehoboth,17838,Loan-20140
BAYLIFF INTEGRATED WELLNESS L,628,Loan-20145
Brightstrokes LLC,628,Loan-20154
EUGENE A DEJORDY dba DAKELYN C,588,Loan-20171
FOUR SEASONS SOLUTIONS LLC,6548,Loan-20178
J M CAMARA EQUIPMENT INC.,32773,Loan-20188
KEDZIE CREATIVE INC.,3511,Loan-20201
Loving Touch Transportation Se,6672,Loan-20208
MARGARIT DRESS DESIGN,6548,Loan-20214
MARIBETH SCARLETT,18409,Loan-20215
Martins Distribution Inc,9846,Loan-20216
Michael Devore,6384,Loan-20220
Norwood Enterprises Inc,873,Loan-20231
Norwood Enterprises Inc,873,Loan-20232
Restaurant Equipment Services,8273,Loan-20248
SOLSTICE FARM LLC,3511,Loan-20261
Tim Lowe Trucking,2720,Loan-20269
XPERT CONSTRUCTION INC.,6384,Loan-20276
A BETTER SELF STORAGE LEADVILL,20624,Loan-20281
Carson Towing and Recovery In,6548,Loan-20312
CFM SOLUTIONS LLC,6548,Loan-20313
Chad F Wing,58665,Loan-20314
CHRISTINA A MARTIN,6548,Loan-20319
Easy Like That Properties LLC,33555,Loan-20330
Glacio,628,Loan-20339
H Global Inc.,18409,Loan-20342
Jeran Inc.,CRF Small -55402,Loan-20349
KAIZEN DEFENSIVE SYSTEMS INC.,3510,Loan-20352
Mello Cream Inc,6560,Loan-20367
OWENS CONTRACTING,6548,Loan-20378
SAMS REFINISHING AND HANDYMAN ,6548,Loan-20392
Shree Rajprabhu LLC,58626,Loan-20395
Skin Theory Aesthetics Inc.,3511,Loan-20396
SKRM Inc.,24170,Loan-20397
Trey Capital LLC,4042,Loan-20417
Zydus LLC,57944,Loan-20422
TECHAROUND.NET INC,6548,Loan-20435
AVOCADO STRAWBERRY LLC,3511,Loan-20452
BIG TIME FASHION INC,18409,Loan-20454
Engine The Agency LLC,628,Loan-20476
FOX RIVER GRANITE & MARBLE LL,9846,Loan-20480
K.DANIELLE HOLMES LPC-S LLC,628,Loan-20496
Meza Marketing and Management,3510,Loan-20506
MSA FREIGHT LLC,6384,Loan-20511
Pharmcity LLC,983,Loan-20521
PRESTIGE HOME IMPROVEMENTS LLC,18409,Loan-20524
Royal Boba LLC,6548,Loan-20532
AJAY'S CORPORATION OF AMERICA,20845,Loan-20556
Ark Solvers Inc.,3510,Loan-20560
Auto Sails Inc.,23621,Loan-20563
AUTO-MO-DEALS,3511,Loan-20564
Cleanwork Solutions LLC.,Neighborho-10032,Loan-20576
ER Tech  Systems Group Inc.,6384,Loan-20589
Family 4 life R.E.I. Solutions,18409,Loan-20592
GARY HUNNELL,18409,Loan-20596
HO SU LLC,6548,Loan-20604
JEFFREY D. MEYER INC.,18409,Loan-20616
Lo Stella Colorado LLC,628,Loan-20631
MICHAELS LAWN MAINTENANCE LLC,18409,Loan-20636
NR Enterprises LLC,588,Loan-20646
ORION SPECIALTY CONTRACTING LL,6384,Loan-20648
Panna Hospitality LLC,9366,Loan-20651
PREMIER CONTAINER INC.,6560,Loan-20656
Rex Fabrics of Granada Plaza ,131,Loan-20662
Robert R. Pappert,ESL FCU-14604,Loan-20665
Shri Ganasha LLC,57944,Loan-20670
Thai Nails LLC,16571,Loan-20683
TRI-CITIES APPLIANCE SERVICES,32441,Loan-20686
VICTOIRE HEALTH SERVICES INC,588,Loan-20693
A&D Innovative Steel Inc,588,Loan-20698
CHASE Transportation LLC,Mountain A-84070,Loan-20720
Continental Plumbing & Heating,628,Loan-20725
Deep Roots Lawn Care LLC,32441,Loan-20730
Good Friend WG Inc.,57873,Loan-20747
Heriz Gallery Inc,Newtek Sma-11042,Loan-20757
Koine Coffee LLC,6560,Loan-20769
Lifetime Homes LLC,27476,Loan-20774
Limcross Ventures LLC,4048,Loan-20775
Mia Lashes & Skin Care,17308,Loan-20786
Piedmont Parking Solutions LL,35583,Loan-20801
Secure Installation Corp,3510,Loan-20816
SOGE LLC,628,Loan-20819
TEJVIR S WALIA,6548,Loan-20824
Thao Ngoc Vu and Hong Thi Nguy,3511,Loan-20826
The Pineapple Agency Ltd,4767,Loan-20827
Alex Enterprises Inc.,32773,Loan-20843
AWK Consulting Engineers Inc.,6560,Loan-20853
AWK Consulting Engineers Inc.,6560,Loan-20854
Bartlebuss Enterprises LLC,17534,Loan-20855
BENSON PAINTING,6548,Loan-20857
CATALINAX INC.,6384,Loan-20866
Courtney's Enterprise LLC,34217,Loan-20875
DELGADO'S ENTERPRISE LLC,6548,Loan-20878
Denver's Best Insurance Inc,27237,Loan-20879
Dun Rite Roofing LLC,6560,Loan-20880
HAND AGENCY AND FINANCIAL SERV,18409,Loan-20891
Harmon Oaks Nursery School,34010,Loan-20894
INFINITY SOLUTIONS EXCAVATING,17393,Loan-20903
M&T'S Construction Service L.L,6560,Loan-20916
MTA Family Corporation,17534,Loan-20925
MULHOLLAND CONSULTING INC,6548,Loan-20926
OM SAI GOVINDA INC,131,Loan-20933
P. Esposito Construction Limi,588,Loan-20936
PARKS LEGAL SERVICES PLLC,3511,Loan-20939
RDI Acquisition LLC,Fund-Ex So-33324,Loan-20949
Roxell Emergency Management Re,628,Loan-20952
SPOTLESS FANATIXS LLC,18409,Loan-20966
Willey Pharmacy LLC,16889,Loan-20992
Willey Pharmacy LLC,16889,Loan-20993
Yachting Solutions LLC,Newtek Sma-11042,Loan-20996
Younger Services LLC,588,Loan-20997
Zantastic Industries LLC,Mountain A-84070,Loan-21001
BRANSHORE INC.,6548,Loan-21017
Center 2529 LLC,6548,Loan-21020
First Class Pools & Spas LLC,5510,Loan-21034
Hybrid Construction LLC,28489,Loan-21047
Johnson's Heating & Supplies ,7888,Loan-21050
Locality Fort Collins LLC,6384,Loan-21057
MEDIEVAL FREIGHT BROKERAGE LLC,3511,Loan-21060
Meyers Autobody Inc.,29961,Loan-21061
MSL Associates Inc.,983,Loan-21066
overlea Dental,588,Loan-21072
Pirtek NoCo,58665,Loan-21080
Ripe Food Services Inc,29961,Loan-21084
The 180 Circle LLC a Califor,57903,Loan-21097
American Residential Services,6548,Loan-21107
T MAC PIZZA LLC,6548,Loan-21112
Imagely LLC,57703,Loan-21114
ALLIANCE INC,6548,Loan-21125
AMERICAN MINI PORTABLES INC.,6548,Loan-21126
Celtic Industrial Services LLC,588,Loan-21144
Hahnlee Global LLC,35151,Loan-21170
JBJ SALES INC,32773,Loan-21175
K & M RAINS ENTERPRISES LLC,6384,Loan-21179
Kiln Frog LLC,4767,Loan-21182
Stawski Enterprises LLC,32441,Loan-21222
Super Pawz LLC,588,Loan-21230
The Kavinoky Law Firm APC,35323,Loan-21235
Tinsley Steel and Fabrication ,19506,Loan-21236
TNIS Systems Inc.,34607,Loan-21237
B&M LANDSCAPING LLC,32441,Loan-21261
Choice Recovery Inc.,17534,Loan-21278
CRAIGZILLA FILMS LLC,6548,Loan-21284
Healthy living Pharmacy LLC,3511,Loan-21300
IMPERIAL CAVIAR LLC,6560,Loan-21304
LIFELINE HEALTH SERVICES,6548,Loan-21320
Michael B. Hurley and Hurley &,11813,Loan-21324
PLUMB LOVE IT,6384,Loan-21337
sebisiete inc,628,Loan-21351
Sidecar Barley & Wine Bar LLC,4042,Loan-21355
Synergy Dance Inc.,11813,Loan-21363
YCC enterprise LLC,588,Loan-21380
ZUU LOGISTICS LLC,18409,Loan-21381
A & E CONSTRUCTION AND CONSULT,628,Loan-21385
AccuCut Lawn Services L.L.C.,34607,Loan-21388
ARIAS MUNOZ DENTAL CORPORATION,18409,Loan-21394
FORMICA PLUMBING & SEWER CO.,6560,Loan-21417
KSN LLC,27476,Loan-21444
Ornelas Real Estate,6548,Loan-21468
Pho Kim,17534,Loan-21471
R J CUMMINGS INC. DBA STACKS A,628,Loan-21474
Ramonas Mexican Restaurant L.,5452,Loan-21475
TOUCHED BY TOWAN NATURE HAIR S,3511,Loan-21491
ABSCO ALL BUILDING SERVICES CO,3511,Loan-21504
Americorp Petrochemical LLC,PeopleFund-78702,Loan-21505
Andy The Cat Enterprises LLC,6560,Loan-21507
BEHAVIORAL NEUROLOGY LLC,6384,Loan-21515
Blue Field Services Inc,32773,Loan-21521
Capri of Newburgh inc,588,Loan-21527
DAVID RAINEN PSY D LLC,32773,Loan-21538
GT Grandstands Inc.,57703,Loan-21549
JJEMG Holdings LLC,6560,Loan-21570
Johnson's Heating & Supplies ,7888,Loan-21571
KAMBIZ GHANDEHARI,6548,Loan-21574
Lifestyle Kitchen Designs LLC,6560,Loan-21579
NORTH AMERICAN WEATHER,3511,Loan-21591
RBB Lifestyle LLC,16889,Loan-21594
Stone's Throw Hash LLC,588,Loan-21614
Thread Coffee Roasters Inc.,588,Loan-21619
WSD3 Enterprises LLC,6548,Loan-21628
Advanced Development Building ,628,Loan-21635
Anundi Investments Inc.,17266,Loan-21639
Birddogs Inc.,17534,Loan-21645
Cloudbrix LLC,59086,Loan-21651
DDS INVESTMENT INC,873,Loan-21655
Double A 66648 LLC,6560,Loan-21659
EDDLEMAN ELECTRIC LLC,6548,Loan-21660
Elysia Zimmerman LLC,8889,Loan-21661
JDE MAINTENANCE LLC,6384,Loan-21677
Russ's Car Care Inc.,6560,Loan-21716
Vanderslice Machine Co. Inc.,17534,Loan-21739
MEAN BEENE LLC,6548,Loan-21747
Ambrotrans Inc,628,Loan-21752
Brabo Benefits Inc,32773,Loan-21756
Cumbia's Towing and Auto Sales,6560,Loan-21765
FLUENT STUDIO INC,6548,Loan-21774
Higgins Chiropractic,588,Loan-21785
INSIGHT WIRING SOLUTIONS LLC,57056,Loan-21792
Parvenir Group LLC,19506,Loan-21807
Rocky Yama Sushi LLC,6548,Loan-21818
Sealworks Inc,588,Loan-21823
Second Chance Job Center,6384,Loan-21824
Vangelders Automotive Inc,ESL FCU-14604,Loan-21841
271 Truck Repair & Parts Inc.,6384,Loan-21848
439 60 Lulu LLC,3511,Loan-21849
A-HEAD OF TIME HAIR DESIGN,32773,Loan-21859
ASDA Enterprises Inc.,6548,Loan-21863
Books N Billing Inc,57056,Loan-21871
CAPLAN HOME CARE LLC,Newtek Sma-11042,Loan-21874
Coco Jewelry INC,6548,Loan-21880
Davenport Insurance services ,58103,Loan-21889
HARRISON'S LTD.,32773,Loan-21910
Montex #3 LLC,57056,Loan-21940
Myers Insualting Services Inc,6560,Loan-21941
NAPLES WINE AND SPIRITS LLC,6548,Loan-21942
NEXTGEN LOGISTICS INC,6548,Loan-21943
TEM INVEST INC,6548,Loan-21971
The Social Barber LLC,3405,Loan-21976
Transparente Productions LLC,628,Loan-21978
ASIAN PLANET FOOD MARKET LLC,22366,Loan-21999
Century Pilates LLC,8889,Loan-22018
HOOKUI COMMUNICATIONS INC,17308,Loan-22047
JUDY GOLDSTEIN M.D. PLLC,3511,Loan-22058
Ketter's Restaurant & Catering,6560,Loan-22062
Lucky Dog Holdings Inc.,6560,Loan-22067
Miller Capital Holdings LLC,6560,Loan-22074
Pancake Laboratories Inc.,3511,Loan-22086
Rhythm & Grace Inc.,17266,Loan-22091
Witch Pix LLC,32773,Loan-22134
AP PROPERTY SOLUTIONS LLC,Mountain A-84070,Loan-22144
Builder Wholesale Finishes In,983,Loan-22155
Davis Law Center LLC,588,Loan-22170
Denek Contracting,983,Loan-22173
DIAMONDS COFFEE SHOPPE INC,6548,Loan-22175
Jason R. Patterson,24998,Loan-22200
JJL PRINTING INC,6384,Loan-22202
JLM LANDSCAPE MANAGEMENT INC,32773,Loan-22203
LAW OFFICE OF DAVID W. EPPLEY,32773,Loan-22207
LogicCall Choice Security Solu,588,Loan-22215
Press Holdings Colorado LLC,17266,Loan-22228
Rendezvous LLC,628,Loan-22232
Risk Management Partners Inco,35361,Loan-22235
SAM SARTIPI,6548,Loan-22241
The Holiday Armadillo Unit 1,3890,Loan-22253
The NOFO Wellness Place Inc.,588,Loan-22254
Burns Landscape & Construction,32773,Loan-22288
El Huipil Restaurant Inc,32773,Loan-22309
Family Trust of John M. Johnso,6548,Loan-22310
Hoffman Property Group LLC,588,Loan-22326
Hoffman's Exterminating Co,588,Loan-22328
john stevenson inc,CDC Small -92106,Loan-22336
KMW FACILITY SERVICES LLC,14851,Loan-22342
MCGEE D & A POTTY SERVICE LLC,3511,Loan-22352
Navshaan Corporation,24170,Loan-22354
Williams Holding Corp,34607,Loan-22395
A&C Auto Service LLC or Nomin,32773,Loan-22410
Milam Family Enterprises LLC,32441,Loan-22419
4360 N 1ST AVENUE LLC,58722,Loan-22424
BUCK'S AUTOMOTIVE SERVICE CENT,58722,Loan-22436
Burg City Signs LLC,32441,Loan-22437
CAVETOWN LIQUORS,Hana Small-90017,Loan-22440
EES Silver LLC,32773,Loan-22447
Happy Liquor,24170,Loan-22455
Hopscotch Inc.,17266,Loan-22457
JKZL Enterprises LLC,4767,Loan-22465
MT BINS Inc,4767,Loan-22473
NGU CONSULTING,6548,Loan-22474
Nova Premier SC Inc,32773,Loan-22476
SHIELD OF GLORY INC.,26610,Loan-22486
STURTEVANT AUTOMOTIVE INC.,32773,Loan-22490
VALKYRIE AVIATION LLC,9846,Loan-22495
William A Amsl Jr,588,Loan-22497
William A Amsl Jr,588,Loan-22498
4224 MISSISSIPPI LLC,17266,Loan-22500
Allan Industries Inc.,CRF Small -55402,Loan-22503
AUFSCHNITT MEATS LLC,588,Loan-22509
BEEFREE LLC,Lake Michi-49512,Loan-22514
CW 1 LLC,24998,Loan-22522
Fairlane Coffee LLC,6548,Loan-22532
KENT CLEANERS AND SHIRT SERVIC,6548,Loan-22551
MICHAEL MCLUSKEY dba ELITE LAW,32773,Loan-22559
NTHT LLC,6548,Loan-22562
ONSITE DIESEL REPAIR LLC,35361,Loan-22563
Sai Sunkara LLC,8870,Loan-22575
Sewfabulous Sewing School,588,Loan-22578
Top Tier Truck Wash LLC,35444,Loan-22589
WPG Consulting,29961,Loan-22595
AC Automotive,15019,Loan-22596
Avlaki Lifescapes,6548,Loan-22608
BARKERS HANDYMAN EXPRESS,6548,Loan-22610
CPC Unltd LLC,11813,Loan-22618
Dada Hospitality LLC a/k/a Dad,14851,Loan-22619
Fox River Property Maintenance,17534,Loan-22626
Hilltop Furniture,5336,Loan-22631
Kansas City Circuit Breaker I,3510,Loan-22634
M&M Facility Services LLC,588,Loan-22641
Piekins Properties LLC,4063,Loan-22650
Rims in Motion LLC,588,Loan-22653
Schulz Chiropractic LLC,17266,Loan-22659
TIMOTHY J RYAN dba RYAN CONTRA,32773,Loan-22664
WITCHES BREW CAFE INC,32773,Loan-22673
4SI Group L.L.C.,27237,Loan-22674
Business 30 Automotive LLC,588,Loan-22687
CAPE COD SEPTIC SERVICES INC,32773,Loan-22690
COHASSET LOBSTER POUND INC.,32773,Loan-22695
CrossFit 100,6548,Loan-22699
CustomerHD LLC,9846,Loan-22700
EWC NONA LLC,3890,Loan-22705
INTEGRITY FINANCIAL CORPORATIO,6548,Loan-22717
N Sante Contracting Inc and Ni,6560,Loan-22734
Sumner & Dene LLC,16571,Loan-22758
YOGURT CITY INC,6548,Loan-22766
Artisan Auto Body L.L.C.,Mountain A-84070,Loan-22771
Centered Living LLC,4063,Loan-22781
CF Technologies Inc.,32773,Loan-22782
Jason Enterprise LLC,35151,Loan-22802
Kali Hospitality LLC,58626,Loan-22805
KRANK IT UP LLC,32773,Loan-22807
Lanza Bros Market,26610,Loan-22809
Mojdeh Abbasian D.D.S. Inc.,CDC Small -92106,Loan-22814
MY FAMILY ROOTS CATERING & EVE,6548,Loan-22815
Philmart LLC,588,Loan-22817
BIO QUEST LLC,3511,Loan-22837
DIAMOND NAILS LLC,3511,Loan-22840
HOLLYWOOD BISTRO,6548,Loan-22845
Adventure Box LLC,CDC Small -92106,Loan-22877
Artisan Auto Body L.L.C.,Mountain A-84070,Loan-22881
BLS TOOLS,6548,Loan-22888
Brian Phillips,6560,Loan-22891
Brookside Market & Deli LLC,35361,Loan-22894
KING'S LANDSCAPING CO.,6560,Loan-22921
KING'S LANDSCAPING CO.,6560,Loan-22922
MJS EXECUTIVE ENTERPRISES INC,16571,Loan-22930
Ryan Kingsmen,6560,Loan-22950
Scott Gerson MD PA,29961,Loan-22952
The Hvac Guys,588,Loan-22955
WONDERMENT APPS LLC,6548,Loan-22963
AB HITTING AND TRAIN,6548,Loan-22965
Bergman Insurance Advisors LL,58103,Loan-22974
BFBS LLC,7551,Loan-22976
Color Club LLC,20624,Loan-22986
CROBOY PLUMBING INC,6548,Loan-22988
Egger Accounting and Business ,20624,Loan-22994
ELLISON MANUFACTURING COMPANY,9846,Loan-22995
FOLEY ELECTRIC LLC,6548,Loan-22997
Gondra Center forReproductive ,11063,Loan-23000
Hangar Cafe LLC,28489,Loan-23002
Mountain oral surgery,16571,Loan-23030
PEST PRO INC.,588,Loan-23037
ROBERT SHAW CERAMIC AND STONE,32773,Loan-23044
A Major Step dba Center Street,20624,Loan-23069
ECM Solutions LLC,29961,Loan-23091
FS TOOL COMPANY,6560,Loan-23097
HARVEST TO HOME PERSONAL CHEF ,6548,Loan-23103
HEARN'S PRECISION AUTOMOTIVE,6560,Loan-23104
Horned Owl Brewing LLC,16889,Loan-23106
Horned Owl Brewing LLC,16889,Loan-23107
John Potter,35361,Loan-23112
RIMSHOT PRODUCTIONS GROUP INC,3511,Loan-23132
Victus Ars Inc.,5296,Loan-23151
Victus Ars Inc.,5296,Loan-23152
YNF TRADING INC.,58410,Loan-23155
3J Drywall LLC,6560,Loan-23156
Almost Home Brewing LLC,3832,Loan-23158
GLORIAS COSMETOLOGY CENTER INC,32773,Loan-23195
J.L. Newton Inc.,32773,Loan-23204
Odds &amp; Ends Home Improveme,17943,Loan-23216
Shree Vallabhkuwar LLC,18409,Loan-23229
Southtech Solutions Inc,33555,Loan-23232
Willis Environmental LLC ,CRF Small -55402,Loan-23241
AGS Tax Group Corp,32773,Loan-23248
B Gourmet II LLC,7888,Loan-23258
Blocklisted Media,6548,Loan-23265
DAVE AND ELLEN'S ART SHOP CORP,6548,Loan-23282
DESIGN MANUFACTURING COMPANY,University-84106,Loan-23284
Discount Drug Network LLC,57056,Loan-23285
Framing Systems Inc.,6548,Loan-23292
Parker Animal Hospital P.C.,28905,Loan-23322
Slavtrader company,18409,Loan-23334
TECHNOLOGY ESSENTIALS LLC,6548,Loan-23339
CRAFTSMEN CUSTOM BUILDERS INC,6548,Loan-23359
DAVIDS PLUMBING,6548,Loan-23360
FC Alta LLC,32974,Loan-23361
KONSTRUKTED LLC,6548,Loan-23366
Phia Salon LLC,6560,Loan-23375
Affordable heating and cooling,17943,Loan-23385
BABE ROOF CORP,34997,Loan-23391
BULLDOG RENOVATIONS,6548,Loan-23393
HANAJO LLC,6548,Loan-23414
IMAM DEEN L.L.C.,27237,Loan-23420
ITNOVA LLC,588,Loan-23422
Kisner Concrete Curb Inc,6560,Loan-23432
Le Bambini Inc.,588,Loan-23434
Loris Animal Hospital PA,16889,Loan-23435
Lynn Varney,6560,Loan-23436
PINENEEDLE MEDIA LLC,6548,Loan-23453
Shaggy Chic Pet Grooming LLC,588,Loan-23473
Shaggy Chic Pet Grooming LLC,588,Loan-23474
Specialists In Health Insuranc,30776,Loan-23478
The New Ponte Travels LLC,17534,Loan-23485
TidyTown2 LLC,33306,Loan-23488
513 Holdings LLC dba Burrito S,35444,Loan-23502
AZ EXPRESS LLC,6560,Loan-23520
AZ EXPRESS LLC,6560,Loan-23521
AZ EXPRESS LLC,6560,Loan-23522
AZ EXPRESS LLC,6560,Loan-23523
Clearview Delivery Inc,3511,Loan-23541
DUTTA L.L.C.,58626,Loan-23550
EAGLES TREE SERVICE LLC,18409,Loan-23551
ECO Environmental ServicesInc,17266,Loan-23553
Foodplus 2,15019,Loan-23561
Gold Coast Mechanical Inc.,588,Loan-23569
GregoryRingler,32773,Loan-23570
James & Associates Inc,6560,Loan-23582
JL168 Property LLC,57463,Loan-23584
KATY SPRING & MFG INC.,3511,Loan-23589
LD Smith Plumbing Inc.,35444,Loan-23600
Maryland Food LLC,35444,Loan-23611
Mayabazar LLC,6548,Loan-23614
McSkimming Inc.,32441,Loan-23617
Mix Talent LLC,6560,Loan-23631
Organic Fuel LLC,35444,Loan-23644
P&J Plus Two Incorporated,6560,Loan-23648
QF&A PIZZA 1 LLC,6560,Loan-23658
Reliable Aftermarket Parts In,6560,Loan-23663
Rohler Home Improvement LLC,6560,Loan-23666
Royal Flush Plumbing LLC,6548,Loan-23667
SHAKER QUALITY FOODS INC,6560,Loan-23674
Smiths Lawn LLP,588,Loan-23679
Smooth Capital LLC,6560,Loan-23680
Sofia Management llc,3511,Loan-23682
Trembath Land Company LLC,35444,Loan-23701
We Automotive Inc.,35444,Loan-23713
4638 Monroe LLC,3832,Loan-23725
Aber Capital Group Inc.,6560,Loan-23739
Aber Capital Group Inc.,6560,Loan-23740
Allstate Plumbing Inc,16571,Loan-23757
ANTHONY CHAPMAN OD PA,20624,Loan-23770
Barth Roofing Company Inc,16571,Loan-23797
CLS PROPERTY HOLDINGS LLC,3511,Loan-23855
Coremetals Acquisition Corpora,588,Loan-23866
CROSSROADS CHIROPRACTIC CLINIC,10988,Loan-23871
DOGWOODS DEN LLC,16160,Loan-23897
Harding Enterprises (908 N Wal,24045,Loan-23969
HAZELTON BUILDERS LLC,32773,Loan-23970
Hollinger Pet Crematory LLC,19772,Loan-23977
HUTTON FAMILY DENTISTRY PLLC,6548,Loan-23984
ID Woodlawn Beach LLC,588,Loan-23989
IT Takes a Village Early Learn,6548,Loan-23996
J Carter's Tavern Grill,15019,Loan-23997
J. Nessen Investments LLC,32441,Loan-24000
Jaxsaw Fitness LLC,17838,Loan-24001
Kombucha Now LLC,15229,Loan-24036
Liberty Elevator Experts LLC,7551,Loan-24055
Luxout Products Inc.,9846,Loan-24063
MARAKR LLC,32441,Loan-24070
NORTH RIVER CONSULTING LLC,32441,Loan-24115
Olson Custom Designs LLC,34607,Loan-24122
One Goal Wellness,6560,Loan-24125
PAYNE ACCOUNTING AND CONSULTIN,6548,Loan-24131
Perimeter Sales & Merchandisin,17266,Loan-24137
Premier Service Solutions of I,19772,Loan-24158
RESTORE LLC,873,Loan-24176
SAKURA ENTERPRISE LLC,6548,Loan-24203
Shidhi Vinayak LLC,19772,Loan-24217
Sona Energy Solutions LLC,32773,Loan-24227
Speculo LLC,6560,Loan-24231
Stoll LLC,16571,Loan-24242
Sweet Innovation Corp.,20624,Loan-24250
V&S Hospitality Services Inc.,32441,Loan-24287
V&S Hospitality Services Inc.,32441,Loan-24288
Visceral Dance Chicago Inc.,20624,Loan-24295
Winsite Digital LLC,35361,Loan-24308
Wofford Mini Storage,31628,Loan-24309
XP GAMPLAY LLC,3832,Loan-24312
458 Swamp Pike LLC,17534,Loan-24324
ALL ART DIRECT USA LLC,588,Loan-24349
All Axis Billing LLC,588,Loan-24350
AmeriGuard Security Services ,58090,Loan-24356
ANGEL DAY CARE LLC,America Fi-84405,Loan-24359
AO Services LLC,2270,Loan-24361
B&B Bow Wow Inc.,35583,Loan-24379
Bishoy Corporation,8056,Loan-24401
Blackridge LLC,4767,Loan-24405
Brothers Buck PC,35406,Loan-24419
CDT Healthcare PLLC,Port 51 Le-10017,Loan-24436
CHIRINO TRUCK PERFORMANCE SERV,3511,Loan-24447
Choice Foods LLC,14851,Loan-24448
Dixie Food Store Inc,Readycap L-7922,Loan-24492
DNA World Enterprises Inc.,32441,Loan-24497
DREAM A LITTLE ART LLC,18409,Loan-24500
Drexler Enterprises LLC,20624,Loan-24501
Fitz Collective LLC,8056,Loan-24529
FOUR PEAS IN A POD LLC,32441,Loan-24536
Global Food Corporation,7213,Loan-24558
Grimm LLC dba Glass Doctor of,32441,Loan-24563
GULFCOAST ARTISTIC CONCRETE LL,3511,Loan-24564
H&H POLISHING LLC,7888,Loan-24565
High Bar Land Company LLC,35361,Loan-24576
HOTNARL LLC,34885,Loan-24588
HUSKY LOGISTICS INC.,6560,Loan-24593
Hyertek Inc ,57056,Loan-24595
Identity Factor LLC,12368,Loan-24598
INNAS & SON INC,32773,Loan-24600
IriSys LLC,6548,Loan-24602
JELynch LLC,32441,Loan-24615
KPB Business Services Inc.,17534,Loan-24644
LOVEJOYNIBS LLC dba Barre3 Ced,3511,Loan-24663
MJ4 Ventures LLC,32441,Loan-24690
MOON AND BACK SERVICES LLC,32441,Loan-24699
Nartey Investment Properties ,24045,Loan-24707
NORTHERN CHIROPRACTIC & WELLNE,35406,Loan-24721
On Demand Solutions Inc.,20624,Loan-24723
On Point Nursery LLC,17534,Loan-24724
P & R Communications Service ,6560,Loan-24731
Pinnacle Kickboxing LLC dba Ro,2270,Loan-24750
Porep Family Insurance LLC,6560,Loan-24755
SKIPPER PETS INC,33555,Loan-24820
SPCOS LLC,10988,Loan-24833
Superior Trailer Solutions In,Port 51 Le-10017,Loan-24853
SydCam Risk Advisors Inc.,29961,Loan-24856
TAB Online LLC,35519,Loan-24860
That Happy Company Corporation,7468,Loan-24870
The Herr Organization Inc.,7468,Loan-24878
The Shriver Group LLC,35519,Loan-24883
Time Timer LLC,6560,Loan-24890
Trinity Labs LLC,57665,Loan-24896
Tucson Assisted Living Retreat,14851,Loan-24900
WEH CONSTRUCTION L.L.C.,6548,Loan-24917
Al Food Inc.,588,Loan-24963
Amari Painting & Lining LLC,7468,Loan-24971
Amari Painting & Lining LLC,7468,Loan-24972
ASB Liquor Inc.,57873,Loan-24986
Bootstrap & Co. Holding Co.,Economic a-43219,Loan-25014
Dr. Roland A. Hernandez,58665,Loan-25067
Elite Care LLC,32441,Loan-25075
Elite Industrial Staffing LLC,3511,Loan-25076
ERS Materials LLC,35361,Loan-25080
Experience Architects LLC,6548,Loan-25083
Experience Architects LLC,6548,Loan-25084
FURNITURE PLACE,3511,Loan-25094
Gearhead Group LLC,17266,Loan-25097
GMK Subs LLC,14851,Loan-25105
Grantland Irrigation LLC,29961,Loan-25110
GT Vet LLC,23621,Loan-25113
HUMDUM LLC dba BRIGHTSTAR CAR,32441,Loan-25125
King Crawford Enterprises LLC,4767,Loan-25165
Lehky Marine LLC,6560,Loan-25181
NEXT LEVEL FITNESS LLC,6548,Loan-25218
Nick Davis MD & Associates LLC,7468,Loan-25219
Nick Davis MD & Associates LLC,7468,Loan-25220
PAINTED RHINO INC.,CDC Small -92106,Loan-25242
Pick Properties LLC,6560,Loan-25253
REPAR LLC,5452,Loan-25279
RK HOLDING COMPANY LLC,58722,Loan-25290
RTH SAMCO LLC,32441,Loan-25294
SALUD CONSTRUCTION INC,6548,Loan-25298
Shiv Shakti Atlanta LLC Travel,19772,Loan-25311
STUART BECKER CPA PC,3511,Loan-25329
Sunbay Supplies LLC,CDC Small -92106,Loan-25333
The Cinnamon Valley LLC,8728,Loan-25351
The Hose Shop LLC,Readycap L-7922,Loan-25353
Top Notch Fence Inc,34997,Loan-25364
Tucson Vet Specialists PLLC,15229,Loan-25375
Vondudenstein PLLC,Readycap L-7922,Loan-25392
World Brands Inc.,12368,Loan-25409
World Brands Inc.,12368,Loan-25410
ZZ PIZZAS 1 LLC,131,Loan-25419
JOHNSON BAR CORPORATION,6548,Loan-25471
Team Patterson LLC,588,Loan-25517
Atlanta Peach Movers Inc,14851,Loan-25533
ATP INVESTMENT HOLDINGS LLC,3511,Loan-25534
Backroads Barbecue LLC,8728,Loan-25538
CWD Holdings LLC,6548,Loan-25558
Alpine Climbing Adventure Fitn,57056,Loan-25644
American Trading International,7213,Loan-25647
ANJANA LLC,57056,Loan-25651
ARIC KUEHNER DDS LLC,32441,Loan-25652
BRUMMER THE PLUMBER LIMITED LI,11813,Loan-25661
Garden Sensations Inc,11813,Loan-25692
Lochner Consulting,57265,Loan-25719
MAHMOUD IJBARA INSURANCE AGENC,6560,Loan-25726
Merin Franchise DP LLC,131,Loan-25729
Nurses Network Inc.,Readycap L-7922,Loan-25738
Pond Holdings LLC,32441,Loan-25749
Rusty's Cylinder Head and Engi,8728,Loan-25753
Surf City Eats LLC,30776,Loan-25768
Thunderbolt Transport Inc.,Readycap L-7922,Loan-25783
AC3E ENERGY SERVICES,58722,Loan-25793
All-In Recruiting & Talent Bou,BizCapital-70112,Loan-25800
Antonio Strad ViolinLLC,58665,Loan-25803
Arizona Smiles PC,3931,Loan-25806
B&B Operations LLC,57056,Loan-25814
BSV Chiropractic P.C.,588,Loan-25824
Campoverde CA Corp,Readycap L-7922,Loan-25829
CHRIS KIM FINANCIAL GUIDE LLC,33188,Loan-25834
CON-JEN INC,6560,Loan-25839
Englewood Dental Arts LLC,32441,Loan-25853
ESM Triad LLC,32441,Loan-25855
Flight Mold & Engineering Inc,6384,Loan-25857
Goalry Inc.,35361,Loan-25868
Inpivota Corp,59052,Loan-25888
JV Contracting Inc.,983,Loan-25902
Mick's Custom Contracting LLC,6560,Loan-25926
MMC AGENCY INC,35361,Loan-25928
NEAI incoporated,32773,Loan-25932
NEARTOWN ANIMAL CLINIC PLLC,58665,Loan-25933
Paula L. Quinn BSRDH LLC,14851,Loan-25940
Reed Landscaping Inc,35583,Loan-25953
Shams Adult Day Care Center I,588,Loan-25964
SKYLINE LANDSCAPES INC,32773,Loan-25968
SLACKTIDE COFFEE ROASTERS INC.,32773,Loan-25969
Street Capital Partners LLC,35444,Loan-25975
VITAL EAST LLC,27677,Loan-25996
We Get Lit LLC,5510,Loan-25997
West Columbia Animal Hospital,58665,Loan-25998
Words Well Spoken LLC,34217,Loan-26004
Yoder Brothers Lawn and Snow L,6560,Loan-26007
Brandon W. Romick D.M.D. Inc,32441,Loan-26041
Casa Healthcare LLC dba HOME C,32441,Loan-26046
Connected Technology LLC,588,Loan-26056
Connected Technology LLC,588,Loan-26057
Curo Holdings Inc.,32441,Loan-26059
Franco Gaitan LLC,32441,Loan-26083
Fresh Delights LLC,6560,Loan-26084
Healing Paws Animal Hospital L,35583,Loan-26095
KOREAN TOP EXPRESS INC.,6548,Loan-26123
Law Office of Kristin Vokey Mu,32773,Loan-26132
LINDA H. HIPPLER D.D.S. INC.,58665,Loan-26134
MAT Healthcare Consultants LLC,32773,Loan-26153
Northeast LM Construction LLC,32773,Loan-26166
Odyssey Properties LLC,8889,Loan-26168
R.S.S. Trucking L.L.C.,6560,Loan-26182
Shelter Inc,588,Loan-26207
Vilas & Co. Inc.,9846,Loan-26239
Wood Fiber International Inc,12368,Loan-26245
405 Management LLC,34607,Loan-26257
All Year Lawns LLC,588,Loan-26268
Build DMV LLC,588,Loan-26287
Cincinnati Restoration Service,32441,Loan-26295
COLORADO CLEANUP CORPORATION,8273,Loan-26301
CROSSCREEK ENVIRONMENTAL INC.,6560,Loan-26307
Doherty &amp; Progar LLC,3510,Loan-26317
Freeman Funeral Service Inc,58665,Loan-26334
HIGH SIERRA AUTO SERVICE AND R,6548,Loan-26351
KL Salon LLC,34444,Loan-26380
KlSalon L.L.C.,34444,Loan-26382
KRAV WIRELESS LLC,6548,Loan-26383
KS Creative LLC,34444,Loan-26384
Law Office of Heather Z. Bliss,17266,Loan-26388
Law Offices of David A. Weinst,18409,Loan-26389
LL Fleetwood LLC,34444,Loan-26397
MIH Project A LLC,Lendistry -90021,Loan-26411
NATURE DAILY INC,Lendistry -90021,Loan-26415
PREMIER CLEANING OF OCEAN LLC ,32441,Loan-26433
PUTNAM LUMBER & EXPORT COMPANY,18409,Loan-26437
Saba Hotel LLC,57944,Loan-26449
SPARKLE & SHINE CAR WASH INC,12368,Loan-26465
Thalassa Partners LLC,32441,Loan-26473
The Acampo Store,57056,Loan-26474
THREE BLOOMS LLC,6548,Loan-26481
Asheville Kombucha Mamas LLC,35278,Loan-26510
Blue Bear Waste Services LLC,8273,Loan-26516
BOX-Q INC,32773,Loan-26517
Lankitus Transportation LLC,6560,Loan-26578
LASTING INPRESSIONS LLC,18409,Loan-26579
LOGAN KNUTSON WALL SYSTEMS LLC,6548,Loan-26580
Manchester Two LLC,6560,Loan-26586
NYMES INC.,6560,Loan-26598
Savage Finds LLC,3330,Loan-26617
Step Into Learning Childcare C,7551,Loan-26630
SWAYZE HEAT AND AIR LLC,6548,Loan-26633
Toro Family Enterprises LLC,11813,Loan-26645
Unity Capital LLC,27237,Loan-26650
BEST WAY BUSINESS INC,57665,Loan-26671
Boreal LLC,6548,Loan-26672
LaDue Family Animal Services ,57056,Loan-26679
DYNAMIC MOBILITY INC.,6548,Loan-26729
Flea Market to Fabulous,19506,Loan-26735
Grand Rapids Electric Motor Se,6560,Loan-26741
KML Investment Corporation,58665,Loan-26752
MAZA CONSTRUCTION CORPORATION,6548,Loan-26762
Militello Machinery Maintenanc,6560,Loan-26764
Omlor Pizza LLC,24045,Loan-26775
Prima RX LLC,58348,Loan-26776
Shoaib KHRAL,6560,Loan-26784
Taylorworks Inc.,9846,Loan-26791
13429 LHB LLC,6560,Loan-26802
Activities Press Inc.,6560,Loan-26808
ART S HEATING AND COOLING,6548,Loan-26811
Britain Ledbetter,8728,Loan-26822
Carsmetrics LLC,14851,Loan-26826
Creative Office Solutions Comp,6560,Loan-26835
F & B Family LLC,17266,Loan-26850
JD FARRELL INTERNATIONAL INC,32441,Loan-26874
Jenicki Strength Sandy LLC,16889,Loan-26876
Lourand Diab and Emad Kassab,57463,Loan-26886
Metal Coatings & Mfg Co Inc,33761,Loan-26899
PLATFOOT TRUCKING LLC,6548,Loan-26917
Queen Dog LLC,58018,Loan-26923
Southern Cross Aviation LLC,7213,Loan-26933
Thien LLC,6548,Loan-26942
Zara Q Enterprise Inc.,6560,Loan-26946
911 housing solutions,983,Loan-26949
Cablelytics LLC,6672,Loan-26960
California Career Institute ,2270,Loan-26961
Clark-Quip Associates Inc.,27677,Loan-26966
Clark-Quip Associates Inc.,27677,Loan-26967
Dans Solutions LLC,18409,Loan-26976
DB NOCO LLC,33555,Loan-26979
DRAIN CLEANING SERVICES OF NEV,6548,Loan-26983
EASTERN EAGLE EXPRESS LLC,57703,Loan-26984
J&L Career Consultants LLC dba,32441,Loan-27004
U.S. International Foods LLC,16450,Loan-27045
AGAM TRANS INC,6560,Loan-27060
All Day Dogs Inc.,32773,Loan-27061
B5 Ventures LLC dba Service T,32441,Loan-27067
Boise Swim School LLC,17534,Loan-27072
BURRWOOD LOGISTICS LLC,6548,Loan-27075
CAS Entities Inc,32441,Loan-27079
Chicken Day,26610,Loan-27081
Conation Business Holdings LLC,33555,Loan-27084
CTH Holdings LLC,9846,Loan-27085
DMP MANAGEMENT LLC,6548,Loan-27086
GULU GULU CORP,32773,Loan-27100
Joseph D. Sciarrino CPA P.C.,588,Loan-27109
REDEFINE NUTRITION INC.,12368,Loan-27128
Ridgefield Park Family Dental ,32441,Loan-27129
Smoke & Vape,22366,Loan-27135
TAQUERIAS EL FAROLITO INC,6548,Loan-27140
The Highlands Sportsmen's Club,16160,Loan-27147
Bloom Operations Inc,9737,Loan-27172
Complete Equipment Rentals LLC,18409,Loan-27178
CREW800 LLC,6548,Loan-27181
Hive Industries LLC,27237,Loan-27200
J & K EXPRESS INC.,1617,Loan-27209
James R Cavanaugh Inc dba Jame,17266,Loan-27210
KC Studio LLC,32082,Loan-27216
Peace of Mind Dental PLLC,14851,Loan-27234
Unique Flooring Inc,628,Loan-27266
Urbity LLC,Telhio Cre-43215,Loan-27267
Britt's Diesel & Automotive,58665,Loan-27273
Miller Performance Motorsports,6560,Loan-27277
Beverage World Inc. ,18409,Loan-27284
CENTURY CHIMNEY INC,6560,Loan-27290
Greenvelope LLC,16571,Loan-27307
Ittel B Naturals 2 Go Vending,32441,Loan-27314
NORTH AUSTIN MARTIAL ARTS AND ,32974,Loan-27327
PUBLIC HOUSE CREATIVE LLC,6548,Loan-27331
BIJAN BAKERY INC,6548,Loan-27356
BURRWOOD LOGISTICS LLC,6548,Loan-27358
CATALYST TRADE INC,28489,Loan-27360
DAK CHICKEN LLC,18409,Loan-27369
DAVIS TRUCK SERVICE LLC,24998,Loan-27371
DQ PERFORMANCE HORSES LLC,18409,Loan-27374
Laurito Automotive Inc.,57252,Loan-27405
Legacy Contracting LLC.,258,Loan-27406
Master Tech Plumbing Inc.,32773,Loan-27412
Mlands Group LLC,18409,Loan-27419
NEWPORT AVENUE INVESTMENTS INC,6548,Loan-27420
Next Care Liaison Group LLC,6672,Loan-27421
Patriot Rentals LLC,Mountain A-84070,Loan-27423
A1 Truck & Trailer Repair Inc,6560,Loan-27450
ARIZONA SOUTHWEST SOLAR & ELEC,6548,Loan-27453
BRIGGS COLLISION LLC,35583,Loan-27461
First Choice Family Care PA,11813,Loan-27475
Innovative Software Services,6560,Loan-27482
RC Family Healthcare III LLC,32551,Loan-27514
Square Circle Enterprises Inc ,7888,Loan-27522
Tailored Insurance Solutions ,32441,Loan-27528
TBJ Ventures LLC,6548,Loan-27531
THE JJES LLC,57944,Loan-27533
CENTER DESIGN STUDIO LLC,18409,Loan-27561
Daniel Akin Insurance Agency L,Readycap L-7922,Loan-27567
Glacial Ridge Companies Inc.,9733,Loan-27576
KC STRATEGIES,32773,Loan-27594
Silver construction corporatio,32441,Loan-27622
CLC Insurance Agency Inc.,34997,Loan-27662
D-1 ATHLETIC PERFORMANCE LLC,6548,Loan-27665
EDS AND ASSOCIATES LLC,6548,Loan-27669
Eyecare MPLS PLLC,6548,Loan-27671
Foreground Studio LLC,17393,Loan-27674
Fun Sweets LLC,12368,Loan-27675
Mulva LLC,27237,Loan-27698
Restoration Network Inc.,22559,Loan-27707
RYAN KLIBERT INS AND FINANCIAL,57056,Loan-27709
VP QUALITY INTERIORS INC,6548,Loan-27727
MZX Superior Car Wash & Lube L,57665,Loan-27733
D150 Fueling LLC,17838,Loan-27736
AG1 LLC,27677,Loan-27741
GIX Global Industries Supplier,18409,Loan-27758
Harniakk Management Inc,35444,Loan-27761
MT OC TRAINING CENTER,6548,Loan-27776
Silver Star Excavating & Lands,6560,Loan-27794
AutoAp Inc.,28489,Loan-27823
COMMUNITY DIRECTORY INC,588,Loan-27833
Crenshaw 24 Inc.,57873,Loan-27837
Generation Contracting &amp; E,983,Loan-27849
Goga Maharaj LLC,58626,Loan-27850
HERROADLESSTRAVELED LLC,6548,Loan-27853
Keystone Pediatric Behavioral ,983,Loan-27862
LAKE CAROLINA PAIN AND SPINE C,3511,Loan-27864
New Hope Healing and Resource ,57603,Loan-27875
R and L Ranch Holdings LLC,US Eagle F-87109,Loan-27878
HNH Properties LLC,27237,Loan-27945
JOHN HUNTER  CORP.,6548,Loan-27950
RIDER GOODWIN LAW OFFICES LLC,35361,Loan-27978
Robinson Tire and Auto Service,6560,Loan-27979
Transcend Holdings LLC,33761,Loan-27995
Alija Alagic,6560,Loan-28004
BASE HILL INC.,24170,Loan-28008
FYXATION LLC,6548,Loan-28031
Just Friends LLC,8728,Loan-28045
Larkspur Cleaners Inc.,6548,Loan-28053
MGUC LLC,18609,Loan-28062
Mohawk Trucking LLC,6560,Loan-28066
Revival Development Services ,6548,Loan-28076
B&C SAVANNAH WILDLIFE ENTERPRI,6548,Loan-28105
Christopher Copas,6560,Loan-28113
DMO Auto Acquisitions LLC,59086,Loan-28118
Gaurav & Saurav LLC,24170,Loan-28129
Happy Destiny Inc,983,Loan-28130
Lotus Seafood Inc,18618,Loan-28144
MNBA Management Inc,17534,Loan-28154
NO-WHERE CONSULTANTS LLC,6548,Loan-28159
REAL ESTATE BROKERS INC,6548,Loan-28167
SKYTOWER AVIATION SERVICES IN,20624,Loan-28174
The Growler Bar LLC,983,Loan-28183
Total Mont LLC,58665,Loan-28185
True North School Network LLC,5116,Loan-28186
REHOBOTH TRUCKING LLC,18409,Loan-28197
5 FRANKLIN TURNPIKE LLC,6384,Loan-28199
AUSTRALIAN OPALS,8537,Loan-28205
BHABILAL GOLD HOUSE LIMITED,6560,Loan-28207
FCDC L.L.C.,628,Loan-28222
INFANTREE SERVICE LLC,32773,Loan-28233
JKSK 1766 Co.,131,Loan-28238
Savage Rich Food Co.,34444,Loan-28270
Smith Design Company LLC,6560,Loan-28272
SOUTHEAST BUILDING GROUP LLC,628,Loan-28274
Visionary Eye Care of Central ,CRF Small -55402,Loan-28287
Jerry Cole,6560,Loan-28327
Salt Franchise Group No. 3 L.,17534,Loan-28353
THE FUTURE YOU PROJECT INC,3511,Loan-28361
DGW TRANSPORTATION LLC,6548,Loan-28395
Ferrante & Associates LLC,27237,Loan-28401
FITNESS IN MENOPAUSE LLC,3511,Loan-28402
Jasmine K LLC,6560,Loan-28412
McPherson Trucking LLC,17266,Loan-28417
PETERSON EQUESTRIAN LLC,6548,Loan-28428
Rapid Metal Inc.,15229,Loan-28432
Shantibell LLC,6560,Loan-28438
UKIYO KUMO LTD. LIABILITY COMP,6548,Loan-28452
ATTORNEY MARK NOVINSKY,32773,Loan-28465
Coast to Coast Insurance Servi,30776,Loan-28477
Columbia Jiu Jitsu LLC,10619,Loan-28478
Elliott S Dushkin DDS A Profe,6548,Loan-28484
Envision Benefits Group LLC,609,Loan-28487
IMH LLC,Telhio Cre-43215,Loan-28496
MID-MISSOURI FINANCIAL GROUP ,1617,Loan-28516
WHITE GLOVE TRANSPORTATION SER,3511,Loan-28543
ALBANESE SOLUTIONS LLC,6384,Loan-28555
Dental Technology Group Inc.,5116,Loan-28571
FRED VAN FLEET LLC,6548,Loan-28575
FRED VAN FLEET LLC,6548,Loan-28576
Gibson and Sons Golf Managemen,19772,Loan-28578
HBPR INC,57944,Loan-28585
JW Decoration & Floral,3511,Loan-28593
REALTIME AC SOLUTIONS LLC,3511,Loan-28603
AWN POINT EXCAVATION & CONSTRU,6548,Loan-28631
Blackwater Barber Co LLC,12633,Loan-28636
CALILOKO LLC,6384,Loan-28638
L-M SERVICE COMPANY INC.,57777,Loan-28671
Mill City Concrete and Masonry,12923,Loan-28676
Renaissance Fine Woodworking  ,1281,Loan-28691
SAL Enterprise LLC,57056,Loan-28694
SCHWARZROCK MEAT MARKET INC,10218,Loan-28697
SKYLINE VETERINARY HOSPITAL LT,6548,Loan-28703
TBD Construction LLC,57993,Loan-28706
BOTELLO PLASTERING AND CONSTRU,6548,Loan-28722
DEEP Enterprises LLC,6560,Loan-28737
E&H Soco LLC,57056,Loan-28744
GRANITE HOUSE INC,6560,Loan-28754
Ground Effect Wine Co.,6548,Loan-28755
KD Service Company LLC,57603,Loan-28762
MIKE'S POOL SERVICE LLC,6384,Loan-28782
Mill City Concrete and Masonry,12923,Loan-28783
P.L. Restoration Inc.,6560,Loan-28791
PODZ LANDSCAPE LLC,6548,Loan-28794
PUMPKIN HILL VETERINARY CLINIC,ESL FCU-14604,Loan-28796
RIGHT WAY ROOFING INC.,6548,Loan-28801
SKY2C Trucking Corporation,6560,Loan-28808
SMT Carolinas LLC,34607,Loan-28809
So Very Charming LLC,6560,Loan-28811
Axiom Hoist,17266,Loan-28826
CLOSER LOOK INSPECTIONS INC,18409,Loan-28834
Elite Restoration and Construc,588,Loan-28842
JP CAPITAL ENTERPRISES INC,6548,Loan-28853
Michael Ray,6560,Loan-28863
TORRES BEHAVIORAL HEALTH LLC,6384,Loan-28880
Brian J Robertson,27237,Loan-28897
K&R Transport LLC,6560,Loan-28925
K&R Transport LLC,6560,Loan-28926
KAP EXPRESS INCORPORATED,1617,Loan-28928
La Vita e Bella LLC,27237,Loan-28932
Oregon Trail Lumber Co.,17266,Loan-28949
Renovation Sells LLC,25883,Loan-28956
RICHARD R ROCHELEAU,18409,Loan-28957
Snelson Holdings Ltd.,6560,Loan-28962
WONG KEE CHINESE RESTAURANT IN,17308,Loan-28976
LEMONADE RESTORATION INC.,15229,Loan-28981
Atlantic Imprints Inc.,588,Loan-28998
Carole Sachs,6548,Loan-29001
HTI Polymer Inc.,15229,Loan-29029
JCDDOUGLAS LLC,6560,Loan-29033
Midwest Property Management LL,9746,Loan-29051
Mountain West Distributors In,2270,Loan-29053
MTLB ELECTRONICS INC,18409,Loan-29057
NHLMB LLC,11063,Loan-29059
ROOFSMITH RESTORATION INC.,6560,Loan-29070
RUSTIC FLAIR RENTALS LLC,3511,Loan-29071
S & S Joshua LLC,57703,Loan-29072
Ultimax Inc.,6560,Loan-29091
Urban Village LLC,18561,Loan-29093
BOX THAI STREET FOOD,6548,Loan-29121
DOUBLE ARROW RANCH,6548,Loan-29131
Jass Trucking Inc.,6560,Loan-29148
Jass Trucking Inc.,6560,Loan-29149
MACH DIRECT INC.,6560,Loan-29161
MACH DIRECT INC.,6560,Loan-29162
MARA MOMSEN,6548,Loan-29166
OliveTree Services LLC,27677,Loan-29174
PATTON TRUCKING LLC,Black Hill-57702,Loan-29175
Performance Enterprises Inc.,6548,Loan-29176
PORTLAND HEATING INC.,6548,Loan-29178
Sascon LLC,17534,Loan-29189
Sunset Dental Care SC,6548,Loan-29194
13 Industrial Drive LLC,35323,Loan-29202
G4CM LLC,16958,Loan-29238
Havenyield Tree Farm LLC,27476,Loan-29240
Hector Properties LLC,10218,Loan-29241
HOEKSTRA CONSULTING,6548,Loan-29245
JRGS INVESTMENTS LLC,6548,Loan-29250
Launch Brewing LLC,10643,Loan-29254
Lawless Distilling Company L. ,16111,Loan-29255
Metro Valley Advertising Inc.,588,Loan-29261
NO MONDAYS LLC,6548,Loan-29267
Shakers Investment P.C.,6548,Loan-29281
SPRING GROVE AUTOMOTIVE LLC,6548,Loan-29284
Stansbury Manufacturing Incorp,20624,Loan-29285
The Livewell Collective LLC,57777,Loan-29292
VECTECH PHARMACEUTICAL CONSULT,6384,Loan-29300
Anlim Investments LLC,20845,Loan-29311
Imaging Services Inc,57056,Loan-29351
Janitorial Management Services,3285,Loan-29353
JFT TRAVEL INC,6548,Loan-29356
JON STEWART EXCAVATING LLC,6548,Loan-29357
LAUNDRY PLUS,15545,Loan-29362
Legacy Center for Spinal Surge,58665,Loan-29363
LITTLE BEE TRANSPORTATION INC.,6548,Loan-29365
McWilliams Logging LLC,9366,Loan-29370
Noble Northwest Enterprises I,6548,Loan-29379
One Sixty-Nine LLC,31628,Loan-29384
PRISM Financial Strategies LL,20624,Loan-29391
PROPERTY COACH PDX LLC,6548,Loan-29395
Amazing Arthur/The Balloon Bri,5452,Loan-29425
Archein Aerospace LLC,14207,Loan-29427
Bonab Enterprises,17266,Loan-29434
Daycare Academy Corp,19772,Loan-29452
DGW TRANSPORTATION LLC,6548,Loan-29454
Foster Atlantic Transport LLC,18409,Loan-29459
IMMUNOCHEMISTRY TECHNOLOGIES L,6548,Loan-29467
MPM Jackson Services LLC,6560,Loan-29489
MPM Jackson Services LLC,6560,Loan-29490
Nicholas J Kraft,588,Loan-29494
NV Endeavors,6548,Loan-29497
Powell Transport LLC,6560,Loan-29501
Charthouse Self Storage LLC,58665,Loan-29550
FOXANATION TRANSPORTATION LLC,6548,Loan-29570
GSR RENTALS INC.,6548,Loan-29574
JRGS INVESTMENTS LLC,6548,Loan-29588
LCL Electronics Inc.,35406,Loan-29590
McManus & Associates L.L.C.,6560,Loan-29593
Rainbow Group LLC,7468,Loan-29606
Rainbow Group LLC,7468,Loan-29607
SHK Hauling Inc.,16571,Loan-29612
TELEB LLC,24170,Loan-29617
The Analyst Agency LLC,609,Loan-29620
ATS Express LLC,6560,Loan-29644
C J LUMBER TRUCKING,6384,Loan-29652
EUROCRAFT DESIGN UPHOLSTERY,11813,Loan-29670
Foundation Systems of Ohio LL,6560,Loan-29677
GRACE MEDICAL AESTHETICS LLC,18221,Loan-29681
HOUSE OF CARDS INC.,29961,Loan-29687
NOTHING BUNDT CAKES - GEORGETO,58722,Loan-29715
OUTDOOR OASIS CREATIONS LLC,18409,Loan-29718
RICHARD TSIM,6548,Loan-29723
SperryCo LLC,588,Loan-29732
STEVE STREMSKI INSURANCE AGENC,6548,Loan-29733
STEVE STREMSKI INSURANCE AGENC,6548,Loan-29734
Addison Technologies Inc.,588,Loan-29754
ASTI TRUCKING INC,6548,Loan-29766
b52 cargo llc,6560,Loan-29769
BLACK RAIN ORDNANCE INC,58115,Loan-29773
G7 Electronics Inc.,6560,Loan-29796
Long Mechanical Services LLC,6560,Loan-29816
Performance Logistics LLC,16571,Loan-29827
Scrimpshire & Associates LLC,20624,Loan-29840
Wellspring Learning Center LLC,35583,Loan-29856
BB&S Laser Systems LLC,57056,Loan-29871
Francisco Michel Jr.,27237,Loan-29891
P. Morgan & Associates CPA L,58665,Loan-29923
Taylor Specialties LLC,6560,Loan-29950
TL Design Inc.,17266,Loan-29957
XLW TRANSPORTATION INC,6548,Loan-29966
XSINTRIC SIGNZ LLC,6384,Loan-29967
 Savage Line LLC,17534,Loan-29969
A&S MARKETPLACE LLC,3511,Loan-29972
CABALLO BLANCO LLC,18409,Loan-29983
C-BREEZE ENTERPRISES INC,18409,Loan-29986
Ghela LLC,16889,Loan-29999
HLS DISTRIBUTOR INC,18409,Loan-30001
Kurt Flowers,27237,Loan-30012
LEADING EDGE PROPERTY MAINTENA,32441,Loan-30014
LUCKY FREIGHT INC,6548,Loan-30020
NASHVILLE WAIKIKI LLC,17308,Loan-30028
Robert's Precision Engineering,58291,Loan-30040
Scenic Vision Landscaping LLC,35583,Loan-30045
Steven E Johnson,11228,Loan-30052
Miller Sports & Family Chiropr,6560,Loan-30078
Oak Forest Capital LLC,11813,Loan-30079
B&M Veterinary Services LLC,58665,Loan-30093
Bedford Hospitality Group LLC,58626,Loan-30099
ClearMask LLC,13058,Loan-30108
EuropaKids Preschool Kent LLC,17534,Loan-30115
GELBMANN PODIATRY INC,6548,Loan-30125
Gemini Shale Solutions LLC,17534,Loan-30126
Gemini Shale Solutions LLC,17534,Loan-30127
Mid Investments LLC,27237,Loan-30149
PEAK PACKAGING LLC,6548,Loan-30156
River Tree Insurance Services,30776,Loan-30164
Sandy Petroleum LLC,59052,Loan-30169
SHOWY INDUSTRIES INC.,18409,Loan-30173
Thornton Dental Wellness,58665,Loan-30181
Becker Media,58665,Loan-30198
CJF Holdings LLC,7468,Loan-30206
FOCAL POINT AUTO GLASS,12633,Loan-30221
Givens Facial Plastic Surgery,5510,Loan-30224
Kinetika Inc,35361,Loan-30233
Pass It On Kidz LLC,16889,Loan-30250
Reasbeck Capital Inc.,12633,Loan-30255
Coffee Cause LLC,7551,Loan-30303
Face KC LLC,6548,Loan-30320
K H BIO TRADING INC.,6548,Loan-30341
KMBaron Consulting,6548,Loan-30343
KMBaron Consulting,6548,Loan-30344
KMBaron Consulting,6548,Loan-30346
Paul G Senft & Sons Trenching,9536,Loan-30367
PG Senft Investments LLC,9536,Loan-30369
Rock Creek Development LLC,27237,Loan-30383
SUPREMEVAPOR1988 INC.,18409,Loan-30389
A.C.C. ADVANCED COATING & CAUL,57056,Loan-30406
GUTIERREZ TRUCKING,6548,Loan-30445
H&H POLISHING LLC,7888,Loan-30447
KIm's Family Inc,6548,Loan-30456
Leander LLC,12633,Loan-30460
Perfect Fit 1 LLC,17266,Loan-30483
PWR PIZZA LLC,8273,Loan-30485
Red Diamond Inc.,20624,Loan-30489
Skogstad Advisors  P.C.,58665,Loan-30497
STAR COACH RACE TOURS LLC,19772,Loan-30499
ACKLING TRANSPORTATION,6548,Loan-30523
Ammermon Veterinary Properties,3511,Loan-30527
COWART & REED LLC,6548,Loan-30540
Emerald Companies Inc,Magnifi Fi-56352,Loan-30546
Eunyoung Electric Corporation,26610,Loan-30548
GLM Landscape Supply LLC,58665,Loan-30553
KANU G REALTY LLC,32441,Loan-30563
Lucky Express JJ's Hawaiian B,31628,Loan-30568
Primecare Pharmacy Inc,Readycap L-7922,Loan-30574
Serendipity in the Sun LLC,58665,Loan-30580
TRANSWORLD MGMT COMPANY LLC.,35361,Loan-30589
TRESSEL RENOVATIONS LLC,6548,Loan-30590
Superior Integrated Health LLC,14207,Loan-30600
BEAUTY & PARTY LLC,18409,Loan-30609
GLOVIS HOME HEALTH SERVICES IN,35361,Loan-30639
INFINITY SOLUTIONS EXCAVATING,17393,Loan-30646
Office Evolution Roswell,15019,Loan-30669
PARAMOUNT PRESS GRAPHIC COMMUN,59052,Loan-30673
SIGNS BY KELLI JOHNS LLC,9846,Loan-30690
2ChirosMission Chiropractic Ce,6548,Loan-30701
A1 BIZCOM INC.,35361,Loan-30702
BISHOP VENTURES LLC,1617,Loan-30713
Pelican Equipment Rentals Inc,23621,Loan-30781
Phidiax LLC,2270,Loan-30783
TKH CAPITAL LLC,17491,Loan-30804
10465 Shady Trail LLC,27237,Loan-30811
Batter up LLC,34217,Loan-30821
BREEZE CONSTRUCTION INC,18409,Loan-30825
BRENHAM KKS INC,58626,Loan-30826
Choice Home Inspections LLC,3890,Loan-30828
CONTINENTAL SPORT INC,6560,Loan-30830
Dynamic Hospitality Corporatio,57944,Loan-30840
Empire Enterprise LLC,6560,Loan-30844
EXPECTRUM GROUP INC,6548,Loan-30845
FILM 2 SCREEN PRINTING INC.,6548,Loan-30847
Foundry Wedding and Events LL,2270,Loan-30848
Inspirational Homes LLC,34217,Loan-30857
INSURANCE & WEALTH ADVISORS LL,6548,Loan-30858
Islander&#39;s Restaurant Yule,34444,Loan-30859
Sana and Tingstrom Beverage In,32974,Loan-30881
Shine Electric LLC dba Wang E,4214,Loan-30884
SKYPOINT CLOUD INC.,6548,Loan-30885
The Show Syndicate,6548,Loan-30892
TJM LLC,6548,Loan-30894
Westheimer Vision Services PL,983,Loan-30900
A2B LIMOUSINE INC,6548,Loan-30905
Anew Healthcare Operations LL,57056,Loan-30909
BG JEWELERS LLC,10218,Loan-30913
Eastern Environmental Industri,32551,Loan-30930
ENVELOP MINT,6548,Loan-30933
Firefly Furnishings LLC,57056,Loan-30936
Hand and Stone,Readycap L-7922,Loan-30944
Lark Int'l Inc.,57716,Loan-30964
M & S CARGO EXPRESS CORP,628,Loan-30967
SACRAL SENSUALITY LTD.,6548,Loan-30991
4MC Investments LLC,3285,Loan-31010
Access Mental Health LLC,17927,Loan-31012
Crystal Room Studio LLC,PCR Small -90010,Loan-31035
Farshid Nejad DPM INC A Profe,6548,Loan-31045
PF WATERWORKS L.P.,983,Loan-31073
Seitz and Sirens LLC,35361,Loan-31082
Trident Mechanical Services L,4767,Loan-31093
6136 North Clark LLC,8056,Loan-31105
ACUTE RESCUE AND TRANSPORT INC,34607,Loan-31107
Bad Rams LLC,23627,Loan-31116
Carolina Retreats Vacations L,57095,Loan-31124
D&N Real Estate Investments L,8273,Loan-31127
Parkways Foodmart Inc.,20624,Loan-31171
Salem's Market & Grill LLC,17534,Loan-31180
Yorktown Discount Wines & Spir,7551,Loan-31193
Younger Longer LLC,3931,Loan-31194
Carolina Retreats Vacations L,57095,Loan-31213
Graystone LLC,11813,Loan-31237
Hyde Park Bar & Grill Westgate,18609,Loan-31244
Hyde Park Bar &amp; Grill Inc,18609,Loan-31245
J3 Management Group LLC,14851,Loan-31247
JW&apos;s Travel Stop LLC,2331,Loan-31251
Larry Hill Insurance Agency I,16571,Loan-31254
LESLIE COATINGS INC.,6384,Loan-31255
Mitchell Mechanical and Electr,983,Loan-31263
W.N.B Investments LLC,57056,Loan-31292
ADVANTA ACCOUNTANCY INC,6548,Loan-31309
Bluegrass Trucking Inc.,23627,Loan-31320
CHRISTINE FLOMERFELT INSURANCE,23621,Loan-31323
Derington LLC,9204,Loan-31329
FRESH FRUIT JUICE & BUBBLE TEA,6548,Loan-31338
JENNI FRANK INC,6548,Loan-31354
MJ Hall Enterprises LLC,35444,Loan-31374
PWR STORAGE SOLUTIONS LLC,7468,Loan-31386
PWR STORAGE SOLUTIONS LLC,7468,Loan-31387
Up Scale Home Staging for Less,35361,Loan-31413
Blanshine Party of 5 LLC,588,Loan-31437
C & L 5 LTD.,6560,Loan-31444
HABDAB LLC,6560,Loan-31465
HAPPY FLOUR SWEETS LLC,6548,Loan-31466
Haywood Road Vet LLC,16889,Loan-31469
JP CELLARS,6548,Loan-31478
Kiddos Cove Preschool,14851,Loan-31480
Perfect Transport LLC,3511,Loan-31506
SpinWard Company LLC,58115,Loan-31525
The Jachin LLC,8889,Loan-31531
Tim Lowe,2720,Loan-31533
VP Direct Inc,6548,Loan-31539
502 Equipment LLC,23627,Loan-31547
Backspace Brewing Co. LLC,5452,Loan-31560
Beachline Innovations LLC,17266,Loan-31562
Blue City LLC,58626,Loan-31568
Brawley Ace Hardware LLC,14851,Loan-31570
DIXIE CULLEN INTERESTS INC,58629,Loan-31583
Highland Wellness Center Inc.,6560,Loan-31605
Holtville Ace Hardware LLC,14851,Loan-31606
LV Twin Oak Holdings LLC,3511,Loan-31623
Oâ€™Callaghan construction ,6548,Loan-31632
PASCO SENIOR HOME CARE LLC,3511,Loan-31635
Signature Analytics LLC,58665,Loan-31645
SPRINKLES &amp; SCOOPS INC,18409,Loan-31651
SS Podolan LLC,7888,Loan-31652
SUNSHINE HAWAIIAN BBQ,6384,Loan-31656
TerraPro Solutions,6548,Loan-31658
Alirio A. Millan D.D.S. P.C.,9846,Loan-31675
Burke Property Holdings LLC,12633,Loan-31684
CALLA TRUCKING,6548,Loan-31685
Jet Delivers Inc,35406,Loan-31722
Martin Esqueda,6548,Loan-31738
PASCO SENIOR HOME CARE LLC,3511,Loan-31747
R West Enterprises LLC,19772,Loan-31751
SNND CP Inc.,20624,Loan-31761
STILLMOCK TRUCKING INC,6548,Loan-31764
THE FIRST FIVE CORPORATION,6560,Loan-31770
Zellas Company,10218,Loan-31782
Atitlan Enterprises LLC,34997,Loan-31792
BMK Management Inc.,35444,Loan-31798
Cavalier Enterprises LLC,32441,Loan-31807
EcuaFry LLC,6548,Loan-31816
Incredible Pizza Co. Inc.,4160,Loan-31836
KT ENTERPRISES,6548,Loan-31845
Lili P Inc,34607,Loan-31850
Mountain Glacier LLC,32551,Loan-31861
PISCES TRANSPORTATION INC,6548,Loan-31865
Unique Healthcare Systems LLC,15229,Loan-31904
Beyond Design Inc.,57056,Loan-31922
BosBeauty LLC,2270,Loan-31924
CalTex Property Solutions LLC,5510,Loan-31927
Dustin Holman,27476,Loan-31947
EMA Center Inc,35361,Loan-31952
Ferhadson & Associates,58665,Loan-31957
Jeffrey Lambert M.D. P.A.,11813,Loan-31977
Legendary Electrical Contracto,6548,Loan-31989
Metal Master LLC,17266,Loan-31996
Pavan Putra Hanumanji LLC,First West-75225,Loan-32006
Pharmcorp LLC,58665,Loan-32009
S&L Elite Services LLC,3511,Loan-32018
Sincerely Coffee LLC,57841,Loan-32027
Sterling Capital Services Inc,35361,Loan-32033
STONE SECURITY LLC,57056,Loan-32034
SUPERSONIC TRUCKING INC,6548,Loan-32035
Tread Transportation Services ,15019,Loan-32041
WAXOLOGY L.L.C.,3511,Loan-32047
1935 STARK INC.,20624,Loan-32049
American Orthopedics Inc.,17534,Loan-32060
American Orthopedics Inc.,17534,Loan-32062
BILLYBOB'S BUTCHER SHOP LLC,6548,Loan-32068
BILLYBOB'S BUTCHER SHOP LLC,6548,Loan-32069
Bish Law A Professional Corpor,35361,Loan-32070
Christopher Beaulieu,17534,Loan-32075
J. & S. SOAP & SUPPLY COMPANY,6560,Loan-32104
KOLLABRA CONSULTING INC.,35361,Loan-32111
MOTOR CYCLE MADNESS INC,6548,Loan-32127
PreAm Transport Inc.,Readycap L-7922,Loan-32137
Trophy SMT LLC,9846,Loan-32163
Vida Pharmacy LLC,4767,Loan-32167
WORLD AVIATION SERVICES LLC,18409,Loan-32171
AIDA ENTERPRISES LLC,18409,Loan-32177
BABA DEEP SINGH INC 9,57444,Loan-32184
BROOKS JUCHA & ASSOCIATES INSU,34548,Loan-32189
C&R SMITH HOLDINGS LLC,6548,Loan-32190
ESPECIALIDADES ORIENTALES CORP,11813,Loan-32202
Jackson and Associates L.L.C.,34607,Loan-32215
LONG DOG TRANSPORTATION LLC,6548,Loan-32225
MASCO METALS LLC,35583,Loan-32235
MAX PSI INC,35444,Loan-32237
SAL Stores LLC,57056,Loan-32256
SHRIJI SHANI SAI LLC,9366,Loan-32284
DYKHUIZEN DYNASTY LLC,32441,Loan-32288
AP Trans Inc.,6560,Loan-32298
Auto Line Express Inc,27237,Loan-32303
CARSAFE STORAGE INCORPORATED,15019,Loan-32315
Choice Transportation Solution,21031,Loan-32319
Danna Enterprises Inc.,29961,Loan-32327
Florio & Florio Inc.,628,Loan-32338
FRESH IDEAS LLC,Black Hill-57702,Loan-32339
HARBOR CREATIONS LLC,6548,Loan-32346
Henry S Kim & Jean Y Kim,57873,Loan-32348
I Shree Hotel LLC,58626,Loan-32352
Mikael Cavaco,32773,Loan-32369
Praesidium LLC,27237,Loan-32388
Singh's Mart Monroe,Readycap L-7922,Loan-32404
Sona Properties Inc,14851,Loan-32408
Trahan Consulting LLC,32441,Loan-32421
ALB Twilight LLC,Black Hill-57702,Loan-32436
CRUMBL - CONCORD,58722,Loan-32466
Diatom Aviation LLC,23627,Loan-32469
Diatom Aviation LLC,23627,Loan-32470
Gillingham CPA PC.,35361,Loan-32487
KYLE MCCORMACK LLC,17491,Loan-32512
M. Christensen Real Estate LL,35444,Loan-32528
Park Dae Gam Ne Inc.,57463,Loan-32543
PRECISION PARK PROPERTIES LLC,6548,Loan-32546
Red Earth Eateries LLC,27476,Loan-32551
RGV ASPHALT LLC,6384,Loan-32552
Richard Blackburn DMD Inc.,US Eagle F-87109,Loan-32553
Switch ElEctric INC,3511,Loan-32574
The STIL LLC,17266,Loan-32580
The STIL LLC,17266,Loan-32581
THE WALLACE GROUP INC,6548,Loan-32582
TWM Investments LLC,9536,Loan-32587
VICTOR ARRIOLA,6548,Loan-32593
El Rosario Inc.,57603,Loan-32631
Farshid Nejad DPM INC A Profe,6548,Loan-32634
Fitness Panther LLC,8889,Loan-32636
GLT CONSTRUCTION INC,6560,Loan-32643
Hammer and Stain Hot Springs ,8728,Loan-32647
Home Instead Senior Care,58665,Loan-32656
MELISSA TUREAUD PLLC,57056,Loan-32681
S&RW Legacy LLC,5452,Loan-32707
South Side Inc.,Magnifi Fi-56352,Loan-32712
Stakwell LLC,35519,Loan-32715
Sturgis AK3 LLC,19772,Loan-32716
SURGICAL INNOVATIONS INC.,6548,Loan-32717
WHITE PLUMBING CO INC.,58115,Loan-32738
ZHENG SONG TRUCKING,6548,Loan-32740
American Manufacture Company ,6548,Loan-32747
B ORGANIZED CLOSET INC,18409,Loan-32750
BALDWIN OAK LLC,33555,Loan-32752
Chatwood Pharmacy Inc.,58665,Loan-32770
Compassion Care at Home LLC,5510,Loan-32775
Florence Investments LLC,57038,Loan-32788
Greyline Media LLC,33555,Loan-32793
HAWKEYE LANDSCAPING & CONSTRUC,6548,Loan-32798
Kelley Real Estate LLC,28489,Loan-32815
Laser Aiming Systems Corporati,8273,Loan-32820
Psychological Health Affiliate,23621,Loan-32840
Psychological Health Affiliate,23621,Loan-32841
rebel iQ Inc.,57056,Loan-32842
Renew Projects LLC,27677,Loan-32843
RT Logistics LLC,6560,Loan-32846
Smart Phone Apps Inc.,57252,Loan-32852
Southern Transport LLC,6560,Loan-32855
Syn International LLC,Telhio Cre-43215,Loan-32865
ValleyWide Specialty Contracti,57056,Loan-32874
2545 Bayou Road LLC,3256,Loan-32882
Anthony Management Group LLC,588,Loan-32890
Axis Prosthetics and Orthotics,16889,Loan-32898
CONTOUR BUILDING AND DESIGN LL,6548,Loan-32905
Denlee LLC,24045,Loan-32909
ELM Management Services LLC,58665,Loan-32916
Friendly Home Services Inc.,22559,Loan-32919
Jonathan Cooper,8728,Loan-32932
Jonathan Cooper,8728,Loan-32933
McKale Nygaard,10218,Loan-32949
Taiga Logistics Inc.,34607,Loan-32981
Annie's Diner LLC,57056,Loan-33011
BALS Wellness LLC,19600,Loan-33013
BILLYS-VICKSBURG LLC,4988,Loan-33018
BRAZ Investments LLC,27237,Loan-33021
Jonnah Inc.,983,Loan-33066
Noble Wulf Transport Co.,6560,Loan-33085
Philadelphia Homes LLC,588,Loan-33095
Proven Products LLC,20624,Loan-33100
Quality Wholesale Nutrition L,Justine Pe-63106,Loan-33103
RINO Insurance Group Corp,4767,Loan-33106
Smith &amp; Wallace Logistics ,9087,Loan-33118
ARKANSAS WHEEL REPAIR,6548,Loan-33144
Bryce Crawmer,6560,Loan-33151
Driven to Succeed LLC,12633,Loan-33170
Eyeful Enterprises LLC,14851,Loan-33179
Future Wash LLC,6548,Loan-33183
Jonathan Trbovich,13868,Loan-33201
KI Central FL LLC,58665,Loan-33209
LAWN KINGS LLC,6548,Loan-33214
Lin Orthodontics LLC,11063,Loan-33216
Midlands Maintenance LLC,6548,Loan-33221
North Alabama Remediation Serv,32441,Loan-33230
Performance Acquisitions Inc,35406,Loan-33236
Powell Transport LLC,6560,Loan-33239
UNIFORM LEADER LLC,6548,Loan-33262
Uplift Climbing LLC,35519,Loan-33263
Vestir' LLC,588,Loan-33267
Your Mega Health Inc,588,Loan-33277
 Urista Trucking LLC,17534,Loan-33280
1st choice energy builders inc,34607,Loan-33282
Bay Area Testing Center,6548,Loan-33298
BONO ENTERPRISES LLC,12437,Loan-33306
COAST TO COAST FLAGGING LLC,6384,Loan-33315
D.D. Wind Trucking Inc.,6560,Loan-33320
HURSTBOURNE CORE LLC,6672,Loan-33347
KTW LLC,6548,Loan-33356
LICK ENTERPRISES LLC,3511,Loan-33360
Luke and Friends Child Care Ce,588,Loan-33364
M & S TRUCKING,6548,Loan-33366
MHL ENTERPRISES LLC,6548,Loan-33371
Nellies Loving Care Home,17266,Loan-33376
NORTHWORTHINGTON PET CLINIC LL,628,Loan-33380
OOO LOGISTIC INC,6560,Loan-33382
RWQW Real Estate L.L.C.,16889,Loan-33397
RWQW Real Estate L.L.C.,16889,Loan-33398
The Medspa at Joseph Anthony L,17838,Loan-33415
TICKLE PROPERTIES LLC,6560,Loan-33416
TICKLE PROPERTIES LLC,6560,Loan-33417
Vermeer Appraisals Inc,17266,Loan-33422
4 Points of NC 3 Inc,35519,Loan-33428
AAKDDS II INC.,32441,Loan-33433
All Green Lawn Landscape,3330,Loan-33435
Ameriscape USA Inc,23627,Loan-33438
Ameriscape USA Inc,23627,Loan-33439
Aviation Taxology Inc,58665,Loan-33445
Bona Salutem LLC,16889,Loan-33455
DLM Logistics Inc.,6560,Loan-33478
E-BUSINESS4US INC.,628,Loan-33483
Excedr Inc.,6548,Loan-33486
Four Oaks Farms LLC,10619,Loan-33491
GIRAFFES INC,20624,Loan-33496
Hudson Oaks Wealth Management ,Mountain A-84070,Loan-33502
Jacob Hostetler,6560,Loan-33512
Kane Springs LLC,59052,Loan-33518
LOMA VISTA PETROLEUM INC.,57056,Loan-33524
MBCA LLC,873,Loan-33531
MissFit Ventures Kennewick LL,1281,Loan-33539
OM GAYATRI MAA LLC,20845,Loan-33548
The PNW Team LLC,6548,Loan-33586
Vallandingham & Associates A ,20624,Loan-33592
296 North Main Street Holdings,35323,Loan-33602
ALTERATIONS BY RUBY LLC,6548,Loan-33604
Harrison Dream Garage LLC,17266,Loan-33640
IL Capo LLC,23621,Loan-33644
Layan & Suhaib Inc,27677,Loan-33660
MAUMEE VALLEY CREAMERY AND CAN,32441,Loan-33666
Reptar Corp.,16889,Loan-33686
Sahil Investments LLC,57056,Loan-33687
Solberg & Sons LLC,9351,Loan-33696
TAQUERIA CHAPALA JALISCO INC,6384,Loan-33702
A.B.C. Senior Care LLC,17266,Loan-33723
BJKK Development Inc.,6548,Loan-33742
C.W. Brown Foods Inc.,23621,Loan-33744
D&amp;C EXPRESS SERVICE INC,18409,Loan-33749
Firstat Medical Staffing Inc.,33306,Loan-33760
Four Winds Global LLC,34217,Loan-33761
Tires on Wheels LLC,27476,Loan-33819
David Yoo DMD Inc.,Readycap L-7922,Loan-33853
Gardenia Liquors LLC,6548,Loan-33875
Granite City Roll-Off of St. C,57603,Loan-33879
HAWAII ECO MANAGEMENT LLC,32441,Loan-33884
HR INSURANCE BROKER'S INC.,11813,Loan-33887
LVA Mayan Stucco LLC,27237,Loan-33909
Mehryar Ebrahimi DDS Inc.,24170,Loan-33915
Oh Solar LLC,Telhio Cre-43215,Loan-33922
PAWSAROTTI'S,6548,Loan-33927
T&G TRANSPORT INC,6548,Loan-33960
TAHOE INVESTMENT PROPERTIES LL,6548,Loan-33962
Wilson's Insurance Agency LLC,Readycap L-7922,Loan-33976
FL TRUCKING INC,6548,Loan-34015
Friendly Candle LLC,6560,Loan-34018
Jackson KOA,Readycap L-7922,Loan-34028
JEFF D HOWARD,6548,Loan-34030
KVC Holdings LLC,20624,Loan-34038
Laksshya Impex Inc,27677,Loan-34039
MRC Hospitality LLC,20845,Loan-34048
MV CARGO EXPRESS INC,6548,Loan-34049
Tanda At Sandifur LLC,16571,Loan-34094
True Technologies & MFG LLC,6560,Loan-34104
Wasatch Clean Energy LLC,9204,Loan-34109
Whitewater Solutions LLC,588,Loan-34111
Apollo Drugs Inc.,58665,Loan-34129
Arkways Group LLC,19772,Loan-34131
Belle Medical Group LLC,17534,Loan-34140
BrainSTEMology LLC,28489,Loan-34143
ELLIS AND WAYNE LLC,3890,Loan-34161
H MENG LOGISTICS INC,6548,Loan-34169
JHC Composites Inc,23621,Loan-34176
JHC Composites Inc,23621,Loan-34177
Regalo Hair Studio LLC,59086,Loan-34207
SEAN NEGUS CONSTRUCTION LLC,19772,Loan-34211
SpeeDee Oil Change and Auto Se,58665,Loan-34222
Taylor Family Autos LLC,Mountain A-84070,Loan-34225
A4 LLC,58348,Loan-34238
ALLEN AA TRUCKING LLC,6548,Loan-34242
AMERICAN HOME AUTOMATION LLC,6548,Loan-34244
BCM Enterprises Inc,14851,Loan-34249
Clear Title Services LLC,3890,Loan-34257
ECT Cleaning LLC,35361,Loan-34268
Fraire Inc.,58090,Loan-34275
Gibvater Sound LLC,16889,Loan-34278
Gospel Technologies LLC,17266,Loan-34279
PAWSAROTTI'S,6548,Loan-34303
R & J HERBS & SPICES DISTRIBUT,6548,Loan-34312
Rex Granite Company,Magnifi Fi-56352,Loan-34317
Stone Creek Midwest LLC,24998,Loan-34327
The Meyers Group,34607,Loan-34330
Theur LLC,58348,Loan-34334
USA Investment & Real Estate G,27677,Loan-34340
4021 CHUKKER DRIVE LLC,18409,Loan-34359
Bedrock Masonry LLC,6384,Loan-34377
Brashear Enterprises LLC,23621,Loan-34379
Clean Wave Car Wash llc,58030,Loan-34387
Everardo Mendoza-Fernandez,27237,Loan-34397
ISYS Technologies Inc.,58665,Loan-34420
Moon Collision LLC,9846,Loan-34438
SABATINO INSURANCE AGENCY INC,35361,Loan-34459
Animal Hospital of Huntington ,58665,Loan-34493
Birdevinder Singh Grewal,6560,Loan-34502
BITTER GRACE LLC,18409,Loan-34503
Civitas Strategies LLC,35361,Loan-34511
Coastline Wealth Management I,35444,Loan-34513
Guppy Again Inc.,33306,Loan-34534
LUMENO MARKETING LLC,Mountain A-84070,Loan-34553
Orange Mapleleaf LLC,17534,Loan-34569
Penultimate LLC,6560,Loan-34575
River Bottom Trucking LLC,6560,Loan-34584
Salvador Trejo Gonzalez and De,27237,Loan-34590
Sami Khayat DDS INC.,6548,Loan-34591
SANHIM INC,Wings Fina-55124,Loan-34592
The Only Agency Inc.,6548,Loan-34605
UP-SIDE MANAGEMENT CO,628,Loan-34612
WILLIAM HENRY BASIL,6548,Loan-34614
FIT FITNESS INSTRUCTION TRAINI,6548,Loan-34633
Functional Fitness Group II LL,14851,Loan-34635
Robert R. Mendieta Jr.,27237,Loan-34653
ROOKS DIGITIAL MARKETING,6548,Loan-34654
ShopRely LLC,33306,Loan-34656
Twenty-Nine Eleven LLC,6560,Loan-34664
4 Sons Trucking Incorporated,3330,Loan-34672
Clean & Safe Global Inc,34607,Loan-34702
Deo Speravi LTD,32441,Loan-34717
Diabetic Eye Care Specialists ,32441,Loan-34719
DJ Steakburgers LLC,25858,Loan-34721
FIRST CHOICE IMPORTING INC.,18409,Loan-34732
Franklin Fixtures LLC,20624,Loan-34733
GROW MATERIALS LLC,18221,Loan-34744
HIGH TIDE CHIROPRACTIC PLLC,11063,Loan-34750
Huff & Company LLC,8728,Loan-34753
INSPIRE CRAYON CAMPUS LLC,26333,Loan-34759
JUSTON TRANSPORT INC,11813,Loan-34776
Lincoln Transport Inc,6560,Loan-34790
Logic Heat & Air LLC,23737,Loan-34791
Mach Holdings 1930 LLC,27237,Loan-34795
Next Level Steel LLC,4063,Loan-34813
Performance Warehousing LLC,59052,Loan-34825
PROSTHETIC DESIGN & RESEARCH P,27476,Loan-34829
Quality Stamping & Tube Corp.,13058,Loan-34831
Refine  Facial Plastic Surgery,23627,Loan-34837
SAN DIEGO FACE AND NECK SPECIA,58665,Loan-34845
Silverspoon Wei LLC,31628,Loan-34853
SNL ONE INC,57056,Loan-34854
Strategic Contract Brands Inc,4063,Loan-34860
Sun Market,26610,Loan-34865
Sunrise Snacks of Rockland Inc,35323,Loan-34866
Triangle Construction & Utilit,4178,Loan-34880
Upper Story LLC.,8537,Loan-34881
Utica Pediatrics L.L.C.,8728,Loan-34882
WNTR Ski Academy LLC,17266,Loan-34892
3D Insurance Services Inc.,30776,Loan-34896
Battery Distribution Center I,17534,Loan-34912
Cantilever Inc.,35361,Loan-34923
CBA Ventures Inc.,57095,Loan-34928
E-Z TECH CO,628,Loan-34947
GG Property Management LLC,628,Loan-34952
Manuel Martinez,16571,Loan-34976
Nature's Health ConnectionINC,7468,Loan-34989
OMNI COLLISION CENTER INC.,57944,Loan-34995
R. Kuhen & Co. Inc.,16571,Loan-35009
Sip Sip Liquor Shop Inc.,19772,Loan-35027
South Side Inc.,Magnifi Fi-56352,Loan-35030
St Johns Group Inc,131,Loan-35033
6PK LIBERTY LLC,57603,Loan-35069
Barry Brothers Self Storage L,58665,Loan-35080
BENICK MACHINE WORKS LLC,18409,Loan-35083
COWBOY CONSTRUCTION LLC,6548,Loan-35101
D & M SOLTERO LLC,57444,Loan-35103
Gutta and Sharfi CPA's P.A.,58665,Loan-35130
HVAC Solutions Co,6560,Loan-35135
KINETOCHEM LLC,17491,Loan-35144
Leading Champions LLC,32441,Loan-35148
Luxir Construction,32441,Loan-35149
Optimal Health Strategies LLC,15229,Loan-35173
OS HHC INC.,32551,Loan-35174
Swift Systems Inc,11813,Loan-35206
6259 Progressive MFS LLC,27237,Loan-35224
Allen P Hargis PLLC,8728,Loan-35237
BK REMODELING LLC,6548,Loan-35242
Buzz Mind LLC,8889,Loan-35248
BW CONSULTING LLC,6548,Loan-35249
ChurchBiz LLC,33555,Loan-35260
CORNERSTONE GROWTH SOLUTIONS L,35361,Loan-35263
Duff Marketing Communications,27237,Loan-35276
Grit Holding LLC,6560,Loan-35287
Mourgo LLC,588,Loan-35318
Pizza Mongers 6014 LLC,58665,Loan-35333
RALOP LLC,58665,Loan-35338
REGAL WEALTH GROUP INC.,6548,Loan-35343
RTBS Houston 2 LLC,14851,Loan-35349
SouthHouse Co.,35456,Loan-35360
Trophy Financial LLC								Tr,27237,Loan-35373
40 Volume Salon L.L.C.,12437,Loan-35389
A & F Legacy Corp,57944,Loan-35390
AARAV INC.,6560,Loan-35392
Admiral Motel,57056,Loan-35393
City Dermatology LLC,US Eagle F-87109,Loan-35426
CMK Holdings Inc.,57603,Loan-35427
DOTA LLC,32441,Loan-35439
Fidelis Consultants LLC,32441,Loan-35446
Live Fast Properties LLC,6548,Loan-35479
Pacific Contours Corporation,Newtek Sma-11042,Loan-35501
Richard French,35361,Loan-35513
SALON SIXTEEN14 LLC,12923,Loan-35516
S-D LANDSCAPING & LAWN CARE LL,6560,Loan-35521
The SB Property Group LLC,27237,Loan-35541
Tim Lowe,2720,Loan-35544
USA EXPRESS,6548,Loan-35550
Utah County Dog Training Club,9204,Loan-35551
Colbean Inc,24170,Loan-35580
Frameworx LLC,6548,Loan-35595
FSA ADVISORS LLC,20624,Loan-35598
JOSAN INVESTMENT INC.,57056,Loan-35615
JW Quick Lube Inc,35151,Loan-35619
LEE & ROH ENTERPRISE LLC,57944,Loan-35623
O York LLC,7551,Loan-35640
OTE Welding Inc.,10976,Loan-35644
Paula Truong,VelocitySB-92626,Loan-35645
See You At The Top Inc. dba El,4767,Loan-35658
Shajsukh Inc.,27237,Loan-35659
True Company LLC,32441,Loan-35674
Blackberry and Bay LLC,57993,Loan-35702
Certified Painters Inc.,20845,Loan-35717
Copeland Brothers Electric,14851,Loan-35722
Fidelis Consultants LLC,32441,Loan-35740
G. W. GILL SEWER & DRAIN INC.,6560,Loan-35743
Golden Goals Enterprises Limit,588,Loan-35748
JP Wiseman Construction Servic,21031,Loan-35765
Kentucky Petroleum Recycling I,23627,Loan-35767
LMC Restoration & Construction,32441,Loan-35772
Lofty Labs LLC,8728,Loan-35773
PISCES TRANSPORTATION INC,6548,Loan-35806
PK Coffee Houses Inc. ,6560,Loan-35808
SUNROOM DESIGN CENTERS INC,11813,Loan-35829
THE AWNING COMPANY INC.,15019,Loan-35833
Tima Capital Inc.,World Trad-90017,Loan-35838
A and S UNITED CORPORATION,6560,Loan-35861
A Star Truck Lines Inc,6560,Loan-35863
AVIOTRADE INC.,World Trad-90017,Loan-35873
BNS OF ORLANDO LLC,32441,Loan-35878
Central Arizona Auto Group LLC,58665,Loan-35882
Creighton Nikolas,588,Loan-35887
Frederick W Aldrich,588,Loan-35900
Lanigan Heating & Air Conditio,6560,Loan-35937
L's Shammah Inc,26610,Loan-35940
M&T'S Construction Service L.L,6560,Loan-35942
Northeastern Trucking Company ,6560,Loan-35958
Pabian Ventures LLC,57056,Loan-35962
PROFESSIONAL GRADING INC,6548,Loan-35970
VERVE CARRIERS LLC,6548,Loan-36008
WADE LUKE PLUMBING INC,6548,Loan-36010
CHAD WITTY,6548,Loan-36022
Curated By Chris LLC,35361,Loan-36025
Elsea Flower Farm LLC,27237,Loan-36032
MARATHON SERVICES LLC,6560,Loan-36053
Orndorff Mowen PLLC,35278,Loan-36062
PEAK PACKAGING LLC,6548,Loan-36064
ROSATI'S PIZZA,20624,Loan-36069
Sanibel Commons LLC,35444,Loan-36070
Six Corners Marketing LLC,6548,Loan-36073
Alvah Buck,3285,Loan-36090
ARETE ENRICHMENT SERVICES LLC,32441,Loan-36094
BGM Realty LLC,24045,Loan-36100
Brandenburg Holdings LLC,4214,Loan-36109
c g &c brothers inc,24170,Loan-36111
Creekside Outdoor Living LLC,6560,Loan-36117
Creekside Outdoor Living LLC,6560,Loan-36118
Davis and Davis Inc,America Fi-84405,Loan-36122
Denta Dental of Odessa PLLC,16889,Loan-36123
Fetch Concepts LLC,CDC Small -92106,Loan-36132
Green Arts & Crafts LLC,57944,Loan-36148
Gulf Coast Sourdough and Wild ,33555,Loan-36150
Hollis Fine Furnishings LLC,34010,Loan-36157
I-Auto Sales Inc.,57463,Loan-36159
Jerome Care LLC,33306,Loan-36162
Kami Teriyaki,22366,Loan-36165
NRG Studios Inc,11813,Loan-36186
PATTON'S MARINE SERVICES INC.,34997,Loan-36196
Saje Ideas Inc,11813,Loan-36209
SHERGILL INVESTMENTS INC.,24170,Loan-36218
Vinh Ngo Revocable Trust,6548,Loan-36240
Assistance in Recovery Inc.,18561,Loan-36268
Brandywine Family Medicine P.,588,Loan-36290
Car Wash Mania LLC,57873,Loan-36296
EQ LLC,588,Loan-36331
HIGHTOP Hospitality LLC,Fund-Ex So-33324,Loan-36359
JACOBSON CAPITAL INC.,58665,Loan-36372
JADEC LLC,6560,Loan-36373
L&D TRANSPORTATION LLC,6560,Loan-36388
Millwright Holdings LLC,29961,Loan-36404
New Rutherford Car Wash Corpor,35151,Loan-36411
NSC GROUP LLC,58115,Loan-36417
PILLAR POINT LLC,57056,Loan-36432
Premium West Inc.,20624,Loan-36440
PROPELLA ELECTRIC LLC,34997,Loan-36443
RavenRook Publishing LLC,20624,Loan-36448
Sassafras on Sutton LLC,58665,Loan-36460
Spooner Real Estate LLC,4063,Loan-36480
Sullivan Holdings Corporation,6672,Loan-36488
SW GULF HOMES LLC,6560,Loan-36490
SW GULF HOMES LLC,6560,Loan-36491
TOUCH OF HEALTH MEDICAL CENTER,34607,Loan-36508
V&A Martinez Trucking LLC,4042,Loan-36517
Weld-Rite Industries LLC,6560,Loan-36528
WHITE CITY TRANSPORT LLC,6548,Loan-36530
WILCOX ENTERPRISE INC.,57944,Loan-36532
WinDura III Inc,15229,Loan-36536
Woo's Industries LLC,11813,Loan-36540
Boxing Bear Brewing Company,58665,Loan-36572
BRB Service Partners LLC,58511,Loan-36573
DAVID ALVARADO,6548,Loan-36586
Eco Pursuits LLC,17266,Loan-36596
Encompass Wealth Advisors,58665,Loan-36599
Glacier Diesel Power,32974,Loan-36607
Harpconn Inc.,33555,Loan-36614
Jaminvestments LLC,26610,Loan-36627
JOY BOATMAN,6548,Loan-36631
Leo Salutem Inc.,CDC Small -92106,Loan-36636
Maururu Inc,23621,Loan-36640
Over the Top Tree Care LLC,588,Loan-36658
PDC St. George LLC,33555,Loan-36661
RP Solutions LLC,17534,Loan-36675
Snow Lodge LLC,Newtek Sma-11042,Loan-36689
Sons Auto Restorations LLC,35361,Loan-36691
Southwest Management Enterpris,6384,Loan-36693
Team Gilson Too LLC,58629,Loan-36698
3 Ten Enterprises LLC,23627,Loan-36727
BENIE LOGISTICS INC.,57056,Loan-36744
BK Neuromonitoring PLLC,6384,Loan-36746
CORAL WEALTH MANAGEMENT LLC,18409,Loan-36758
DFW Auto Ventures LLC,7468,Loan-36763
ELITE CAMPING LLC,6548,Loan-36772
EPPEK LLC,29961,Loan-36775
FREEDOM MINI DENTAL IMPLANTS P,6548,Loan-36780
Health Guys Inc,27677,Loan-36789
Jadiba Corporation,34607,Loan-36798
LINH S ALTERATIONS,6548,Loan-36824
Manila Partners Properties LL,57038,Loan-36830
MARCUS HORNING,29961,Loan-36834
MYDJ INVESTMENTS LLC,3511,Loan-36845
Rad Real Estate LLC,27237,Loan-36870
Renegade Builders LLC,Mountain A-84070,Loan-36874
Secure EZ Storage GT LLC,58665,Loan-36880
Semyon Segal DDS Inc,58665,Loan-36881
Snarky Loon Brewing Company LL,12923,Loan-36888
Southside Fitness LLC,58665,Loan-36890
UPDEGRAFF CLINIC FOR ALLERGY A,6384,Loan-36907
505 Portable Restroom & Pumpin,6548,Loan-36916
A &amp; T Yard Service Inc.,8273,Loan-36917
Bansko LLC,17266,Loan-36929
Bullseye Home Services,58665,Loan-36939
Cumberland Landscape Group LL,12437,Loan-36957
D Decker Painting LLC,11813,Loan-36958
Deltech Inc.,17534,Loan-36962
Funk Pet Ventures LLC,12633,Loan-36976
Jersey Shore Financial Group,58665,Loan-37004
Khazal Real Estate Holdings L,57873,Loan-37012
KMBARON CONSULTING INC,6548,Loan-37013
Lifetime Asset Management LLC,58665,Loan-37022
Little Sprouts Academy Inc,34997,Loan-37023
LITTLE WONDERS LEARNING CENTER,America Fi-84405,Loan-37024
LMS TRANSPORTATION LLC,6548,Loan-37026
LMS TRANSPORTATION LLC,6548,Loan-37027
PREET KAMAL,6548,Loan-37058
PUMP N PACK LLC,24170,Loan-37063
Radiance Medical Aestetics LLC,8728,Loan-37066
Rikkel Corp,17534,Loan-37074
Santok Inc,20845,Loan-37078
ShivNeev LLC,58348,Loan-37085
The Photo District Inc,26610,Loan-37101
West 84 LLC,35519,Loan-37115
Advance Haulers INC,5116,Loan-37131
AETERNUM SUNFLOWER INC,6548,Loan-37135
Carlsen Enterprises LLC,Mountain A-84070,Loan-37176
Doebler Development LLC,24045,Loan-37203
Flat Iron Corp,17393,Loan-37217
GAV AND ASSOCIATES LLC,588,Loan-37219
Great North Spice LLC,3832,Loan-37227
Greener Day Solutions LLC,6548,Loan-37229
Home Instead Manchester,58665,Loan-37241
HONGDA TRUCKING INC,6548,Loan-37242
JP XPRESS LLC,6548,Loan-37257
Nine Coins LLC,32203,Loan-37293
North Coast Eye Surgery LLC,16889,Loan-37295
Trajextori Company,Fund-Ex So-33324,Loan-37334
3-Siu LLC,CDC Small -92106,Loan-37356
Abratec USA Inc,628,Loan-37359
Atlas Laboratories Inc.,17534,Loan-37373
barbados LLC,27237,Loan-37379
Breathe Dental LLC,11063,Loan-37391
Christopher and Amy Cleveland,35323,Loan-37404
CLASSIC EMBROIDERY LLC,6548,Loan-37406
Dig Deep Research LLC,57056,Loan-37421
family hospitality inc.,58626,Loan-37432
FLXON Incorporated,19772,Loan-37435
G G Multani Inc,58816,Loan-37442
GNICE RIDING COMPANY LLC,3511,Loan-37446
Hamlin Market & Deli,22366,Loan-37450
INDELCOR CORPORATION,24170,Loan-37458
JUSTYARDSIGNS INC,Lake Michi-49512,Loan-37471
Lagudi Fresh Food Group LLC,29961,Loan-37479
Mahaffey Insurance Agency LLC,58665,Loan-37491
Millennium Termite & Pest,16571,Loan-37498
MVP  Sports Group LLC,27237,Loan-37501
Normandie 24 Inc.,57873,Loan-37504
Prestige Posh LLC,26610,Loan-37522
SAMCAKES LLC,17838,Loan-37538
Silversun Cleaning LLC,33306,Loan-37544
STRATEGIC INSURANCE SERVICES L,34997,Loan-37551
STROHL HOLDINGS LLC,34363,Loan-37552
Transpro Logistics Inc,6560,Loan-37568
Tri-State POS Solutions LLC,6976,Loan-37571
Anna A Reynolds LLC,6548,Loan-37603
Aqua Stop Waterproofing,11813,Loan-37605
Aviva Labs Inc,32773,Loan-37611
Bhole Shiv LLC,58626,Loan-37621
Bravo Family Care LLC,57903,Loan-37626
CLL Services Inc.,32441,Loan-37636
CR MACHINING,6548,Loan-37640
Dreamstone Property Management,33555,Loan-37654
DRWDMD LLC,32441,Loan-37656
E & S Lash LLC.,18561,Loan-37658
E-Generation Corporation DBA I,588,Loan-37663
ESSAYONS CONSTRUCTION & MANAGE,2270,Loan-37668
Eugene Oil 1 Inc.,57444,Loan-37669
GGK Holdings LLC,9846,Loan-37677
LAMBS MEDICAL SUPPLY OF INDIAN,12854,Loan-37706
LGA Garage Door Service LLC,26610,Loan-37708
Main Street Storage FW LLC,8056,Loan-37713
MKB Pharmacy Inc,28905,Loan-37719
Navkar LLC,27677,Loan-37722
Road Runner Courier Service I,57777,Loan-37749
Robert C. Van Gunten Inc.,6560,Loan-37750
Skip Collision,22366,Loan-37766
Symmetry Holdings Inc.,17266,Loan-37783
Tode Lanscape Contractors Inc.,18409,Loan-37793
Imagine Technology Group LLC,4767,Loan-37825
ACCURITE MACHINING & ENGINEERI,6548,Loan-37838
All Year Cooling and Heating ,58030,Loan-37841
Bamboo Express LLC,8870,Loan-37857
Big Bear Construction Inc.,CRF Small -55402,Loan-37864
Danos Asset Management LLC,26610,Loan-37884
Dreamy Draw OR2 LLC,58665,Loan-37891
JOEL F. KROCKER INSURANCE AGEN,6560,Loan-37920
Koinonia Wealth LLC,20624,Loan-37928
Las Vegas Custom Signs LLC,14851,Loan-37932
M&A Holdings America,27237,Loan-37940
Phillip and Janet Myers LLC,32441,Loan-37963
PRO-GRO MIXES INC.,16571,Loan-37971
Russell N. Hadley,58665,Loan-37983
Summit Stores MM 1 Inc.,35444,Loan-38003
Tinker Capital Management Inc.,58665,Loan-38011
Wolf Wellness Inc,57095,Loan-38026
Wolf Wellness Inc,57095,Loan-38027
1211 Cinnaminson Ave. LLC,23621,Loan-38032
A. GILE & CO. LLC,58665,Loan-38039
Cameron Physics Inc.,27677,Loan-38069
Element Moving and Storage,58739,Loan-38104
First Cut Sawing and Breaking,4767,Loan-38110
Jason Morris DPM Podiatry Co,17266,Loan-38140
JAY D REDD MD PC,Mountain A-84070,Loan-38141
Joint Napa Valley Physical The,Mortgage C-94612,Loan-38145
KIEM VU,628,Loan-38152
National Technology Group Inc.,588,Loan-38188
P & C Group Inc.,24170,Loan-38201
P&W Holdings LLC,58665,Loan-38202
ROQ Fitness LLC,17534,Loan-38218
Shiv of Amory LLC,9366,Loan-38230
The Daiquiri Depot NB LLC,PeopleFund-78702,Loan-38249
Theco Inc.,33761,Loan-38257
VANDENHOUT CHIROPRACTIC PLC,35406,Loan-38261
VIKING ARCO C-STORE INC,58348,Loan-38263
Wilco Interiors LLC,32441,Loan-38265
Workkollage LLC,24045,Loan-38269
180 South Street LLC,35323,Loan-38274
ARIZONA FLORAL EXCHANGE INC.,57056,Loan-38287
ARIZONA FLORAL EXCHANGE INC.,57056,Loan-38288
B E T Brokerage LLC,588,Loan-38291
BHALINDER CHAHAL,6560,Loan-38295
Charlotte Senior Care LLC,32441,Loan-38308
Classic Ruby Inc,20845,Loan-38310
Custom Machine Works Inc.,8728,Loan-38320
Dogtopia of Maplewood,58665,Loan-38331
Drake Pothier Insurance Agency,14851,Loan-38336
DYOUNGNASH ARCHITECTURAL WOODW,6548,Loan-38338
Finney Hospitality Group Inc.,17393,Loan-38346
Fox Companies LLC,8273,Loan-38348
Fox Companies LLC,8273,Loan-38349
ImmersiveTouch Inc,33935,Loan-38372
Industrial Solar Consulting In,983,Loan-38375
Jeffrey Sanders Trucking,6560,Loan-38384
KSK Hospitality LLC,35444,Loan-38400
Lennick Agency LLC,8728,Loan-38404
Marcus Taplin Productions LLC,6548,Loan-38414
ODEN'S TRUCKING,6548,Loan-38429
PLANET TRUCKING INC,6548,Loan-38441
REEN TRANSPORTATION LLC,6560,Loan-38451
Rittenhouse Book Distributors,19772,Loan-38452
Robert Ryan or Nominee,32773,Loan-38453
SOON NO KIM,57463,Loan-38467
Springhill Construction LLC,33555,Loan-38473
TCIC MN INC.,35406,Loan-38489
Upstate Irrigation LLC,32441,Loan-38503
3302 Azeele LLC,Lake Michi-49512,Loan-38517
Angie's Place LLC,8889,Loan-38532
Bradford Septic Tank Co,15019,Loan-38550
Designer Stone Center Inc.,58228,Loan-38588
Donald Robert Smith Jr,588,Loan-38591
Front Porch Freight Inc.,15229,Loan-38607
Huther Alliance LLC,5510,Loan-38624
J Foley Trucking,6560,Loan-38628
Kim & Associates LLC,58665,Loan-38645
Kristy K. Chung DMD Inc,57056,Loan-38648
Lindaas Group LLC,32441,Loan-38655
Liquid Plumbing Inc.,24170,Loan-38656
MAAB LLC,27237,Loan-38662
Maha Laxmi LLC,9204,Loan-38664
Martin Business Advisors LLC,5510,Loan-38667
McCann's Enterprises LLC,27677,Loan-38669
Nelson Nash & Co. CPAS P.S.,58665,Loan-38680
Nelson Nash & Co. CPAS P.S.,58665,Loan-38681
RAINBOW FUEL STOP LLC,27476,Loan-38699
Seashore Auto Inc.,22366,Loan-38710
TEXAS LED LIGHTING COMPANY,Readycap L-7922,Loan-38724
The Learning Experience,58665,Loan-38728
Tinlin Chiropractic PLLC,17393,Loan-38731
Triple D Inc.,Readycap L-7922,Loan-38735
VO INSURANCE INC,57056,Loan-38744
WLS Texas LLC,57095,Loan-38751
ZMRG Inc,29961,Loan-38756
GLV Inc,20624,Loan-38774
Linn Holdings LLC,17393,Loan-38782
Penn Auto Group LLC,17838,Loan-38791
Electric Services LLC,58665,Loan-38816
AEGIS Holdings CA LLC,4042,Loan-38837
Auto Trim Design of Cleveland ,6560,Loan-38847
CLT Lighting LLC,Fund-Ex So-33324,Loan-38873
DAI Industries LLC,7468,Loan-38881
DAI Industries LLC,7468,Loan-38882
DD Borchert LLC,21714,Loan-38885
Good Biz Partners LLC,26610,Loan-38909
Hard Way Enterprises Inc.,23621,Loan-38915
Hard Way Enterprises Inc.,23621,Loan-38916
Indiana Automotive Equipment,58665,Loan-38928
Indiana Automotive Equipment,58665,Loan-38929
Love Truck Line Incorporated,29961,Loan-38957
Mister Beer Runner & Services ,18409,Loan-38971
ML Contracting Inc.,6384,Loan-38973
MRG Cape Remodeling & Construc,11813,Loan-38981
NH HOTEL LLC,58626,Loan-38985
NJ FURNITURE COMPANY LLC,17838,Loan-38987
Prisha Hotels LLC,20845,Loan-39007
RHB SOLUTIONS LLC,16889,Loan-39014
Scott Paving LLC,6560,Loan-39029
Scott Paving LLC,6560,Loan-39030
Semper Subs LLC,34444,Loan-39032
STREAMLINE SOLUTIONS LLC,6548,Loan-39044
SUN TRANSPORT INC,6560,Loan-39046
The Idea Works LLC,17266,Loan-39056
The Rental Depot Inc.,29961,Loan-39058
VALENTIN R SILVA LLC,6384,Loan-39071
Vertical Technology Services L,588,Loan-39072
1120 W Taylor LLC,16571,Loan-39089
8917 Jamaica LLC,26610,Loan-39095
Ameridough Inc.,57901,Loan-39101
Dustin J. Adamek DDS PLLC,16889,Loan-39158
Epipheo Inc.,258,Loan-39164
Fairfield Food Group LLC,58665,Loan-39165
FLEX AERO AIRCRAFT PAINTING AN,58030,Loan-39176
GLJ Inc.,6976,Loan-39184
Hont Global Services Inc.,20845,Loan-39207
Hudson Pet Depot LLC,18221,Loan-39213
JET Hauling and Moving Inc.,35444,Loan-39222
JNK ATL Enterprises LLC,32441,Loan-39229
Kabir Pacific LLC,27237,Loan-39237
Kahlon Sub LLC,CDC Small -92106,Loan-39238
MV Enterprises,58722,Loan-39281
PAC Holdings LLC,34997,Loan-39294
ParcelPac Inc.,57056,Loan-39296
PATHWAYS COMMUNITY LIVING LP,7468,Loan-39298
PATHWAYS COMMUNITY LIVING LP,7468,Loan-39299
Pita Pita I Inc,19772,Loan-39303
PREMIER BUILDING SERVICE CONTR,6560,Loan-39306
PRML Sports LLC,35278,Loan-39307
RAPIDWCTRANSPORT LLC,Fund-Ex So-33324,Loan-39313
Samcakes LLC,6560,Loan-39327
South Park Hardware LLC,Newtek Sma-11042,Loan-39341
STK-1 Property Management LLC,57176,Loan-39349
Strah Financial Group Two LLC,58665,Loan-39350
TN CIS II L.C.,58665,Loan-39363
TN KJKlingenberg L.C.,58665,Loan-39364
TN MIchigan L.C.,58665,Loan-39365
Touche Touchet Ent LLC,588,Loan-39367
A and e restaurants LLC,23621,Loan-39388
Beachwood Adventures II LLC,16889,Loan-39411
CSM Coastal LLC,34607,Loan-39444
Drawbridge Consulting and Sear,57056,Loan-39460
DUNHAMS MOUNTAIN SERVICES LLC,6548,Loan-39462
EGR Holdings LLC,4988,Loan-39466
Galaxy Metal Management INC,35278,Loan-39481
GSE Laundry LLC,35444,Loan-39496
HARLAN AND SON LLC,6548,Loan-39502
HERITAGE VINE INC.,58722,Loan-39507
J & T Family Group LLC,6548,Loan-39519
JELD Partners Inc.,3832,Loan-39520
K ISHWAR V JUMP LLC,58626,Loan-39534
MEE Commercial Properties LLC,27237,Loan-39563
North Timberland Express Inc.,20845,Loan-39585
Omotayo CPA LLC,35361,Loan-39592
OPTIMAL FEET LLC,3511,Loan-39593
Pacific Metals Trading Inc.,57463,Loan-39595
PBS TRANSPORT LLC,6548,Loan-39602
Perkins Insurance Agency,58665,Loan-39605
San Antonio Lackland Hotels LL,20845,Loan-39633
Santa Monica Property Manageme,58291,Loan-39635
Shivaan LLC,20624,Loan-39644
Signaturetone Recording,18561,Loan-39646
SJA QUEEN CREEK LLC,3931,Loan-39648
SUHAIL INVESTMENTS LLC,6560,Loan-39659
THE YARN STORE AT NOB HILL LLC,6548,Loan-39677
TRI-LIN HOLDINGS LLC,27237,Loan-39683
2Day's Special LLC,Justine Pe-63106,Loan-39703
6S LLC,34997,Loan-39706
A Better Plumber Inc.,6672,Loan-39707
AP TRANS INC,6560,Loan-39719
Automotive Restorations Inc.,3510,Loan-39724
Beachwood Adventures II LLC,16889,Loan-39736
Bevel South Tampa LLC,Lake Michi-49512,Loan-39737
Business Accounting Services ,Mountain A-84070,Loan-39751
CHAMPION LAWN & GARDEN LLC,57095,Loan-39760
Earthworm Organics Corporation,6548,Loan-39786
Enon Holdings LLC,26610,Loan-39796
GEMTRANS INC,11813,Loan-39812
Hector's Auto Repair Inc.,57873,Loan-39822
Hendersonville Cookies and Cre,16889,Loan-39823
HITES FUNERAL HOME & CREMATION,58722,Loan-39827
Hunt & Hunt LTD.,58228,Loan-39830
Just Right Task Management Co.,6560,Loan-39846
KalaRavi Inc,20845,Loan-39848
Landscape Art Inc.,58228,Loan-39866
Lusso Jewelry Inc,26610,Loan-39874
Michelau Tree Service LLC,9536,Loan-39892
RCAC Holdings LLC,32441,Loan-39926
RGM Hospitality LLC,57056,Loan-39929
Ritu LLC,34363,Loan-39932
TSK Laundry Inc.,4016,Loan-39989
U14 LLC,17534,Loan-39991
US HEALTHCARE SOLUTIONS INC.,35361,Loan-39992
Usama Chaudhry,27237,Loan-39993
Wisconsin Granite LLC,Fund-Ex So-33324,Loan-40005
Wonderstate Madison LLC,19608,Loan-40007
XJB CLIMBING LLC,18409,Loan-40010
A Good Venture LLC,16571,Loan-40020
All Metro Service Companies LL,57603,Loan-40024
AST STORAGE LLC,8728,Loan-40033
bhaktahospitality llc,58626,Loan-40043
Blu Ventures LLC,131,Loan-40046
BLUE PACIFIC RESOURCES INC,6548,Loan-40047
Brand Framing Inc,33761,Loan-40050
Cedar Fortune LLC,20845,Loan-40055
Corona Med Plaza,20845,Loan-40063
Design Support,15019,Loan-40072
H&A Discount Furnture,57716,Loan-40104
HB Molding Inc.,23627,Loan-40109
Houston Management Enterprises,27237,Loan-40122
Iafrate Trucking LLC,6560,Loan-40126
Ideal Commercial Interiors LLC,5116,Loan-40127
Jeffrey R. Randel,14225,Loan-40136
KIDDIE WORLD LLC,57056,Loan-40150
M&S Partners L.P.,35361,Loan-40175
Magic Bubbles of Mecklenburg C,32441,Loan-40178
MAVERICK INSURANCE GROUP LLC,23627,Loan-40185
Mayday Enterprises LLC,6560,Loan-40187
OMEGA LEAGUE INVESTMENTS LLC,6672,Loan-40214
PARADIGM TRUCKING LLC,6560,Loan-40218
PKZ Phronesis LLC,20624,Loan-40230
Planning Capital Management Co,58665,Loan-40231
Princeton Rocks LLC,57777,Loan-40236
QUALITY SANITATION SERVICE LL,58665,Loan-40242
R5 Associates Inc.,57777,Loan-40247
RIMA CARDS & GIFT INC,588,Loan-40253
STEPLADDER FARMSTEAD CREAMERY,Wings Fina-55124,Loan-40295
Tae Young Inc,26610,Loan-40305
TJD Landworx LLC,588,Loan-40314
Trotta's Holdings LLC,6560,Loan-40318
VAR LANDSCAPE LLC,3511,Loan-40325
Bluewater Capital Inc.,23621,Loan-40343
DDH PROPERTIES LLC,6560,Loan-40349
Patterson Earnhart Real Bird &,4767,Loan-40360
Rey-Tex LLC,32441,Loan-40362
Sunshine Bilingual Montessori ,CDC Small -92106,Loan-40367
Hampton Inn Sunbury,57056,Loan-40390
Infared Testing Incorporated,6560,Loan-40394
Nemer LLC,17266,Loan-40405
Pioneer Holdings L.L.C.,27237,Loan-40407
Revival Concrete Coatings LLC,14207,Loan-40414
The Protein Foundry LLC,20624,Loan-40419
Acerose LLC,58665,Loan-40434
Aesthetic Management Partners,12437,Loan-40435
ALIJA ALAGIC,6560,Loan-40438
ANYTHING PRODUCTIVE INC,29012,Loan-40443
BAS Home Services LLC,32441,Loan-40452
BOTACH INC.,58722,Loan-40465
Developmental Services and Car,28489,Loan-40498
DUDLEY STEPHENS LLC,628,Loan-40506
GR8PL8S Inc.,CDC Small -92106,Loan-40529
HARMONY WELLNESS GROUP INC.,35456,Loan-40539
Indico Properties Inc,33555,Loan-40551
JJMM LLC,6560,Loan-40564
JMZ Inc.,16958,Loan-40566
Ken Anderson MD PC,Readycap L-7922,Loan-40570
LEXINGTON HOSPITALITY LLC,58626,Loan-40577
Lifted Food Co LLC,17534,Loan-40580
Mid-Illinois Dental Clinic LL,19506,Loan-40595
Nest Egg Wealth Management In,20624,Loan-40606
Ordiant Capital Advisors,11813,Loan-40613
Reliant Medical L.L.C.,12368,Loan-40633
Reliant Medical L.L.C.,12368,Loan-40634
Sculptice L.L.C,University-84106,Loan-40647
T3 Family Enterprises LLC,32441,Loan-40664
Thind Corporation,57463,Loan-40673
4312 Argentina LLC,18561,Loan-40708
4RB A-American LLC,58018,Loan-40711
6226 17th Ave LLC,35323,Loan-40712
ACUMEN MB LLC,6548,Loan-40717
Amazing nails and spa,6548,Loan-40724
Artistic Interiors Inc,33555,Loan-40728
BLISSFUL SPOON LLC,6548,Loan-40750
Choice Words LLC,588,Loan-40772
Colorado Sports Medicine and O,33555,Loan-40779
CrewVanCo LLC,9204,Loan-40785
David Nehem,27237,Loan-40791
David Neheme,27237,Loan-40792
GULF2BAY ENTERPRISES INC,20624,Loan-40825
Harold's Photo Inc,4016,Loan-40830
Jassa Enterprises LLC.,57056,Loan-40843
JB Financial Enterprises LLC,58665,Loan-40844
MEALS FOR ALL INC,57716,Loan-40885
MURGOR INC,5116,Loan-40898
NELA DEVELOPMENT 1 LLC,27237,Loan-40903
NWA Ground Services LLC,8728,Loan-40912
Pacific Onesource Inc.,35278,Loan-40920
Peaches Kitchen Catering LLC,588,Loan-40926
RED ZONE FLEET SERVICES LLC,32441,Loan-40947
SEASONAL QUEST LLC,18409,Loan-40970
Southstone LLC,4178,Loan-40984
Westside Hose Company LLC,8537,Loan-41026
William B. Stetson MD APC,27237,Loan-41028
Yoga Six Fort Union L.L.C.,2270,Loan-41032
A & M Liquor LLC,26610,Loan-41040
Acme Gear Co. Inc.,11813,Loan-41048
ADAM ARUGULA INC,20845,Loan-41049
Allure Fashionz,6548,Loan-41056
Avenue Kids LLC,5116,Loan-41070
AVIOTRADE INC.,World Trad-90017,Loan-41071
AVOCADO HUMMUS INC,20845,Loan-41072
BADHAN CARRIER LLC,6560,Loan-41077
Barstow Enterprises Inc,57056,Loan-41078
BASES LOADED ORLANDO LLC,17534,Loan-41079
Bluebird Logistics LLC,24998,Loan-41085
Charles D Wild,20624,Loan-41097
Cincinnati Ceramic Coating Inc,8056,Loan-41100
Cincinnati Ceramic Coating Inc,8056,Loan-41101
Conrad Investments LLC,16450,Loan-41108
Elsis Educators LLC,33555,Loan-41127
Howell Rehabilitation Inc DBA,6560,Loan-41161
Independent Texas Recyclers LL,57665,Loan-41163
Infosec Learning Inc.,Port 51 Le-10017,Loan-41165
Katzer Concrete Inc,4016,Loan-41195
Laguna Beach Lodge LLC,58291,Loan-41201
Maa Ashish LLC,9366,Loan-41219
Maglia Holdings LLC,57777,Loan-41221
Maglia Holdings LLC,57777,Loan-41222
Matt Morgan Holding Company LL,3511,Loan-41230
Mivid LLC,58739,Loan-41236
O'Neil Mechanical LLC,6560,Loan-41255
RIVER ROAD READY MIX PRODUCTS,12437,Loan-41297
Sunny Inn LLC,First West-75225,Loan-41335
TFI MANUFACTURING LLC,6560,Loan-41342
Triple Silver Hospitality CW L,4042,Loan-41357
Turner Towing LLC,19123,Loan-41361
Unified Steel Llc,6560,Loan-41363
VIAGGIO INC.,35361,Loan-41370
Waxman Sales LLC,57056,Loan-41380
Weddings.Live LLC,8728,Loan-41381
XCENTRIC BEAUTY SUPPLY LLC,6548,Loan-41389
A Country Veterinary Clinic,58665,Loan-41403
BIG BOY ENTERTAINMENT LLC,26333,Loan-41429
Cynthia Ann Balanesi,16571,Loan-41457
Harris Future Holdings LLC,Port 51 Le-10017,Loan-41501
HOME HEALTHCARE OF COLLIER COU,32441,Loan-41506
Jabro Properties LLC,17534,Loan-41519
Justin Mueller Inc,13868,Loan-41528
Microfine Incorporated,Port 51 Le-10017,Loan-41554
MSM Investments LLC as an EPC ,2270,Loan-41562
RACHNA PALL D.D.S. INC.,6548,Loan-41585
SAMUEL S CHOI INC,983,Loan-41597
Shree Sumukh LLC,58348,Loan-41605
WP VENTURES LLC,33761,Loan-41654
Advis Inc.,6560,Loan-41664
Baron Bessemer LLC,9366,Loan-41677
BROOKES VENTURES INC.,32441,Loan-41686
Castano Agency LLC,14851,Loan-41692
CO-MAN OF GA LLC,6672,Loan-41698
ENA Healthcare Communications ,34607,Loan-41715
FRONT COUNTRY CARPENTRY,6548,Loan-41724
High Prairie Stables,4160,Loan-41732
Level Creek Construction Servi,12368,Loan-41750
SIX SIGMA CONSULTANTS INC,35278,Loan-41793
Southern Horizon Holding LLC,9846,Loan-41794
Good Hands Supported Living L,Telhio Cre-43215,Loan-41826
B52 CARGO LLC,6560,Loan-41836
ACCURITE MACHINING & ENGINEERI,6548,Loan-41845
Alternative Automotive Inc.,35361,Loan-41848
BRIMSTONE MASONRY AND RESTORAT,3511,Loan-41865
BSN Santa Fe Enterprises Inc,35444,Loan-41866
BUMBLE FITNESS CORPORATION,11813,Loan-41867
IM TRANSPORT LLC,6560,Loan-41899
JP XPRESS LLC,6548,Loan-41903
LIGHTHOUSE RESTORATION LLC,6548,Loan-41907
Lightning Investments LLC,34607,Loan-41908
Metal Works of High Point Inc,11063,Loan-41915
MinnyRow Foods LLC,16111,Loan-41916
NEAUMIXFIT LLC,6548,Loan-41920
Oregon Pacific Railroad Compan,17266,Loan-41924
RKCC Properties LLC,34997,Loan-41938
SMT Colorado LLC,3832,Loan-41951
Sturtevant Super Store LLC,8056,Loan-41953
TWO RIVERS CREMATION SERVICES,58665,Loan-41960
410 Collision LLC,29546,Loan-41970
Cejudo Property Holdings LLC,27237,Loan-41994
CJRR Investments LLC,27237,Loan-41996
J.T.B PROPERTY BEAUTIFICATION ,27237,Loan-42039
Limble Solutions LLC,2270,Loan-42048
O. K. TIRE STORES INC.,6548,Loan-42059
Parkside AFH LLC,17266,Loan-42063
SAM 2 LLC,11813,Loan-42070
Seamless Fire Protection LLC,628,Loan-42071
The Pet Salon Inc.,23621,Loan-42083
us accurate construction & Dev,34607,Loan-42091
A.P.E.S.,58665,Loan-42098
Blooming Garden LLC,17266,Loan-42124
DYDAZ LLC,27237,Loan-42151
Farm To Toast Co.,7468,Loan-42163
Here We Go Express Inc.,6560,Loan-42176
Method Marketing LLC,34997,Loan-42213
PFFL Holdings LLC,3832,Loan-42239
Primeros Pasos LLC,34607,Loan-42246
Shea Liz Holdings LLC,17266,Loan-42264
SOL SERVICES INC,33555,Loan-42267
UH&LI Group LLC,24920,Loan-42285
Units of Las Vegas,58665,Loan-42287
Woven Water Brewing Company L,6560,Loan-42296
WURSTBAR MKE LLC,16160,Loan-42297
CHOPFIT I LLC,17838,Loan-42317
Dumont Holdings Taunton LLC,18221,Loan-42322
DuPont Hill Delivery Inc.,57056,Loan-42323
PLATINUM REFRIGERATION INC,983,Loan-42366
Post Haste Sound Inc.,983,Loan-42367
SHOREWOOD INN,57056,Loan-42383
ARTISAN GROUNDS LANDSCAPING LL,32773,Loan-42406
A-Z Auto Repair,6560,Loan-42408
BATTLE ARMS DEVELOPMENT INC,6548,Loan-42409
Be-You-tiful Beginnings LLC,6560,Loan-42411
Be-You-tiful Beginnings LLC,6560,Loan-42412
David Tougas,6560,Loan-42420
David Tougas,6560,Loan-42421
Enrique Zavala and Alicia Fern,58291,Loan-42427
GO GO FAST DELIVERY CORP.,6548,Loan-42436
ID312 LLC DBA 3S ADVISORY GROU,628,Loan-42443
INNICA LLC,18409,Loan-42444
International Division Inc.,58115,Loan-42445
MARIO SANTACRUZ SANTOS,6548,Loan-42462
MATTHEW PRATT TRUCKING LLC,6560,Loan-42464
Merge Architectural Group LLC,983,Loan-42465
NOTHING BUNDT CAKES,58722,Loan-42474
Onec619 LLC,17534,Loan-42478
SALUBRIOUS NURSE PRACTITIONERS,4214,Loan-42488
Simply Smart Technology LLC,6548,Loan-42493
Tribco Inc.,6560,Loan-42503
W & FRIENDS INC,18409,Loan-42509
ABI Insurance,58665,Loan-42522
Bae's Skin Care,22366,Loan-42530
Dependable Plumbing LLC,6548,Loan-42545
Fatpine LLC,17266,Loan-42559
Fitness Coaching LLC,588,Loan-42560
FL 280 LLC,5510,Loan-42561
Foundation Millwork and Stone,17393,Loan-42562
JAB Holding Co. LLC,16571,Loan-42574
LA CHAPARRITA INC,6548,Loan-42584
NME Carolina Holdings LLC,35444,Loan-42601
Olson Transport Inc.,Readycap L-7922,Loan-42605
Pfaffle Properties Inc,6548,Loan-42607
R Lee Properties Inc.,5116,Loan-42610
SEA AND SKY INC,17838,Loan-42623
SEA AND SKY INC,17838,Loan-42624
Strickland Brothers 10-Minute,58665,Loan-42632
Alta Farms LLC,University-84106,Loan-42655
DRAGUN TORCHES LLC,3511,Loan-42675
Governor Inc.,983,Loan-42682
Governor Inc.,983,Loan-42683
HawaikikiTeleHealth LLC,17308,Loan-42684
JAKEENO'S INC,6548,Loan-42688
K-CO Products LLC,2270,Loan-42694
KIDS IN ACTION OF LONG ISLAND,628,Loan-42697
PALLET TOWN LLC,3511,Loan-42707
Thom's Market LLC,3256,Loan-42725
Union Market,24170,Loan-42730
Apollo Spine and Pain Center ,Georgia's -30303,Loan-42746
COMPLETE RESTORATION SERVICES,6560,Loan-42768
Crew Metal Fabrication Company,628,Loan-42772
Dasher LLC,23621,Loan-42775
Everything Green Lawn and Land,18409,Loan-42781
KWIK SERV,57056,Loan-42801
PBS TRANSPORT LLC,6548,Loan-42817
Reavis Electrical Services INC,4214,Loan-42822
Robert Richards,6560,Loan-42824
Sterile Cleanse LLC,32441,Loan-42833
A & D Express LLC,6560,Loan-42850
A BLESSED DAY CARE LLC ,17393,Loan-42851
AMANDEEP S CHAHAL,6548,Loan-42855
KUSHNER STUDIOS ARCHITECTURE &,3510,Loan-42902
LAS VEGAS BOTTLE WATER DELIVER,6548,Loan-42904
Old Cuban Cafe Express LLC,35444,Loan-42914
Skating Clubs of West Georgia ,Georgia's -30303,Loan-42931
Son'Kissed Designs Inc,18409,Loan-42933
UTENSIL EMPIRE CORP,6976,Loan-42948
Wine House OTR LLC,6548,Loan-42953
Ad Hern Construction Inc,6548,Loan-42957
Aegis Logistics Corp.,17838,Loan-42958
Edward J Groover dba Edward Gr,6560,Loan-42980
Freedom Coaching LLC,35519,Loan-42986
ROSECRANS & CAUBY LLC,27237,Loan-43035
SK Family Kitchen Inc,26610,Loan-43043
Sophron Networks LLC,9846,Loan-43044
Trinity Partners of Central Te,3285,Loan-43060
ALKAMANO  INC,6560,Loan-43065
Built Brands LLC,59052,Loan-43071
DWP TRANSPORT LLC,6548,Loan-43098
MASA LLC,17534,Loan-43114
NORTH TEXAS INSURANCE AGENCY I,58665,Loan-43122
ONC Trading LLC,26610,Loan-43124
Q-II Wilmington LLC,58665,Loan-43131
Sasmar LLC,17534,Loan-43137
Twin city Logistics inc,5116,Loan-43145
1TOUCH TOTALCARE SOLUTIONS LL,18409,Loan-43150
Bethsaida Holdings LLC,16571,Loan-43163
Bricepac Inc.,CDC Small -92106,Loan-43167
EVERGREEN OCEAN INC.,26610,Loan-43182
EXPORT GLOBAL METALS INC.,17266,Loan-43184
JMJ Cleaning Services,Neighborho-10032,Loan-43206
JMJ Cleaning Services,Neighborho-10032,Loan-43207
KKO Hospitality LLC,57056,Loan-43212
SAVANS Inc,12923,Loan-43258
SBG Healthcare LLC,35361,Loan-43259
TLS Capital Inc.,16571,Loan-43272
TRACTOR RESTORATION SERVICES L,588,Loan-43275
West Ave Plastic Surgery PA,35361,Loan-43285
A & M Childcare LLC,Black Hill-57702,Loan-43292
All Green Lawn Landscape,3330,Loan-43296
Anh Kitchen LLC,US Eagle F-87109,Loan-43299
Bluff City Packaging LLC,20624,Loan-43304
Canuckjenny LLC,8889,Loan-43308
DCES CORP.,6548,Loan-43317
Interstate Batteries of North ,57056,Loan-43339
Murray & Willems LLC,3511,Loan-43360
Northshore Learning Center LLC,31628,Loan-43363
Photo Booth International LLC,35361,Loan-43366
PURE ULTRAVIOLET LLC,6548,Loan-43368
The Guardian Agency LLC,11813,Loan-43388
CAOB Enterprises Ltd.,6560,Loan-43409
CAOB Enterprises Ltd.,6560,Loan-43410
Davy Realty L.L.C.,7551,Loan-43415
EXCELLIGENT LLC,6548,Loan-43422
GRACE C LEWIS CPA PA,35361,Loan-43426
Northeastern Trucking Company ,6560,Loan-43462
Philadelphia Gymnastics Academ,35456,Loan-43470
Shawn Anderson,3330,Loan-43482
West Park Marine Center L.L.C,VelocitySB-92626,Loan-43505
1304 North Broad Street LLC,35323,Loan-43511
Akshara LLC,11063,Loan-43514
Fueled by Culture,34997,Loan-43546
Green Waste Management LLC,14851,Loan-43552
NO BETTER PLACE INC,34997,Loan-43590
Peak Degrees LLC,628,Loan-43595
Sall Enterprises V LLC ,57463,Loan-43600
SKA Legacy LLC,57777,Loan-43605
St. Louis Hot Tubs and More LL,16450,Loan-43609
Auerbach's Protein Partners LL,34997,Loan-43639
CHURCH POTENTIAL LLC,588,Loan-43650
DJANEL SPA,6548,Loan-43663
G R Impex LLC,7551,Loan-43676
Gumbo Inc.,8870,Loan-43682
Hector M Delgado DO PA,35361,Loan-43684
HS Trucking LLC,VelocitySB-92626,Loan-43686
Manuel Diaz Law Firm PC,6384,Loan-43706
RITECHOICE HEALTHCARE INC.,32551,Loan-43738
STRYK PERFORMANCE TECHNOLOGIES,3511,Loan-43753
Sunrise Landscape and Construc,588,Loan-43755
TUCKER INSURANCE AGENCY LLC,57903,Loan-43760
AK Fitness dba CKO Murrieta,57252,Loan-43784
DONNA DAVIS STORE,3511,Loan-43820
GROUNDBREAKER DEVELOPMENT LLC,588,Loan-43838
HARPREET SINGH,6548,Loan-43840
HARRISBURG JOINT &amp; MUSCLE,588,Loan-43842
Hemendra Shah,20624,Loan-43843
IJC Systems Inc.,588,Loan-43848
Malm Inc.,6548,Loan-43871
Point Solutions Commercial LL,4767,Loan-43890
Sarver Corporation,35361,Loan-43901
Sisters In Power 365 LLC,6548,Loan-43906
THRIVE COUNSELING & TRAUMA THE,873,Loan-43921
Acting Pro bz inc,57463,Loan-43936
Antigua Productions,588,Loan-43942
CALAHAN BATH AND KITCHEN LLC,588,Loan-43956
Capex Financial LLC,16571,Loan-43959
Chris Woodlee State Farm Agenc,20624,Loan-43961
DBR Enterprises LLC,17266,Loan-43968
EWV ENTERPRISES INC.,628,Loan-43972
HARRISBURG JOINT &amp; MUSCLE,588,Loan-43983
Integrity Business Group LLC,6560,Loan-43995
NVINTEGRITY LP,3511,Loan-44027
PINE RIVER PARTNERS LLC,6548,Loan-44037
Prologue Bookshop LLC,6560,Loan-44038
RANN DRUGSTORE INC,58665,Loan-44043
RnVentory,CDC Small -92106,Loan-44051
SIAURORA Inc.,25858,Loan-44057
SJD Holdings LLC,6560,Loan-44060
TYPE R TRUCKING INC.,18409,Loan-44076
Van Farms,28905,Loan-44077
West Family Home Services Inc.,17838,Loan-44081
Clearview Dermatology PLLC,16889,Loan-44112
Haled Hajdari DDS Inc,32441,Loan-44144
INTELLIGENT ROOFING AND EXTERI,6548,Loan-44156
Key Realty School LLC,11813,Loan-44164
M. G. SUBER AND ASSOCIATES LLC,12368,Loan-44170
Mack Delivery Service Incorpor,57056,Loan-44172
One Hundred 80 Degrees Design,8273,Loan-44189
One Stop Business Solutions LL,5510,Loan-44190
REGENCE CONSULTING LLC,3511,Loan-44198
SDM CONSTRUCTION ENTERPRISES L,6384,Loan-44209
3RD LAW BREACHING TOOLS LLC,588,Loan-44240
CMRCV LLC,34383,Loan-44266
Damar Logistics TMP Corp,Lake Michi-49512,Loan-44267
DSH TREE CARE LLC,6548,Loan-44275
FERRY ST SERVICE AND AUTO SALE,32773,Loan-44280
Fletcher Law Office LLC,12633,Loan-44282
GS Pet LLC,34997,Loan-44286
HAN'S CONSTRUCTION & PLUMBING ,6548,Loan-44289
HAVENCODE SOLUTIONS LLC,3511,Loan-44290
Make Today Great Inc,588,Loan-44307
MINT FRANCHISE CONSULTANTS LLC,32441,Loan-44313
OCTANE AUTOMOTIVE INC.,35361,Loan-44322
R&M UNALIYA LLC,7551,Loan-44331
S7 Transportatioin LLC,6560,Loan-44335
The Juliette Eye Institute LLC,16571,Loan-44349
Vermont Coindry,Readycap L-7922,Loan-44359
2 NEW HEIGHTS LLC,588,Loan-44364
ALL IN FARM LLC,588,Loan-44372
AURORA FRANCHISE ADVISORS LLC,32441,Loan-44380
AUSTIN DOMSCH INS. AGENCY INC,6548,Loan-44381
Blue Sky Bridal,Readycap L-7922,Loan-44388
CRYSTAL JOHNSON REAL ESTATE,6548,Loan-44401
Fit Nova LLC,14851,Loan-44418
G & L Wolfe Inc.,7888,Loan-44420
Global Impex Inc,12368,Loan-44421
Green Room Brewing LLC,17393,Loan-44423
Hopper Group Inc,2270,Loan-44427
Jiffy Lube #3253,58665,Loan-44434
M & S Holding LLC,20624,Loan-44448
MAAK XPRS LLC,6548,Loan-44450
Mike Terry Chrysler Jeep Dodge,58665,Loan-44454
Rising Star of Apopka Child Ca,Port 51 Le-10017,Loan-44473
SMT 4ROLLZ LLC,33555,Loan-44483
TT REAL 3 LLC,27237,Loan-44502
2 NEW HEIGHTS LLC,588,Loan-44514
ANYTHING PRODUCTIVE INC,29012,Loan-44527
BOSTON MEDICAL CENTER INC,3511,Loan-44536
Celtic Performance Inc,58665,Loan-44542
New York Gardens Inc.,588,Loan-44598
NUOVA INC.,35456,Loan-44600
Sogy Brothers Inc,31628,Loan-44630
SOLTEK LLC,6548,Loan-44631
Superior Management of Marquet,57038,Loan-44635
TenX Systems LLC,6548,Loan-44638
TRANSMISSION REPAIR & PARTS C,18409,Loan-44644
VETERINARY TRANSPLANT SERVICES,6548,Loan-44648
Blaisdell Trucking Inc.,6560,Loan-44678
CLOUD NINE ERGO LLC,6548,Loan-44686
EFM Interests LLC.,5510,Loan-44701
ESAS LLC,35444,Loan-44702
EUROPEAN PAINTING INC,6548,Loan-44703
Forte Momentum LLC,14851,Loan-44708
Glassman and Associates Inc.,35323,Loan-44712
GORT AIR CONDITIONER CORP,18409,Loan-44714
Mirsad Melkic dba Mirsad Melki,6560,Loan-44738
Mush Industries LLC,17534,Loan-44740
Ocean Magic Surf Shop,57056,Loan-44746
RESEARCH-STATS-ALGORITHM BIAS ,3511,Loan-44758
REV Rides LLC,28489,Loan-44759
SR Mahi Inc.,57703,Loan-44766
Tightline Real Estate Holdings,6560,Loan-44770
World Mod Inc,35323,Loan-44778
AVENUE 21 INVESTMENTS LLC,6548,Loan-44790
Maxx Cable,6560,Loan-44848
MOURGO LLC,18409,Loan-44851
Z&I TRANSPORTATION LLC,6548,Loan-44892
Blackstone Valley Health and R,57056,Loan-44904
Canworks Inc.,11813,Loan-44909
Dailey LLP,588,Loan-44911
GLOBAL-AID TRANSPORTATION LLC,29961,Loan-44919
Healing Pathways Counseling & ,588,Loan-44921
MJ Rapid Delivery Inc.,11813,Loan-44930
The Ventresca Building Company,6560,Loan-44949
Vaping Connection Lakewood LLC,34997,Loan-44953
Datahaven Solutions Inc.,588,Loan-44977
Devan Medical LLC,6548,Loan-44980
James Madison Hotels Inc.,Everwise C-46601,Loan-45003
Khalsa LLC,Readycap L-7922,Loan-45006
Millennium Medi Spa Inc,3330,Loan-45017
Onyx Strategic Solutions LLC,588,Loan-45023
PBS TRANSPORT LLC,6548,Loan-45025
Peaches Kitchen Catering LLC,588,Loan-45026
Poddar Diamonds USA LLC,6384,Loan-45029
Princeton Woori Mart Inc,26610,Loan-45032
Thomas Halsey,17534,Loan-45055
TRUE CONCEPTS INC.,6548,Loan-45057
Bloom Academy LLC,873,Loan-45083
C & S Yoon Inc.,57944,Loan-45087
Clark County Clean LLC,America Fi-84405,Loan-45092
Donut Cafe,12633,Loan-45109
Fareast Incorporated,6560,Loan-45118
Green Earth Operations Inc,17266,Loan-45132
M.C. Cronen & Associates Inc.,6548,Loan-45154
Modern Mobility Partners LLC,9846,Loan-45163
NIMI WORLD LLC,14851,Loan-45165
ONE STOP MOUNTAIN SERVICES LLC,6548,Loan-45172
Pogosian Nazaryan & Company,58665,Loan-45184
Spruce Horticulture LLP,20624,Loan-45204
St. Augustine Auto Repair LLC,Florida Bu-33607,Loan-45208
THE DOCK BOX GUY LLC,6548,Loan-45214
VBM TRANSPORT LLC,3511,Loan-45227
Viera LLC,5116,Loan-45230
742 LOGISTICS INC.,Readycap L-7922,Loan-45244
DMW Retail Enterprises LLC,15229,Loan-45273
Excalibur Technology Corporati,628,Loan-45277
Gaming Legends LLC,628,Loan-45281
HarperSage Inc.,17534,Loan-45284
Hatzlacha Supermarket Inc.,35323,Loan-45286
MANGALMURTI LLC,57444,Loan-45308
MDM Custom Remodeling Inc.,16571,Loan-45313
Motus Group Inc,628,Loan-45319
Penn Tech Deployments Inc.,9846,Loan-45335
The Choice Nursing and Home He,58665,Loan-45357
THE T5 GROUP LLC,58665,Loan-45359
Tradesmen Alliance LLC,588,Loan-45361
A.S.A Road Service LLC,32773,Loan-45371
A1 UTILITY CONTRACTOR INC.,6560,Loan-45372
CAROLINA CORTEZ PA,18409,Loan-45397
Endoto Corp,17943,Loan-45408
Lake Pharmacy,58665,Loan-45431
OM Vishnu LLC,34217,Loan-45449
RevHD LLC,Readycap L-7922,Loan-45457
SHYAMA INC.,58626,Loan-45465
SMS INDUSTRIES LLC,17943,Loan-45470
Stateline Products LLC,58018,Loan-45474
TESTERS TRUCKING LLC,6560,Loan-45480
THE FOUNDATION4U LLC,6560,Loan-45481
The Singleton Investment Group,58115,Loan-45484
5G STUDIO COLLABORATIVE LLC,11813,Loan-45502
North Mesa Dental LLC,58665,Loan-45505
Sehej Trucking,11813,Loan-45507
Austin Beerworks LLC,17491,Loan-45513
Burson Insulation Services Cor,32441,Loan-45525
National Ink and Stitch LLC,588,Loan-45573
Nisa Management Inc.,Georgia's -30303,Loan-45574
PAPA PIZZA INC.,18409,Loan-45577
Pezant Corp.,57777,Loan-45580
RUSLAN BAGIROV,6548,Loan-45591
Sky IV Projects LLC,17266,Loan-45596
TRUCK IF YOU BUCK LLC,6548,Loan-45606
710 Chestnut Ridge LLC,17534,Loan-45612
AVIAN HOME HEALTH CORP,12368,Loan-45619
AVIAN HOME HEALTH CORP,12368,Loan-45620
BEAN & GRAPE LLC,6548,Loan-45621
Bloombridge Orange LLC,57665,Loan-45623
My PureMD PLLC,6384,Loan-45672
PROTECTION 4 THE STARS,27476,Loan-45683
PureFormulas Inc.,Lake Michi-49512,Loan-45684
R. Brown Trucking LLC,6560,Loan-45687
Segreti Law Office a Professi,Newtek Sma-11042,Loan-45696
VA TRANSPORTATION LLC,17943,Loan-45722
WILLAMETTE AUTO DETAIL INC,35361,Loan-45728
GLOBAL 1 SOLUTIONS LLC,6548,Loan-45740
Nebraska Dentistry & Oral Surg,19742,Loan-45746
Progressive Ventures LLC,17838,Loan-45748
3 T's Trucking Container Divis,9366,Loan-45753
A1A-ALLIANCE OF CRESENT CITY L,58377,Loan-45757
Bella Amore Beauty & Medspa I,Readycap L-7922,Loan-45766
Calibrated Controls LLC,9846,Loan-45771
Central Chino Lodging LLC,57873,Loan-45775
DRP Designs LLC,27476,Loan-45788
K &amp; L MOROSS INC,6560,Loan-45818
LAN NGUYEN INC,6548,Loan-45822
LV Nails & Spa,Newtek Sma-11042,Loan-45834
PEREZ LAW OFFICE PLLC,Newtek Sma-11042,Loan-45857
POKE POKU,57056,Loan-45861
RMKM TOWING,6548,Loan-45870
SJ Tire Enterprises,6548,Loan-45877
Strong Ties Oral Health PLLC,57644,Loan-45886
THE AVALON LLC,27237,Loan-45889
Willamette Valley Underground,17266,Loan-45904
Wolf express,6560,Loan-45905
All Contractors Supply LLC,6560,Loan-45911
ANH LE,CDC Small -92106,Loan-45912
Craniologie LLC,Newtek Sma-11042,Loan-45931
CRB6 Enterprise Inc.,CRF Small -55402,Loan-45932
Gargar Health Incorporated,18561,Loan-45941
Good Grounds Coffee LLC,17534,Loan-45942
HARIDARSHAN LLC,Readycap L-7922,Loan-45946
ISOS GROUP INC.,CDC Small -92106,Loan-45950
Kingman Mattressland & Furnitu,32441,Loan-45959
Level Five LLC,28489,Loan-45960
Level Five LLC,28489,Loan-45961
McNabb Investment LLC DBA Xtre,17266,Loan-45965
Mourad Enterprises,31628,Loan-45970
NATU 3300 Inc,19772,Loan-45971
SAAS Properties LLC,6560,Loan-45992
THE MOR GROUP LLC,628,Loan-46012
YU CHUN CHIC NAENG MYUN RESTAU,Newtek Sma-11042,Loan-46020
Leonardo Law Offices P.L.L.C.,11813,Loan-46032
AAMC Services Inc,588,Loan-46037
Aeromax Industries Inc,Newtek Sma-11042,Loan-46040
Benzer Enterprises LLC,32441,Loan-46047
EVANS REMODELING & CONSTRUCTIO,6548,Loan-46077
IWISE CONSULTING INC,3510,Loan-46101
Kendra Boyer,Newtek Sma-11042,Loan-46105
Modest Investments LLC,24045,Loan-46119
Robinson Tire and Service Cent,8870,Loan-46135
Three Seventeen LLC,32441,Loan-46153
9200 Telephone Road LLC,31628,Loan-46163
Astute Trucking LLC,6560,Loan-46170
Cajun Clean Car Wash of Gautie,11813,Loan-46183
COMPVTIS CPA'S INC.,33555,Loan-46192
Dupal carrier inc,11813,Loan-46201
FORWARD STAR EXPRESS INC,6548,Loan-46208
Great Foundation LLC,17266,Loan-46212
HONG KONG FOOD MARKET,57056,Loan-46216
J.M. Insurance Agency Inc.,58665,Loan-46225
James Automotive Group LLC,58892,Loan-46226
M.W. Stockhowe & Associates LL,3832,Loan-46238
MT Holdings LLC,26610,Loan-46248
NAVIGATE EXPRESS LLC,6548,Loan-46250
Orbit Spirits LLC,VelocitySB-92626,Loan-46258
OUTDOOR ADVENTURE KIDS LLC,11063,Loan-46260
Ruse Brewing LLC,17266,Loan-46276
A&B Trucking Company Inc,33761,Loan-46314
Alicias Sweets LLC,35444,Loan-46318
Burford Home Services LLC,32441,Loan-46358
CHARLES TCB,6548,Loan-46362
Clearview Insurance Services,57841,Loan-46365
CORPLE ENTERPRISES INC.,Newtek Sma-11042,Loan-46372
Delmarva Healthcare Solutions,588,Loan-46383
ENS Coffee LLC,5396,Loan-46401
Lux Flooring Inc,628,Loan-46445
Meade Family Chiropractic Cent,6560,Loan-46455
Michael J. Vanselow Law Office,5116,Loan-46457
MINNEAPOLIS LAKES REAL ESTATE ,6548,Loan-46462
Myers & Hayden Insurance Inco,58665,Loan-46467
Navisource Holdings LLC,33935,Loan-46470
PURITAN WIRELESS INC,6560,Loan-46481
Veteran Residential Works LLC,57056,Loan-46502
ALL AXIS BILLING LLC,588,Loan-46519
Aqua Express Car Wash II LLC,33555,Loan-46523
Computer Explorers LLC,8870,Loan-46546
Crusty Inc.,16571,Loan-46547
God 1st LLC,2720,Loan-46571
GREGORY MARSHALL P.S.,28489,Loan-46574
Hickenbottom & Sons Inc.,17266,Loan-46576
J C GARCIA TRUCKING,6548,Loan-46581
Kaspar & White CPA PC,35444,Loan-46585
Lasersharp Flexpak Services LL,5116,Loan-46588
LEILA ZAMIRI DDS INC.,Newtek Sma-11042,Loan-46590
McCusker Associates Inc.,588,Loan-46600
MCS and Associates LLC,32441,Loan-46601
MIC Chicago and MIC Cargo,20624,Loan-46608
R&CS LLC,24170,Loan-46627
Robert Virde Construction Inc.,17266,Loan-46630
SIBLEY HEALTHCARE CONSULTING S,3511,Loan-46641
SUMMERFIELD FARM INC,Newtek Sma-11042,Loan-46648
UNITED SECURITY SPECIALISTS I,Newtek Sma-11042,Loan-46663
3242 Production Avenue LLc,27237,Loan-46678
Apex Enterprise Corp.,3832,Loan-46687
Beacon Real Estate Holdings LL,18221,Loan-46692
Carrtrev Holdings LLC,57703,Loan-46700
F2F Marketing Inc,CDC Small -92106,Loan-46720
GARCHA TRUCK AND TRAILER SERVI,14851,Loan-46727
Grayson Food LLC,29961,Loan-46737
LEADSTACK INC.,58665,Loan-46754
NU SOLUTIONS LLC,3511,Loan-46773
Peanut Butter Toast LLC,27237,Loan-46778
Shiwanna Townsend,Readycap L-7922,Loan-46802
THE HOLE CAKE II LLC,58722,Loan-46817
Jamie's Auto And Truck Repair,6560,Loan-46828
Summit Construction & Mgt inc.,6560,Loan-46831
R. JOHNSON CRAFTSMANSHIP,Newtek Sma-11042,Loan-46834
Russ & Associates Accounting S,6560,Loan-46837
12991 Los Nietos LLC,24920,Loan-46843
Crush Waste Partners LLC,11813,Loan-46873
First Health Pro Inc,588,Loan-46882
KNW TRADING CORP.,588,Loan-46908
Krause and Kinsman Law LLC,8888,Loan-46910
LA RUSTICA,57056,Loan-46911
PHAT BEAUTY SUPPLY,6548,Loan-46946
Piccoli Holdings LLC,15019,Loan-46947
Stone Arch Commodities LLC,58511,Loan-46966
WND ENTERPRISES LLC,35583,Loan-46978
American Electrical Constructi,28489,Loan-46991
Executive Trim Construction In,17534,Loan-47022
HEYDEN MOLD & BENCH CO. INC.,6560,Loan-47031
Ixion LLC,11813,Loan-47034
Lopatich-Brinker Funeral Home,7468,Loan-47047
SABISTON BUILDERS SUPPLY CO,6560,Loan-47081
SHUBH MART INC,7888,Loan-47085
Simple Cipher Corp,6548,Loan-47087
Solv Real Estate LLC,6548,Loan-47091
WEALTH JOURNEY STRATEGIES INC,32441,Loan-47114
Bradley General Building Inc.,628,Loan-47137
CHAPEL REAL ESTATE LLC,6560,Loan-47141
Dade City Brew House,Fund-Ex So-33324,Loan-47144
JJHK LLC,57873,Loan-47165
Navart Mazmanian,57873,Loan-47180
Sender Capital Management L.L.,57603,Loan-47193
SHUPPERD LAW LLC,6548,Loan-47195
Solution Investments LLC,19123,Loan-47199
CREATIVE TECHNOLOGY SOLUTIONS ,3511,Loan-47230
G&T Logistics LLC,9366,Loan-47240
Grisel Beauty Spa L.L.C,588,Loan-47241
KLS CONSTRUCTION SERVICES LLC,18409,Loan-47249
RISING HEMANTA LLC,57056,Loan-47256
Advanced Behavioral Care Servi,628,Loan-47275
Bangs Salon & Studio Inc.,628,Loan-47283
Cr&#232;me Br&#251;l&#233;e LL,CDC Small -92106,Loan-47298
Honey Creek Staffing LLC,20624,Loan-47310
IGNITE CHILD DEVELOPMENT SERVI,6548,Loan-47315
J SHIELS MOBILE WELDING LLC,6548,Loan-47318
Jinsa Essentials Inc.,11813,Loan-47323
Mahken Capital LLC,23627,Loan-47335
MD GROOMING LLC,17838,Loan-47337
Modco 2 LLC,20845,Loan-47341
TechStar Solutions Inc,17266,Loan-47362
WORLD TAXES AND MULTISERVICES ,18409,Loan-47375
A.E. JOHNSON ENTERPRISES LLC,20624,Loan-47380
BAYOU TURF SERVICES LLC,32974,Loan-47394
E & M HOTFITNESS LLC,873,Loan-47419
Express Service Contractors LL,32974,Loan-47422
GENESIS TRUCKING LLC,3511,Loan-47428
Handsaw Inc,35406,Loan-47431
JinLi Wang,34997,Loan-47444
LITTLE SWIMMERS INC.,Newtek Sma-11042,Loan-47457
Music City Precision LLC,23621,Loan-47467
RubberChicken LLC,32441,Loan-47489
Sound Talent Group LLC,6548,Loan-47494
US Team corp,6560,Loan-47516
Virginia Family & Cosmetic Den,35278,Loan-47519
ZG BURGERS LLC,6976,Loan-47526
43 Cindy Lane Ocean LLC,34444,Loan-47530
Alpha Behavioral Health Servic,11813,Loan-47539
ATL Fleet Services LLC,32441,Loan-47545
Concord Building Services Inc,59086,Loan-47567
Dackers Trading LLC,35323,Loan-47571
East Market and Goods LLC,3330,Loan-47582
eat prodoctions inc,58410,Loan-47583
Freedom Adventures LLC,58030,Loan-47592
M. Rodriguez LLC,588,Loan-47628
MODERN MACHINERY COMPANY INC.,6560,Loan-47644
Rosevarte A Desouza Jr,18409,Loan-47670
Troller Electric LLC,34444,Loan-47692
ACCOMMODATING FINANCIAL & TAX ,Newtek Sma-11042,Loan-47706
Ameriprise Financial,13868,Loan-47710
Bax Property Holding LLC,6560,Loan-47718
CrÃ¨me BrÃ»lÃ©e LLC,34997,Loan-47733
Drywall Solutions LLC,23627,Loan-47744
Echo Therm LLC,6560,Loan-47745
Ghorbani Holdings LLC,3511,Loan-47757
Hardeep Singh and Seconderbir ,27237,Loan-47762
Jersey Mike's Subs,58665,Loan-47775
John J Kalo,6560,Loan-47777
LEILA ZAMIRI DDS INC.,Newtek Sma-11042,Loan-47790
SRI GANESH PROPERTIES LLC,6560,Loan-47831
TAQ SOFT LLC,6548,Loan-47835
Craig Technologies Inc.,57777,Loan-47880
Farrell Automotive Group Inc.,19772,Loan-47890
Harborfield Nursery LLC,588,Loan-47898
J & M Healthfit LLC,58665,Loan-47910
ROSSI PROPERTIES LLC,57716,Loan-47962
SC People Assist LLC,32441,Loan-47966
THATSMYHOME LLC,6548,Loan-47980
The Savannah Area Language and,Newtek Sma-11042,Loan-47983
TJ PANT LLC,Newtek Sma-11042,Loan-47984
TORTUGA BACKPACKS LLC,Newtek Sma-11042,Loan-47986
Valley Horizon Commercial LLC,57716,Loan-47992
LS HOSPITATLITY INC,3511,Loan-48008
AANU GAS INC.,14851,Loan-48019
AMA LLC DBA CAFE MONACO,588,Loan-48024
COMFY COUCH RESIDENTIAL ASSIST,57056,Loan-48041
CRUMBL MESA GROVES,58722,Loan-48045
CYNETRA SYSTEMS INC,11813,Loan-48047
Delta Queen Inc.,983,Loan-48048
Dr. Ahmed Soliman LLC,873,Loan-48051
EZ TRANSPORT LLC,6560,Loan-48058
Hereford & Sons LLC,6560,Loan-48074
H-Town Turbo LLC,11813,Loan-48079
INDUSTRY ONE INC,6560,Loan-48082
Juniper NW,17266,Loan-48093
Lonestar Sierra Equipment LLC,58090,Loan-48100
MID-OHIO BUSINESS SOLUTIONS LL,6560,Loan-48111
Peak Performance Leadership L,17943,Loan-48122
SBRnet Inc.,Newtek Sma-11042,Loan-48142
BIG GOLD LLC,6548,Loan-48189
Emerald Operator LLC,57056,Loan-48223
GENEON CARIBE,3511,Loan-48235
GHM LEARNING OF OAKLEAF LLC,Lake Michi-49512,Loan-48236
Instant Data Technologies Inc,15797,Loan-48252
MMRR Enterprise,14851,Loan-48278
NationScapes LLC,8273,Loan-48285
PRESTIGE INVESTMENTS & HOLDING,6560,Loan-48300
SLM Development Group Inc.,20624,Loan-48328
Southeast Transport LLC,6560,Loan-48332
Southeast Transport LLC,6560,Loan-48333
The Coastal Coffee Stop LLC,34607,Loan-48342
The Modus Group Inc,11813,Loan-48347
The Moonflower Group LLC,35278,Loan-48348
555 Manor Park LLC,6560,Loan-48372
AUSTIN G. WILLIAMS CPA PLLC,18409,Loan-48391
Christopher Quinn Violins Inc,34997,Loan-48409
DiNovo Pharmacy & Packaging Pr,2270,Loan-48429
GENIE TUSTIN LLC,57444,Loan-48446
KIDS COMMUNITY LLC,588,Loan-48472
LasX Industries Inc.,5116,Loan-48477
LIT,8889,Loan-48480
MacLaren Ag Commodities Transp,6560,Loan-48486
Raymer&apos;s Westside Laundry,57038,Loan-48523
Resilient Construction LLC,34607,Loan-48527
Takhar South Sac Petroleum LL,32203,Loan-48545
The Mountain Standard LLC,Readycap L-7922,Loan-48551
The Olsinski Law Firm PLLC,58665,Loan-48553
Upstate Merch,588,Loan-48561
A & B Express Tow Inc.,628,Loan-48582
Beman Capital Group Inc.,58665,Loan-48598
Benjamin R. Sanchez,2270,Loan-48599
Business Information Systems ,12368,Loan-48605
Chofesh Fund L.L.C.,7468,Loan-48619
Contract Associates Inc.,4767,Loan-48624
DHSS LLC,Readycap L-7922,Loan-48642
Great Ocean Enterprise Inc.,8056,Loan-48667
HAPLET LLC,588,Loan-48672
Impact Auto WPB Holdings LLC,14851,Loan-48679
J L Eineder LLC,6560,Loan-48685
MIRAE JU INC.,57873,Loan-48736
Office Chair Parts,57056,Loan-48756
TREE WEST LLC,18409,Loan-48831
Verma Food Inc,24045,Loan-48841
Accountpics LLC,Newtek Sma-11042,Loan-48866
Echo Canyon Inc.,CRF Small -55402,Loan-48944
Five Star Dental Laboratory In,57716,Loan-48954
George Family Cremation and Bu,Newtek Sma-11042,Loan-48963
Graigh House LLC,32441,Loan-48967
Half Pint Palates LLC,Mountain A-84070,Loan-48971
Inter insurance Agency service,Newtek Sma-11042,Loan-48988
Mechanical Maintenance Inc,17266,Loan-49027
NSG Barre LLC,17266,Loan-49053
Panda Hugs Academy LLC,35583,Loan-49063
Rimes Investments LLC,9087,Loan-49087
RJGH Investments LLC,Readycap L-7922,Loan-49088
SAS Integrated LLC,Newtek Sma-11042,Loan-49097
SC Plumbing Services LLC,32441,Loan-49098
SILVERTON EYE CARE LLC,20624,Loan-49106
Sofia Bella Bridal Partnership,VelocitySB-92626,Loan-49107
TOMM Services LLC,32441,Loan-49132
Walker Muffler & Brake LLC,15019,Loan-49141
Maple Bourbon,Newtek Sma-11042,Loan-49164
Performance Online Inc.,Newtek Sma-11042,Loan-49182
BHS FOUR SEASONS LANDSCAPING I,628,Loan-49210
Camp Fox LLC,58665,Loan-49217
Chipmatic Inc.,983,Loan-49222
Countryside Animal Hospital,58665,Loan-49227
Envoie Projects LLC,588,Loan-49238
Eric Industries Inc.,983,Loan-49240
Glass Lamination & Design Inc,34607,Loan-49252
H&H Star Holdings LLC,8728,Loan-49260
Haag Trucking LLC,609,Loan-49261
HATFIELD MEDIA LLC,29961,Loan-49262
Liberty Industries Property L,17534,Loan-49280
LKN DUMPSTER & DISPOSAL INC.,10988,Loan-49283
Maho Construction LLC,17534,Loan-49289
Namaha Inc.,29950,Loan-49300
RJP Trucking Company,17266,Loan-49315
Rove Supply Co.,6548,Loan-49318
Sigma Continental Corporation,57056,Loan-49323
ANGELS TOUCH BARBER SHOP LLC,3511,Loan-49354
BEN LOGISTICS INC,6548,Loan-49361
MCB LLC,8889,Loan-49424
Wolftrax LLC,6560,Loan-49491
AIMSS-SFVS Inc.,58665,Loan-49502
AMERICAN INDUSTRIAL SUPPLIES &,6384,Loan-49508
Angel's Touch Inc.,57777,Loan-49510
Bhullar Hospitality Inc.,First West-75225,Loan-49514
DAT EXPRESS LLC,6560,Loan-49547
Diaz Services Inc.,6384,Loan-49550
DPF ACCOUNTING INC,14851,Loan-49554
GREENMAN GOLDBERG RABY & MAR,35323,Loan-49576
Khangri Sourcing Inc.,Newtek Sma-11042,Loan-49603
Roland Inc,6560,Loan-49644
ANIMAL URGENT CARE OF PORTLAND,16889,Loan-49692
BEK TRANS LLC,6560,Loan-49702
Bring The Happy LLC,3511,Loan-49705
Flying H Holdings LLC,17266,Loan-49736
Heninger Holdings LLC,17534,Loan-49744
J C NAIL SPA LLC,6548,Loan-49750
KRZ Restaurants LLC,33555,Loan-49764
Louisville Donuts LLC,258,Loan-49771
Milspin Properties LLC,Telhio Cre-43215,Loan-49786
RCI Doors Inc.,58665,Loan-49822
Redemption Recycling LLC,29961,Loan-49824
Sunrise Med Plus LLC,588,Loan-49850
TRUST TRANSPORT INC.,6560,Loan-49860
TWISTED TRANSPORT & TOWING LLC,6548,Loan-49862
3575 S. Sherman St. LLC,27237,Loan-49877
4312 East Alexander Road LLC,27237,Loan-49878
DJM DESMITH HOLDINGS INC.,33761,Loan-49945
ER TRANSPORT,6548,Loan-49956
Ernest Construction Inc,Newtek Sma-11042,Loan-49957
Fairlight One LLC,33306,Loan-49959
Fairlight One LLC,33306,Loan-49960
Forever Custom Iron Doors LLC,23621,Loan-49964
Forever Custom Iron Doors LLC,23621,Loan-49965
Grand Route Operators of Denve,4767,Loan-49981
HEARTLAND HEALTH & WELLNESS L,Black Hill-57702,Loan-49987
JAO International Inc.,24170,Loan-49999
Kontoveros Klobas Clark LLC,6560,Loan-50021
Louisville Plastic Surgery PLL,29961,Loan-50034
Pearl Konnection Corporation,6560,Loan-50072
PETROSIAN ESTHETIC ENTERPRISES,57873,Loan-50075
Plus Ultra Co.,34607,Loan-50079
PROBUC Yoga One LLC,16889,Loan-50082
Probuc Yoga One LLC,16889,Loan-50083
Prohibition Craft Spirits,29961,Loan-50085
Pure Lighting Company Company,17838,Loan-50087
RONIE A FORONDA,17308,Loan-50100
SILX LLC,Newtek Sma-11042,Loan-50118
SNJK Inc,57463,Loan-50120
Tri-County Aerospace Inc,Lake Michi-49512,Loan-50144
EverLevel Holdings LLC,CDC Small -92106,Loan-50171
Alpha Wash & Dry LLC,57665,Loan-50190
Bayou City Foot and Ankle LLC,20856,Loan-50199
Carolina Thrive Inc,32441,Loan-50205
CUMBERLAND SALES COMPANY,35583,Loan-50209
Dudestop Head Quarter Business,57703,Loan-50213
Etagere Inc.,22366,Loan-50219
HAILO MOTORSPORTS LLC,3511,Loan-50224
HAWK RETAIL LLC,20624,Loan-50225
JASON STEELE INVESTMENTS LLC,27237,Loan-50232
Professional Care Therapy Inc,18409,Loan-50266
ROLL: BICYCLE COMPANY LLC,17393,Loan-50273
SHORE STAR LOGISTIC LLC,3511,Loan-50282
The General Operating Co LLC,13058,Loan-50292
Topp Management LLC,8889,Loan-50293
West Linn Painting & Design LL,17266,Loan-50306
Associated Agents Network Inc,58665,Loan-50320
Broihier Contract Hauling LLC,6548,Loan-50325
Creative Hardwoods,6548,Loan-50337
Detailed Touch Painting LLC,17266,Loan-50342
IDEA LINE INC,6548,Loan-50363
Jetstream Freight Forwarding I,28489,Loan-50365
Landshark of Inwood LLC,58739,Loan-50374
Majelac Technologies LLC,23621,Loan-50378
My Helping Hand LLC,17266,Loan-50389
SERVICE ROBOTICS & TECHNOLOGIE,9204,Loan-50409
BRIDGEVIEW INVESTEMENTS LLC D,12368,Loan-50453
J & G Developers,59052,Loan-50488
Harvey Lipsitz Co. LLC,3511,Loan-50575
NAZTEC INTERNATIONAL GROUP L.L,35361,Loan-50589
NYMORE PIZZA LLC,3511,Loan-50592
Pitch 2 Pitch Inc.,6548,Loan-50596
TOUCHE FINANCIAL SOLUTIONS LL,6560,Loan-50601
Macadoo Enterprises Inc.,32441,Loan-50658
North Fulton Shooting Club LLC,12437,Loan-50668
63 Industrial Park and Storage,12633,Loan-50698
Beau Monde LLC,11813,Loan-50705
Carry On Freight Inc.,6560,Loan-50718
Edelmira LLC,32441,Loan-50729
Integrity Tree Care LLC,57038,Loan-50744
JEAN CESAIRE,Readycap L-7922,Loan-50745
JOLAGH INC.,57944,Loan-50746
Merkava Investments LLC,3285,Loan-50753
Perseverance Pilates and Perso,5452,Loan-50762
SQUARE ENTERTAINMENT LLC,3511,Loan-50779
The Buckeye Health Group LLC,Newtek Sma-11042,Loan-50781
BMZ Vetro LLC,27677,Loan-50792
DHW CUSTOM ROOFING LLC,3511,Loan-50807
EJ COMMA LLC,57944,Loan-50810
PFD LV INC,18503,Loan-50844
WAREHAM ACCOUNTING & FINANCIAL,32773,Loan-50859
CREATE SERVE GROW LLC,3511,Loan-50873
TRITON BUILDING PRODUCTS LLC,6548,Loan-50907
ABS Commercial Cleaning LLC,983,Loan-50916
Dutchess Car Care Inc,588,Loan-50928
RIGHTWAY CLEANING LLC,588,Loan-50959
Armaments Research Company In,588,Loan-50976
Hedrick Farms,28905,Loan-50999
HOUSE OF SIGNS LLC,27237,Loan-51002
Tomlin's Luxurious Living LLC,57056,Loan-51029
A & D Express LLC,6560,Loan-51042
Coding4Fun LLC,3511,Loan-51063
Diversified Plus Construction ,588,Loan-51067
Nguyen Financial Group LLC,16571,Loan-51103
Sonny's Pit Stop Inc.,14851,Loan-51115
Undercover Kitchen LLC,5452,Loan-51122
WiDaL Enterprises LLC,32441,Loan-51127
A & M Contracting LLC,6560,Loan-51131
IM Services LLC,6560,Loan-51150
JS Express Inc.,57056,Loan-51155
NETNOLOGY LLC,628,Loan-51164
Roll: Development Company LLC,17393,Loan-51172
TYLER EXPRESS INC,6548,Loan-51181
C&Y Insurance Services Inc,34603,Loan-51196
Northshore Delivery Inc.,32773,Loan-51224
Strive Financial Solutions LLC,12437,Loan-51237
CANAS CPA LLC,58665,Loan-51258
HVY INDUSTRY INC.,Lendistry -90021,Loan-51274
MP Squared Subs 2 LLC,33555,Loan-51289
THE FIRST INSURANCE GROUP CORP,15019,Loan-51312
Tim Lowe,2720,Loan-51314
Bhatt International Inc.,24998,Loan-51332
Marsico Enterprises LLC,34603,Loan-51370
Short North Piece of Cake LTD,6560,Loan-51382
Gisler Holdings Inc,34217,Loan-51426
Sage and Pine Group LLC,57873,Loan-51452
SWEET PEA CLEANING LLC,8273,Loan-51461
Stephen N Smith,32773,Loan-51549
Summit Construction & Mgt inc.,6560,Loan-51556
Top Notch LLC,6548,Loan-51561
Twenty Six-Fifty Inc.,18409,Loan-51562
3576 Ashton Blvd Holdings LLC,58626,Loan-51571
Halo Therapy LLC,8889,Loan-51596
HARRINGTON & SONS. LLC,6548,Loan-51597
Merus LLC,58511,Loan-51612
Milestone Hose and Fittings ll,35278,Loan-51613
PALLET ONE MN INC.,6548,Loan-51616
Tdc Total Maintenance LLC,6548,Loan-51623
VIIXVII Sewing Studio LLC,Newtek Sma-11042,Loan-51632
LOC Gas Inc,58348,Loan-51674
THE LONG ISLAND ROAD RUNNAS IN,18409,Loan-51692
Alpine Mold Incorporated,6560,Loan-51702
Burger Madness Seattle,22366,Loan-51709
OSMAN DUHERIC,6560,Loan-51743
US Hydrovac Inc.,12854,Loan-51760
Calderwood Financial Services ,34217,Loan-51769
Initium Health,8889,Loan-51795
Initium Health,8889,Loan-51796
WANDER PNW LLC,6548,Loan-51824
PBS TRANSPORT LLC,6548,Loan-51851
QUALITY-BASED METRICS CONSULTI,6548,Loan-51856
LIFE INTENTS,6548,Loan-51893
S & L Machine Logics Inc.,31628,Loan-51906
Seling Properties LLC,6560,Loan-51911
VW Physical Therapy Inc.,Travis CU-95687,Loan-51916
CLASSY R US LLC,588,Loan-51923
SWAN CONTRACTING LLC,59086,Loan-51955
G & R EXCAVATING CO. INC.,6560,Loan-51978
Johnston Door Services LLC,588,Loan-51985
PANTHER METALFLOW LLC,6560,Loan-51998
Aamazon Legal Services PLLC,6560,Loan-52023
HILL COUNTRY PLASTIC SURGERY ,58581,Loan-52039
Streamline Marketing Consultan,628,Loan-52057
Jim Hara Plumbing LLC,6560,Loan-52092
Jim Hara Plumbing LLC,6560,Loan-52093
KIDS CITY LLC,17308,Loan-52095
Maturity Properties Corp.,588,Loan-52105
MKMB Corp,32551,Loan-52106
SA Towing & Recovery LLC,35323,Loan-52119
Skyline Landscape Design LLC,9536,Loan-52121
LA SAGRADA FAMILIA MEDICAL CEN,3511,Loan-52128
1818 DEVELOPMENT LLC,57777,Loan-52136
A G CONSTRUCTION NY INC,18409,Loan-52143
Abbson LLC,11813,Loan-52144
Add Chapter Design LLC,35361,Loan-52147
Aero Marketing Group Inc,11813,Loan-52148
An Ultimate Marketing Service,35444,Loan-52162
Austin Al Inc.,34997,Loan-52174
Baba's Food Company LLC,8537,Loan-52178
Batz Pizza LLC,32551,Loan-52184
BBC Oil LLC,26610,Loan-52185
BRIAN THOMAS IMBEMBA JR. CPA ,18409,Loan-52201
Carpet Savers Inc,17266,Loan-52210
CHOW ENGINEERING INC.,35361,Loan-52221
Christy C. Kilpatrick Agency ,11813,Loan-52223
CJB Investments LLC,57777,Loan-52224
Craig Landers,20624,Loan-52239
DESERT GARDENS ASSISTED LIVING,58665,Loan-52246
DHANI INC.,15229,Loan-52249
ERBERT CONSTRUCTION LLC,3511,Loan-52269
Exit Intelligence LLC,35361,Loan-52278
EXTRA ROOM SELF STORAGE LLC,58665,Loan-52280
Grow Food Truck,17534,Loan-52307
HIGH TREK VENTURES LLC,35361,Loan-52324
Hornet LLC,6560,Loan-52328
ITfrastructure Inc.,588,Loan-52347
JEJ LLC,Newtek Sma-11042,Loan-52361
Kevin L Ehlers,20624,Loan-52385
Luke Adams Glass Inc.,3510,Loan-52413
Lulu and Roo LLC,9204,Loan-52414
Lulu and Roo LLC,9204,Loan-52415
McWilliams Logging LLC,9366,Loan-52424
Midwest Packaging Specialists,57056,Loan-52429
Nerko Auto Brokers Inc,27677,Loan-52447
Northcoast Civil L.S. & P.E. ,58665,Loan-52450
ONEMMCS LLC,34607,Loan-52456
PARADOXE CORPORATION,12368,Loan-52461
Paramount Masonry Inc.,33761,Loan-52463
PINNACLE HEALTH CARE CENTER PL,18503,Loan-52472
Rotten Rock Hardscaping and Tr,CRF Small -55402,Loan-52505
SBR Networks Limited Liability,18409,Loan-52514
SCARAMUZZA'S PASTA PRODUCTS I,57777,Loan-52515
Shiraz Ice LLC,11813,Loan-52521
Snake River Restaurant Group ,57777,Loan-52526
SNG Two Notch LLC,57252,Loan-52527
Sonadini Bulk Trade LLC,35361,Loan-52530
TD NAIL SPA,58018,Loan-52545
TF Zeus LLC,58665,Loan-52547
Thompson Management Associates,7551,Loan-52557
Todd Sulzer,20624,Loan-52560
Yahala Trading Company LLC,35361,Loan-52595
666 Plymouth Street Realty Tru,32441,Loan-52599
84 Partners LLC,9366,Loan-52600
AUDIO BY THE BAY PRODUCTIONS I,6548,Loan-52610
BJD BOOKKEEPING SERVICES INC,6548,Loan-52618
BLUE MOON TRUCKING LLC,6548,Loan-52620
BROWN GAL LLC,58722,Loan-52631
Caliber Car Wash Group Inc,27237,Loan-52633
Canady & Canady LLC,6560,Loan-52634
Car Wash Express Inc.,12437,Loan-52637
Cardinal Accountants LLC,33555,Loan-52639
Ceviche's,58665,Loan-52642
Diamondback Delivery Inc.,3511,Loan-52653
Eric T. Sloan,17266,Loan-52657
Farinas Provisions Inc.,57944,Loan-52660
Gamber Family Dental Inc.,32441,Loan-52667
Gegen Investments LLC,58629,Loan-52671
Hatjackrey LLC,6548,Loan-52679
HouseofM Ventures LLC,CRF Small -55402,Loan-52682
Josephine B. Granat Trust,57716,Loan-52694
KAS FITNESS LLC,35519,Loan-52697
Lajoly LLC,24045,Loan-52702
Moving Mountains Photography ,Fund-Ex So-33324,Loan-52715
Moving Mountains Photography ,Fund-Ex So-33324,Loan-52716
NDE Labs Holdings LLC,12368,Loan-52721
Optimal Tank Solutions LLC,588,Loan-52732
PEACHFUZZ LASER LLC,18409,Loan-52737
Philip James Wealth Management,35444,Loan-52739
Poris Plastic Surgery LLC,16889,Loan-52744
PREMIER FINE WINE & SPIRITS,57056,Loan-52746
Red Thread Connections LLC,32441,Loan-52753
REPL BROKERAGE HOLDINGS LLC,7888,Loan-52756
Shaughnessy Plating LLC,33761,Loan-52767
BECK RX PHARMACY INC,58665,Loan-52831
BRADLEY G. CHRISTIANSON D.O.,16571,Loan-52839
Capco Swimming Pools LLC,Newtek Sma-11042,Loan-52848
Coffee Ventures LLC,4016,Loan-52852
Dr. Kelsey Milbert P.A.,Magnifi Fi-56352,Loan-52864
FDMS of AL LLC,11813,Loan-52876
HARBOR SERVICES INC.,27677,Loan-52898
HARBOR SERVICES INC.,27677,Loan-52899
Haysavers LLC,CRF Small -55402,Loan-52900
High Prairie Stables LLC,4160,Loan-52905
INDUSTRIAL FABRICATION SERVICE,27476,Loan-52913
Innovation Oasis Corporation,32441,Loan-52917
INSIDE AIR LLC,11813,Loan-52918
J & S Trucking,13421,Loan-52921
Motel 6 Denver,57056,Loan-52949
QUOKKA LLC,32974,Loan-52963
REALEZA MICHOACANA,58722,Loan-52968
Rescigno's Mailing Solutions ,34997,Loan-52971
Technology Resource Experts LL,588,Loan-52993
TECHSICO ENTERPRISE SOLUTIONS,4214,Loan-52995
Texas Firefly LLC,32441,Loan-52996
The Little Kitchen LLC,17393,Loan-52999
UNIC CLINIC & HEALTHCARE SERVI,57056,Loan-53011
We Sport Inc.,10218,Loan-53020
West Coast Concrete Restoratio,28489,Loan-53023
Best High Technologies LLC,628,Loan-53047
Bouma Orthosport LLC,28489,Loan-53051
Bouma Orthosport LLC,28489,Loan-53052
Cumberland Cove Cottages and C,2720,Loan-53061
Elimae Solutions LLC,16958,Loan-53069
EVERGREEN TREE CARE LLC,18409,Loan-53071
Gluten Free Eats Inc,19772,Loan-53078
GMSE Enterprises Inc,57095,Loan-53079
Mayfair Real Estate LLC,6560,Loan-53111
Monarch Dermatology & Surgery,58665,Loan-53118
Omega Lawn Maintenance LLC,34607,Loan-53127
PERRY WEATHER CONSULTING INC.,628,Loan-53135
Phoenix Adhesives Company Inc.,33555,Loan-53136
The Vineland Group Inc.,8537,Loan-53172
West Coast Clothing & Shoes I,17266,Loan-53186
Environmental Laboratories Inc,17393,Loan-53231
HOTWINGS INC.,58291,Loan-53251
J Arceneaux Enterprises Inc.,17534,Loan-53260
Jhandi Liquor Inc.,20845,Loan-53263
Limkemann Learning Services L,34444,Loan-53279
MY 2ND HOME CHILD NURTURING CE,32551,Loan-53294
Shree Gopinathji Inc,57444,Loan-53330
Snyder & Winks DDS LLC,6560,Loan-53334
The Wheel Fitness LLC,19123,Loan-53351
TreTech Solutions LLC,57056,Loan-53354
Whittington Farms LLC,4988,Loan-53363
Jeffrey R Hodgson MD Corporati,11813,Loan-53383
Palmer Technology Solutions,58665,Loan-53386
ALSE INDUSTRIES LLC,58030,Loan-53395
BRACHO MARBLE & GRANITE INC,6548,Loan-53408
Brooker's Holdings LLC,2270,Loan-53410
Cool Beanz LLC,17534,Loan-53422
DF Strength Co. LLC,17534,Loan-53425
Early Bird Lyndon LLC,6560,Loan-53431
Elite Cakes of Naperville LLC,23621,Loan-53436
Great Outdoors Tree Service LL,35444,Loan-53455
HGAC Resources Inc.,6560,Loan-53462
Ichwan Eluran and Penirahmawat,25858,Loan-53469
J&J ADVERTISING LLC,6548,Loan-53475
Jean's Kitchen LLC,16889,Loan-53476
Kande Corporate Housing LLC,6560,Loan-53480
PADHRI TRANSPORT LLC,6548,Loan-53520
PET ER 24 7 LLC,18409,Loan-53525
PRESTON ELIZABETH T SQUARED GA,18409,Loan-53530
Solid Sub I LLC,5510,Loan-53551
Storage Authority Monmouth Rd,58665,Loan-53553
The Window Valet LLC,11813,Loan-53563
Tony Sciarrino Stone Inc.,6384,Loan-53568
TR Strong Industrial Inc,4767,Loan-53569
V Chain Express Inc,588,Loan-53574
YEAGER MARKETING LLC,6384,Loan-53588
Bella Brava Tampa LLC,873,Loan-53610
GFPPROPERTIES L.L.C.,35406,Loan-53654
Mobile Notaries,28489,Loan-53705
PETRO MART,Readycap L-7922,Loan-53722
PROVIDERTECH LLC,4767,Loan-53727
TDS Custom Cabinets LLC,17534,Loan-53748
WATSON LANDSCAPES LLC,32441,Loan-53761
Young Roofing of Austin LLC,32441,Loan-53767
1-2 Tree Moving and Transplant,5116,Loan-53770
Automatic Sprinkler Testing & ,17266,Loan-53781
Aviary Summerhill LLC,57071,Loan-53782
Different Properties LLC,9846,Loan-53813
DIRT ROAD SERVICES LLC,9366,Loan-53815
DULAI & GILL ENTERPRISE INC.,26610,Loan-53817
Early Bird J-Town LLC,6560,Loan-53818
Early Bird J-Town LLC,6560,Loan-53819
Grosser Chong PLLC,35444,Loan-53838
HICLIMB LLC,32551,Loan-53841
Live Guard Tech LLC,3931,Loan-53868
MAAB LLC,27237,Loan-53872
Meshi2 Incorporated,14851,Loan-53879
S & W Grocery LLC,9366,Loan-53910
Sahajanand One Management LLC,57095,Loan-53911
Seibert Brothers Trucking LLC,6560,Loan-53915
STRAIGHT LINE GENERAL CONTRACT,588,Loan-53924
Surgeon & Associates Inc.,Newtek Sma-11042,Loan-53927
The Exercise Coach I LLC,57095,Loan-53931
Tosha Inman CPA PLLC,27476,Loan-53938
Vihaari LLC,57944,Loan-53941
ANYTHING PRODUCTIVE INC,29012,Loan-53966
Arborway Tree Care Inc,32773,Loan-53968
BK Hospitality Group Inc.,9366,Loan-53973
Brueggen Dental Implant Center,Newtek Sma-11042,Loan-53977
CG Partnership LLC,12437,Loan-53983
Dale Johnson Enterprise LLC,6560,Loan-53991
Dale Johnson Enterprise LLC,6560,Loan-53992
HOMESTRETCH SERVICES LLC,6560,Loan-54016
Jenisha 2nd Inc.,57463,Loan-54027
JUICE IT UP LLC,6560,Loan-54031
SAGE CONSTRUCTION INC.,588,Loan-54068
SEMINOLE CONSTRUCTION & DESIGN,34997,Loan-54070
Stella Rose Holdings LLC,2270,Loan-54076
The Benevolence Group LLC,628,Loan-54082
V R Hotel Group LLC,27677,Loan-54092
Zbar Laser Spa LLC,27237,Loan-54104
DOYLES POUR HOUSE,57056,Loan-54139
GERGLEY INSURANCE AND FINANCIA,6560,Loan-54151
IRUSTA GROUP LLC,32551,Loan-54169
Kiddie Academy of Prosper,57056,Loan-54178
Oasis Smiles Dentistry,57903,Loan-54190
Rebellious Rose Boutique LLC,6384,Loan-54201
Specialized Spine Care Inc.,Magnifi Fi-56352,Loan-54218
VS Cooling Inc,588,Loan-54236
Jinlik LLC,8056,Loan-54248
Rudy's RE LLC,6560,Loan-54268
SHREE GANESHA LLC,57252,Loan-54271
Aleysian LLC,35278,Loan-54291
Budget Blinds of Newton Budge,15019,Loan-54300
Harrison Zahor VA Enterprise L,32441,Loan-54333
J & J MARBLE AND TILE SPECIALI,6384,Loan-54341
Monica's Hookah Bar & Lounge,57841,Loan-54366
Morgan Records Management LLC,59086,Loan-54372
Par Avion LLC,27237,Loan-54381
PENETRA CONTRACTOR SERVICES L.,11813,Loan-54386
Redmond Physiotherapy LLC,28489,Loan-54391
Redmond Physiotherapy LLC,28489,Loan-54392
2 Fish International Inc.,Lake Michi-49512,Loan-54425
AFF GROUP INCORPORATED,35323,Loan-54433
AL BLOCK REAL ESTATE LLC,6560,Loan-54435
Bee Hive Homes of Henderson an,15019,Loan-54442
DAVID MATZINGER STATE FARM,6548,Loan-54460
Eagle River Crane Service LLC,Port 51 Le-10017,Loan-54466
National Automotive Programs ,58665,Loan-54516
Ricky Bowers Racing LLC,12978,Loan-54542
ShainaInc,22086,Loan-54550
Tabe Trucking Inc.,6560,Loan-54562
TJ Florida Pizzas Inc.,34444,Loan-54571
Velasquez & Associates P.A.,628,Loan-54577
Worthington Energy Consultants,17393,Loan-54583
Foursons Ventures LLC,6560,Loan-54634
Holiday Bar LLC,57095,Loan-54642
Lextech Industries LTD.,6560,Loan-54659
MD Liquor,8468,Loan-54671
Mindful Enterprises LLC,57777,Loan-54674
NFR Properties LLC,Lake Michi-49512,Loan-54680
Oracle 5425 LLC,6548,Loan-54686
Oracle 5425 LLC,6548,Loan-54687
OutdoorFlics LLC,16889,Loan-54688
Personal Financial Profiles I,9846,Loan-54691
Swigart-Easterling Funeral Hom,6560,Loan-54717
THE FORESIGHT COMPANIES LLC,35444,Loan-54725
The Spicy Radish LLC,8889,Loan-54727
Triple 'C' Trucking LLC,6560,Loan-54731
3DIQ LLC,35583,Loan-54741
Blue lagoon Inc,6560,Loan-54760
Darin and Nicole Bankhead,27237,Loan-54770
DEMINE IMMIGRATION LAW FIRM PA,16450,Loan-54772
HTF Manufacturing Inc,33555,Loan-54801
Huss & Giz Inc,6548,Loan-54802
North Florida Shipyards Inc,6384,Loan-54838
ORMOND LAND & CONSTRUCTION LLC,6548,Loan-54843
PPSOH LLC,6560,Loan-54846
RAFFI & BA INC.,35323,Loan-54854
Spring Creek Real Estate Holdi,17838,Loan-54881
Strata Wealth Advisors LLC,58665,Loan-54884
Stratacomm LLC,9846,Loan-54885
TRUST TRANSPORT INC.,6560,Loan-54891
Two Six Headshot Inc.,11813,Loan-54893
Wandells Working Crew LLC,6560,Loan-54899
ADVENTURE DENTAL LLC,11813,Loan-54925
11 Pascack RE LLC,35323,Loan-54937
AAMLAK LLC,34444,Loan-54942
ABI USA SALES CORPORATION,24170,Loan-54943
Aspen Insurance LLC,32441,Loan-54958
B & B ICE CREAM LLC,6548,Loan-54960
Can Crush LLC,14851,Loan-54975
CHARLESTON FAMILY CHIROPRACTIC,6560,Loan-54980
Design by Melo LLC,18561,Loan-54989
Full Power Chiropractic P.C.,32441,Loan-55010
ICE ANESTHESIA L.L.C.,9846,Loan-55026
Jackson Fence LLC,5452,Loan-55031
Pride Hospitality LLC,59052,Loan-55084
redbox+ of Lehigh Valley,57056,Loan-55087
RICHARD SHERRIN AND ASSOCIATES,6560,Loan-55090
Royal Hospitality LLC,59052,Loan-55091
Sherwood Truck Landscape Compa,17266,Loan-55097
Value Rx LLC,CDC Small -92106,Loan-55121
1034 N. Magnolia LLC,1768,Loan-55131
480 Club L.L.C.,18409,Loan-55132
4RB Paradise LLC,58018,Loan-55133
APSA Group LLC,20624,Loan-55152
B & D Car Wash Inc.,57463,Loan-55162
CST Automotive,16958,Loan-55183
EverClear Investments LLC,4214,Loan-55196
Go Dutch LLC,Magnifi Fi-56352,Loan-55211
Grevin Products Inc.,628,Loan-55215
Lagroue Mechanical LLC,983,Loan-55244
LEX-MAR SERVICE INC,Newtek Sma-11042,Loan-55245
Nature's Corner Store 2 LLC,57071,Loan-55265
NEVER SETTLE TRUCKING,6384,Loan-55266
Quarters & Co LLC,Justine Pe-63106,Loan-55289
Respite Enterprises LLC,32441,Loan-55297
South Florals DC LLC,Lake Michi-49512,Loan-55314
SPEEDWAY TRANSPORTATION LLC,6560,Loan-55316
SPEEDWAY TRANSPORTATION LLC,6560,Loan-55317
The Atlanta Floor Store LLC,32441,Loan-55329
The Landscape Guys Plus LLC,57071,Loan-55331
The Learning Experience,Readycap L-7922,Loan-55332
Thrive Holdings Inc.,6560,Loan-55334
TITAN ELECTRICAL SERVICES OF S,6560,Loan-55336
VJP LLC,6560,Loan-55342
Wayne Steven Properties LLC,6548,Loan-55344
Williams Field Tire and Auto L,58665,Loan-55345
Alitec Solutions Corp.,628,Loan-55360
Area 51 Tattoo Body Piercing &,Newtek Sma-11042,Loan-55365
Cuyuna Outfitters LLC,12923,Loan-55397
Daniel Patrick Dares Revocable,27237,Loan-55398
ELEVATE MOBILE IV LLC,3511,Loan-55402
GEORGE C. VLACHOS &amp; ASSOCI,588,Loan-55413
Giniani Corporation,57873,Loan-55415
KISER TAX LLC,57056,Loan-55439
Nineteenth St Group LLC,57873,Loan-55460
Parkview Discounts LLC,18409,Loan-55468
Poncho Place Properties LLC,8889,Loan-55471
Real Time Bros Heating & Air C,29961,Loan-55477
Sai Anshika Inc,7551,Loan-55488
Sasora LLC,628,Loan-55490
Seven 20,Newtek Sma-11042,Loan-55492
Shapard Research LLC,27476,Loan-55493
Shupex Co,11813,Loan-55496
SK&T INTEGRATION INC.,6384,Loan-55501
South Florals DC LLC,Lake Michi-49512,Loan-55503
Absolute Contracting Plus LLC,628,Loan-55544
BBSF Corporation,57463,Loan-55553
CONCEPT II FINE KITCHENS &amp;,26333,Loan-55576
DMR HOLDINGS V LLC,58665,Loan-55593
Downtown Resource Group LLC,16659,Loan-55595
Ficks Music LLC,34997,Loan-55602
Freight Inc.,3510,Loan-55611
G Media Insurance Services In,CDC Small -92106,Loan-55612
Helpwithmyloan.com,34997,Loan-55622
Investment Properties of C & S,6560,Loan-55628
J.K. Stone USA LLC,4767,Loan-55632
M2 Shipping Company Inc.,31628,Loan-55657
Medspack Inc,58665,Loan-55665
Perseo Faber LLC,35519,Loan-55682
Rocky Mountain Adhesives LLC,4767,Loan-55696
TOP FABRICATORS LLC,6560,Loan-55721
WEST SUPPLY LLC,33935,Loan-55728
Windjoy Inc.,VelocitySB-92626,Loan-55730
Anytime Dish Inc,24170,Loan-55746
B & M CONCRETE SERVICES LLC,32441,Loan-55751
DMost Properties LLC,57703,Loan-55779
DWYER REFRIGERATION LLC,18409,Loan-55781
Flying X Properties LLC,27237,Loan-55783
GFP Maintenance LLC,23621,Loan-55787
Grace Caring Home LLC,17266,Loan-55791
HUNDRED ACRE WOOD INC,1617,Loan-55805
Janin Gas Inc,Readycap L-7922,Loan-55807
Long Wharf Strategic Partners ,32773,Loan-55824
Minnesota Sisters LLC,9351,Loan-55830
StarMutts LLC,33555,Loan-55868
Vapor Utah L.L.C. ,57056,Loan-55880
Warrior Disposal LLC,2270,Loan-55883
St Joseph Oil Group Inc,8056,Loan-55917
A M H TRANS INC,6560,Loan-55923
CALLEY CHRISTIE DMD PLLC.,6384,Loan-55943
CUMBERLAND ENVIRONMENTAL RESOU,35583,Loan-55953
Daisy's Designs LLC,6560,Loan-55955
Dasol LLC Sunshine Dental Arts,35323,Loan-55958
ESTATE OF SYLVIA MOY LLC,6560,Loan-55965
HILLCORE MACHINE INC.,6548,Loan-55984
Indiana Dentures and Implants,6560,Loan-55987
JBIRD ENTERPRISES INC.,32441,Loan-55993
Kahpachi LLC,3931,Loan-55997
KGR 7890 RE LLC,57873,Loan-56000
LEAPING LEARNING LLC,6548,Loan-56002
VNTX LLC,26610,Loan-56063
CF EDUCATIONAL SOLUTIONS LLC,6384,Loan-56100
CS Best FoodInc,57444,Loan-56108
EZE TRUCKING LLC,5116,Loan-56121
Flatiron Electric Inc. an Ar,27237,Loan-56125
GREENWOOD CONCRETE LLC,6548,Loan-56132
Laaavish Styles LLC,Lake Michi-49512,Loan-56151
LIBERTY LIQUORS LLC,6548,Loan-56154
NM Compounding and Infusion Ph,Capital Ce-78735,Loan-56180
Northern Oregon Fabrication LL,CRF Small -55402,Loan-56182
Plumbing Solutions,Newtek Sma-11042,Loan-56185
PRICKLY PALMS LLC,32441,Loan-56190
RICK ROLAN TRUCKING COMPANY L,6560,Loan-56193
SIGMA TECHNOLOGIES LLC,34997,Loan-56207
The Retirement Planning Group,58665,Loan-56222
TOP NOTCH WINDOW AND GUTTER CL,6548,Loan-56231
3D PLASTICS INC.,28489,Loan-56248
AEN Property Management LLC,32441,Loan-56255
BEST HOPE SENIOR CARE LLC,32441,Loan-56269
Carbon Recall Bridgeville LLC,6560,Loan-56278
ELEGANT PET INC,6560,Loan-56302
Frutilandia Products LLC,57056,Loan-56311
Halker Consulting LLC,20624,Loan-56321
INDO VIRTUAL LLC,3511,Loan-56328
Mitten Electric LLC,6560,Loan-56367
NW ACCOUNTANTS INC.,58665,Loan-56374
REDBOX+ OF NORTH CENTRAL OHIO,57056,Loan-56383
T&T Investments LLC,16450,Loan-56404
TOCO Inc.,16450,Loan-56411
5 Potatoes LLC a Delaware lim,58291,Loan-56423
American Fitness Inc,6560,Loan-56436
APPLE TREE MIDWIFERY & BIRTH C,Black Hill-57702,Loan-56440
Collins Equipment Repair,588,Loan-56470
Dasaga Inc.,57873,Loan-56474
Elevation Goods LLC,24998,Loan-56486
JEA WATERSPORTS LLC,7888,Loan-56513
Lutz Donuts LLC,34997,Loan-56520
POINTWEST SALES & MARKETING LL,35406,Loan-56540
RAINING BERRIES HOLDINGS LLC,58377,Loan-56546
Riverside Family Dental P.C.,6560,Loan-56552
ROI Swift LLC,3510,Loan-56554
SALKOOP INC,6548,Loan-56557
Strive Beauty of West Fargo LL,16635,Loan-56572
Team Fino Enterprises Inc.,23621,Loan-56578
VSK Express LLC - Comfort Inn,Readycap L-7922,Loan-56588
Anthony's Shell Inc.,20845,Loan-56600
BARE & BEAUTIFUL ESTHETICS LLC,17308,Loan-56610
Budget Blinds of Coral Springs,15019,Loan-56615
Choi's Kimchi LLC,24045,Loan-56617
COYOTE RIDGE GOLF CORPORATION,57444,Loan-56624
Internetzone I Inc.,Newtek Sma-11042,Loan-56644
LIKA TRUCKING INC,6548,Loan-56659
Modern Builders LLC,588,Loan-56667
Natalie Pitts & Jeffrey Pitts,CDC Small -92106,Loan-56670
Palm Springs Management LLC,First West-75225,Loan-56673
Sunshine Liquor,26610,Loan-56700
Wehdem Services LLC,32441,Loan-56719
3T Innovations LLC,873,Loan-56754
Baker Maids LLC,CDC Small -92106,Loan-56774
Ballinger Construction,6548,Loan-56775
Creative PetWorks LLC,6560,Loan-56797
Fresh Market Ideas Inc,6548,Loan-56813
HANDY AM I INC,6548,Loan-56822
Let Me See You Sweat LLC,Lake Michi-49512,Loan-56845
Mobile Tire Pros L.L.C.,Affinity P-55107,Loan-56863
MTH Real Estate Enterprises L,Magnifi Fi-56352,Loan-56864
Adobe Marketplace LLC,58291,Loan-56919
Autumnwood Designs,58665,Loan-56925
E&M 5700RP LLC,34217,Loan-56954
Franchise Angels LLC,32441,Loan-56960
Keynote Technologies LLC,983,Loan-56978
Keynote Technologies LLC,983,Loan-56979
Mama Juana's LLC,588,Loan-56994
Nicali LLC,35583,Loan-57011
RandM LLC,57095,Loan-57021
RJD Properties LLC,2331,Loan-57024
South Florida Foods Internatio,7213,Loan-57042
STAVIDLIN ENTERPRISE LLC,32441,Loan-57044
University Management Services,23621,Loan-57064
UTAH CENTER FOR EVIDENCE BASED,Mountain A-84070,Loan-57066
ALL WINGS OF CHANGE HOUSING CO,588,Loan-57090
AZTEC DISCOUNT SUPPLIES INC.,6384,Loan-57096
DAVIS TRUCK SERVICE LLC,24998,Loan-57121
Epic Life Adventures LLC,58018,Loan-57131
GRATR GARAGE LLC.,18409,Loan-57142
NORTH COUNTRY PAVING INC,588,Loan-57190
SANDBAR BUSINESS SOLUTIONS IN,15229,Loan-57225
SHELDON CHO MEDICAL PLLC,3511,Loan-57229
Silver Capital LLC,57873,Loan-57231
Vulcan RV LLC,33555,Loan-57252
WILLAMETTE ENVIRONMENTAL ENGIN,3511,Loan-57253
ACE CONSTRUCTION,7213,Loan-57266
BARRON PAINT DECORATING CENTER,6560,Loan-57283
Bin It To Win It LLC,17393,Loan-57285
BLUEWIRED LLC,588,Loan-57287
Forester Haynie PLLC,58739,Loan-57317
GOLD MINE TRUCK LINES LLC,6548,Loan-57322
HUSKY PIZZA LLC,20624,Loan-57327
Lifestyle Construction Service,8537,Loan-57342
LINAI Properties LLC,58816,Loan-57343
PARRISH & JENNINGS LLC,3511,Loan-57362
Ray Ray's Entertainment LLC,13058,Loan-57368
TLC By Sands Inc,6560,Loan-57398
TLC By Sands Inc,6560,Loan-57399
Vulcan RV LLC,33555,Loan-57405
WISE MEDICAL NY P.C.,18409,Loan-57409
Alon's Inc.,873,Loan-57418
Barros BBQ LLC,588,Loan-57427
Blue Rose Consulting Group In,34444,Loan-57431
Briquettes Inc. DBA Cafe 1 Of,588,Loan-57437
Burgess Ventures LLC,3511,Loan-57439
CPH CORP,588,Loan-57453
GABLES MOTEL,57056,Loan-57475
JAGPREET SINGH,6548,Loan-57485
MAAK XPRS LLC,6548,Loan-57495
TOTAL TELECOM SOLUTIONS LLC,57056,Loan-57540
JCouture LLC,17393,Loan-57562
Royal Estates Lawn & Landscape,8870,Loan-57565
1535 Holden Beach Rd SW LLC,58665,Loan-57568
3 Daughters Construction LLC,6560,Loan-57571
ANTONIO BECCARI,20624,Loan-57578
FAMILY TREE HOLDINGS INC.,32441,Loan-57623
H & H Mowing and Cleaning Comp,4160,Loan-57631
H&H Farms,28905,Loan-57632
Happy Work Spectacular Life LL,20624,Loan-57633
Louth Callan Renewables LLC,17534,Loan-57653
Rocky Mount Medical Park Pharm,58665,Loan-57681
Smoky Mountain Pizza LLC,35583,Loan-57688
Stoneburner Construction LLC,9087,Loan-57693
V.B.H.R.E.S.B. Together LLC,32441,Loan-57708
AML Transport LLC,6560,Loan-57736
AML Transport LLC,6560,Loan-57737
AML Transport LLC,6560,Loan-57738
Austin Carpet Cleaning Inc.,6560,Loan-57742
Baxter Legal Services PLLC,57056,Loan-57746
B-K Smith Trucking LLC,27476,Loan-57749
Boxton Inc,28489,Loan-57751
CLUTCH INC,17393,Loan-57762
CORILLIAN LLC,628,Loan-57765
ENRICHED LLC,58722,Loan-57781
Giacomini Resins LLC,19506,Loan-57809
Ichiban Teriyaki,22366,Loan-57820
J&E CONCESSIONS LLC,588,Loan-57824
Marco's Pizza,58665,Loan-57856
MSI Packaging Inc.,58665,Loan-57869
Random Ohio LLC,6560,Loan-57888
True Results Supplements LLC,17534,Loan-57922
Aratai International LLC,America Fi-84405,Loan-57946
Auxano LLC,4767,Loan-57952
Bates & Free Construction Inc,873,Loan-57959
Bond Advisors Inc.,8273,Loan-57964
BRANDON KEANY,18409,Loan-57966
Danzy Does All LLC,32441,Loan-57983
Double T Acres LLC,19123,Loan-57993
F & J REDMOND LLC,57444,Loan-58009
Innovative Uniform Solutions ,58291,Loan-58029
Integris Neuro LLC,33555,Loan-58031
JY Distribution Company Inc,57463,Loan-58040
Network Operations Company In,28489,Loan-58070
OPTIMUM WELLNESS ENTERPRISES L,32441,Loan-58078
Ruppert Garden Tools LLC,6560,Loan-58093
SCARAMUZZA'S PASTA PRODUCTS I,57777,Loan-58095
Wishes and Dreams LLC,6560,Loan-58138
Wishes and Dreams LLC,6560,Loan-58139
Alpine CabinetryLLC,57603,Loan-58153
BHM LLC,11813,Loan-58168
JT Corner Liquor,57873,Loan-58231
LMA Medical Materials Incorpo,17266,Loan-58247
Moses and Tami Guillen,27237,Loan-58258
Namow LLC,57873,Loan-58260
ND3 Inc,32441,Loan-58262
NEXT LEVEL MECHANICAL SOLUTION,6548,Loan-58264
OptiColor Inc,6548,Loan-58272
OTR Runs Inc,America Fi-84405,Loan-58273
Pipeline Performance LLC,3832,Loan-58279
Ranchoad Rai LLC,20845,Loan-58285
Signature Woodworks and Fixtur,58892,Loan-58290
SIMMONS' SAND LAKE ANIMAL CLIN,12368,Loan-58291
Creative Cuts LLC,Readycap L-7922,Loan-58364
DAVE SLETTEN PAINTING LLC,6548,Loan-58367
Everson RV Rental LLC,17534,Loan-58373
FORREST LLC,588,Loan-58378
Furniture & Mattress Warehouse,3511,Loan-58382
GHUMAN TRUCKLINE INC,6548,Loan-58386
GIBSON LAKESHORE LLC,32441,Loan-58387
GINES TREE SERVICE LLC,6548,Loan-58388
Hahn Towers Inc.,58030,Loan-58390
Hudson & Associates LLC,Metropolit-55411,Loan-58398
K N S FOOD INC,26610,Loan-58401
MINUM SELECTIONS LLC,6548,Loan-58416
REV Rides LLC,28489,Loan-58451
The Stock Company LLC,CDC Small -92106,Loan-58477
TRIDENT SOLUTIONS LLC,33555,Loan-58481
Woodlands Backyard,57056,Loan-58493
14 Six of Addison LLC,34997,Loan-58497
Bundled Management Solutions L,8056,Loan-58506
Hometown Smiles PLLC,Fund-Ex So-33324,Loan-58511
[1] Sushiwa Teriyaki [2] Happ,57944,Loan-58523
Atwood Pharmacy Inc.,588,Loan-58542
Dock 42 LLC,6560,Loan-58583
Edsmart Management L.C.,628,Loan-58588
Express Tires,32974,Loan-58594
Hubbard Rental Partnership,6548,Loan-58625
Juniper Tree Restaurants LLC,8728,Loan-58643
Justin Miller LLC,10988,Loan-58644
MEGA NUTRITION,3511,Loan-58664
Morales Feed &amp; Supply LLC,983,Loan-58671
OM Pharma LLC,58665,Loan-58683
SAPPHIRE STEAMER,3511,Loan-58707
Tigo Inc,35583,Loan-58732
TS Fitness Inc,14207,Loan-58737
Willow & Greta LLC,VelocitySB-92626,Loan-58747
WINDOW TREATMENTS LLC,32441,Loan-58748
BERNS INFRASTRUCTURE INC.,6548,Loan-58769
Daddybug Inc.,983,Loan-58803
DOG BAR SAV,3511,Loan-58810
eld2.0 LLC dba Mosquito Joe o,32441,Loan-58814
FONTES TAX PLLC,58722,Loan-58823
GOCOACH INC.,588,Loan-58828
Hexany Audio LLC,3510,Loan-58833
Level Interactive Inc.,17534,Loan-58853
McAllen Hospitality Group LLC,9366,Loan-58865
Med-Co L.L.C.,32974,Loan-58867
MORUGA INC.,58665,Loan-58877
SOUTHWEST LIBERTY LLC,32441,Loan-58916
The Law Offices of Lawrence A.,Newtek Sma-11042,Loan-58925
Universal Brands Consolidated ,27237,Loan-58939
Absolute Air Heating & Air Con,57703,Loan-58960
Adriatic Ventures SS3 HVAC LLC,4767,Loan-58961
Beach House Partners LLC,57095,Loan-58976
Central Minnesota Containers ,9733,Loan-58991
Doctors on Wheels Medical Clin,11063,Loan-59011
Eco Stone Supply Inc,32974,Loan-59018
Faithful Heritage Holdings Inc,19772,Loan-59023
Fort Myers Assisted Living LLC,3511,Loan-59028
Georgetown Inn LLC,57944,Loan-59031
Koda Insurance Group,58665,Loan-59066
Make-It Mac's Makerspace LLC,57603,Loan-59079
MISSOURI HOME APPLIANCE LLC,1617,Loan-59090
Nimbus Imports Inc,24998,Loan-59096
Pumas Upholstery Corp.,15019,Loan-59116
Reliable Manufacturing LLC,7468,Loan-59118
The Bachrach Group LTD.,6976,Loan-59137
THE LOADED CHICKEN LLC,6560,Loan-59140
THE LOADED CHICKEN LLC,6560,Loan-59141
Watershed Distillery LLC,Telhio Cre-43215,Loan-59162
WILDER SYSTEMS LLC,58665,Loan-59169
BELA DIGITAL INC,6548,Loan-59193
BUILDING BLOCKS COUNSELING LL,4767,Loan-59209
CARDAMONE BROTHERS CUSTOM HOME,18409,Loan-59215
G & O Mechanical Contractors ,588,Loan-59251
Hot-Fit Lubbock South LLC,1210,Loan-59268
JACS e Bikes LLC,19123,Loan-59273
John Moore & Associates Inc.,58665,Loan-59276
JORDAN MOORE ELECTRICAL SERVIC,6548,Loan-59277
M & R Properties Inc,33761,Loan-59293
P. M Hagel & Associates Inc.,17266,Loan-59313
Reliable Manufacturing LLC,7468,Loan-59322
Success By Design LLC ,9846,Loan-59349
Wash N Fill Express of New Bri,5116,Loan-59369
A & I Truckin Inc.,6560,Loan-59375
Adept Restoration Inc.,32441,Loan-59380
AURORA ROAD LAUNDROMAT LLC,6560,Loan-59398
Bounce-Tag Inc,19506,Loan-59408
CLIFFORD PRESS LLC,58722,Loan-59419
E & C Wealth Street LLC,57716,Loan-59431
Go Get Fred LLC,58511,Loan-59451
Happy Teriyaki Bridgeport Way,22366,Loan-59454
Joneser & Woody Inc.,32441,Loan-59474
LEE & GRACE INVESTMENTS LLC,58018,Loan-59488
LF Insurance Corp,32441,Loan-59491
NJM Properties LLC,32441,Loan-59505
NOBLE CONTRACTING LLC,6548,Loan-59506
Panara Baking LLC,7551,Loan-59510
Roaring Fork Express Inc.,Readycap L-7922,Loan-59527
Shri Jalasai L.L.C.,57252,Loan-59539
South Philly 4th St LLC,34444,Loan-59546
4R4 Enterprises LLC,33306,Loan-59620
A2B DEVELOPMENT INC.,6384,Loan-59623
ALLAIRE DENTAL CORPORATION,Readycap L-7922,Loan-59634
Ames Tree Services Inc.,23621,Loan-59636
Braida Inc.,32441,Loan-59652
Central SC Battery LLC,24045,Loan-59657
CTB 3 LLC,4160,Loan-59665
Dynamic Coating Systems LLC,32441,Loan-59673
EOS LLC,58511,Loan-59682
Jane's Corndog #3,57716,Loan-59710
MAYNES ENTERPRISES INC,6548,Loan-59733
MOUNTAIN MARKETING SERVICES L,32441,Loan-59742
OFF Holdings LLC,9087,Loan-59752
Oyegunwa & Associates IV PLLC,58665,Loan-59756
SENALIM INC.,18409,Loan-59784
SKYTOWER AVIATION SERVICES IN,20624,Loan-59794
Slate Mountain LLC,258,Loan-59796
STATE TILE & FLOORING LLC,20624,Loan-59803
TRESFINALE INC,6548,Loan-59819
Whitecap Enterprises LLC,9204,Loan-59833
A&P ENTERPRISES OF FORT MYERS ,32441,Loan-59842
AC MEDICAL SPECIALISTS LLC,3511,Loan-59843
ATCHISON LAWN CARE & TREE SERV,1617,Loan-59859
BLUE SKY BRIDAL LLC,6548,Loan-59868
Board House LLC,23621,Loan-59869
DETROIT HEALING HANDS PHYSICAL,6560,Loan-59890
Dhoom Production LLC,Readycap L-7922,Loan-59891
FOUR LAKE GROCERY,28489,Loan-59905
Louthan Competition LLC,17266,Loan-59951
Lynn Given LLC,32441,Loan-59953
OFF THE RAIL INVESTMENTS LLC ,58377,Loan-59970
PORTLAND TRUCKING COMPANY LLC,3511,Loan-59978
SNA Enterprises LLC,32441,Loan-60005
SNYDER BRACE INC,1617,Loan-60006
ARX FIT INC.,22257,Loan-60051
Athiri LLC,32441,Loan-60054
BHK Transport Inc,6560,Loan-60059
IADB Services LLC,32441,Loan-60126
KA of Fair Lawn LLC,58665,Loan-60135
Mak Associates of Ohio Inc,6560,Loan-60152
PTSM LLC,27237,Loan-60178
Ramsay Capital Group LLC,35361,Loan-60183
Salas Water Conservation LLC,32441,Loan-60190
SOULSHINE LANDSCAPING LLC,3511,Loan-60202
Triconus Inc,35151,Loan-60225
UNION COMPLETE SERVICE INC.,58665,Loan-60229
UNION COMPLETE SERVICE INC.,58665,Loan-60230
Yellow Springs Lawn Care LLC,32441,Loan-60242
1201 N. Alvarado Echo Park Stu,6548,Loan-60244
3 Tops BBQ LLC,12437,Loan-60246
Bulls Car Wash Inc.,Lake Michi-49512,Loan-60272
Central Ridge Laundry LLC,588,Loan-60277
Central Ridge Laundry LLC,588,Loan-60278
E.D.B. FRAME AND BODY,6384,Loan-60290
EternalEarth Inc.,22257,Loan-60294
GCG WEALTH MANAGEMENT LLC,20624,Loan-60305
Gino's Collision Center Inc,58665,Loan-60307
Hannah Jiyoung Song,57944,Loan-60311
LIS TRANSPORT LLC,6560,Loan-60346
MKS Property LLC,628,Loan-60357
Neil Lindquist Law PLLC,29012,Loan-60362
Neil Lindquist Law PLLC,29012,Loan-60363
Rizov LLC,588,Loan-60379
Sanctuary At Stonehaven 4 LLC,58665,Loan-60386
SMARTMOMGIG.COM,6384,Loan-60391
YUMMY KITCHEN LLC,3511,Loan-60416
All Pro Tree Care Inc.,17266,Loan-60422
Barry & Associates LLC,13421,Loan-60431
BREWER TRANSPORT & LOGISTICS I,3511,Loan-60436
CLEOPATRA PROPERTIES LLC,20845,Loan-60443
DYNAMO REALTY INC.,32441,Loan-60461
HANCOCK FABRICATION INC,6548,Loan-60477
Lighthouse 27 LLC,6548,Loan-60500
Mijatovic Trucking Comapny LLC,24998,Loan-60505
Oakmont Law Group PC,16571,Loan-60514
PRETZINGER INVESTMENT GROUP L,58018,Loan-60522
ROBERT J. HORST P.A.,35323,Loan-60531
UNITIMED RECRUITING RESOURCES,13421,Loan-60551
Wright Brothers Contracting Se,3510,Loan-60556
ACCURATE RESTORATION BUILDERS ,3511,Loan-60561
678 Inc.,Centerston-90017,Loan-60584
ARTISAN DESIGNS INC,11813,Loan-60594
BC United Construction Inc,6548,Loan-60598
Chad A. Borer DDS PLLC and C,588,Loan-60606
HONGFENG US SERVICES CORP.,57444,Loan-60642
MICRO FINISH & COATING INC.,58115,Loan-60663
QUALITY CLAIMS SOLUTIONS INC.,16958,Loan-60685
RAS Hospitality Group LLC,20845,Loan-60688
Sparkling Pools & Spas LLC,34607,Loan-60703
THE QUARTER POUND HOUSE INC.,Centerston-90017,Loan-60712
WeeHauler LLC,609,Loan-60725
WHEEL1629 LLC,6560,Loan-60726
Whitney and Wade LLC,17266,Loan-60727
Corporate Styles Inc.,7888,Loan-60766
Corporate Styles Inc.,7888,Loan-60767
Escape Technologies Inc,Lake Michi-49512,Loan-60780
Hawkins Psychiatry PLLC,6384,Loan-60797
JPH Industries LLC,7888,Loan-60810
M & F DZAIR CARRIERS LLC,6548,Loan-60814
New America Beauty Education C,58291,Loan-60833
Skyline Builders NYC Corp,18409,Loan-60859
TRAIN OUT LOUD LLC,58722,Loan-60875
BETOS SANDY,58722,Loan-60911
BROCCOLI-THOMPSON ENTERPRISES,10988,Loan-60918
Greenacres Childcare LLC,Lake Michi-49512,Loan-60950
HND Holdings Co.,28489,Loan-60953
HND Holdings Co.,28489,Loan-60954
JA Lett Construction Co Inc,12437,Loan-60961
Kazie Group Inc,58665,Loan-60971
Leroy George Siddell and Maria,27237,Loan-60976
Marrec Logistics Inc,3832,Loan-60983
RBP Dream Inc.,20624,Loan-61013
SHAMROCK PLUMBING AND DRAINCLE,29961,Loan-61020
Wolf Residences LLC,6548,Loan-61047
Wood Creek Logging LLC,57038,Loan-61048
Woods Edge Campground LLC,57265,Loan-61049
College Economy Inc.,Newtek Sma-11042,Loan-61089
Connect Life Sciences Inc,33555,Loan-61091
Jarrod Montgomery,6560,Loan-61135
L&M CUSTOM TRUCKING CORP,3511,Loan-61145
LA ROUGE NAILS WAREHOUSE INC,32974,Loan-61146
Lia Davalos Professional Corpo,Nusenda FC-87107,Loan-61150
MID-MISSOURI FINANCIAL GROUP ,1617,Loan-61161
Modern Health Solutions PC,32441,Loan-61164
Nichole Volpi LLC,America Fi-84405,Loan-61172
REFLECTION AUTOMOTIVE SERVICES,12368,Loan-61192
Rev Express Car Wash LLC,57056,Loan-61194
Robert Pappert,ESL FCU-14604,Loan-61196
Salon Eclips Inc.,5162,Loan-61198
TarzanaSeniorLivingInc.,58291,Loan-61214
WEBCENTRIQ LLC,28489,Loan-61223
WEBCENTRIQ LLC,28489,Loan-61224
38th Road Poultry LLC,13868,Loan-61227
Core Change Management Consult,8273,Loan-61259
Gearhouse Services LLC,58665,Loan-61283
Green Home Experts LLC,3832,Loan-61291
IZAAN INC.,32551,Loan-61300
Kantan Inc.,57716,Loan-61302
Lockhart Law Firm A Professio,34997,Loan-61317
Lynoxx Group LLC,58665,Loan-61319
Mr Speedy's LLC,6560,Loan-61328
Mulder Ag Service LLC,13868,Loan-61329
Prime Defense Technologies LLC,CDC Small -92106,Loan-61342
RL Harris Welding LLC,588,Loan-61351
WillCorp LLC,3511,Loan-61395
THRIFT CITY USA OF FLORIDA INC,3511,Loan-61412
Contempo Aesthetics,Newtek Sma-11042,Loan-61417
Krua Thai LLC,258,Loan-61424
KTB Transport Inc,4178,Loan-61425
S & W Grocery LLC,9366,Loan-61431
CAR CARE & QUALITY SUPPLIES,6548,Loan-61472
Ender LLC,17534,Loan-61493
FACILITIES CONSTRUCTION SERVIC,3511,Loan-61496
G2G Subs LLC,32551,Loan-61498
Grass Roots Marketing LLC,6548,Loan-61505
Hood & Son II Inc.,22257,Loan-61516
Iced Up,6560,Loan-61521
M.M.A. DESIGN LLC,628,Loan-61543
ROCKETOLOGY LLC,Centerston-90017,Loan-61588
Tangible Wealth Solutions LLC,16571,Loan-61607
The Jewelry Vault LLC,34997,Loan-61610
The Red Witch LLC,CDC Small -92106,Loan-61612
TRACTOR BOB LLC,58722,Loan-61618
2nd Life Lavender LLC,17266,Loan-61637
A & K Transport LLC,6560,Loan-61643
ALM Services LLC,628,Loan-61650
Amity Cut & Style,17266,Loan-61651
ANALYTICA VENTURES INC.,24170,Loan-61652
Ardglas Wellness LLC,28489,Loan-61654
Boros Real Estate LLC,58626,Loan-61669
Calvo Construction Inc. a Tex,27237,Loan-61681
Careon Healthcare Bay Area Inc,CDC Small -92106,Loan-61684
D D & M PETROLEUM INC.,6560,Loan-61695
Eastern Olympic Sports LLC,588,Loan-61707
Escobar Properties LLC,34444,Loan-61717
FLETCHER USA ENTERPRISES INC.,57444,Loan-61723
JAC Group LLC,13421,Loan-61752
K&K Futures Inc.,16889,Loan-61759
KGF SYSTEMS INCORPORATED,3511,Loan-61761
Omega Wellness LLC,28489,Loan-61792
Philadelphia Dry Ice Company ,23621,Loan-61801
RMM Commercial Properties LLC,6560,Loan-61823
Shuman Home Health LLC,3511,Loan-61834
SKYWHEEL EXPRESS LLC,6560,Loan-61835
SOUL STUDIO LLC,588,Loan-61837
Tickle Law Office PLLC,7888,Loan-61855
Tipperary Transportation Inc.,Readycap L-7922,Loan-61857
TIRE SOUTH INC.,29961,Loan-61858
122 Bocca Indy LLC,8056,Loan-61875
Ajay Birla,6548,Loan-61888
AMORICA TRADING LLC,18409,Loan-61890
FBC Division Street Brewpub L,33935,Loan-61932
Fillmore Enterprises Inc.,32441,Loan-61933
Finish Line Supply Inc.,35519,Loan-61934
Healy & Jordan PLLC,11813,Loan-61948
HIGH PERFORMANCE PRODUCTS LLC,628,Loan-61953
JXR CONSTRUCTORS INC. DBA JXR,628,Loan-61973
M&A MEDICAL CENTER INC,18409,Loan-61985
Mendy & Co Hair Salon Inc.,15699,Loan-61989
PIZZA TREE LLC,1617,Loan-62006
Robb M. Maylor DDS LLC,6560,Loan-62015
SATOP Hotel LLC,20845,Loan-62020
SDA Solutions LLC,34603,Loan-62022
Shree Vallabh LLC,34607,Loan-62031
Summermoon Coffee,32974,Loan-62043
TFR Construction LLC,6560,Loan-62046
Tim Garvey Agency LLC,34603,Loan-62055
Tropical Ohio Smoothie Inc,6560,Loan-62057
VeraTech Incorporated,16111,Loan-62062
A&G OFFICE FURNITURE INC.,29961,Loan-62072
B&B Dumpster & Demolition LLC,6560,Loan-62083
BD Super Corp,57463,Loan-62088
Dragon Gear Inc.,34997,Loan-62117
Fighting Squirrel Holdings LL,58739,Loan-62133
Garden Hospitality LLC,57463,Loan-62136
Khavari & Moghadassi Attorney,57665,Loan-62168
Novara Tesija and Catenacci ,6560,Loan-62193
OSJ Baked Goods LLC,PeopleFund-78702,Loan-62196
Urban Sprawl Inc.,3511,Loan-62252
Wet Your Whiskers LLC,588,Loan-62259
Angelo Construction Services ,5296,Loan-62284
Beacon Collision Inc,57777,Loan-62292
H & H Real Property Group LLC,873,Loan-62345
M Livorio Design Inc.,6560,Loan-62380
McKlou Enterprises LLC,PeopleFund-78702,Loan-62387
Noble Contractors LLC,17534,Loan-62400
NW Real Estate Renovations LL,17266,Loan-62402
RAFAEL M MUNIZ DDS PC,588,Loan-62411
RJA ENTERPRISES,6560,Loan-62418
Timber City Ginger LLC,28489,Loan-62441
TK TRANSPORTATION LLC,6560,Loan-62443
TUXEDO MOSQUITO LLC,35583,Loan-62448
Wright Square Holdings LLC,57252,Loan-62458
COMPASS TECHNICAL SERVICES IN,Newtek Sma-11042,Loan-62461
At Your Service Holdings LLC,6560,Loan-62488
BLUE RIVER INTERACTIVE GROUP ,35361,Loan-62496
Cloud Storage Portfolio LLC,58665,Loan-62503
Colorado Limited Inc.,58665,Loan-62504
GEE TEE HANDY MAN SERVICE LLC,6548,Loan-62528
JHG Charters LLC,58030,Loan-62553
JW Trucking LLC,17534,Loan-62557
Lu Castle LLC,27237,Loan-62568
Massada Inc,8728,Loan-62571
MURGOR INC,5116,Loan-62584
Rambo Tire Corp,22257,Loan-62600
SBS SUPPLY INC,588,Loan-62614
The Learning Place Academy Orl,14851,Loan-62633
Tropics Llc,Newtek Sma-11042,Loan-62645
ARMSTRONG & SONS LLC,35406,Loan-62670
Foote's Rest Rental,Newtek Sma-11042,Loan-62731
Four High Management LLC,24998,Loan-62734
G & M Investments LLC,8728,Loan-62738
Jean-Raymond H Madore DBA Bean,588,Loan-62761
JK One Automotive Inc.,24170,Loan-62765
Pyne Tyme LLC,16571,Loan-62819
Quirk & Kids Logistics LLC,588,Loan-62820
Richard F. Castillon Insurance,983,Loan-62823
US Roadmaster LLC,6560,Loan-62855
VERNA FASHION INC,26610,Loan-62857
Agoztech LLC,16889,Loan-62880
American Home Agency LLC,58665,Loan-62889
Andor Law PC,17534,Loan-62891
CAPITAL FOOD MGMT INC.,16889,Loan-62922
CELLANTENNA INTERNATIONAL INC.,12368,Loan-62927
Growing Grayson Logistics LLC,17534,Loan-62972
Irrigation Design Associates ,6672,Loan-62983
MDC Enterprise Inc.,24170,Loan-63009
Reynegade Partners LLC,58665,Loan-63053
SHS RETAIL LLC,14851,Loan-63066
STREET SEALERS LLC,6548,Loan-63073
Vada Winter Inc,6672,Loan-63084
WINTHROP WEALTH LLC,58665,Loan-63094
11820 Building LLC,6560,Loan-63096
6335 Building LLC,6560,Loan-63101
6400 Investment Properties LL,34997,Loan-63102
Dr. Katz Integrative Medicine ,11063,Loan-63148
ELITE CRAFT LLC,3511,Loan-63152
EYE 4 GROUP LLC,6560,Loan-63158
Foreclosure Excess Proceeds L,Newtek Sma-11042,Loan-63164
Frothy Monkey LLC,20624,Loan-63168
MUSARTS LLC,6548,Loan-63228
Peakopia LLC,20845,Loan-63247
Proof Pest Control LLC,628,Loan-63254
Robinson's Aluminum Constructi,Suncoast C-33610,Loan-63260
110 E. Ogden LLC,6560,Loan-63311
Eye Love Optical LLC,588,Loan-63379
Fivalco Inc.,57873,Loan-63381
Iram Din,27237,Loan-63396
J & K EXPRESS INC.,1617,Loan-63397
Legacy Painting LLC,35583,Loan-63419
Malama Meals LLC,17308,Loan-63422
Nellabella LLC,3511,Loan-63434
New Life Enterprises Inc.,16111,Loan-63435
P & C Healthcare LLC,59052,Loan-63442
PACKAGING SYSTEMS INTEGRATION ,57252,Loan-63445
Raizun Nail Spa,15229,Loan-63460
SADIK BURDALIC TRUCKING,6560,Loan-63472
Sleep Geekz Inc,20624,Loan-63479
Stonewall Group LLC,6560,Loan-63485
Tanzie Vending LLC,16571,Loan-63491
Taoufik Eddahraoui,628,Loan-63492
Veronica Sanchez Insurance Age,34603,Loan-63503
WELLNESS 360 LLC,29961,Loan-63505
Annie Lane's Flowers LLC,33555,Loan-63519
Bob's Remodeling Inc,6560,Loan-63520
NebulOS Inc,Newtek Sma-11042,Loan-63527
Alisha Capital Investments LLC,27677,Loan-63541
ASAP Mow & Snow LLC,6560,Loan-63551
AVPROP LLC,58722,Loan-63556
Cambecko Logistics Inc,57056,Loan-63572
Corona Paint Operations LLC,983,Loan-63576
Corona Paint Operations LLC,983,Loan-63577
DAU Properties LLC,11813,Loan-63583
Ellcon Corp,58665,Loan-63594
Ellcon Corp,58665,Loan-63595
Everwell Parts Inc.,18409,Loan-63599
Everwell Parts Inc.,18409,Loan-63600
Fairview Custom Homes LLC,18409,Loan-63601
Jason Ashcraft Trucking LLC,9087,Loan-63628
KOCHASOFT INC. ,3510,Loan-63636
Miami Health Concepts LLC,14851,Loan-63658
MRRA Solutions Inc,30776,Loan-63663
NIGHT RIDER EXPRESS LLC,34997,Loan-63668
ROSS PROJECT AND BUSINESS CONS,32441,Loan-63697
Sea Transport LLC,6560,Loan-63703
Tre Fratelli Gelato Inc.,28489,Loan-63731
YOGI SHIV SHANKARA LLC,27677,Loan-63751
Christopher S. Stark,58665,Loan-63794
Danny Patrick Manley,6548,Loan-63802
Eastern Standard,Newtek Sma-11042,Loan-63809
Elemento Graphics,Newtek Sma-11042,Loan-63810
Freedom 3 LLC,22257,Loan-63823
IVITALIZE INC.,58291,Loan-63842
KJ Building Maintenance LLC,628,Loan-63855
Linkpoint LLC,3510,Loan-63865
MARKET EQUIPMENT SOURCE LLC,6548,Loan-63870
Massage Supply Depot LLC,19772,Loan-63872
MNMR Family Corporation,34607,Loan-63882
NARA NAILS LLC,12633,Loan-63891
Northern Balance and Scale In,16111,Loan-63898
OK A/C & Refrigeration Inc.,33188,Loan-63903
Pearce Financial Services Corp,20624,Loan-63908
PSWR LLC,6384,Loan-63915
ROSARIO P GUZMAN,6548,Loan-63926
Semper Foods LLC,Newtek Sma-11042,Loan-63931
STEDMAN HEALTH ASSOCIATES INC,11063,Loan-63940
TCB Leasing LLC,16450,Loan-63944
The 106 Group Ltd.,5296,Loan-63947
The Healthy Way LLC,14851,Loan-63950
Univenture Inc.,17393,Loan-63957
Verde Wood International Inc.,12368,Loan-63960
Vinrich Courier Services Inc,34607,Loan-63963
WE-CARE CONSTRUCTION INC.,57873,Loan-63968
West Coast Rock and ReadyMix,57056,Loan-63970
Yiming Zhao,CDC Small -92106,Loan-63979
4FRONT ENERGY SOLUTIONS INC,35406,Loan-63982
Ascension LLC,588,Loan-63991
Bill Pentz Well Drilling and P,3510,Loan-64003
Blue Swan LLC,32441,Loan-64005
Broken Barrel LLC,20624,Loan-64007
DNA TRANSPORTATION LLC,6560,Loan-64036
Dust Pipeline Services Inc.,14207,Loan-64039
ECONOMY AUTOMOTIVE SERVICES L,6560,Loan-64042
Global DD Group Inc.,57463,Loan-64059
Good Clean Love Inc.,11813,Loan-64061
H &amp; L Sunrise Inc,18409,Loan-64070
JD MOTORSPORTS LLC,6548,Loan-64085
KWICK & CO LLC,33555,Loan-64094
MEX-ENVIOS LLC,17266,Loan-64114
Paragon Private Wealth Managem,58665,Loan-64130
RSB Logistics Inc.,6560,Loan-64145
S. M. Brown Construction LLC,6560,Loan-64148
TROPICAL SMOOTHIE CAFE,15699,Loan-64191
Adding Zeros LLC,14207,Loan-64213
Any Garment Discount Dry Clean,57777,Loan-64221
BlackWolf Engineering LLC,21031,Loan-64237
CASH & FORBES INSURANCE GROUP ,58665,Loan-64247
Colombian Garden LLC.,17266,Loan-64256
DTRH Group Inc,Lake Michi-49512,Loan-64276
F and F Group Inc,Everwise C-46601,Loan-64284
Maximo Maximo LLC,35456,Loan-64330
Mid-Atlantic Remodeling LLC,57777,Loan-64336
Mirko Express LLC,6560,Loan-64339
MKJK Hospitality Group LLC,57463,Loan-64340
Research For Life LLC,11063,Loan-64377
Roberts Funeral Home & Cremati,6560,Loan-64382
Rodmar Inc.,57873,Loan-64383
Simple Home Builders Inc.,6560,Loan-64397
WIGSBYMAY LLC,6384,Loan-64434
55 Washington LLC,26610,Loan-64452
BARNETT LAKEVIEW ALF INC.,14851,Loan-64468
DATCHER ENTERPRISE LLC,3511,Loan-64494
Fairfield Inn and Suites Fort ,Readycap L-7922,Loan-64511
FRATO PRODUCTS INC.,6560,Loan-64517
JV Diamonds Inc,983,Loan-64544
L.A. MERRIT A CALIFORNIA CORP,6384,Loan-64554
NJS Concrete LLC,17534,Loan-64570
NJS Concrete LLC,17534,Loan-64571
Oakridge Hospitality Managemen,57944,Loan-64576
Verdi Executive RV & Boat Stor,58665,Loan-64654
South Jersey Indoor Sports Cen,17838,Loan-64676
A & A BOUTIQUE LLC,6548,Loan-64682
BrandonHetrick,9366,Loan-64694
Dayton Electric LLC,18409,Loan-64718
Flatstick Pub LLC,28489,Loan-64733
Granny & Dots LLC,24677,Loan-64741
HOT TUB FACTORY OUTLET LLC,3511,Loan-64752
JKM2 Properties LLC,6560,Loan-64761
Koperczak Properties LLC,35519,Loan-64770
Shawn M. Kinney DMD PLLC,58665,Loan-64813
TTS GROUP HOLDINGS LLC,35583,Loan-64839
TTS GROUP HOLDINGS LLC,35583,Loan-64840
URBAN BOUTIQUE HOTEL,Centerston-90017,Loan-64842
USA Quartz LLC,58030,Loan-64843
WARD ROAD PHARMACY,58665,Loan-64848
Weed Free For Me LLC,Fund-Ex So-33324,Loan-64849
Yellowhouse LLC,6560,Loan-64854
45th Property & Power LLC,6560,Loan-64858
45th Property & Power LLC,6560,Loan-64859
Anchor Pest Services Inc,59086,Loan-64872
Banks Electric Corporation,5116,Loan-64879
BARKSUDS INCORPORATED,3511,Loan-64880
CBA Premier LLC,33555,Loan-64894
Circle Pharmacy LLC,58665,Loan-64898
DYNASTY SPIRITS INC.,58665,Loan-64915
Fall On Your Sword LLC,58291,Loan-64921
GLENAIR HOLDINGS LLC,6560,Loan-64931
IN THE BOX LLC,12854,Loan-64939
Jeet Enterprises LLC,9536,Loan-64948
loomtek products LLC,6384,Loan-64957
Noah T. Lacey Construction LLC,17266,Loan-64969
OCCUVAX LLC,Fund-Ex So-33324,Loan-64973
Raven Construction Inc.,18561,Loan-64978
SHEET METAL CONTRACTORS INC,8889,Loan-64990
Sipaul Impex Inc,26610,Loan-64992
Tapani Construction LLC,28489,Loan-65005
THE BELLMAN AND CONCIERGE LLC,35583,Loan-65007
THE OLDE WELL TAVERN LLC,35583,Loan-65010
Tostada Regia Logistics LLC,20845,Loan-65017
Zooks Coffee Bar LLC,Black Hill-57702,Loan-65030
C & C Quality Homes Inc,34997,Loan-65052
Fleur Sauvage Chocolates LLC,8468,Loan-65088
Galicia Trucking LLC,6384,Loan-65094
GJM Aviation LLC,9366,Loan-65096
MARU INC.,588,Loan-65129
MMO Designs Inc,4767,Loan-65136
Nan PWilson,9366,Loan-65141
Pacific Sports and Interventio,57056,Loan-65153
RT Logistics LLC,6560,Loan-65175
Select Dental SC PC,32441,Loan-65182
Skeeter Slayers 1 LLC,57252,Loan-65185
Swenson's Mobile Fleet Repair,57056,Loan-65201
Webber Roofing and Constructio,57841,Loan-65222
ARK 786 Investments LLC,20845,Loan-65242
J & T CONSULTING LLC,3511,Loan-65316
JPPT Corp,35444,Loan-65319
MARKET ACCESS EXCELLENCE LLC,3511,Loan-65341
McLane Properties LLC,6560,Loan-65343
MOCTEZUMA APPLIANCE RESALE IN,20845,Loan-65347
OUTDOOR KITCHEN DISTRIBUTORS ,6548,Loan-65359
Premier Contracting LLC,18409,Loan-65364
Raj &amp; Raj LLC,34444,Loan-65370
Refresh Your Home LLC,32441,Loan-65371
Rudolph Girls LLC,1895,Loan-65379
S & R Deals Inc,35444,Loan-65381
Tejas Environmental Enterprise,983,Loan-65401
Texas Renovation Services LLC,32441,Loan-65404
Woof City of Frisco LLC,3511,Loan-65413
Astral Engineers P C,34607,Loan-65428
Clear-Vue Glass & Construction,32441,Loan-65448
DJH Educational Services LLC,58018,Loan-65459
Nationwide Beef Distributor I,6672,Loan-65514
NE Transportation LLC,57038,Loan-65515
PEAKS AND PEDALS GEAR EXCHANGE,3511,Loan-65527
Precision Auto LLC,25858,Loan-65533
The Learning Experience of Sou,Readycap L-7922,Loan-65577
Queen Ma LLC,8273,Loan-65590
ATC Express Inc,19416,Loan-65606
EK ESTHETICS NEW YORK LLC,18409,Loan-65639
FABIOLA M LIENDO DDS CORP.,34997,Loan-65644
Frank Vertullo Agency Inc,20624,Loan-65650
Freedom Adventures Holdings L,58030,Loan-65652
Greenleaf Landscaping and Main,57056,Loan-65659
Hirji CPA L.L.C.,628,Loan-65665
JDM3 Consulting LLC,873,Loan-65675
JDM3 Consulting LLC,873,Loan-65676
K & H CORNERSTORE INC,6548,Loan-65679
More Than A Carpenter LLC,6560,Loan-65703
Poynette Piggly Wiggly,57038,Loan-65724
Rebecca Shamis DMD P.C.,32441,Loan-65732
Restoration Network Inc.,22559,Loan-65737
SHIPPING X,6548,Loan-65754
TE Andrews Holdings LLC,12368,Loan-65764
Xchive Business Intelligence ,16571,Loan-65787
A.R. Lintern Inc,58665,Loan-65793
BIG MOUNTAIN BOBCAT LLC,6548,Loan-65816
Birch Tavern LLC,6560,Loan-65818
Convox Inc.,17266,Loan-65836
Critter Stop,57056,Loan-65838
Gold River Brokerage LLC,18409,Loan-65862
Indigenius Cuisine LLC,33555,Loan-65875
JASON BARTLETT,18409,Loan-65882
JJ&apos;s Trucking,3330,Loan-65885
Magic Bear LLC,588,Loan-65903
Min Choi,26790,Loan-65911
Moss Trucking &amp; Freight I,3510,Loan-65915
Q J EXPORTACION EQUIPMENT LLC,6384,Loan-65932
Red Dog Plumbing & Heating In,17838,Loan-65937
Red Dog Plumbing & Heating In,17838,Loan-65938
Rocking W. Farms,28905,Loan-65943
Valeda Inc,24170,Loan-65972
11TH HOUR VENDING LLC,32441,Loan-65987
Bixby Electric Inc,4214,Loan-66016
Buckner & Associates Agency I,6548,Loan-66026
Compass Counseling Services LL,58115,Loan-66035
Eny's Hotel,Readycap L-7922,Loan-66053
EPSalonKC LLC,5452,Loan-66054
Ethic Tech LLC,33555,Loan-66055
FLUID ROOFING LLC,6560,Loan-66060
GLUETREAD LLC,6560,Loan-66061
Kulwinder Saini,57463,Loan-66085
LESKRO INCORPORATED,58410,Loan-66092
MICK A RIDGWAY,6548,Loan-66102
PCMG Holdings LLC,3510,Loan-66115
SMC PREMIERE HOLDINGS LLC,27237,Loan-66141
St. Clements Inc.,23621,Loan-66147
Sunnyside Tacos LLC,17393,Loan-66150
THE LAW OFFICES OF ATHAN P. PA,6548,Loan-66156
TRE Ventures LLC,35361,Loan-66163
Twardowski Stoneworks Co.,18409,Loan-66165
1836 TOTAL COMMERCE LLC,Centerston-90017,Loan-66178
2MC Holdings Inc.,17534,Loan-66179
Azalea KY LLC,2720,Loan-66197
Chandler Gas Holdings LLC,17266,Loan-66208
Epic Tool & Rental Inc,11813,Loan-66225
GILL LOGISTICS INC,6384,Loan-66239
GRAIN & GRAPE LLC,Telhio Cre-43215,Loan-66240
Haddon-McClellan Associates I,12368,Loan-66242
LaBracio Enterprises LLC,32441,Loan-66263
MarCar Business Svcs LLC,34997,Loan-66273
S&H MINI-MART INC.,6384,Loan-66313
T.R. Empire Inc.,35323,Loan-66329
TallSlim Tees,15019,Loan-66330
USORA EXPRESS LLC,6560,Loan-66339
1860 N Gettysburg Ave LLC,17393,Loan-66352
A BRIDGE TO BETTER HEALTH LLC,3511,Loan-66354
American Deluxe Construction I,27237,Loan-66362
Brock Real Estate Inc.,26610,Loan-66374
Dearinger Excavating LLC,2720,Loan-66390
Dot Com Holdings of Buffalo I,588,Loan-66394
E.M.S.E Corporation,58665,Loan-66395
Efferding Transport Co.,5452,Loan-66396
Ephemerai LLC,34997,Loan-66398
GOLDEN YEARS SERVICES INC,58291,Loan-66412
J & A LLC,27237,Loan-66424
James Yungen,6560,Loan-66426
NEW HOPE HEALTH SERVICES LLC,57056,Loan-66454
Place Fab LLC,2270,Loan-66473
RICCI LIMO,6548,Loan-66483
SECUREGLOBAL LOGISTICS INC,4214,Loan-66496
Seventy Fifth & Main LLC,57944,Loan-66500
SSS ENTERPRISE LLC,6548,Loan-66503
Taekwon Kids Phoenix LLC,8889,Loan-66505
Three Little Birds Trucking LL,16958,Loan-66512
Twardowski Stoneworks Co.,18409,Loan-66518
SAGE DENTAL LABORATORY,Mountain A-84070,Loan-66537
1301 Percival LLC,58665,Loan-66548
AMAZING TOYS LLC,3511,Loan-66558
Asa Carrier LLC,17534,Loan-66565
DILA FURNITURE INC,20624,Loan-66598
Executive Eagle Investments Gr,9366,Loan-66610
G & L Value Advisors LLC,58665,Loan-66612
Guardfish Enterprises LLC,873,Loan-66621
Guardfish Enterprises LLC,873,Loan-66622
HERO HAULING AND JUNK REMOVAL ,3511,Loan-66624
JR FEICHT INC.,6560,Loan-66647
KENNETH WILLIAM MATTHEWS JR.,588,Loan-66652
Level Architecture Incorporate,6560,Loan-66657
Medina Electric LLC,6560,Loan-66667
SIRIUS ARCHERY PRODUCTS LLC,6560,Loan-66700
SOLAR LIQUIDITY LLC,3511,Loan-66702
SOLON COLLISION LLC,6560,Loan-66703
360 Cloud Solutions LLC,Newtek Sma-11042,Loan-66742
BK Staffing Services LLC,CDC Small -92106,Loan-66769
CKC 2020 Inc,26610,Loan-66777
EPITOME AUTO DESIGN LLC,6548,Loan-66799
Industrious Real Estate LLC,6560,Loan-66821
Island District Inc.,16571,Loan-66825
K&H Home Heath,58665,Loan-66835
LUNA FREIGHT SYSTEM INC.,6560,Loan-66851
Mohid Investments Inc,8056,Loan-66865
Nevada Adult Day Healthcare Ce,Newtek Sma-11042,Loan-66872
Red Rock Supplements LLC,57056,Loan-66899
Samareh LLC,11813,Loan-66912
Sasha Max Investments LLC a C,27237,Loan-66913
BOVIE SCREEN PROCESS PRINTING,588,Loan-66993
Elite Petroleum Inc,57703,Loan-67031
Emocean Beachwear Inc.,873,Loan-67032
Forest Coffee Properties LLC,27237,Loan-67037
Freeman Dental Associates of A,58665,Loan-67040
LOLABELLAS LLC,35361,Loan-67081
MBZ Property Management LLC,4178,Loan-67088
PALO ALTO GLASS INC.,32203,Loan-67108
Strickland Brothers 10 Minute,58665,Loan-67144
TC Marketing LLC,33555,Loan-67152
Tri-State Windows & Siding LLC,6560,Loan-67164
Asante Sign Group Inc.,23621,Loan-67204
Blaisdell Trucking Inc.,6560,Loan-67218
Daebak Colorado LLC,24170,Loan-67236
GOLDEN YEARS SERVICES INC.,27237,Loan-67259
Grant Mackay Company Inc. and ,22738,Loan-67261
Hawthorn Grove Childcare LLC,6560,Loan-67268
Mehtas Estates LLC,26610,Loan-67312
RAINY DAY DREAM CO,6548,Loan-67327
Safe Site Check In LLC,28489,Loan-67330
Sedmore Properties LLC,4063,Loan-67337
Sparks Enterprises LLC,14851,Loan-67347
Stratford Insurance Group Inc,58665,Loan-67352
Valley Ranch Academy Operating,Capital Ce-78735,Loan-67368
Vee's Grill INC,6560,Loan-67369
Colorado Tap House Inc.,32974,Loan-67428
GSM Ventures LLC,873,Loan-67461
ILLUMINATION PARTNERS LLC,6548,Loan-67471
Infinity Investments Group LLC,6560,Loan-67473
Jenkong Veterinary Services I,Redwood CU-95403,Loan-67479
Palisade Veterinary Holdings ,3510,Loan-67522
Paradigm Interiors LLC,4767,Loan-67523
PRACTICAL SOFTWARE SOLUTIONS ,35583,Loan-67533
S. Won Provision Inc.,35151,Loan-67549
SAZIM TRADING GROUP LLC,7468,Loan-67553
Titan Steel LLC,4214,Loan-67577
J&J MARTIN INC,17838,Loan-67599
SMYLES & COMPANY PLLC,6560,Loan-67606
A-1 Mr. Limo Inc.,6560,Loan-67608
A-1 Mr. Limo Inc.,6560,Loan-67609
Amazing Transporting LLC,Readycap L-7922,Loan-67630
ARKADIA CONTRACTING INC.,6560,Loan-67635
B.E.C.K. Transport LLC,8273,Loan-67638
BRUSTER'S REAL ICE CREAM,58722,Loan-67652
CMA Realty141 LLC,6560,Loan-67662
COUNTRYSIDE MONTESSORI ACADEMY,26610,Loan-67666
D150 Fueling LLC,17838,Loan-67669
Dealy Enterprises LLC,27237,Loan-67671
Gem Community Services LLC,6560,Loan-67696
GLASS GUYS LLC,3511,Loan-67697
Good Old Days Spices LLC.,58291,Loan-67700
GTS Unlimited LLC,57095,Loan-67704
Ibis Gas Station LLC,58030,Loan-67709
Katie Knox LPCC LLC,6560,Loan-67727
MBF Agency TX LLC,57665,Loan-67746
Mother Trail LLC,US Eagle F-87109,Loan-67751
Seal Crete LLC,6560,Loan-67789
SHCJ Enterprises INC,57944,Loan-67793
YESONG INC,24170,Loan-67819
Zagsa Investments,20845,Loan-67821
AIKUUS INVESTMENT LLC,8056,Loan-67835
Beach Daisy Marco Inc,34997,Loan-67846
BELLO INC,18409,Loan-67847
Blue Angle LLC,17534,Loan-67853
FOXY BOSS LLC,1617,Loan-67902
Global Food Corporation,7213,Loan-67905
GREEN VINE INVESTMENTS LLC,14851,Loan-67908
Hobe Gas Station LLC,58030,Loan-67917
IC3D Inc.,17393,Loan-67919
J MED SUPPLIES INC.,57944,Loan-67922
Jinx Tea LLC,18561,Loan-67926
Krishna Hospitality Inc.,20845,Loan-67930
Merion Landscape Services LLC,9846,Loan-67947
OTOD LLC,3511,Loan-67967
Platinum Renovations and Consu,6384,Loan-67974
Powersource Technologies LLC,12923,Loan-67978
Rapid Response Disaster Servic,29961,Loan-67984
SRI GANESH INC.,58348,Loan-68004
TNM Ventures Inc.,32551,Loan-68024
UNITED HARDWARE SUPPLY INC,18409,Loan-68031
A2I Inc,628,Loan-68053
AAHVAAN LLC,8056,Loan-68054
Adee's LLC,7551,Loan-68055
AUTOMARK INTERNATIONAL INC.,628,Loan-68070
Brewsy Projects LLC,58228,Loan-68083
CLINICALLY ULTRASOUND LLC,ESL FCU-14604,Loan-68094
DS1 Logistics inc.,6560,Loan-68114
E Money Commerce LLC,24998,Loan-68115
GLEASON HEATING AND AIR CONDIT,58665,Loan-68131
Greil & Associates Inc.,9536,Loan-68133
Integrated Multi-Dwelling Unit,588,Loan-68144
LAKE VIEW DELIVERY INC.,35406,Loan-68162
MANHOLE BUILDERS INC,28489,Loan-68176
Moris Samaan & Ramia R. Samaan,57873,Loan-68184
Patty's People First LLC,6560,Loan-68210
T3 Liquor Corp,24170,Loan-68244
TCB Leasing LLC,16450,Loan-68247
Wraithtek Inc.,588,Loan-68269
ADONIAS FRIAS RODRIGUEZ,3285,Loan-68285
Astrek Corp,11813,Loan-68293
Baumgartner Road Storage,58665,Loan-68297
DOCTOR FRITZ JEAN-NOEL MD PLL,18409,Loan-68331
Jakel Enterprises LLC,32441,Loan-68376
JCF HARMONY LLC,33188,Loan-68377
Maven Insights LLC,19772,Loan-68406
MW CONSTRUCTION LLC,6548,Loan-68417
Rose Gold Trucking LLC,18409,Loan-68442
Sumerian LLC,6548,Loan-68468
TARU LLC,America Fi-84405,Loan-68476
Teulu Brew LLC,19123,Loan-68477
TROY BROWN'S SERVICE LLC,6548,Loan-68490
Winmeier LLC,57603,Loan-68499
AMG GROUP INC.,35456,Loan-68508
AMG GROUP INC.,35456,Loan-68509
Arthur Bukhatetsky O.D. P.L.L.,628,Loan-68510
CAROLINA BOARDWALK CONSTRUCTIO,3511,Loan-68524
Congo LLC,23627,Loan-68534
Cope Associates Inc.,12368,Loan-68535
Critical Air Technologies LLC,628,Loan-68540
Hightened Path Co.,18609,Loan-68563
SH Land LLC,588,Loan-68623
Shop Dressy Girl,6548,Loan-68624
SP Hurst Development LLC,33555,Loan-68628
STAR TRUCKING INC.,America Fi-84405,Loan-68630
Ultra Disposal Services LLC,57265,Loan-68641
Advanced Property Maintenance,23621,Loan-68694
ASAP Market 2020 Inc.,26610,Loan-68698
BEHNAM GENERAL CONTRACTORS LLC,6548,Loan-68702
BunnyJamesBoxes LLC,59052,Loan-68709
Circle B Ranch Retreat Event C,35406,Loan-68722
City of Bridges Pizza LLC,24045,Loan-68723
City of Bridges Pizza LLC,24045,Loan-68724
DOYAN LLC,6560,Loan-68740
HOLLAND ENGINEERING INC,131,Loan-68766
I & E REAL ESTATE LLC,588,Loan-68770
Instant Data Technologies Inc,15797,Loan-68775
Iron Aegis LLC,57056,Loan-68777
Newcloud Networks,Newtek Sma-11042,Loan-68820
Richard Woo - Sole Proprietor,58665,Loan-68837
RISING RIDE INC,7888,Loan-68839
RPCC Cuts LLC,3890,Loan-68840
Rukario Gaming LLC,18409,Loan-68841
Seibert Brothers Trucking LLC,6560,Loan-68846
SOCAL TACOS BR INC,6548,Loan-68853
UNKNOWN STUDIO LANDSCAPE ARCHI,588,Loan-68874
VIEWGOL LLC,34997,Loan-68877
William C. Moore Trucking,6560,Loan-68882
22 Sound LLC,Business R-70119,Loan-68890
3321 Group LLC,3931,Loan-68894
All In One Stop LLC,17534,Loan-68903
Allied Precision Roofing and C,3285,Loan-68904
Allied Precision Roofing and C,3285,Loan-68905
Allied Precision Roofing and C,3285,Loan-68906
First Priority Health Care Ser,6560,Loan-68956
FOCUS EYE CARE LLC,6548,Loan-68957
Four Webers LLC,57777,Loan-68960
FTL Auto Sales Inc,58030,Loan-68961
Greenhouse Environmental LLC,Lake Michi-49512,Loan-68967
IB Real Estate &amp; Construct,23627,Loan-68975
Innovation Medical Research Ce,3510,Loan-68978
JH MOTORSPORTS INC.,6548,Loan-68981
John Kelly Foods,17281,Loan-68984
LAUX SPORTS LLC,10988,Loan-68992
NATIONAL CUSTOM MILLWORK INC.,18409,Loan-69011
Nirmal Punia,6560,Loan-69013
Park East Chiropractic PC,35406,Loan-69020
Shipping Pilot LLC,6560,Loan-69044
Sudsational Laundry LLC,34997,Loan-69051
TSHBACKNINE LLC,Magnifi Fi-56352,Loan-69062
Vermico LLC,27476,Loan-69068
Bent Rod Drilling LLC,57038,Loan-69097
B-K Smith Trucking LLC,27476,Loan-69101
Cheryl Rinell,18409,Loan-69109
EAGLE GROUNDS LLC,32441,Loan-69126
EShelton Real Estate Holdings,3510,Loan-69131
InCharge Energy Inc.,Readycap L-7922,Loan-69154
JARCCO CONSTRUCTION LLC,3511,Loan-69166
MODELFIT LLC,6560,Loan-69197
Ragin Cajun Spring Branch LLC,11813,Loan-69223
Southern Cross Aviation LLC,7213,Loan-69241
Southfork Swine Farm Inc.,28905,Loan-69242
Affordable Lawn Care and Lands,Readycap L-7922,Loan-69276
BEE'S CONTRACTING & REMODELING,32441,Loan-69289
Byung And Soo Jun LLC,4767,Loan-69300
DNA Medical Partners APMC,58665,Loan-69322
Dream Wireless LLC,983,Loan-69325
GALAXY MED LLC,Capital Ce-78735,Loan-69340
GM CABLE ONE LLC,6384,Loan-69344
JB Sittner Trucking LLC,US Eagle F-87109,Loan-69359
JETER MANAGEMENT GROUP INC.,58665,Loan-69362
LEAH CHRISTINE LLC,6548,Loan-69375
Marine Power Services Inc,Readycap L-7922,Loan-69387
NORTHCOTT EQUIPMENT SERVICES L,6548,Loan-69411
THE WELL HOUSE ARVADA LLC,58665,Loan-69460
X-GOLF ORLAND PARK LLC,6560,Loan-69480
Granite Care Plus LLC,18409,Loan-69483
Bethany Jones,8870,Loan-69496
BSD wholesale ny,35323,Loan-69498
SMFUD Investments Inc.,23498,Loan-69514
485 Flag LLC,57873,Loan-69517
Axis Pipeline Construction Gro,11813,Loan-69534
BBD HOLDINGS LLC,6976,Loan-69538
Evolve Chiropractic LLC,21714,Loan-69580
G&K AUTO PARTS INC,6560,Loan-69589
Glacial Ridge Companies Inc.,9733,Loan-69592
LE3 LLC,33555,Loan-69628
LJames Knoxville LLC,35583,Loan-69631
MEDICORE LLC,58291,Loan-69640
MEDPRO PRIMARY CARE PLLC,6560,Loan-69641
Neu Homes Exteriors LLC,6560,Loan-69649
Revive Aesthetics & Wellness L,Newtek Sma-11042,Loan-69668
SMC Investments Limited Liabil,32441,Loan-69686
STM Hospitality LLC,58629,Loan-69690
The Hardwood Supply Warehouse ,6560,Loan-69696
The Rashidi-Pouladian Trust D,26610,Loan-69698
UNSKRYPTED TV LLC,588,Loan-69706
You First Insurance and Surety,588,Loan-69716
Zapps Marketplace LLC,9846,Loan-69719
B &amp; Z Heating &amp; Air I,3510,Loan-69736
CAROLINA AIR CONDITIONING COMP,6672,Loan-69755
COLUMBUS FLOORING SOLUTIONS LL,6560,Loan-69763
Dynamic Fire Protection Inc.,13058,Loan-69781
ECOS CONSULTING LLC,Newtek Sma-11042,Loan-69783
Fareast Incorporated,6560,Loan-69787
Fareast Incorporated,6560,Loan-69788
Garden Oaks Veterinary Clinic,58629,Loan-69795
Hertiage Air Duct Cleaning & C,25858,Loan-69800
HYATT EXCAVATING & PAVING INC,6548,Loan-69810
INNOVATIVE DATA PROCESSING SOL,26333,Loan-69812
Joli Inc,26610,Loan-69819
Launch Theory LLC,59086,Loan-69826
NEW ENGLAND STEAM CLEAN LLC,588,Loan-69850
OMS Real Estate Investments LL,6560,Loan-69857
Prest-O-Fit Manufacturing Inc,3285,Loan-69870
Stephanie Hanna LLC,27237,Loan-69903
Wickman Law Group PLLC,33555,Loan-69929
ZUTIXE CAPITAL L.L.C.,6384,Loan-69931
Adam A. Bassirian and Mahin Ma,Port 51 Le-10017,Loan-69943
Addison Bay LLC,17838,Loan-69947
Barman Group LLC,58348,Loan-69961
Corfu Inc.,6560,Loan-69995
FISH CHIPS & GRITS CORP,3511,Loan-70014
Mentor Plate Glass and Mirror ,6560,Loan-70078
Moonlight Services Inc,6560,Loan-70085
Stirling Lawn Care,14207,Loan-70135
Sveer 1 Hotel Inc.,58626,Loan-70137
UNITY ACADEMY LLC,1617,Loan-70152
White Birch Design Company LLC,17266,Loan-70158
American Seafood Exp Inc.,31628,Loan-70180
BONITA GOLD LLC,23621,Loan-70197
DNA Real Estate LLC,17534,Loan-70225
Elles Senior Care LLC,17266,Loan-70232
EXTRA MILE TRANSPORT LLC,7888,Loan-70240
HARRINGTON TRUCKING LLC,6548,Loan-70256
Hauterow LLC,18409,Loan-70257
HAYOUNG FOOD INC,26610,Loan-70258
House to Home LLC,12854,Loan-70262
New England Dumpsters Inc,17534,Loan-70310
Premium West Inc.,20624,Loan-70325
Tensor Innovations LLC,6560,Loan-70361
TruScape Solutions LLC,24998,Loan-70374
BTHOP Inc.,57603,Loan-70415
Classic Specialty Pharmacy PLL,258,Loan-70426
CTS HOLDINGS INC.,32441,Loan-70435
CYN Holding LLC,26610,Loan-70436
DIAMOND PEAK RECRUITING LLC,6560,Loan-70437
Fessel Chiropractic Inc.,32441,Loan-70446
Grow and Make LLC,17534,Loan-70464
J&L Exports LLC,12368,Loan-70476
Little Chute Gas Inc.,20624,Loan-70494
Lone Pine Gear Exchange L.L.C,14851,Loan-70498
MNB Foods Inc,14851,Loan-70509
Native Roots Landscaping LLC,6560,Loan-70516
Shirt Printing 4 U Inc.,628,Loan-70552
TRON Capital Investments LLC,34603,Loan-70566
Vance CPA LLC,58665,Loan-70571
Mountain Town Storage LLC,34997,Loan-70606
American Fiber Inc,11813,Loan-70618
Bel Flooring Inc.,628,Loan-70624
BWG Designs LLC,9536,Loan-70633
DANIEL P. COSTELLO & ASSOCIATE,6548,Loan-70649
EARLY ACHIEVERS ACADEMY LLC,20624,Loan-70659
Home Place Farm LLC,17266,Loan-70684
IMMANUEL FAMILY HOME LLC,17266,Loan-70689
JDP TECHNOLOGY INC,6976,Loan-70693
Mikes Chicken Crunchers,Fund-Ex So-33324,Loan-70732
MT BINS Inc,4767,Loan-70736
NORTH TEXAS INSURANCE AGENCY I,58665,Loan-70743
OC CONCRETE LLC,57716,Loan-70746
Potrisers Inc.,3510,Loan-70761
St. Louis Center for Cognitive,33306,Loan-70791
THE SCHREIBER GROUP INC.,34997,Loan-70798
Tong Soon Chu,57873,Loan-70804
TRAINING GROUNDS LLC,6560,Loan-70806
TYLEX INC.,983,Loan-70812
WDW Birmingham Property LLC,32441,Loan-70818
16401 Western LLC,27476,Loan-70826
AE RAL Enterprises Inc.,58665,Loan-70831
BCH Richland LLC,32441,Loan-70848
CCCSA Enterprises LLC,14851,Loan-70862
Dream To Reality Nail Spa LLC,6560,Loan-70882
INTERNATIONAL MOTOR SPORTS LL,32773,Loan-70913
Kinjar Enterprises LLC,588,Loan-70926
L&M PROPERTY L.L.C.,3511,Loan-70930
Load Plus Logistics LLC,6560,Loan-70937
MBS Fuel 17 LLC,57056,Loan-70944
Mercy Medical Equipment Compan,15797,Loan-70950
NEW ROAD EXPRESS LLC,3511,Loan-70964
Rice Excavating L.L.C.,6560,Loan-70988
S & C Group LLC,6548,Loan-70995
Sarmela T. Sunder M.D. Inc,20624,Loan-70999
The Champion Company,6560,Loan-71012
Air Solutions Inc,628,Loan-71050
AIRWELL AC EXPERT SERVICES  LL,7213,Loan-71051
Armin and Arya Auto Services I,35323,Loan-71062
Brett C. Stefan Chiropractic ,6560,Loan-71080
EL BRILLANTE JEWELERS R&A LLC,6548,Loan-71108
Emerick Construction Company,17534,Loan-71114
ESKY CORPORATION,58665,Loan-71119
Giannetti Co. LLC,29961,Loan-71129
Giannetti Co. LLC,29961,Loan-71130
H AND DAUGHTER'S FOOD MART INC,Fund-Ex So-33324,Loan-71138
House to Home LLC,12854,Loan-71142
Lowry Hill Meats LLC,16111,Loan-71165
NLS LLC,Mountain A-84070,Loan-71180
NYZAK DELIVERY INC,6560,Loan-71181
Optimal Performance and Physic,21031,Loan-71189
PARDIS A KELLY DPM INC,6548,Loan-71193
PBB ARCHITECTURAL INC.,3832,Loan-71195
Photo Chemical Systems Inc.,23621,Loan-71198
Sarasota Cryo Ventures LLC,57777,Loan-71220
Soap City Express Car Wash,57056,Loan-71224
Stain Stamp & Seal Inc.,32441,Loan-71225
Superdry Restoration Inc.,6548,Loan-71232
Amgref EMS Inc.,26610,Loan-71288
Aspen Orthopedic Pain and Spin,9204,Loan-71293
Aspen Orthopedic Pain and Spin,9204,Loan-71294
BAAS EATERY LLC,14851,Loan-71296
Cedars Brewpub LLC,23498,Loan-71317
DKH Rentals LLC,Mountain A-84070,Loan-71341
Fides Communication LLC,6560,Loan-71355
FIRST J TRUCKING INC.,VelocitySB-92626,Loan-71358
Four Seasons Strategies L.L.C,35361,Loan-71366
Goodtime Auctioneering and Aut,6384,Loan-71375
Happy Dry Cleaners Corp,26610,Loan-71380
RH DESIGNS LLC,3511,Loan-71484
Sai Wholesale LLC,34607,Loan-71488
Serenity Mental Health Centers,58722,Loan-71497
THE RIVERSIDE COOLER LLC,12633,Loan-71514
Uniglobal Hospitality Group LL,19772,Loan-71524
Valar Creations LLC,58018,Loan-71527
WJNT LLC,6560,Loan-71535
Alvandi Veterinary Services I,11063,Loan-71549
COVIELLO CONSTRUCTION MANAGEME,6548,Loan-71581
Dolla 2 Eighty Inc.,12437,Loan-71590
Jersey Mike's Subs,58665,Loan-71617
KKC Auto LLC,35151,Loan-71623
KP Bethalto LLC,23621,Loan-71624
KP Okawville LLC,23621,Loan-71625
McCarthy & Company P.C.,57777,Loan-71642
PREFERRED READYMIX CONCRETE & ,12854,Loan-71657
SHCJ Enterprises INC,57944,Loan-71677
SOUTH COAST SUBS INC.,16889,Loan-71683
Thomas Ward Insurance Group,58665,Loan-71697
Unstung Marketing LLC,34997,Loan-71706
Whetstone Station Associates ,588,Loan-71714
RGARZA TRUCKING,3511,Loan-71722
THREE SWEET PEAS BAKERY &amp; ,18409,Loan-71724
TWO ALLIANCE LLC,3511,Loan-71726
Bluebelle Kitchen and Bath LLC,588,Loan-71765
CARL'S RED HOTS,57056,Loan-71772
DL Professional Services LLC,8273,Loan-71799
GRG Dental PLLC,16889,Loan-71833
HANG IT UP TV WALL MOUNTING IN,6548,Loan-71837
KK & JR LLC,58115,Loan-71862
LUCAS AGENCY INC.,131,Loan-71873
Matterhorn Holdings LLC,27237,Loan-71884
Regenerative Spine and Pain Sp,14851,Loan-71914
Sabina Hospitality Inc,20624,Loan-71915
Teachtransform Inc,5510,Loan-71941
Teachtransform Inc.,5510,Loan-71942
Valley Liquidation,22366,Loan-71961
Vedant Holding LLC,258,Loan-71963
12 STONES ENTERPRISES LLC,628,Loan-71975
Adaptive Prosthetics & Orthoti,58665,Loan-71983
Anthony Romanish,628,Loan-71999
BILLY TEEGARDEN PAINTING,6548,Loan-72010
Harris Logging,15019,Loan-72065
Hebron1 Investment LLC,20624,Loan-72068
Innovations Manufacturing Inc,4767,Loan-72072
Juicy6 LLC,17943,Loan-72084
LA QUINTA INN & SUITES CHAMBER,Centerston-90017,Loan-72094
Modern Shade LLC,983,Loan-72118
Peregrino Enterprises LLC,58665,Loan-72141
R. E. Lee Corporation,9087,Loan-72153
Self Care Counseling Marriage ,CDC Small -92106,Loan-72167
Semper Subs 2 LLC,57777,Loan-72169
Village Veterinary Hospital LL,6560,Loan-72210
WMM Pediatrics LLC,58088,Loan-72214
Affinity Material Solutions LL,4767,Loan-72230
Book the Flight LLC,6560,Loan-72250
Book the Flight LLC,6560,Loan-72251
CHICAGO METAL POLISHING,6548,Loan-72261
CHICAGO METAL POLISHING Inc.,6548,Loan-72262
CLEAN STAR PRODUCTS LLC,3511,Loan-72263
Evergreen Transport Inc.,5452,Loan-72287
Gallegos LLC,17266,Loan-72298
Good Neighbor @ Fathom Realty,35519,Loan-72302
Henry Kitchen LLC,8728,Loan-72311
Hornet LLC,6560,Loan-72318
Jenkins Sales Inc.,17534,Loan-72326
Joshua 1 LLC,14851,Loan-72330
KELLEN CONDOS LLC,20624,Loan-72336
Morgan Mill Stop,57056,Loan-72360
Oak and Pallet LLC,18221,Loan-72368
PARAMOUNT SOLUTIONS LLC,29961,Loan-72374
Patrick Kang D.D.S. Inc.,24170,Loan-72375
PharMax Drugs,58665,Loan-72379
S H Hokmabadi Dental Corporati,33555,Loan-72409
SUMMIT TRUCKING INC.,33555,Loan-72429
Thoughtful Care Inc,8888,Loan-72441
Wicked Wash LLC,57056,Loan-72468
Bennett Eyecare Midwest LLC,24998,Loan-72504
Definitive Kreations LLC,6548,Loan-72538
Harmonson Construction,58090,Loan-72568
Hot Springs Gymnastics LLC,11813,Loan-72577
Hutchins & Haake LLC,12633,Loan-72580
Jay Kuber LLC,Readycap L-7922,Loan-72588
KK&C Enterprises LLC,57095,Loan-72599
LB Corporation,26610,Loan-72606
Marco P Rivera Avila,CDC Small -92106,Loan-72612
Maryland Pain & Regenerative C,23621,Loan-72615
MERAKI ART COMPANY LLP,12854,Loan-72619
Millikan Dentistry PC,6560,Loan-72623
NANAK BROS INC,3511,Loan-72630
SCHWARZMAN EXPORT-IMPORT CO. L,18409,Loan-72673
SKYROAD LLC,2270,Loan-72679
3Seven Consulting LLC,17266,Loan-72712
Alexander-Brown LLC,27677,Loan-72723
Ameristar Enterprises Inc.,27237,Loan-72726
Blackout Laser,18609,Loan-72735
Five Star Real Property LLC,17534,Loan-72773
FSK Solutions LLC,58115,Loan-72777
IMS PB LLC,27237,Loan-72794
OTERO FITNESS LLC,58665,Loan-72839
Prutvi LLC,24170,Loan-72853
SAB Investment Holdings LLC,32203,Loan-72860
Nature Link Holdings LLC,13058,Loan-72906
Pacific Coast Management,31628,Loan-72916
ARENA STAFFING,57716,Loan-72934
AUTO VISION PAINT & BODY SHOP ,11813,Loan-72936
BATTLE BORN STEEL L.L.C.,2270,Loan-72938
Commercial Way Enterprises LL,6560,Loan-72960
Dior Restaurant LLC,5452,Loan-72971
Extended Family Home Care,Readycap L-7922,Loan-72985
Heal Thyself Atlanta LLC,35519,Loan-72998
JLH LIGHTING LLC,6548,Loan-73007
KINGSTRUCTION INC,6548,Loan-73012
L P AERO PLASTICS INC,7888,Loan-73018
Pindrop Agency LLC,6548,Loan-73052
Resolutions Counseling Center,Fund-Ex So-33324,Loan-73061
Spa Space App Inc,57095,Loan-73081
The Clever Clove LLC,17266,Loan-73090
Valiantica Inc,58665,Loan-73104
BURBACH & STANSBURY SC,6548,Loan-73144
Crescent City Systems Inc.,34444,Loan-73160
DIDIER MEATS LLC,3832,Loan-73172
DINK CUISINE LLC,3511,Loan-73173
Enterprise Flasher Co. Inc.,35456,Loan-73182
Enterprise Flasher Company In,35456,Loan-73183
Freight Pushers LLC,6560,Loan-73190
FUNKATRONIC REX - GAMES & MORE,6548,Loan-73193
Heat Trak LLC,12368,Loan-73199
Mediation Works LLC,3510,Loan-73247
Neighbors Connecting USA LLC,588,Loan-73257
Social Meridian LLC,6560,Loan-73309
Superior Coach Interiors Inc.,Newtek Sma-11042,Loan-73314
True Grit Excavating & Concret,10619,Loan-73331
BURTON ELECTRIC LLC,6548,Loan-73382
Casa Conversions LLC,5510,Loan-73387
Direct Protective Services LL,57841,Loan-73403
DLS Legacy LLC,32441,Loan-73405
DW Marine LLC,58115,Loan-73409
Ephraim Holdings LLC,CDC Small -92106,Loan-73414
GUIANOS INC,3511,Loan-73428
INSPIRED BREAKTHROUGH,3511,Loan-73435
LAN Solutions Inc.,6560,Loan-73460
Market Street Express LLC,18409,Loan-73479
MONROE COPY CENTER INC.,58410,Loan-73487
Nine Zero Two LLC,17838,Loan-73492
Precision Car Restoration LLC,12368,Loan-73502
TANGENT CABLE SYSTEMS INC,17838,Loan-73541
Treasure Island Laundromat In,57873,Loan-73548
TrueCore Fitness LLC,5510,Loan-73549
VAPING CONNECTION LAKEWOOD LLC,588,Loan-73553
 Ted's Storage LLC,17534,Loan-73565
A CUTTING EDGE GLASS AND MIRRO,America Fi-84405,Loan-73570
Advanced Soul Recovery LLC,CDC Small -92106,Loan-73574
BIZ NETWORKS LLC,27476,Loan-73590
CAR CONSTRUCTION LLC,6548,Loan-73600
Invitable LLC,17838,Loan-73661
Mistry Hospitality LLC,20845,Loan-73692
ONE STOP COMPLETE AUTO CARE,24170,Loan-73713
Poe LLC,17838,Loan-73719
PRIORITY SERVICE LLC,6548,Loan-73722
Racep Rehoboth LLC,31628,Loan-73727
Sean Smith,20624,Loan-73741
Soda City Pharmacy & Compoundi,14851,Loan-73752
SUDZ COIN LAUNDRY,26610,Loan-73757
Turbeville Poultry Farm,28905,Loan-73776
17903 E Valley LLC,57463,Loan-73802
Blue Bridge Trade Inc. ,17534,Loan-73820
Coremetals Acquisition Corpora,588,Loan-73832
Integrity Health Management L,5510,Loan-73861
MANUEL AYALA LLC,6548,Loan-73882
North Beach Mini Golf LLC,17838,Loan-73896
SIVA HOTELS LLC,58626,Loan-73919
Pink Sunshine Resurfacing LLC,2270,Loan-73947
Alodia Healthy Hair LLC,588,Loan-73974
AQUINAI HOME HEALTHCARE INC.,6384,Loan-73981
BONDED APPAREL INC.,34010,Loan-73986
Juice It Nutrition Matters LLC,6560,Loan-74031
Roy Echols Farm,28905,Loan-74075
4D Hospitality LLC,First West-75225,Loan-74119
Chase Family Enterprises LLC,6548,Loan-74150
INK HOUSE STUDIO LLC,18409,Loan-74195
LARSON PACKAGING HOLDINGS INC,58665,Loan-74208
RENATA ALCHEMY LLC,3511,Loan-74247
S&G Transportation Inc.,13421,Loan-74253
SHRUM HICKS & ASSOCIATES PC,6548,Loan-74261
Upstyle LLC,17534,Loan-74289
Wide Open Technologies LLC,14851,Loan-74300
A.S.A.P. Core Drilling & Fire ,588,Loan-74307
A1 opticals a California corp,29961,Loan-74308
Alpine Auto Body and Collision,6560,Loan-74318
Barre-ista Inc.,3511,Loan-74329
BL SCHWARZ LLC,33555,Loan-74337
BRANDCRAFT STRATEGY LLC,6548,Loan-74341
C&R Equity Holdings LLC,57463,Loan-74347
CCS 2425 LLC,58030,Loan-74350
IBAKOO Inc.,17534,Loan-74393
Lane Park Land Company LLC,19772,Loan-74413
Long Property II LLC,18409,Loan-74416
LSB REAL ESTATE CONSTRUCTION L,6548,Loan-74419
Micro Setting Design INC,6560,Loan-74427
Randob Labs Ltd.,58665,Loan-74460
Rising Tide Car Wash - Coral S,58030,Loan-74464
SnoCastle2 LLC,34607,Loan-74480
USACORP INC,628,Loan-74503
American Trading International,7213,Loan-74525
Ariahnna LLC,First West-75225,Loan-74526
BREEZE AQUATICS LLC,32441,Loan-74530
DENTISTAR P.C.,11813,Loan-74549
Dierkes Heating and Air L.L.C.,57603,Loan-74550
Dierkes Heating and Air L.L.C.,57603,Loan-74551
Great Eastland Hotel Group Inc,32441,Loan-74579
LANDSPEEDER CORPORATION,18409,Loan-74612
Live Flyer Inc.,9846,Loan-74615
Ruminate Distilling LLC,4988,Loan-74644
Semilla LLC,18409,Loan-74648
SUN KISSED TAN CO LLC,58115,Loan-74663
THE LAW OFFICE OF ROYCE ROUNSA,33555,Loan-74667
CJ Amator Corporation,57777,Loan-74681
CM TOOLS AND EQUIPMENT LLC,18221,Loan-74705
ALAM & KHAN INC,6548,Loan-74715
Baking Joy LLC,6560,Loan-74727
Barry Brothers Self Storage L,58665,Loan-74731
CHK Tree Services LLC,32974,Loan-74741
CJKA Ventures Inc.,11813,Loan-74742
ERC Broadband LLC,58665,Loan-74761
ERC Broadband LLC,58665,Loan-74762
Good Samaritan Staffing Soluti,588,Loan-74776
Happy Harvest LLC,3330,Loan-74779
HBG DESIGNS INCORPORATED,32441,Loan-74783
Jonmar Inc.,3511,Loan-74792
MacNorth Ventures LLC,14851,Loan-74811
MORONTA TRANSPORTING LLC,3511,Loan-74821
P.O.P Enterprises LLC,Newtek Sma-11042,Loan-74832
ROYAL PROPERTY HOLDINGS LLC,588,Loan-74850
SB Food Inc,34607,Loan-74856
Smith Acquisitions LLC,32441,Loan-74867
WONDERLAND222,6548,Loan-74902
Alsa Auto Corp.,VelocitySB-92626,Loan-74916
CloseSimple Inc.,16958,Loan-74950
E3M Solutions LLC,3832,Loan-74967
El Valle Grocery Store Company,6560,Loan-74970
FKFS LLC,9204,Loan-74984
GURUHARI LLC,58626,Loan-74996
Homeport Senior Care LLC,17266,Loan-75003
Jumma Chicken Inc,14851,Loan-75018
Lume Deodorant LLC,17534,Loan-75033
Our Three Blessings LLC dba F,3832,Loan-75055
SBW Consulting Inc.,28489,Loan-75082
TH Construction Company,58727,Loan-75101
Tilehub Inc,20845,Loan-75105
Wild West Investments LLC,27476,Loan-75115
ABOVE THE LINE MAYFAIR LLC,35361,Loan-75129
Best Practices BHOM LLC,18409,Loan-75152
Budget Lodge,57056,Loan-75162
DG Home Services Corp,588,Loan-75172
Diamond Gas & Mart # 5,57944,Loan-75173
Joekal Services LLC,18409,Loan-75214
Kentucky Jerky LLC,6548,Loan-75222
LAOR,Newtek Sma-11042,Loan-75225
LMZ EXPRESS LLC,6560,Loan-75233
M. Serra LLC,588,Loan-75236
M. Serra LLC,588,Loan-75237
MARZILLI CONSTRUCTION INC.,588,Loan-75242
Parvati Management LLC,57252,Loan-75262
PICC Lines Plus LLC,28905,Loan-75269
Saxon Hall LLC,34603,Loan-75292
Thea (Martin) PLLC,2270,Loan-75321
Tower Top Corp.,983,Loan-75325
Vilas & Co. Inc.,9846,Loan-75330
100 CHIRO PECORA I LLC,16889,Loan-75342
55 Old Nyack LLC,35323,Loan-75344
A & H INTERNATIONAL INC,6548,Loan-75346
AJP CONTRACTING CORP.,628,Loan-75348
CIRRIUS DEVELOPMENT LLC,17308,Loan-75382
CLD Capital LLC,58665,Loan-75383
Double Deuce Properties L.L.C,4214,Loan-75393
Early Bird Hyde Park LLC,7888,Loan-75395
Genesee Valley Psychology PLL,ESL FCU-14604,Loan-75411
Heer & Yash Inc,35444,Loan-75421
JCL Quality LLC,18409,Loan-75434
JCP II Limited Liability Compa,23627,Loan-75435
JK Eatery Investment Inc,24170,Loan-75437
Kraft Management LLC,32974,Loan-75447
M1 Acquisitions LLC,6560,Loan-75458
Management Essentials LLC,6384,Loan-75462
MBD LANDSCAPE INC,18409,Loan-75465
MULTINATIONAL SALES & LEASING,131,Loan-75474
Net Positive Consulting Engine,58090,Loan-75480
Paridin LLC,14851,Loan-75491
S & P Enterprise L.L.C.,17308,Loan-75512
SKYS THE LIMIT FIBERGLASS REPA,58115,Loan-75524
V & A Carrier Inc,6560,Loan-75546
3CW Holdings LLC,32441,Loan-75555
BLUE SHIELD POWER WASHING SERV,6548,Loan-75575
Elevated Hospitality Group LLC,23621,Loan-75599
MARS MECHANICAL SOLUTIONS LLC,32441,Loan-75639
Steinke Investments NC LLC,32441,Loan-75685
The Travel Society LLC,Newtek Sma-11042,Loan-75694
Vandalay Footwear Inc,18409,Loan-75699
W&S NC MANAGEMENT COMPANY LLC,35583,Loan-75700
Kurrent LLC,35323,Loan-75715
Audio Cafe Inc,18409,Loan-75751
BCI Concrete Sealing LLC,588,Loan-75760
Bird's Nest Florist & Gifts L,Newtek Sma-11042,Loan-75762
BW Legacy Investments LLC,14851,Loan-75769
Colorado Lifestyles Sports Hol,11813,Loan-75777
D L WATTS PROPERTIES LLC,6384,Loan-75785
David Huang DDS Inc.,31628,Loan-75786
DC Washateria 2 LLC,26610,Loan-75788
Edward L Kemp Company,6560,Loan-75795
Ergonomic Manufacturing Group ,7468,Loan-75799
ERIN WHEELER,6548,Loan-75800
Freedom 956 LLC,6560,Loan-75806
Freedom 956 LLC,6560,Loan-75807
FUZZ BROTHERS LLC,6548,Loan-75809
Hospitality Investment Group L,US Eagle F-87109,Loan-75821
JXJ Venture LLC,17838,Loan-75835
KJW Express LLC,3330,Loan-75840
KWIK DEALS L L C,6548,Loan-75842
ON A ROLL ENTERPRISES LLC,3511,Loan-75881
RUSH PARTY RENTALS LLC,3511,Loan-75899
Sheffield Liquidation LLC,6384,Loan-75901
Southeast Transport LLC,6560,Loan-75907
Tweedie Trucking Inc.,34997,Loan-75929
VIO Medspa,57056,Loan-75932
AR-TECH INTERNATIONAL INC.,7213,Loan-75960
AZ Investments 01 LLC,VelocitySB-92626,Loan-75965
D.T.S Worldwide Transportation,35278,Loan-75988
Expedition Kanab Outfitters In,Mountain A-84070,Loan-76008
MAGNUS SALES & MARKETING INC.,588,Loan-76063
MALOLLI INSURANCE GROUP INC.,6672,Loan-76064
McCormick Construction and Dev,23627,Loan-76066
MD Fashion Shop LLC,17308,Loan-76068
NACK INC.,58665,Loan-76081
OBASI TRANSPORTATION LLC,3511,Loan-76088
Obsidian Specialties LLC,4988,Loan-76089
OPTIMIZED TREATMENT CALLS LLC,3511,Loan-76092
Revolution Laundromat LLC,7551,Loan-76116
Schumacher Enterprises,11813,Loan-76121
Streetlite Company Inc,35323,Loan-76131
The Borror Group LLC,32441,Loan-76136
Weiter Marketing LLC,34997,Loan-76152
Weiter Marketing LLC,34997,Loan-76153
Andromache LLC,57873,Loan-76180
ASW Company LLC,588,Loan-76185
Battle-Tested Strategies LLC,27237,Loan-76188
Blair P. Minnis,CDC Small -92106,Loan-76196
CORMIER &amp; SONS CONSTRUCTIO,18409,Loan-76214
Crumbl Cookies Chicago Old Tow,Newtek Sma-11042,Loan-76217
DJM Properties LP,23030,Loan-76227
DOLENCE & MEANS ADVISORS PA,12368,Loan-76228
EH ENTERPRISE INC,26610,Loan-76236
Eyes Savvy Incorporated,14851,Loan-76241
GBC Facility Services Inc.,18409,Loan-76251
GMD Stores Inc,26610,Loan-76257
Il Portico,Newtek Sma-11042,Loan-76267
Mychau Market Inc.,26610,Loan-76319
NEW STAR CONSTRUCTION SERVICES,6548,Loan-76322
REILLY CHUNN INSURANCE AGENCY ,6548,Loan-76346
SSANDG Pro LLC,18409,Loan-76359
Sully's Car Wash,57056,Loan-76366
The Red Sauce Group LLC,11813,Loan-76382
Twins Jang Family Property Man,26610,Loan-76388
Air Oracle,Fund-Ex So-33324,Loan-76417
AUME MOTION ARTS LLC,6384,Loan-76426
Austin Fab &amp; Glass LLC,19506,Loan-76427
BladeOps LLC,57703,Loan-76437
Comfort Life LLC,17266,Loan-76454
EXPLORING INC,Georgia's -30303,Loan-76470
Funphix Corp,588,Loan-76480
HOME TRADE ORGANIZATION CENTER,628,Loan-76493
INTEGRO LLC,588,Loan-76497
JKANG LLC,24170,Loan-76506
Kim Chi Smoke LLC,11813,Loan-76516
PORT GRACE LLC,3511,Loan-76563
Relevant Automation Corporatio,6384,Loan-76571
SAVITA HOSPITALITY L.L.C.,57444,Loan-76582
SHAGGY CHIC MOBILE BOUTIQUE LL,6548,Loan-76586
Siber Ventures Inc.,628,Loan-76589
SNS Fitness LLC,59052,Loan-76598
Spot A Poti LLC,23627,Loan-76602
SURELY XCLUSIVE CONSULTING LLC,18409,Loan-76611
Z &amp; M Associates Inc.,18409,Loan-76639
AMPM Consulting LLC,24998,Loan-76652
Bealecon Construction LLC.,628,Loan-76664
Carroll Cabinet Company LLC,19742,Loan-76684
CLEAN PROPERTIES  LLC,32441,Loan-76686
Custom Particle Solutions LLC,17838,Loan-76696
Custom Particle Solutions LLC,17838,Loan-76697
DMSC Inc.,6560,Loan-76706
Gerona Porcel LLC,11813,Loan-76724
Graham Family Adult Daycare In,Fund-Ex So-33324,Loan-76731
Hello Sugar LLC,3931,Loan-76736
Koncierge Consulting LLC,CDC Small -92106,Loan-76758
Partenopea Company LLC,Main Stree-94612,Loan-76798
RENE RODRIGUEZ DMD PC,6384,Loan-76808
TK'S COMMERCIAL EQUIPMENT AND ,3511,Loan-76842
TLB PROMISE LOGISTICS LLC,3511,Loan-76843
Wings Elyria LLC,57777,Loan-76857
AMAN TRANSPORTATION INC,VelocitySB-92626,Loan-76886
BE WELL LIFESTYLE GROUP LLC,Fund-Ex So-33324,Loan-76888
ZYPHYR WELLNESS,58722,Loan-76914
Aldretex Inc.,24170,Loan-76924
Bald Birds Brewing Company LL,7468,Loan-76933
BTS Homes Inc.,28489,Loan-76949
Crosscut Warming Hut No. 5,29961,Loan-76965
DBL Enterprises Inc.,34444,Loan-76970
DBL Enterprises Inc.,34444,Loan-76971
DWH ENTERPRISES LLC,6548,Loan-76982
EVENTFUL SWEETS LLC,6548,Loan-76990
Gimcrack Properties LLC,27237,Loan-77004
GLUETREAD LLC,6560,Loan-77006
H&H Furniture Inc,28489,Loan-77011
JEREMIAH INC,3511,Loan-77024
LAN Solutions Inc.,6560,Loan-77038
Manice & Budd LLP,628,Loan-77055
Matthew E. Carpenter Construct,28489,Loan-77058
MONROE COPY CENTER INC.,58410,Loan-77068
NXT Power LLC,34073,Loan-77077
PRO VINYL PRODUCTS INC,15699,Loan-77092
SINGLE STOP TECHNOLOGIES LLC,6560,Loan-77110
Zeitz Mechanical Inc.,6560,Loan-77150
1203 Sky High LLC,6548,Loan-77154
Agri Export International LLC,18409,Loan-77171
Ballance Enterprise LLC,14851,Loan-77187
Coast Hanger Company LLC,983,Loan-77208
ECKLER COMPANIES LLC,14851,Loan-77233
Global TI Inc.,32974,Loan-77249
Great Lakes Portables LLC,6560,Loan-77252
H AND DAUGHTER'S FOOD MART INC,Fund-Ex So-33324,Loan-77254
JULIE'S CLEANERS,57716,Loan-77270
K CUBE GLOBAL CORP,588,Loan-77272
Kevin M. Casey MD APMC,34997,Loan-77277
Kirkland Logistics LLC ,6560,Loan-77279
LETTY'S DE LETICIA'S COCINA,Centerston-90017,Loan-77292
Ray Street Pizza LLC,59086,Loan-77342
Rymax Construction LLC,18409,Loan-77350
SKUTTLE LLC,6548,Loan-77365
TCM Sewer and Drain LLC,6548,Loan-77389
TROPAZ40 LLC,Readycap L-7922,Loan-77406
VENDEVA LLC,32441,Loan-77415
VETERAN DRILLING,6548,Loan-77417
Wavenet LLC,588,Loan-77426
285 Kinderkamack LLC,35151,Loan-77438
Bobcat Flooring LLC,6560,Loan-77473
Christensen Law Office PLLC,5116,Loan-77492
Erstwhile Mezcal LLC,18409,Loan-77524
Eun S Park Accountancy Corpora,26610,Loan-77525
Georgia Roots Landscaping LLC,873,Loan-77541
GOODMAN CONSTRUCTION CO. INC.,628,Loan-77547
Guide Holding LLC,34607,Loan-77553
INNOVATIVE MARBLE SOLUTIONS LL,17308,Loan-77567
JHK Food Inc,24170,Loan-77578
Laverkin LLC,58665,Loan-77594
Legacy Co.,12923,Loan-77596
LST LOGISTICS LLC,6560,Loan-77602
LT Plumbing LLC,8056,Loan-77604
OWENS DENTAL OF OLNEY LLC,58626,Loan-77633
PVK CONSTRUCTION INC.,6548,Loan-77651
ROYAL KNIGHT ESTATES LLC,6548,Loan-77667
S&K BROWN SERVICE COMPANY LLC,58665,Loan-77671
Southeastern Pennsylvania Grou,11813,Loan-77687
Sunshine Solar LLC,Georgia's -30303,Loan-77696
Tar Heel Real Estate LLC,6560,Loan-77700
4351 Schaefer LLC,31628,Loan-77744
Advance Foods Incorporated,17266,Loan-77774
AHiegel Corp.,32441,Loan-77777
AMERICAN FAMILY CARE RALEIGH -,35583,Loan-77795
Armstrong Holdings LLC,4767,Loan-77814
Aspen Trees Corp.,628,Loan-77819
Belltarek LLC,34607,Loan-77841
Black Box Safety Inc.,58106,Loan-77850
Brockenhexe Corporation,11813,Loan-77864
C & C Plumbing & Heating LLP,12923,Loan-77872
Community Integration Support ,34607,Loan-77905
Corsair Holdings LLC,4767,Loan-77910
Crown Heating LLC,29961,Loan-77917
D.M. Norris Company Inc.,6560,Loan-77922
David Beery,628,Loan-77925
Defiance Boats LLC,Fund-Ex So-33324,Loan-77929
DOY SERVICES INC,6560,Loan-77950
EALA INC,4767,Loan-77962
ECHO 101 LLC,18409,Loan-77964
ECKO Enterprises LLC,18409,Loan-77965
Elizabeth Wang Acupuncture P.C,24920,Loan-77972
Facehead Digital Inc.,ESL FCU-14604,Loan-77981
Fairway Properties LLC,18409,Loan-77983
Gene's Liquor,Readycap L-7922,Loan-78008
Green America Services LLC,57071,Loan-78030
HARMONY WELLNESS GROUP,35456,Loan-78049
Harmony Wellness Group,35456,Loan-78050
HOTWORX ANAHEIM HILLS,Newtek Sma-11042,Loan-78066
J & R Wyckoff Corp.,24920,Loan-78088
KAMALAKAR RAMBHATLA MD INC,31628,Loan-78121
Krushiv LLC,57252,Loan-78143
Medallion Investments IV Inc.,32441,Loan-78200
MOCHI N K-CHICKEN,Centerston-90017,Loan-78217
Montana's Best Steakhouse LLC,Mountain A-84070,Loan-78223
Montana's Best Steakhouse LLC,Mountain A-84070,Loan-78224
Mulcam Inc.,17534,Loan-78230
MUNOZ AGUIRRE GROUP LLC,4767,Loan-78232
Omlor Pizza LLC,24045,Loan-78260
Orbit Medical Inc.,Mountain A-84070,Loan-78263
P.C. LEWIS TRUCKING INC.,6560,Loan-78265
Poplar Pointe Marine,57252,Loan-78296
PSR Hospitality LLC,57252,Loan-78311
R & R Companies LLC,58291,Loan-78318
Radiant Health LLC,131,Loan-78322
RCV LLC,12923,Loan-78326
Reau Realty LLC,6560,Loan-78327
Roses By The Stairs Brewing LL,3931,Loan-78347
SCD Sales and Liquidation LLC,18409,Loan-78374
Shivaay Investment LLLP,15699,Loan-78390
Smart Auto Venture LLC,32203,Loan-78408
Spotted Dog Acquisitions Inc.,34607,Loan-78419
Sunnyside Tire Center Inc.,28489,Loan-78436
The Performing Arts Center LL,58511,Loan-78468
Willow Falls Venue LLC,Newtek Sma-11042,Loan-78527
ZH Mechanical Inc.,31628,Loan-78534
AgriThority LLC,27237,Loan-78573
Anfield Industrial Solutions I,11813,Loan-78587
Apex Grading & Paving Inc.,19772,Loan-78588
Boca Color Graphics Inc.,58030,Loan-78635
CHAMPION MARKET INC,6560,Loan-78662
Coast To Coast Collection,Newtek Sma-11042,Loan-78667
Comfort Suites University,19772,Loan-78674
Estmere Inc.,29961,Loan-78717
Farnsworth Holdings LLC,57777,Loan-78729
Geer CPA PC,588,Loan-78757
HARRIS AGENCY LLC,17534,Loan-78789
Herbert C. Stickle,588,Loan-78795
Hillier Restoration NC llc,2270,Loan-78796
Indie Hair Design LLC,3832,Loan-78808
KSTREET INTERNATIONAL INC.,31628,Loan-78859
LIBERTY OVERHEAD DOOR CO INC,18409,Loan-78874
Michelle Norman dba M. Norman ,Readycap L-7922,Loan-78912
Nationwide Loan Consultants & ,58030,Loan-78937
Omnis Salus PLLC,11813,Loan-78953
Practice PBC,35456,Loan-78992
Revere Financial LLC,16450,Loan-79014
RON WILHELM,6548,Loan-79022
Sunn Automotive LLC,34217,Loan-79074
Sunn Automotive Too LLC,34217,Loan-79075
Third Eye Collective LLC,33555,Loan-79098
University Park Real Estate LL,Lake Michi-49512,Loan-79126
VED Enterprises Inc.,12437,Loan-79132
CP Hospitality Holdings L.P.,20845,Loan-79190
Diamond Mountain Properties LL,2270,Loan-79192
Slate Mountain LLC,258,Loan-79236
904 Pulaski Properties Limited,588,Loan-79246
Aptos Solar Technology LLC,VelocitySB-92626,Loan-79249
RN Specialist Corporation,CDC Small -92106,Loan-79273
507 Peace LLC,57095,Loan-79286
AJ SMITH HOLDINGS INC,12923,Loan-79298
AVM EXPRESS INC.,6560,Loan-79311
Brines Towing Services LLC,Justine Pe-63106,Loan-79333
CRA Management L.L.C.,258,Loan-79356
DeMars Fire Protection Design ,Magnifi Fi-56352,Loan-79364
J & M Merrick Realty LLC,57463,Loan-79417
JR Furniture Inc,57095,Loan-79427
Larsons LLC,57095,Loan-79445
Method Marketing LLC,34997,Loan-79466
Milestone Hose and Fittings ll,35278,Loan-79471
Omega Packaging Solutions LLC,6384,Loan-79494
POBI & BOSE SALONS LLC,America Fi-84405,Loan-79505
Precision Barber Studio LLC,17534,Loan-79510
PUTNAM LUMBER & EXPORT COMPANY,18409,Loan-79516
R & R Companies LLC,58291,Loan-79518
RMT Retail Market Inc,57873,Loan-79524
Star World Liquor LLC,6548,Loan-79546
Veterinary Urgent Care Center ,32773,Loan-79579
Wasatch Front Disaster Service,2270,Loan-79586
YUNG HAN,24170,Loan-79597
Zephon LLC,3510,Loan-79600
Baldev Raj and Lovejit Kaur,VelocitySB-92626,Loan-79621
Discover Wellness Center LLC,2270,Loan-79638
Henegan Partners 2 LLC,57665,Loan-79660
N & N Liquor Inc.,57873,Loan-79684
Shoot Indoors KOP LLC,6384,Loan-79701
Two Staces LLC,35583,Loan-79712
Union Point Cakes LLC,873,Loan-79715
AJ SMITH HOLDINGS INC,12923,Loan-79748
ARROWHEAD INTERNAL MEDICINE PR,3511,Loan-79763
Aviation Supplies & Academics,983,Loan-79769
Black Cat Pizzeria Inc.,15699,Loan-79794
BSB Athens Food Mart Inc.,27677,Loan-79803
Cascade Express Car Wash Inc.,12437,Loan-79815
Color Brands L.L.C.,7213,Loan-79827
CORNERSTONE GROWTH SOLUTIONS ,11813,Loan-79833
Desert Road Tracking LLC,6560,Loan-79846
Firemaker Farms LLC,9087,Loan-79870
HERLONG MANSION BED & BREAKFAS,57056,Loan-79905
ISLAND GEM HEROES LLC,32441,Loan-79918
Kattina Spirits Inc.,Lake Michi-49512,Loan-79944
Kattina Spirits Inc.,Lake Michi-49512,Loan-79945
LEHMAN LOGISTICS INC,57056,Loan-79968
Lowcountry Ace Hardware LLC,58665,Loan-79977
MG Distributor LLC,6560,Loan-79999
ODAA MGMT LLC,3511,Loan-80029
Our Hearing Doctor LLC,6560,Loan-80039
Our Hearing Doctor LLC,6560,Loan-80040
Quad Republic Skate Company,57903,Loan-80056
Reddy Union Labor &amp; Constr,18409,Loan-80068
Roman Provisions LLC,22738,Loan-80077
VNV Property Management LLC,57095,Loan-80183
Waite Station Nails LLC,17534,Loan-80184
Whitlock Health and Fitness L,20624,Loan-80199
Yoshiharu Cerritos,57463,Loan-80210
AR Medical Maesters LLC,16889,Loan-80237
CORE PERFORMANCE CHIROPRACTIC ,6560,Loan-80294
D&amp;E TECHNOLOGICAL INVESTME,18409,Loan-80301
Danos Seasoning LLC,258,Loan-80303
Danos Seasoning LLC,258,Loan-80304
Doddi's Workout Spa LLC,6560,Loan-80313
ELITE QUALITY CONSTRUCTION AND,628,Loan-80319
Family Adventures Rv Inc.,57703,Loan-80330
International Development Grou,58665,Loan-80369
MAP HOLDINGS 3 LLC,6384,Loan-80407
MS Transport,17266,Loan-80418
Planinz Holdings of Central Fl,57095,Loan-80438
Sandbox Therapy Group Inc.,28489,Loan-80470
Summers and Sons Electric Inc,34010,Loan-80498
The Perfect Freight Source LLC,5510,Loan-80518
TRISHA A. TALBOT P.C.,8273,Loan-80527
Voizzo LLC,628,Loan-80535
WILD LEAP LLC,22257,Loan-80547
1100 E Roosevelt LLC,58348,Loan-80564
ADVANCED ELECTRICAL INC,18409,Loan-80573
Albert Endeavours LLC,3511,Loan-80576
Aquila Engineering LLC,5510,Loan-80586
CLOUD CITY LOGISTICS,6548,Loan-80608
DEEP ACTION CLEANING SERVICES ,3511,Loan-80619
Envision Benefits Group LLC,609,Loan-80634
Erdos Transport Services Inc,6560,Loan-80637
HERITAGE CAPITAL GROUP a Cali,58291,Loan-80666
HOLDERBAUMS PAINTING INC.,Telhio Cre-43215,Loan-80668
Hot Blue Inc.,26610,Loan-80670
Inspira Health LLC,58665,Loan-80682
Nicoblu LLC,588,Loan-80756
Nuarm Corporation,VelocitySB-92626,Loan-80762
RC TRANS INC,6548,Loan-80792
RDDJ Enterprises LLC,3931,Loan-80793
Te-Li-Ken Creations LLC,588,Loan-80829
TUNDRA BUILT LLC,6548,Loan-80842
Victory RidgeLLC,17534,Loan-80851
Wallace Coules LLC,57095,Loan-80857
WHOLESALE PRODUCT ADVISORS LLC,11813,Loan-80862
WILLIAM CAFIERO DBA SACKETT LU,588,Loan-80864
El Astillero Restaurant Corp,18409,Loan-80880
Enica's Essentials LLC,18409,Loan-80881
Holmes & Frick LLC,4767,Loan-80884
Shoofly 4 LLC,11813,Loan-80929
12th Gate Franchises LLC,4988,Loan-80935
50 GREENWICH AVE SUSHI INC,24920,Loan-80938
AGRUS INC,6548,Loan-80941
Comfort Cakes LLC,17534,Loan-80987
DDS Agencies Inc,6560,Loan-81006
Epic Property Holdings LLC,6560,Loan-81027
Five Star Training LLC,6560,Loan-81034
GNX Logistics LLC,6560,Loan-81041
Haasen Tara Feed Inc.,22366,Loan-81047
Hochilonia Holdings LLC,11063,Loan-81054
JAWS LLC,57056,Loan-81072
KAICO AUTO REPAIR,34010,Loan-81090
Mawdz Tango LLC,58892,Loan-81120
Mechanical Trades and Services,873,Loan-81123
NE Property Group LLC,6560,Loan-81130
Ohana Sushi,26610,Loan-81144
Purposeful Residential Care L,Port 51 Le-10017,Loan-81165
RBJ Restaurant Group LLC,6560,Loan-81171
RDR Holdings LLC,58665,Loan-81172
Revive Milling LLC,22257,Loan-81175
ROCK BARFFUSON MASONRY LLC,6548,Loan-81180
S&P ASSOCIATES INC,Readycap L-7922,Loan-81185
Smashed LLC,6560,Loan-81203
Sunshine Air Conditioning Inc,58665,Loan-81213
TGG - Floream Park LLC,32974,Loan-81224
WSP FIBERS NETWORKING CORPORA,18409,Loan-81247
YDF Brooklyn LLC,588,Loan-81248
Bella Vita AFH 2 LLC,17266,Loan-81298
Carniceria El Chaparron Inc,29961,Loan-81318
Central Arizona Auto Group LLC,58665,Loan-81319
CHARLES KHAN INVESTMENTS LLC,18409,Loan-81322
Grow Materials LLC,18221,Loan-81387
H Tactical L.L.C.,4519,Loan-81391
Henley Co,22257,Loan-81399
H-K Line Property L.L.C.,4519,Loan-81400
Innovative Projects Inc,18409,Loan-81408
JR Logistics USA Inc,18409,Loan-81426
JSMC PILATES II LLC,10988,Loan-81427
KCR HOSPITALITY LLC,8056,Loan-81434
Limerick Sunshine Company,17534,Loan-81458
Michelle Rodriguez PT LLC,Newtek Sma-11042,Loan-81484
Moreno Commercial Services LLC,3285,Loan-81496
S.K. Group Inc.,6384,Loan-81568
Salthouse Lane LLC,32551,Loan-81573
Steel Line Logistics Inc.,6560,Loan-81594
UNGSS LLC,57444,Loan-81626
XB Fitness Holdings LLC,57095,Loan-81649
Zasea Company LLC,4767,Loan-81653
ZLM HOLDINGS LLC,6672,Loan-81655
Alexander Pierce LLC,6560,Loan-81674
Alexander Pierce LLC,6560,Loan-81675
Bryan Family Hockey LLC,2270,Loan-81701
Christopher John Looney Agency,Newtek Sma-11042,Loan-81714
Cormier Animal Hospital LLC,28905,Loan-81720
DIGITAL AGE ART,3511,Loan-81732
JAMES BOLTE,6548,Loan-81783
JM OF SEABROOK LLC,14851,Loan-81788
Joon Chun DDS Inc.,24045,Loan-81789
KERRI'S KANDIES INC.,588,Loan-81797
Lane Insurance Group LLC.,11063,Loan-81807
LUX ARCHITECTURE LLC,6384,Loan-81815
Mad Maggie's Brewpub LLC,29331,Loan-81819
MAHAVIDHYA PRO LLC,57873,Loan-81822
NANCITO'S TRUCKING INC,3511,Loan-81841
S.E.A. ALLIANCE LTD,588,Loan-81902
Salon V III LLC,58739,Loan-81904
TLC Hot Shot Transportation Se,8728,Loan-81945
VITAL'S INTERNATIONAL GROUP,58291,Loan-81961
ANDERSON & RENFRO PROPERTIES ,10988,Loan-82017
BALCOM CIDER LLC,3511,Loan-82024
CHICHIS COMPANY LLC,26610,Loan-82056
CM Group LLC,58665,Loan-82057
CP Home Design LLC,34444,Loan-82071
Essex National Corporation,57056,Loan-82086
First Choice Transport LLC,3511,Loan-82094
GENEVIEVE VIELBIG LLC,18409,Loan-82102
Giesbrecht & Sons LLC,17266,Loan-82104
High Quality Cleaning Services,3285,Loan-82121
J King Holdings LLC,57944,Loan-82133
Loveland Liquor and Spirits,57716,Loan-82157
Petracons LLC,CDC Small -92106,Loan-82199
Pinche Mapache LLC,588,Loan-82201
Pinche Mapache LLC,588,Loan-82202
Polar Night Services Inc,35444,Loan-82204
Reborn 104 Corporation,26610,Loan-82213
RENT-RITE STORAGE LLC,6560,Loan-82218
ROBERT VITT,6548,Loan-82224
SEQUOIA LANDSCAPING INC,4767,Loan-82237
Simon and Sons LLC,18409,Loan-82247
SJC International Inc,16571,Loan-82248
WITH LOVE FROM PDX LLC,6548,Loan-82302
APAG Storage LLC,58665,Loan-82329
BF Logistics Inc.,57056,Loan-82337
Boutique On Main LLC,6560,Loan-82344
BRIGHTFLOW TECHNOLOGIES LLC,6548,Loan-82348
Federal JMB LLC,11813,Loan-82377
JURGEN ASSOCIATES INC.,6560,Loan-82419
Krespin Enterprise Inc.,32441,Loan-82431
Prohibition Craft Spirits,29961,Loan-82479
TKO Group Inc.,33555,Loan-82537
WALL STREET PRINTS LLC,6548,Loan-82551
BJP HAULING LLC,18409,Loan-82619
Circle HF & Company LLC,15699,Loan-82638
GBM7 TRANSPORTATION LLC,3511,Loan-82674
KIM & K DEVELOPMENT LLC,24170,Loan-82711
Moments Assisted Living Facili,57095,Loan-82731
OC Aerials LLC,35583,Loan-82743
RHW Holdings LLC,6560,Loan-82754
SOENEN CONTRACTING SERVICES I,6548,Loan-82780
SPACE LUSTER LLC,6560,Loan-82783
Super Lumber Limited,12368,Loan-82787
AUNT GENY LOVING CARE,3511,Loan-82845
Burlington Orthodontics,58665,Loan-82858
Elite Drive-Ins LLC,58665,Loan-82887
Evolve Solutions LLC,9536,Loan-82890
GO KOKO GO INC.,22257,Loan-82911
HAIL ACE LLC,3511,Loan-82920
Huy Phan Nguyen DDS PA,57665,Loan-82925
Let's Dance and More LLC,Capital Ce-78735,Loan-82942
MCHC Enterprises Inc,17266,Loan-82954
MIAMI INSULATION SOLUTIONS IN,33555,Loan-82959
PANGEA MOBILE INC,3511,Loan-82985
Schram & Associates Inc.,17534,Loan-83003
Stanisvoski LLC,Telhio Cre-43215,Loan-83017
The Car Guys LLC,6548,Loan-83030
Wetzels Shipping & Such LLC,18409,Loan-83047
YNC267 SHLOM INC,588,Loan-83053
A NATURAL STATE OF SPEECH INC,6548,Loan-83059
Gigante Auto Group LLC,57665,Loan-83137
Hunsaker Development LLC,17266,Loan-83162
MK MARVEL ENTERPRISES LLC,6560,Loan-83204
Najjar Lube Centers Inc,16635,Loan-83210
Reverie Holdings LLC,58665,Loan-83245
SRTMT Auto Centers Inc,16635,Loan-83272
Terrill Enterprises Inc.,24998,Loan-83279
VK DESIGN GROUP INC,18409,Loan-83293
Ashapura Inc.,8056,Loan-83319
Gator Concrete Solutions LLC,32441,Loan-83363
KOOS SMOOTHIE SHOP LLC,6548,Loan-83400
Larson Architecture Works PLLC,628,Loan-83407
LOOK AT ME NOW CLEANING SERVIC,17534,Loan-83413
Mavrans LLC,628,Loan-83424
Military Connection LLC,9536,Loan-83428
MYTYM LLC,6548,Loan-83432
North American Fire Protection,9087,Loan-83438
Premier Martial Arts,Newtek Sma-11042,Loan-83453
TERRESTRIS LLC,588,Loan-83506
5BANDROYAL LLC,3511,Loan-83537
AIT,58665,Loan-83539
All Interior Refinishing,6548,Loan-83542
ALL NATIONS EXPRESS INC,26610,Loan-83543
ANGLETON REHABILITATION & WELL,34383,Loan-83546
Dibrita Contracting LLC,18409,Loan-83595
DV7 Engineering LLC,17943,Loan-83597
Illuminance Healthcare LLC,17838,Loan-83630
Illuminance Healthcare LLC,17838,Loan-83631
Integrated Systems Solutions ,58665,Loan-83634
KS Pro Transport LLC,33935,Loan-83652
M6 TRUCK AND TRAILER REPAIR IN,6560,Loan-83663
M6 TRUCK AND TRAILER REPAIR IN,6560,Loan-83664
Pacific Veterinary Partners LL,17266,Loan-83688
Samuel Hakopyan,58291,Loan-83728
SCHROCK HOME CARE LLC,20624,Loan-83731
Sweepy Inc,18409,Loan-83745
Taft Hwy Self Storage LLC,58665,Loan-83747
UAAP York Inc,17838,Loan-83789
ALPHIE LOGISTICS LLC,6548,Loan-83827
BRANTLEY'S ANIMAL HOUSE INC,18409,Loan-83848
Calin S. Johnson,13868,Loan-83855
Cloud 9 to 5 Inc.,Readycap L-7922,Loan-83865
Continental Reserve Self Stora,58665,Loan-83869
Farnsworth Holdings LLC,57777,Loan-83893
Fauth Roofing LLC,23621,Loan-83895
Finn Country Sauna Sales LLC,18409,Loan-83898
Florida Lifestyle Living LLC.,20624,Loan-83900
Fratelli Urban Air Sicklervill,57056,Loan-83902
Green Line Digital LLC,628,Loan-83910
Hoplite Equipment Services LL,58629,Loan-83928
Maldhari LLC,26610,Loan-83962
MEHMET M SAHIN dba FALCON GRAP,32773,Loan-83966
Mitchell Knorr Contracting,588,Loan-83969
Ryan Young Ins. Agency Inc.,6548,Loan-84000
T Steamer SHP LLC,16889,Loan-84022
Thai International LLC,57463,Loan-84028
Unbridled Insurance Agency LLC,32441,Loan-84038
VIRGINIA FREIGHT INC,3511,Loan-84040
W-Bros. Trucking Inc.,18922,Loan-84043
ZM Technologies,58665,Loan-84054
5280 Insurance Group LLC,6560,Loan-84061
Adroit Manufacturing Ltd,628,Loan-84071
APO & Associates Inc.,16889,Loan-84082
Confidence Containers L.L.C.,8056,Loan-84121
Gonzalo Law LLC,17534,Loan-84152
HR Edge Inc.,18409,Loan-84173
KALVIN M ROBINSON PLLC,32441,Loan-84189
KODLIN USA INCORPORATED,3511,Loan-84196
Lakes Area Logistics LLC,9733,Loan-84201
Lisa Mancini,18409,Loan-84207
Monster Paving Inc,18409,Loan-84227
RAINBOW PAINTING LLC,3510,Loan-84264
SAFFRON KOSHER INC.,18409,Loan-84276
SDKH Ventures LLC,57665,Loan-84281
Sunnyside Conoco,22366,Loan-84306
Threedev LLC,8056,Loan-84321
Tio Felix Restaurant LLC,18409,Loan-84323
Titan Enterprises Inc.,588,Loan-84324
TR Concepts LLC,35583,Loan-84325
ALPHA RETIREMENT WEALTH LLC,20624,Loan-84363
AXIS SPINE CLINIC LLC,6672,Loan-84373
AXIS SPINE CLINIC LLC,6672,Loan-84374
Heba Trucking LLC,5116,Loan-84468
Meade Holdings LLC,34607,Loan-84515
MIDWEST SCREEN & WINDOW REPAIR,10988,Loan-84519
On the Money,57056,Loan-84539
Ourco Inc.,17534,Loan-84541
Stoic Holdings Inc.,58291,Loan-84602
TLC Properties of Sarasota LL,3510,Loan-84619
WW SURVEYING INC,6548,Loan-84649
Addair Law Office PLLC,6560,Loan-84664
CONSTRUCTOMAX CORPORATION,18409,Loan-84720
Gas Pro LLC,57056,Loan-84763
INNOVATIVE HOSPITALITY 1 LLC,58626,Loan-84787
MIKADO MARKETING LLC,19600,Loan-84821
PAUL G SIMMONS,6548,Loan-84849
Pennington Wine Inc,7551,Loan-84851
Pink Chillies Corp.,34997,Loan-84855
S. Ulloa LLC,18409,Loan-84889
SwetLaxmi LLC,58626,Loan-84920
US Freightlink LLC,6560,Loan-84936
ZANIOL ENTERPRISES LLC,Lake Michi-49512,Loan-84954
Collier SV LLC,58103,Loan-85009
Fresh Valu Foods Inc.,3511,Loan-85052
Jean Marie & A Enterprises LL,24998,Loan-85081
JV Contracting Inc.,983,Loan-85089
La Blanca Lavanderia,Readycap L-7922,Loan-85102
Lupe's Services,17266,Loan-85112
OASIS HVACINC.,6548,Loan-85136
Powell Electro Systems LLC,9846,Loan-85148
Premier Resources Inc,33188,Loan-85150
RIFT MANAGEMENT INC,6548,Loan-85166
Samdeep Hospitality Group LLC,58626,Loan-85173
Stitches N' Giggles,59052,Loan-85199
THOMPSON COMMERCE LLC,32773,Loan-85215
TRICIA GENESIS LLC,26610,Loan-85220
6717 Benjamin LLC,VelocitySB-92626,Loan-85264
DB Electronics LLC,35323,Loan-85274
OJSK ENTERPRISE LLC,Lake Michi-49512,Loan-85293
Ameriport LLC,17838,Loan-85330
D & A Deals LLC,588,Loan-85379
DAUNTLESS ATHLETICS LLC,20624,Loan-85383
JOHNNY PAAUWE,6548,Loan-85435
Mateo Co. LLC,2720,Loan-85463
NITYA LLC,58665,Loan-85485
Plan 2911 LLC DBA The UPS Stor,57777,Loan-85500
Purety Services LLC,12633,Loan-85509
Restoration 1 of East End,Newtek Sma-11042,Loan-85523
Rocky Mountain Concrete Supply,Mountain A-84070,Loan-85529
SKG Concepts LLC,57777,Loan-85543
Starhill Construction Services,628,Loan-85547
Steven Acosta &amp; Company I,CDC Small -92106,Loan-85548
Thoroughbred City Enterprises ,32441,Loan-85565
Ziang Ge,17266,Loan-85584
AEC Financial Inc,27237,Loan-85599
AMG Nail Products Corporation,26610,Loan-85610
Anchor Rock Building Materials,33555,Loan-85613
Brashears Insurance Agency LP,58665,Loan-85644
FERSAT INTERNATIONAL TRADE IN,34383,Loan-85702
Intelligent Kitchen Inc,18409,Loan-85742
JON WAT LLC,6548,Loan-85755
Lawrence D McFadden Insurance ,15019,Loan-85771
MAEDA CONSTRUCTION INC,17534,Loan-85782
MERKELS TREE SERVICE,17534,Loan-85791
New Life Hospice LLC,58665,Loan-85806
New Life Hospice LLC,58665,Loan-85807
NOUVEAU CONSULTING,628,Loan-85812
Prospect Music Therapy LLC,6560,Loan-85834
Rocket Storage LLC,14851,Loan-85848
Sister Rose LLC,32441,Loan-85866
Summit Gold Enterprises LP,27237,Loan-85886
Tyeesha A Barrett,CDC Small -92106,Loan-85905
WELLEX INC,19506,Loan-85920
Zias Properties LLC,27237,Loan-85931
A. P. Eberlein Co. Inc.,58665,Loan-85942
Aitheras Aviation Group LLC,Newtek Sma-11042,Loan-85949
AMBIANCE WINDOW COVERINGS INC,6548,Loan-85952
CPR1 LLC,58291,Loan-85997
Elua Shop LLC,18618,Loan-86025
GLOBAL GROCERY MARKET LLC,6548,Loan-86043
GTB TRANSPORT,3511,Loan-86054
Ideal Commercial Interiors LLC,5116,Loan-86063
Javid Akhtar Kazi and Atiya Ja,18503,Loan-86077
Lavo Solutions LLC,35323,Loan-86096
Lincoln Park Beer & Liquor LLC,20624,Loan-86097
M & G Mart Inc.,20624,Loan-86102
Mike Urban DC LLC,6560,Loan-86118
NU DIMENSION TECH VENTURES LLC,58665,Loan-86129
Share House Coffee LLC,33555,Loan-86174
Algarve Properties LLC,12368,Loan-86255
Constellation Realty Managemen,17281,Loan-86294
Cookie Dough League City LLC,9846,Loan-86297
COOL CREEK CHIROPRACTIC LLC,6560,Loan-86298
CR1 Fitness LLC,58665,Loan-86301
Espresso Republic LLC,Readycap L-7922,Loan-86323
Greenway Plumbing Inc,18409,Loan-86352
Hill Flight Support L.L.C.,22366,Loan-86366
Husky Logistics Inc,6560,Loan-86373
LP HOMES INC.,11813,Loan-86406
Millbrook Homes,58665,Loan-86415
NEW LACES LLC,3511,Loan-86427
NOON DRY CLEANERS INC DBA VOGU,57665,Loan-86428
Nourish and Move PLLC,6560,Loan-86429
Sheridan Hotel,Readycap L-7922,Loan-86475
Triad Wireless L.L.C.,34997,Loan-86510
3902 WINE BUNKER LLC,58115,Loan-86533
BLVC PLLC,58665,Loan-86565
Bourbon Barrel Foods LLC,23627,Loan-86569
Challenger Trucking and Logist,8728,Loan-86582
HEALTH NUT CONCEPTS LLC,27210,Loan-86636
HEALTH NUT CONCEPTS LLC,27210,Loan-86637
Jo Family Inc.,24170,Loan-86657
Lucy's Tire Inc,18409,Loan-86689
Marmina LLC,24170,Loan-86697
Olive HB Inc.,6548,Loan-86736
PARKVIEW PHARMACY LLC,15229,Loan-86741
PI TAX PREP LLC,27677,Loan-86743
Tex Transversal LLC,31628,Loan-86791
SAME DAY RESTORATION AND CARPE,6548,Loan-86835
Burgerz and Ballz,Newtek Sma-11042,Loan-86839
NAISHA SPIRITS LLC,20624,Loan-86845
Phelps Ventures LLC,4767,Loan-86847
Aero Center Wilmington,58665,Loan-86867
AGGRESSIVE MAC CO LLC,23621,Loan-86869
CLEANERIFIC LLC,15019,Loan-86918
Haykashen Market,17266,Loan-86964
JT Borgen Manufacturing Inc,3832,Loan-86982
JT Borgen Manufacturing Inc,3832,Loan-86983
Katziela Inc ,18409,Loan-86987
Kurz Enterprises LLC,7888,Loan-86994
OCR Solutions Inc.,18409,Loan-87041
Wons Properties LLC,35151,Loan-87116
Allen Veterinary Hospital,58665,Loan-87144
BREAKWALL ANALYTICS LLC,6560,Loan-87166
Brenner Investments Inc,57901,Loan-87167
Business Intelligence Associat,23621,Loan-87173
CAUSEMIC LLC,Port 51 Le-10017,Loan-87176
CHAMPION'S FLORIDA LLC.,Newtek Sma-11042,Loan-87182
Disco Witch Brewing LLC,15699,Loan-87199
FOCUSED METAL PRODUCTS LLC,6384,Loan-87222
HELIOS SUN CO,58665,Loan-87238
INDEPENDENT TEXAS RECYCLERS LL,57665,Loan-87246
Innovative Energy Systems LLC,33761,Loan-87248
Jeta Global Trading,28489,Loan-87258
KA Sarasota LLC,Readycap L-7922,Loan-87264
MAZE ELECTRICAL SERVICES CORP,6548,Loan-87291
PLX TRUCKING COMPANY LLC,6560,Loan-87326
Sai Matha Inc.,57463,Loan-87341
Southern Mills Custom Builders,983,Loan-87355
T&A Trucking and Logistics LLC,18409,Loan-87364
Udells' Affordable In Home Car,6560,Loan-87388
Western Solutions LLC,8728,Loan-87402
Wrightshot Inc,12368,Loan-87404
100 Chiro Del Sur LLC,Readycap L-7922,Loan-87410
2030 EW Inc,35151,Loan-87414
All Florida Claims Professiona,18409,Loan-87429
Alpha19 Deliveries Inc,57603,Loan-87432
Alpha19 Deliveries Inc,57603,Loan-87433
Batteries Unlimited of Michiga,Newtek Sma-11042,Loan-87447
CHOICE CARE LEARNING CENTERS I,Newtek Sma-11042,Loan-87474
Christmas Air Plumbing and El,58665,Loan-87475
ELITE PRIVATE TUTORS INC,628,Loan-87516
Empire Laundry Machinery inc.,588,Loan-87519
Empire Laundry Machinery inc.,588,Loan-87520
HAR OF CENTRAL FLORIDA LLC,6560,Loan-87546
Huntington Beach Laundromat LL,26610,Loan-87554
Indy Hotel Group LLC,9366,Loan-87559
Pure Juice 1 LLC,6560,Loan-87656
RCKC Holdings LLC,32441,Loan-87664
RESTORATION 1 OF WEST PALM BEA,18409,Loan-87667
Smith Chiropractic Clinic Inc,28489,Loan-87693
Spaulding Decon Industries Co,Lake Michi-49512,Loan-87698
13 SUPPLY CHAIN MANAGEMENT SER,3511,Loan-87759
ARVIZU ADVERTISING & PROMOTION,983,Loan-87783
AVIRA V-NOX LLC,6560,Loan-87788
Baraka AFH LLC #2,22366,Loan-87794
Becker Pet Care Inc,17534,Loan-87797
Big Creek Travel LLC,Newtek Sma-11042,Loan-87802
CMRZ INVESTMENTS LLC,15229,Loan-87833
D & DS Logistics LLC,6560,Loan-87849
Discovery Academy,Readycap L-7922,Loan-87856
ECP TILE AND MARBLE LLC,588,Loan-87864
Faegan LLC,34444,Loan-87873
FHB INC.,10988,Loan-87875
Firefly Chocolate LLC,Redwood CU-95403,Loan-87876
Magnolia Chiropractic LLC,10619,Loan-87963
Midtown Dental Group Nutley PC,32441,Loan-87971
Plaza Protection,983,Loan-88004
Schauhan Inc.,6548,Loan-88035
Scott Brennan and Beth Brennan,Port 51 Le-10017,Loan-88036
Sport Clips Haircuts of Columb,58665,Loan-88057
SWW HOLDINGS LLC,6560,Loan-88067
TCM Papa John's,57716,Loan-88074
LSTE LLC,6560,Loan-88134
The Adaptive Athlete Inc.,CDC Small -92106,Loan-88138
Just Teazzin L.L.C.,Newtek Sma-11042,Loan-88160
Scruggs Distribution LLC,Readycap L-7922,Loan-88171
Scruggs Distribution LLC,Readycap L-7922,Loan-88172
Amieca Inc.,32203,Loan-88205
Arbor Barber LLC,6560,Loan-88209
CONSULTANCY4TRAVEL LLC,18409,Loan-88252
DRIVE 365 LLC,58665,Loan-88272
El Huizache LLC,22257,Loan-88279
Forest View Rossford Lanes LLC,Readycap L-7922,Loan-88292
Julene B. Samuels M.D. PSC,23627,Loan-88336
Major Power LLC,20624,Loan-88361
MILLER CAPITAL HOLDINGS LLC,6384,Loan-88369
Nu-Look Cleaning LLC,6560,Loan-88389
PHOENIX RESTAURANT GROUP LLC,6548,Loan-88400
Poochies Dallas LLC,34607,Loan-88404
R.B.M. LOGISTICS LLC,3511,Loan-88411
Skyward Tax & Accounting Servi,Readycap L-7922,Loan-88444
TBBQ Group LLC,Lake Michi-49512,Loan-88457
The Cross School of Education,57716,Loan-88462
THE PIANO OUTLET INC,Newtek Sma-11042,Loan-88468
Advanced Pet Care of Parker L,58665,Loan-88515
Beacon Light Technology Group,58665,Loan-88538
Border City Insurance Services,34997,Loan-88551
BRANCA DISTRIBUTION INC.,57873,Loan-88552
COMHAR HOLDINGS CRAIG LLC,57703,Loan-88576
COVI INC.,6560,Loan-88581
Cunningham Engineering PLLC,35278,Loan-88583
DVH Realty LLC,3511,Loan-88601
Guaranteed Fresh Produce Inc.,32773,Loan-88633
Intentional Sweat LLC,3931,Loan-88661
J&L SPRINKLERS INC,588,Loan-88663
JBW 3 LLC,23621,Loan-88667
Lappen Eye Care - South Inc,6560,Loan-88687
Lappen Eye Care - South Inc,6560,Loan-88688
Mayday Law Office PLLC,VelocitySB-92626,Loan-88704
MJHK INC,26610,Loan-88713
Muhammad Ghafoor & Farah Yasme,27237,Loan-88724
New Path Trucking LLC,5116,Loan-88728
Newfound Adirondack Resort LLC,57252,Loan-88729
ProBio Search and Career Servi,Newtek Sma-11042,Loan-88767
R & R HOUSING GROUP LLC,6560,Loan-88773
TRIPLE-G-GUNITE INC.,10988,Loan-88831
Xtreme Woodworking Inc.,3510,Loan-88860
AS Industries,34607,Loan-88897
AXEL Provisions LLC ,20845,Loan-88900
Boparai Cork Inc,VelocitySB-92626,Loan-88919
CGF Enterprises,6560,Loan-88941
Comas Residential LLC,18409,Loan-88949
Country Inn & Suites by Radiss,Readycap L-7922,Loan-88951
Crumbl,57252,Loan-88954
Customer 1St Inc.,24170,Loan-88956
DIE WITH YOUR BOOTS ON LLC,32773,Loan-88967
Emerald Companies Inc,Magnifi Fi-56352,Loan-88974
GIGANTE MEAT MARKET INC.,32773,Loan-89000
Hughes Farm,28905,Loan-89031
JEFF MARTIN TRANSPORTATION LL,9366,Loan-89048
KNAPP INJURY & CAR ACCIDENT LA,Lake Michi-49512,Loan-89064
New Line Door Inc.,6548,Loan-89105
OPTIMOTIVE WEB SERVICES LL,6548,Loan-89118
Pet Property #2 LLC,20845,Loan-89128
Pet Property #3 LLC,20845,Loan-89129
Sapphire Auto Repair LLC,20624,Loan-89167
Stone Arch Commodities LLC,58511,Loan-89196
Sylvester Custom Grinding Inc,58511,Loan-89205
The Gutter Guy of the Treasure,873,Loan-89211
Wonderland At Uptown LLC,33555,Loan-89242
BOCKWINKEL'S FRESH EXPRESS IN,20624,Loan-89297
CHRIS NINA INC,6548,Loan-89313
CULBERTSON SIGN SERVICE LLC,3510,Loan-89325
DS Duggins Welding,7888,Loan-89340
Heath Bedal and Tiffany Bedal,27237,Loan-89389
Howard Commons Liquor LLC,588,Loan-89396
JALABAPA ALACHUA LLC,57873,Loan-89408
JEFF HUGHESCPA INC,58665,Loan-89410
JEFF HUGHESCPA INC,58665,Loan-89411
Just Cakin' It LLC,6560,Loan-89416
NYC APOTHECARY INC.,628,Loan-89484
Paul Davis Restoration of Auro,58665,Loan-89493
Purple Hat LLC,11063,Loan-89505
S&W INSTALLS LLC,11813,Loan-89530
Shannon Family Trucking LLC,9366,Loan-89541
Thrive Enterprises Inc.,6560,Loan-89579
VSBL,Newtek Sma-11042,Loan-89590
Amarillo Urban Air LLC,5510,Loan-89621
BNC Contracting Inc.,18409,Loan-89646
Brighton Capital Holdings LLC,17534,Loan-89651
Direct Air,58665,Loan-89695
FRISCO MONTESSORI ACADEMY INC,Centerston-90017,Loan-89727
Kamo Insurance Advisors Corp,32441,Loan-89776
Magellan Solutions USA Inc.,58665,Loan-89805
Mavin's Insurance Services Inc,34603,Loan-89811
MC D'S PIZZA INC.,6548,Loan-89813
McKinnon Forbes DDS PLLC,16889,Loan-89814
Mega World Builder Corp,12368,Loan-89817
Photo 4 Less Inc.,58410,Loan-89845
PLANET PNP LLC,26610,Loan-89848
Renz + Oei LLC,7213,Loan-89862
SPL Solutions LLC,20624,Loan-89903
SPL Solutions LLC,20624,Loan-89904
SUNSHINE HOME BUILDERS,6548,Loan-89916
Warranted Management Inc.,58626,Loan-89958
Zip banchan Korean food compan,57463,Loan-89973
K Liquor Inc.,24170,Loan-89993
Brainy Bunch Learning Group LL,32974,Loan-90019
AYALA LAW OFFICE P.C.,3511,Loan-90061
CONDE'S Middle of Nowhere,57056,Loan-90094
Deluxe Nail Salon & Spa of Oak,20624,Loan-90110
Farm & Industrial Supply Inc.,32082,Loan-90131
Fun Sweets LLC,12368,Loan-90139
Iowa Aluminum Inc.,14207,Loan-90165
JNP COFFEE LLC,3510,Loan-90183
KA Abq Hotel LLC,26610,Loan-90189
Northern Lakes Data Corp,34997,Loan-90245
SWAYNE LOGISTICS INC.,20624,Loan-90310
TOPP NOTCH LLC,6560,Loan-90327
Wiser ID LLC,Newtek Sma-11042,Loan-90347
Wonlim International Inc,26610,Loan-90349
AMP TRANSPORT SERVICES LLC,3511,Loan-90378
ARROW LEATHERCARE SERVICES LL,6548,Loan-90386
Aspire Tax Center LLC,20624,Loan-90388
AZ Investments 01 LLC,VelocitySB-92626,Loan-90395
Basic Metals Inc.,6560,Loan-90398
Basic Metals Inc.,6560,Loan-90399
BISHOP REAL ESTATE I LLC,6560,Loan-90410
Brillect LLC,12923,Loan-90417
CEO Consulting Corp.,18409,Loan-90441
Chicago Empanada Mama LLC,6560,Loan-90448
Cogent Wealth Management LLC,20624,Loan-90456
Division 7 MTLS Partners LLC,6560,Loan-90479
Healthyu Fitness Inc.,17534,Loan-90534
Hohman Dental LLC,6560,Loan-90539
INCORP TECHNICAL RESOURCES LLC,6548,Loan-90547
Independent Installation Speci,57038,Loan-90548
J & M Healthfit LLC,58665,Loan-90553
NA NA COLLECTION LLC,33188,Loan-90621
OnGuard Fence Systems Ltd.,7551,Loan-90636
Reva Streetsboro LLC,First West-75225,Loan-90657
Robert Horstman,20624,Loan-90666
S. Paige Sander CPA LLC,14851,Loan-90676
Seashore Auto Inc.,22366,Loan-90688
Simple Forwarding Inc,588,Loan-90695
Texas Cavas Wares Cederberg T,35323,Loan-90722
THE PAYROLL COMPANY,3890,Loan-90732
Better Homes Distributors LLC,35323,Loan-90831
Blue Buffalo Car Wash LLC,4048,Loan-90837
Canaan Store LLC,17534,Loan-90852
Caroline Cecil Textiles LLC,Newtek Sma-11042,Loan-90855
CS Concept Holdings LLC,Newtek Sma-11042,Loan-90882
derrick inabinett,18409,Loan-90895
Elbay Dundee Inc,20624,Loan-90914
FI Kemper LLC,32441,Loan-90931
GK Carrier LLC,17534,Loan-90950
Gleckler LLC,873,Loan-90952
HAWK MANAGEMENT HOLDINGS LLC,8056,Loan-90965
Jones & Associates Consulting,First Serv-77084,Loan-90999
LEVEL15 HAULING LLC,3511,Loan-91029
MAHONING VALLEY ENTERPRISES L,6560,Loan-91050
New Magnolia Garden Center In,Newtek Sma-11042,Loan-91079
Primos Pizza Pizza LLC,3285,Loan-91119
Shashami Investment LLC,20845,Loan-91147
SHREE SAINATH COLUMBUS LLC,58626,Loan-91149
SUNFLOWER ENERGY LLC,58115,Loan-91173
Taylor Equities 15 LLC,6548,Loan-91181
116 Fitness LLC,6560,Loan-91229
Airport Hotel LLC,32203,Loan-91262
AJ 35 Holding LLC,20845,Loan-91263
ALLEN BODNER LLC,34997,Loan-91267
Anchora Insurance Services LL,30776,Loan-91273
BALAJI PLANO LLC,57873,Loan-91292
BOYCE HIGHLANDS FURNITURE COMP,59086,Loan-91312
CaveGamers LLC,4016,Loan-91332
Clean Wave Car Wash LLC,58030,Loan-91349
Conti Moore Law PLLC,33555,Loan-91357
Definite Films LLC,628,Loan-91379
ELK Advisory Group LLC,58018,Loan-91404
EMERALD CITY LLC,32773,Loan-91406
Employers Solutions Law,29012,Loan-91407
High Prairie Stables,4160,Loan-91456
Jang Choong Dong,Readycap L-7922,Loan-91476
JCD KOREAN RESTAURANT LLC,Readycap L-7922,Loan-91480
Kiran Transport LLC,4988,Loan-91509
Lucky Sails Drug Inc.,17308,Loan-91538
M.O.Kemper LLC,32441,Loan-91545
Malama Meals LLC,17308,Loan-91549
Ncite Partners LLC,27476,Loan-91583
Powderhounds Stonk Miners LLC,4016,Loan-91629
ROOSTER TRUCKING LLC,628,Loan-91653
SD Productions GR LLC,14851,Loan-91670
VICTORY MPLS GROUP LLC,6548,Loan-91741
Arch Rock Dental LLC,6548,Loan-91812
CARDENAS LOYALTY SERVICES,27237,Loan-91854
Eye Gear Optical LLC,8870,Loan-91902
Groth Law Firm S.C.,5296,Loan-91931
Guardian Heating and Cooling S,20624,Loan-91932
Harper-Connors Investment LLC,6560,Loan-91939
Hero Hotels LLC,20845,Loan-91947
HOTWORX Studio,Newtek Sma-11042,Loan-91949
MCMC Properties LLC,3510,Loan-92015
OTTAWA CAR WASH LLC,58115,Loan-92056
PHJ Holdings LLC,17534,Loan-92072
Software Developers Limited Li,58410,Loan-92124
SRIHARI LLC,58626,Loan-92128
Stonebreaker Enterprises LLC,32773,Loan-92132
SYNCOPATED ARCHITECTURE INC.,57716,Loan-92141
Vapor Trail Inc.,3832,Loan-92176
West Coast Solutions,6548,Loan-92193
JJ1 & JJ2,57716,Loan-92223
Revive Physical Therapy LLC,8870,Loan-92242
SEA SALT LLC,34997,Loan-92245
Zulay LLC,Lake Michi-49512,Loan-92258
Bauter Dentistry Aesthetics,58665,Loan-92265
Arch Rock Dental LLC,6548,Loan-92384
BHM Law Group LLC,Readycap L-7922,Loan-92402
COMMERCIAL TIRE SOURCE INC,17308,Loan-92464
Dr. Adam Fink Family Chiroprac,10218,Loan-92496
FNR SC HOLDINGS LLC,27677,Loan-92525
Guinn Properties LLC,27237,Loan-92550
Holcomb Law P.C.,Newtek Sma-11042,Loan-92569
Hope Restoration LLC,32441,Loan-92574
International Division Inc.,58115,Loan-92588
JERUSALEM DISTRIBUTION INC,24920,Loan-92606
JH Trucking LLC,2270,Loan-92608
LEGATT ENTERPRISES LLC,6548,Loan-92660
Movv LLC,3330,Loan-92702
Mr. Electric of Concord CA,Newtek Sma-11042,Loan-92706
New Dawn Gin Company Inc.,3890,Loan-92717
NEW ERA PACKAGING LLC,11813,Loan-92719
Plankowner Brewing Co.,Readycap L-7922,Loan-92764
SandStone Partners Holdings L,58665,Loan-92822
SandStone Partners Holdings L,58665,Loan-92823
Schlangen Air Inc.,9733,Loan-92826
SFH ENTERPRISES INC.,10988,Loan-92834
Shanmukha LLC,20845,Loan-92836
Sotogenic Smiles PLLC,3405,Loan-92847
STEVEN HADLEY dba STEVE HADLEY,32773,Loan-92863
WIRE SUPPLIES INC.,3832,Loan-92959
Wisdarium LLC,33555,Loan-92960
World Diamond Source Inc,Newtek Sma-11042,Loan-92962
YEEL RAYA INC.,6548,Loan-92967
Akros Logistics Company,33555,Loan-92989
B2 LLC,5452,Loan-93016
BARUCCI CONSULTING SERVICES IN,32773,Loan-93020
BOSS FURNITURE,18409,Loan-93037
Briarbrothers Brewing Company ,588,Loan-93040
Cambrean Tax & Accounting PC,Georgia's -30303,Loan-93045
COMMERCIAL TIRE SOURCE INC,17308,Loan-93064
DYNASTY SPIRITS INC.,58665,Loan-93101
Facile Transport LLC,18409,Loan-93120
MARK SANDERS LLC,35456,Loan-93268
Merus LLC,58511,Loan-93274
MOEY INC,18409,Loan-93286
N. E. HOSPITALITY LLC,18221,Loan-93291
Present Moment Herbal Company ,CRF Small -55402,Loan-93329
R & C Nguyen Farm LLC,57095,Loan-93339
Sherwood Landscape Lighting ,17838,Loan-93371
Studio Yogi LLC,CRF Small -55402,Loan-93391
Sycamore Capital LLC,57777,Loan-93397
Tae Il Jung,58816,Loan-93398
Tarpon Bay Electric LLC,34997,Loan-93402
The Gun Cave LLC,11813,Loan-93415
WAUKESHA FLORAL WITH GREENHOUS,20624,Loan-93447
FAST LINE TRANSPORT LLC,3511,Loan-93559
FURNITURE & MATTRESS DISCOUNT ,3511,Loan-93567
Hightower Graphics Inc.,258,Loan-93594
Hotworx Studio,Newtek Sma-11042,Loan-93601
Kairos Moment LLC,11813,Loan-93625
Mast Design LLC,18409,Loan-93652
Nola Restaurant LC,32551,Loan-93681
ODN INVESTMENTS INC,35406,Loan-93684
Red Oak Hometown Dental PLLC,16889,Loan-93710
Socially Oriented United Livin,28489,Loan-93743
ZIP APPLIANCE REPAIR & SERVICE,6548,Loan-93801
2403 Martha LLC,7551,Loan-93807
Align Right Web LLC,6548,Loan-93830
ASI JET Ag LLC,10218,Loan-93840
CELL FIX EXPERT LLC,18409,Loan-93870
CORNERSTONE RESTORATIONS LLC,588,Loan-93886
Craimark Studios Inc,18409,Loan-93888
Durrani Investments Corp,20845,Loan-93907
INDULGENCE CHOCOLATIERS LLC,6548,Loan-93948
Ranger Enterprises LLC,58511,Loan-94057
SASS Enterprises LTD LLC,17393,Loan-94080
 COMPLETE DEVELOPMENT & CONSTR,6548,Loan-94154
Amaral Auto Electric Inc. a N,57903,Loan-94158
EXPORT GLOBAL METALS INC.,17266,Loan-94186
PREMIERE LIGHTING & TRAFFIC IN,3510,Loan-94219
Sonshine Ltd.,628,Loan-94229
ANYTIME COURIER LLC,3511,Loan-94251
HRH Jewell LLC,4767,Loan-94279
LORE MEDIA LLC,6548,Loan-94290
M&C GLOBAL CORPORATION,6548,Loan-94292
SAM HADDOCK INSURANCE AGENCY I,6548,Loan-94307
Timber Fence Construction LLC,6548,Loan-94312
Access Michigan LLC,20624,Loan-94321
Beaver Creek Dental PLLC,58665,Loan-94329
Integrity Sport Services LLC,6560,Loan-94366
D & DS Logistics LLC,6560,Loan-94437
EVERGREEN OCEAN INC,26610,Loan-94445
FORCE99 TECHNOLOGIES LLC,11813,Loan-94447
Kitchensafe USA LLC,57056,Loan-94459
LAKE VIEW DELIVERY INC.,35406,Loan-94460
STLCookies LLC,8889,Loan-94488
AF Trucking USA Inc,588,Loan-94499
Alan Connin,3511,Loan-94501
Campbell Tree and Landscape LL,6560,Loan-94516
Collaer Enterprises Inc.,15229,Loan-94525
ERIC SCHROEDER ELECTRIC LLC,6548,Loan-94537
GIVE FINANCING LLC,11813,Loan-94541
K D F Automotive Group Inc.,17266,Loan-94557
KENTUCKY VETERINARY SURGERY PL,6560,Loan-94560
Lomiway Trucking LLC,6560,Loan-94565
MELDRUM MORTUARY INC.,3510,Loan-94569
PITTSBURGH SOCIALIGHTS LLC,6384,Loan-94588
R&G PROPERTY GROUP LLC,6548,Loan-94592
Randhir Dhillon,6560,Loan-94596
VEGAS KNIGHTS,3511,Loan-94636
6T6 Industries Co.,5116,Loan-94646
AA DIAMONDS JEWELRY LLC,3511,Loan-94647
Community Integration Support ,34607,Loan-94665
FIERCECO LLC,6560,Loan-94673
M3 AMERICAN HOMES LLC,6548,Loan-94693
Silver Lining Crematorium Inc.,CDC Small -92106,Loan-94719
Sport Clips Haircuts of Columb,58665,Loan-94720
Team Raines Inc,588,Loan-94723
TS Marketing Solutions Inc.,5116,Loan-94727
CAPITAL METAL WORKS LLC,6548,Loan-94737
Klaafert LLC,13868,Loan-94806
Meljo INC,CDC Small -92106,Loan-94817
PDX BUSINESS SERVICES LLC,3511,Loan-94829
Armaans Trucking Inc,6560,Loan-94861
Great Eggs LLC,6560,Loan-94887
Hot Solar solutions LLC,17266,Loan-94894
Jason Poucher,CDC Small -92106,Loan-94899
MultiNet International Inc.,34444,Loan-94919
Revive Family Medical Clinic L,8870,Loan-94930
RLSM80 LLC,18409,Loan-94932
TRAVIS & TANICO SOLUTIONS LLC,32441,Loan-94952
Zaylins World Transportation L,18409,Loan-94958
ALMO MECHANICAL INC,7213,Loan-94965
Benintende Home Improvements ,588,Loan-94979
BEST CAR DEAL CORP,3511,Loan-94980
BROKNYL LLC,3511,Loan-94982
Darling C-Store LLC,O Bee CU-98503,Loan-94990
GAVIOTAS DISTRIBUTORS INC.,29961,Loan-95001
GREENTOUCH SOLUTIONS CORP,588,Loan-95005
J&J PLUMBING LLC,6548,Loan-95009
MECA INVESTMENT LLC,22366,Loan-95023
MNR CORPORATION INC,32773,Loan-95027
SK Tank Wash LLC,6560,Loan-95046
SYK Pizza LLC,3832,Loan-95048
All-In Recruiting & Talent Bou,BizCapital-70112,Loan-95073
BLUE COAST STRATEGIES LLC,6548,Loan-95082
Eiffel Trading LLC,26610,Loan-95095
Evy's Tree,Redwood CU-95403,Loan-95098
Ordonez Enterprises LLC,34997,Loan-95128
Philip James Wealth Management,35444,Loan-95131
SARKAR ENTERPRISES LLC,6548,Loan-95136
Trademark Drywall LLC,628,Loan-95149
Calderon Architecture & Design,588,Loan-95161
AYOTAN INTERNATIONAL LLC,5452,Loan-95172
Balkan Xpedited Inc,9087,Loan-95173
Curant Health Group Inc.,34603,Loan-95190
Indy Behavioral Health Inc,6384,Loan-95208
JABELLAC CORPORATION,3511,Loan-95212
Marshall Young Insurance,58665,Loan-95230
RIVERSIDE AUTO CARE,Newtek Sma-11042,Loan-95240
Thomas Advisory Group LLC,19772,Loan-95255
VIRTUAL DESIGN & CONSTRUCTION ,6548,Loan-95267
CHANGE INCORPORATED,Newtek Sma-11042,Loan-95289
G.A.I.M. Plastics Inc.,16450,Loan-95297
GROUP SIX PARTNERS LLC,6548,Loan-95300
GV HEATING & AIR INC.,35406,Loan-95301
LABORATORIOS LATIN CORP,18409,Loan-95313
Solovision Optical Inc.,628,Loan-95343
UP 'N GO VENDING LLC,32441,Loan-95355
AB Transport Group L.L.C.,6560,Loan-95367
AB Transport Group L.L.C.,6560,Loan-95368
AB Transport Group L.L.C.,6560,Loan-95369
Campbells Homestead LLC,6560,Loan-95379
Go Direct Agency Inc.,32441,Loan-95395
HASHTAG BRANDS LLC,6548,Loan-95399
Liberty Alliance LLC,628,Loan-95413
NxTSTOP Inc.,34603,Loan-95427
ONE WAY LOUNGE INC.,17308,Loan-95428
Pirzada Ali Incorporated,34603,Loan-95435
POOLCON LLC,18409,Loan-95437
The Dry Mill LLC,6560,Loan-95459
AETHER DESIGN LAB LLC,6384,Loan-95479
CYBELE LLC,18409,Loan-95506
FANCY FREEZE LLC,3511,Loan-95517
Gentle Hands Healthcare Soluti,6560,Loan-95524
INTREPID REMODELING LLC,6548,Loan-95535
Patriot Services LLC,58665,Loan-95567
RESIDENTS UNDERSTOOD LLC,11813,Loan-95579
SAME DAY RESTORATION AND CARPE,6548,Loan-95588
THORNTON PIPELINE LLC,23621,Loan-95608
Wonky Venus Brewing LLC,35583,Loan-95617
AYOTAN INTERNATIONAL LLC,5452,Loan-95625
Diam-O-Jewel Inc.,983,Loan-95645
DIVINE HOMECARE LLC,3511,Loan-95646
EIGHTHBEND PLUMBING LLC,32773,Loan-95650
Gossamer LLC,17266,Loan-95659
GRAY ENTERPRISE INC,6548,Loan-95661
II Sonz LLC,CDC Small -92106,Loan-95669
John Evans and Sunny S. Evans,27237,Loan-95678
K&Z Holdings LLC,8889,Loan-95681
Seigler Holdings LLC,35444,Loan-95716
Whitledge Family Chiropractic ,9536,Loan-95735
Padrino Properties LLC,7468,Loan-95829
Ridgewood Capital LLC,57252,Loan-95841
StoLogix LLC,35583,Loan-95855
TEMPO GROUP LLC,35406,Loan-95860
CENTRAL OAHU MEDICAL GROUP LLC,17308,Loan-95896
Christopher D. Smith PA,34997,Loan-95898
COMMERCIAL INTERIOR SOLUTIONS,5452,Loan-95902
Craftsmen of Integrity,32441,Loan-95904
DS Duggins Welding,7888,Loan-95911
Miller Skinner and Dastrup Den,58665,Loan-95948
MT CUSTOM WOOD DESIGNS LLC,3511,Loan-95949
POONI TRANSPORT LLC,6548,Loan-95959
Roll-N-Rock Trucking LLC,58892,Loan-95970
YNC Services Inc,588,Loan-96001
EDWARD C LIU DDS PLLC,34997,Loan-96036
Jasso Consultants LLC,628,Loan-96057
JV Contracting Inc.,983,Loan-96061
MIDSTATE INDUSTRIAL INC.,628,Loan-96074
Red Sherpa LLC,32441,Loan-96091
Tokyo Town Teriyaki,22366,Loan-96123
BCRI N Santa Fe LLC,27476,Loan-96145
Hanna Contracting Services In,Coastal FC-27609,Loan-96171
KORCA INC.,628,Loan-96185
Sisters' Cider House LLC,59195,Loan-96209
The LAKPR GROUP INC,6384,Loan-96216
Xtreme Auto Lighting,35323,Loan-96225
Fala Medical Clinic PLLC,34607,Loan-96265
MO-CHILLI BBQ INC,6548,Loan-96294
ONTRAC SECURITY LLC,6548,Loan-96298
Stoney Creek Social Media LLC,9087,Loan-96312
SUPERIOR TELECOM SERVICES INC,10988,Loan-96314
Texas Patrones LLC,3890,Loan-96315
The Very Clean Clothing Brand ,628,Loan-96317
UZ Global Inc.,6560,Loan-96318
ZENITH FINANCIAL & INSURANCE S,Readycap L-7922,Loan-96325
3rd Street Strategy LLC,6560,Loan-96331
GARAGE DOCTOR LLC,17534,Loan-96379
Groundspro LLC,6560,Loan-96385
IBOSS VENTURES LLC,11813,Loan-96392
Labbato Fite LLC,6560,Loan-96409
MARIO ROMERO,6548,Loan-96416
PBC Family LLC,32441,Loan-96425
Smitten Boutique Charlotte LLC,27677,Loan-96449
The STEM Zone LLC,CDC Small -92106,Loan-96458
Ash Consulting Services,588,Loan-96480
B & H INC. OF INDIANA,628,Loan-96482
BUATHONG THAI CUISINE LLC,6548,Loan-96496
DRAGON REBUILD LLC,588,Loan-96509
E & I Sales Co.,4048,Loan-96511
Goodman Family Legacy LLC,6560,Loan-96526
Goodman Family Legacy LLC,6560,Loan-96527
HUTCH TENTS LLC,6548,Loan-96535
Jason Wilderson,6560,Loan-96540
Nick Berry Production Lighting,Newtek Sma-11042,Loan-96566
Northern Colorado Bounce House,17534,Loan-96567
Steve Mckay Company Inc,24170,Loan-96592
YORK INDOOR GOLF & TRAINING CE,588,Loan-96612
E.F. Powers Enterprises LLC,17266,Loan-96649
EndSolution Communications LL,17266,Loan-96652
JMC Inspections LLC,32441,Loan-96675
JONATHAN JONES LLC,6548,Loan-96678
Justice Systems Corporation,28489,Loan-96679
Maxima Concrete LLC,6548,Loan-96694
Peak Diagnostic,11063,Loan-96712
R.A.D. Tool and Equipment Sale,588,Loan-96722
SANDER AUTO BODY LLC,6672,Loan-96730
Socially Unique LLC,16111,Loan-96739
THE SODA SPOT LLC,Newtek Sma-11042,Loan-96755
Titan Label Printing,11813,Loan-96758
ALAZ CORP,6548,Loan-96780
Boatman Enterprises Inc.,25858,Loan-96794
DINO LINGO INC.,628,Loan-96812
HEAVY METAL MACHINERY LLC,6548,Loan-96839
Local Laguna LLC,18503,Loan-96854
PATRIOT CONSTRUCTION GROUP LLC,6548,Loan-96876
Pontiac Eleven LLC,628,Loan-96879
Shivaay Bros LLC,8889,Loan-96898
SPEED SNACK VENDING LLC,6548,Loan-96903
T&J's Snack Shack LLC,8728,Loan-96906
T&J's Snack Shack LLC,8728,Loan-96907
THE ZAPI GROUP LLC,33555,Loan-96912
US LLC,58348,Loan-96918
Freedom Surface Blasting LLC,18409,Loan-96951
Freedom Surface Blasting LLC,18409,Loan-96952
Solarrepair.com,28489,Loan-96992
Solarrepair.com,28489,Loan-96993
THE BFR PROS LLC,57056,Loan-96999
XIBUZZ LLC,16958,Loan-97011
H&H FOR TRADING LLC,3511,Loan-97017
MOXX HOMES LLC,6384,Loan-97020
Auto Net LLC,18503,Loan-97049
Byron Eric Smith,983,Loan-97061
CARPE DIEM TECHNOLOGY SOLUTION,3511,Loan-97067
Colin Valdez,4042,Loan-97075
D'eliana LLC,17943,Loan-97080
Doggie Dojo LLC,Justine Pe-63106,Loan-97084
East Bend Transportation LLC,6560,Loan-97089
ELB Fitness Inc.,3832,Loan-97090
GRIGORIO JEWERLY,32773,Loan-97103
GRIGORIO JEWERLY,32773,Loan-97104
Jot Properties LLC,57873,Loan-97118
L.A SCAPES LLC,Newtek Sma-11042,Loan-97124
Lisas Lashes and Salon,11813,Loan-97131
Patriot Thermal Controls Inc.,18221,Loan-97152
POOCH PALACE RESORTS WEST LLC,12854,Loan-97156
David Alan Medak,58291,Loan-97235
Fit Lemon LLC,6560,Loan-97245
KNS PEST CONTROL SERVICES LLC,32441,Loan-97272
Kody's Lawn & Home Solutions L,588,Loan-97273
Minerva Garage Door LLC,6560,Loan-97285
Re-new Institute PLLC,34363,Loan-97303
ROGUE METALS & SUPPLY,Newtek Sma-11042,Loan-97306
SECURITY FIRST TITLE AGENCY LL,Mountain A-84070,Loan-97311
The SD Homebuyer LLC,6548,Loan-97322
WELCOME SELF STORAGE LLC,58665,Loan-97334
1703 Beauty Supply Inc,24920,Loan-97341
ABSOLUTE CARE HEALTH SYSTEMS ,983,Loan-97344
DOMINIQUE COSMETICS INC.,628,Loan-97387
DOUGLAS CONSULTING GROUP INC,3511,Loan-97388
Kings Loot,Readycap L-7922,Loan-97419
Marketing for Travel Agents LL,15229,Loan-97427
ADVANCED INTERCONNECT TECHNOLO,10988,Loan-97483
JAY GREWAL,6548,Loan-97491
POSTIVE INNER SELF LLC,6548,Loan-97503
AMF Gas & Auto Repair Inc,32773,Loan-97513
D3X Systems LLC,11813,Loan-97533
David Alan Medak,58291,Loan-97534
Empire Laundry Machinery inc.,588,Loan-97540
Grace and Love Residential Car,CDC Small -92106,Loan-97549
Hello Banana Inc.,26610,Loan-97552
Parker & Parker Home Solutions,32441,Loan-97585
SIBERT VENTURES LLC,6548,Loan-97599
SUGGS CREEK MARKET,57056,Loan-97601
THE QUI GROUP LLC,588,Loan-97610
CAROLINA OASIS LLC,6548,Loan-97668
CHRISTOPHER KJORSTAD PLLC,6548,Loan-97671
Kirkland Logistics LLC,6560,Loan-97723
LEGACY CHRISTIAN HOME HEALTH C,6560,Loan-97727
Rico Pizza Biz LLC,32773,Loan-97771
Calderon Insurance Agency a C,Newtek Sma-11042,Loan-97844
Leo GroteA Legal Professional,6560,Loan-97898
MICHAELS AUTO GROUP INC,6548,Loan-97905
RODNEY G SIGUA DDS PLLC,32773,Loan-97933
Columbia Home Health Care Inc.,6560,Loan-98008
CQ LLC,3511,Loan-98016
Katie Calles LLC,27476,Loan-98076
Musicmax Inc.,6560,Loan-98100
Neosho Enterprises LLC,58892,Loan-98102
Salthouse Lane LLC,32551,Loan-98129
Surge Group LLC,3285,Loan-98135
BERNIE'S BASICS LLC,17308,Loan-98177
BIG GUN LLC,11063,Loan-98179
CAFE 143 LLC,3511,Loan-98187
DAVID WILLIAM GLOVER BENNETT,6548,Loan-98200
Joseph P Medeiros EA LLC,17266,Loan-98245
Launcharts Media LLC,6560,Loan-98251
Manna Supply Inc,7551,Loan-98260
Neighborhood Barre Green Hills,Newtek Sma-11042,Loan-98270
Paul Graves,6560,Loan-98277
Sister Nails LLC,6560,Loan-98305
USECOPRODUCTS Corporation,32773,Loan-98324
VOX TRIAL ATTORNEYS PC,Centerston-90017,Loan-98326
Blue Ox Nordic Building System,9733,Loan-98362
Cookie Monsters LLC,17534,Loan-98379
Daniel Middleton,27476,Loan-98383
Global Mobile LLC,17266,Loan-98404
M-23 MECHANICAL SYSTEMS,Newtek Sma-11042,Loan-98429
Morgan Records Management LLC,59086,Loan-98440
Patience In Home Care LLC,5116,Loan-98451
PENTANGLE TECH SERVICES LLC,6560,Loan-98453
SLZEE Inc,588,Loan-98474
Union Fence,Newtek Sma-11042,Loan-98491
AROCHE'S UNITED TRANSPORTATION,3511,Loan-98547
Canecorso LLC,3511,Loan-98566
CHRISTOPHER C COPELAND P.A.,Newtek Sma-11042,Loan-98569
EDDLEMAN ELECTRIC LLC,6548,Loan-98738
Info-Power International Inc,11813,Loan-98762
Miranda Eggleton,6560,Loan-98784
O'QUINN TILE LLC,628,Loan-98799
Pawfect Pets Inc,34997,Loan-98802
PEARSALL LLC,6548,Loan-98803
POBOYZ LLC,6548,Loan-98805
SAW MIL PETRO MART,18221,Loan-98826
SMD Trucking LLC,11813,Loan-98832
SONU MONU LLC,6384,Loan-98833
SUPER SIMPLE INC,57056,Loan-98838
vital ceramics dental  studio ,26610,Loan-98857
BUFFALO RIDGE BUILDERS LLC,6548,Loan-98880
Daugherty & Lewandowski Proper,7468,Loan-98886
DSG NY Enterprises Inc,11813,Loan-98893
HARRINGTON TRUCKING LLC,6548,Loan-98911
HUTCH TRUCKING LLC,6672,Loan-98915
Klemek Properties LLC,16111,Loan-98930
KNIGHT MECHANICAL INC.,6548,Loan-98931
RIVENDELL WOODWORKS INC,6548,Loan-98965
Oakwood Exteriors LLC,34997,Loan-99032
RP&G Delivery LLC,628,Loan-99040
Stones Flippin Pizza Inc.,Newtek Sma-11042,Loan-99044
Cybershield of Texas,Newtek Sma-11042,Loan-99047
DENTAL RESOURCE OF AUSTIN LLC,3511,Loan-99085
HRA INVESTMENT LLC,6560,Loan-99107
JR Rojas Trucking LLC,11813,Loan-99116
Specialty Auto Sales LLC,35361,Loan-99159
Toshi Teriyaki,22366,Loan-99179
Wunderful Creations Corporatio,588,Loan-99194
23 Fini Realty LLC,35323,Loan-99199
Amber Hawley dba Fremont Couns,57056,Loan-99208
ANDREW BRADFORD ENTERPRISE LLC,6548,Loan-99209
Aridus Industries LLC,6560,Loan-99213
BJORN TRANSPORT LLC,6548,Loan-99224
Flip Homes with 360 Corp,18409,Loan-99263
Haywood Road Vet LLC,16889,Loan-99278
Katy Kennels,983,Loan-99297
LEBAT Properties LLC,Newtek Sma-11042,Loan-99309
Next Level Communication LLC,4160,Loan-99325
OGANDO DDS LLC,6560,Loan-99328
OGANDO DDS LLC,6560,Loan-99329
WHP TX IV LLC,58665,Loan-99385
3C2E Logistics Corp.,16160,Loan-99394
Elegance Salon NY Inc.,588,Loan-99448
Lumos Infrared Sauna Studio of,ESL FCU-14604,Loan-99497
North Hills Animal Hospital L,35361,Loan-99515
Raycycle LLC,6560,Loan-99535
Braswheeler LLC,12437,Loan-99617
Famous Transports Inc,34607,Loan-99652
IHKWIP LLC,17838,Loan-99691
SCLZ Distribution Inc,9846,Loan-99780
Skin Science LLC,57056,Loan-99795
SOKO Real Estate Holdings LLC,32441,Loan-99800
Turner Transport,9087,Loan-99828
V.E.L.L. Enterprises LLC,3511,Loan-99833
Aes Enterprises Inc.,24170,Loan-99860
BIG PRICE DROPPERS LLP,6548,Loan-99879
CI-MECH ENGINEERING LLC.,6384,Loan-99892
DRG Mechanical Contractor,18409,Loan-99902
LetsVidya,Newtek Sma-11042,Loan-99956
Piara Pizza,Newtek Sma-11042,Loan-99981
SYNTEGRIC ADVISORS,58665,Loan-100017
Celicia Investments LLC,58291,Loan-100042
CERBERUS COMMUNICATIONS INC,18409,Loan-100082
CONSTRUCTION ETC. LIMITED LIAB,588,Loan-100086
Leila Ave LLC,18409,Loan-100139
ROOT HAIR INSTITUTE OF WASHING,20845,Loan-100173
SOPHIC INVENTORY MANAGEMENT L,628,Loan-100184
VIDREX TRANSPORTATION LLC,3511,Loan-100207
ISI MEAT MARKET  LLC,3511,Loan-100296
MBT HVAC SERVICES INC,18409,Loan-100316
Merus LLC,58511,Loan-100318
Scarlet & Gray LLC,6560,Loan-100351
Shyam Beer Distributor Inc,7468,Loan-100355
The American Institute of Bala,18409,Loan-100361
Touba Prime Trucking LLC,6560,Loan-100368
WHB Accounting Services LLC,34997,Loan-100375
3YNOT COMPANY,6548,Loan-100382
Anodyne Independent Living Spe,628,Loan-100388
AUTO-ZEN AUTOMATION LLC,6548,Loan-100391
Casa Robles LLC,33555,Loan-100408
CSG Business Services LLC,34997,Loan-100418
Klp solutions inc,588,Loan-100480
Longbow 1 LLC,35361,Loan-100484
Parkway Perk LLC,21906,Loan-100501
PJPools Inc.,33555,Loan-100510
SAN FRANCISCO BAY AREA (SFBA) ,628,Loan-100532
SCHROCK & COMPANY,6548,Loan-100533
Selective Builders LLC,588,Loan-100535
CASSIDY DENTAL STUDIO LLC,6548,Loan-100602
FProDaily LLC,628,Loan-100636
FWP Texas LLC,23621,Loan-100639
FWP Texas LLC,23621,Loan-100640
G2G Subs LLC,32551,Loan-100641
INTEGRITY TIMBER FRAME LLC,6548,Loan-100657
JENNY RIOS HOME,34997,Loan-100662
JERUSALEM DISTRIBUTION INC,24920,Loan-100663
Jonathan Won Chun Paik and Jee,26610,Loan-100665
LEGACY FAMILY CHIROPRACTIC&WEL,17534,Loan-100682
Miss Doreen's Playmation Child,23621,Loan-100696
PROOF + CO LLC,3511,Loan-100711
Tenacious Toys,18409,Loan-100736
WYATT DAVID BROOKS LLC,6548,Loan-100751
29PALMSHARIYA LLC,57873,Loan-100757
A2 Diamond Inc,58348,Loan-100759
STONE TOOLS LLC,6548,Loan-100880
Amelia Denter Center LLC Dr Yi,32441,Loan-100918
5&2 Onsite Fleet Services LLC,32441,Loan-100947
CogentITInc,28489,Loan-100976
KB Phx Airport LLC,26610,Loan-101027
Kyle David Clothing Inc.,18409,Loan-101031
PREMIER ORTHOPEDICS INC.,628,Loan-101063
ABX Group Inc.,28489,Loan-101113
Ascend Fitness Inc.,16889,Loan-101118
Black Shirt Brewing Co.,58665,Loan-101127
BMH Equipment LLC,20624,Loan-101128
MIDWOOD BROOKLYN APPLIANCE REP,18409,Loan-101202
MODERN CANDLES CO INC.,6548,Loan-101203
Precision Contractors N.Y. inc,588,Loan-101221
Serenely Inc,11813,Loan-101246
Toros Brothers Construction Co,588,Loan-101277
24/7 Plumbing Services L.L.C.,23621,Loan-101301
24/7 Plumbing Services L.L.C.,23621,Loan-101302
BKS of Roswell Inc,11813,Loan-101323
Cajun Coffee LLC,57095,Loan-101334
COMPETITIVE CLEANING LLC,6560,Loan-101337
CZN FRANCHISING LLC,29961,Loan-101341
CZN Franchising LLC,29961,Loan-101342
DEVASH MEZONOS INC.,628,Loan-101345
FLATBED TRANSPORTATION LLC,628,Loan-101357
Heart and Harmony Music Therap,57056,Loan-101369
Heidi Heather Hammer,29012,Loan-101370
Hoagland Mesick Shop & Save LL,20624,Loan-101373
HULA GRILL LLC,6548,Loan-101376
JP'S CUSTOM HOME PAINTING LLC,588,Loan-101387
La Cocina De Cristina LLC,18409,Loan-101393
Reinfree LLC,20624,Loan-101429
Santoro Services L.L.C.,6560,Loan-101433
Sromulus Pizza LLC,6560,Loan-101439
STAUFFER ENTERPRISES INC.,Newtek Sma-11042,Loan-101442
Steele Insurance Agency,17266,Loan-101443
Stonewall Defense LLC,Readycap L-7922,Loan-101444
Texas Monarchy Services LLC,32441,Loan-101447
VENEGAS CONSTRUCTION CORP,3511,Loan-101466
BONE ENTERPRISES INC.,35583,Loan-101504
Bright Light Early Care & Educ,First Chil-55401,Loan-101507
JEWELS RENEWED LLC,6548,Loan-101580
KELSTARR INC.,628,Loan-101583
OLIVER JOHNSON,6548,Loan-101621
Prepbooks Corp.,17266,Loan-101637
PS2 LLC,16889,Loan-101642
PS2 LLC,16889,Loan-101643
RED RUSTY ENTERPRISES LLC,58665,Loan-101652
Reinfree LLC,20624,Loan-101653
RITEPAK,33188,Loan-101657
Short Services Group Landscapi,35583,Loan-101665
TekTone Sound & Signal Mfg. I,57095,Loan-101675
TRANSGLOBE INTERNATIONAL CORPO,11813,Loan-101681
Balance Foot and Ankle LLC,6560,Loan-101713
CJ ROOFING DFW LLC,6560,Loan-101735
JP MORTGAGE ADVISORS LLC,17308,Loan-101775
MCR LLC,32441,Loan-101784
Strickland and Strickland Ente,32441,Loan-101817
The Bin Trash Spa LLC,2270,Loan-101826
TREASURE COAST MEDICAL HOLDING,34997,Loan-101857
Specialty Sales LLC,20624,Loan-101877
BELRUZ26 Company LLC,18409,Loan-101897
BOLKEM EVENTS DECOR & RENTALS,6560,Loan-101906
Dragoon Six LLC,16889,Loan-101929
LAMINATE COUNTERTOPS,31628,Loan-101957
Locally made Savannah LLC,11813,Loan-101962
TKW ENTERPRISES OF JACKSONVILL,16889,Loan-102017
AMG NAIL PRODUCTS CORPORATION,26610,Loan-102041
BRETT GATTA,6548,Loan-102053
Connect Channel Hospitality &a,CDC Small -92106,Loan-102058
ENK Management LLC,57444,Loan-102074
FORESTHILL CHIROPRACTIC,6548,Loan-102079
GRANTLAND IRRIGATION LLC,29961,Loan-102084
HSPP LLC,57444,Loan-102093
TAPROBANE LLC,3511,Loan-102177
WONDER KIDS LEARNING CENTER LL,588,Loan-102194
BUDGET HOME ENHANCEMENTS LLC,6548,Loan-102219
DIDLHOTSHOT LLC,3511,Loan-102237
Era Solutions LLC,Newtek Sma-11042,Loan-102247
NEWHAUS CONSTRUCTION INC,6548,Loan-102290
Onward Consultants LLC,6560,Loan-102298
SOLID TRANSPORT ENTERPRISE INC,628,Loan-102329
Advanced Controls Corporation,3511,Loan-102358
AIRCRAFT CLEANING SERVICES LLC,588,Loan-102360
Carbon Capital LLC,27237,Loan-102377
CIPPELE LLC,17308,Loan-102380
Distinctive Exteriors Inc.,34444,Loan-102387
EDDIE'S CUSTOM CABINETS OF ROC,ESL FCU-14604,Loan-102392
Fredricks CPA LLC,16160,Loan-102396
ISLAND TERMITE AND PEST CONTRO,17308,Loan-102411
PDC ESCONDIDO LLC,24170,Loan-102434
scDataCom LLC,58665,Loan-102449
Terrain Solutions Inc.,983,Loan-102462
Tumble Living LLC,CDC Small -92106,Loan-102470
Kochali Express Corporation,6560,Loan-102497
LP Family Three LLC,57873,Loan-102499
Wittle Town LLC,6560,Loan-102518
I.M.O. GLOW LLC,Newtek Sma-11042,Loan-102524
BC Acquisition LLC,6560,Loan-102548
BLUE LINE INVESTMENTS I LLC,34217,Loan-102553
Cung Farm,28905,Loan-102569
Equilibria Wealth Management ,20624,Loan-102577
JK ELAN INC,6548,Loan-102592
JM Wentzville LLC,8889,Loan-102593
R & R Trucking of Central Flor,18409,Loan-102621
Aero trampoline park LLC,18409,Loan-102673
H.S.H. CONSTRUCTION AND EXCAVA,6560,Loan-102726
MCQUAIDS PUBLIC HOUSE,Newtek Sma-11042,Loan-102751
Casa Della Nonnina LLC,57038,Loan-102826
David Butlein and Associates ,5510,Loan-102837
Dean's Professional Plumbing ,5116,Loan-102838
GoDining Inc.,58816,Loan-102847
NDR LTD.,6560,Loan-102874
Severson Law LLC,17266,Loan-102899
THE THERAPY GARDEN LLC,57056,Loan-102907
Careon Healthcare Bay Area Inc,CDC Small -92106,Loan-102933
I Rise Educational Center LLC,6560,Loan-102949
I Rise Educational Center LLC,6560,Loan-102950
Nunya L.L.C.,6560,Loan-102969
Software Developers Limited Li,58410,Loan-102986
Anthony Johnson,27237,Loan-103012
MONICA HERSHAFT INC.,628,Loan-103030
Thriving Group LLC,57873,Loan-103046
WILLIAM ROBERT INCORPORATED,35406,Loan-103051
American Masonry Inc,33761,Loan-103066
GETSOMM LLC,7551,Loan-103103
Hercules Staffing LLC,9204,Loan-103115
HOLIDAY POOLS & SPAS,18409,Loan-103116
Instant Secure Fright LLC ,6560,Loan-103120
Mangum & Associates Inc,58665,Loan-103134
SAYANA LLC,2270,Loan-103158
Treasure Seekers Shell Tours ,6560,Loan-103173
Ulrich Builders LLC,7551,Loan-103175
USA Express LLC,6560,Loan-103178
BECKETT CONSTRUCTION SERVICES ,6548,Loan-103200
Certified Water Smoke and Fir,17534,Loan-103212
Conventional Pro Lining LLC,6560,Loan-103216
Dirty Birds LLC,10643,Loan-103219
Forester Haynie PLLC,58739,Loan-103227
Gunner Concrete Inc.,58291,Loan-103239
HOLISTIC MASSAGE TRAINING INST,588,Loan-103248
MUF TRANSPORT LLC,18409,Loan-103279
PHIL INVESTMENT INC.,57873,Loan-103285
SDG ACCOUNTANT LLC,33555,Loan-103298
SG Metals LLC,18409,Loan-103299
Telecom Leasing LLC,6548,Loan-103308
TTB Holdings LLC,11813,Loan-103318
Williams Collective LLC,6560,Loan-103325
Winmeier LLC,57603,Loan-103327
Woodlane Inc,33761,Loan-103328
600 NW Naito LLC,24045,Loan-103336
Bellissimo Futuro LLC,6560,Loan-103347
CJMUELLER INC,33761,Loan-103359
Dr. Howard Bruce Miles,6672,Loan-103370
Lindsay Foods Wisconsin Inc.,58665,Loan-103404
New Canal Bodywork Doyers Inc,18409,Loan-103412
PANA SHELL INC.,20624,Loan-103419
Sweet Be LLC,16889,Loan-103454
Vera Appliance LLC,32441,Loan-103466
WECARE STUDIO SOLUTIONS LLC,3511,Loan-103470
1234 POLK ST INC,6548,Loan-103474
B&B Party Rentals of NJ Inc.,35323,Loan-103483
DEREK KOEHN,8870,Loan-103506
GENERAL Y TRADING  INC,6560,Loan-103518
St Pete Beach Investments LLC,34997,Loan-103594
Sunshine Family Home Center LL,12633,Loan-103596
Temple 627 Enterprise LLC,24170,Loan-103601
TOTE SET GO LLC,17534,Loan-103603
ALPHIE LOGISTICS LLC,6548,Loan-103621
BWR Kemper LLC,32441,Loan-103638
CUMBERLAND SALES COMPANY,35583,Loan-103655
GLEASON HEATING AND AIR CONDIT,58665,Loan-103674
Hawk & Thistle NW LLC,29012,Loan-103683
SCOTT BURKE PROCESS SERVICE LL,23621,Loan-103746
STRAWHECKER NONPROFIT SERVICES,5452,Loan-103757
USA Quartz,58030,Loan-103780
COLUMBUS APPAREL STUDIO LLC,6560,Loan-103813
Derbarseghian & Abdizadeh P.C.,28489,Loan-103820
Jinoo Hwang Attorney & Counse,17266,Loan-103852
LGC Services LLC,20624,Loan-103862
PERSONALIZED HEALTH LLC,6548,Loan-103886
D. De la Rosa LLC,588,Loan-103973
D. De la Rosa LLC,588,Loan-103974
DK Friend Holdings Inc.,588,Loan-103977
Entelevest LLC,131,Loan-103987
Holk Electric Inc.,12368,Loan-104000
JUSTICE RECORDING STUDIO & PRO,588,Loan-104018
Keith Allibone,18409,Loan-104023
L.L. Fezz Inc.,14207,Loan-104026
Phyl's Academy Preparatory Sch,14851,Loan-104054
SASAE Group LLC,17838,Loan-104067
Triumph International,Newtek Sma-11042,Loan-104078
APA KAZI GENERAL MAINTENANCE A,3511,Loan-104093
Aron's Plumbing Inc.,588,Loan-104095
Aura Management LLC,CDC Small -92106,Loan-104097
Divinity Pediatric Clinic PLL,4988,Loan-104120
Divinity Pediatric Clinic PLL,4988,Loan-104121
DKGH Inc,CDC Small -92106,Loan-104122
ERVIN LAWN SERVICES LLC,3511,Loan-104130
KRIV TECHNOLOGY LLC,6548,Loan-104146
Midwest Technology Partnership,6560,Loan-104157
PERNICANO ENTERPRISES INC.,Newtek Sma-11042,Loan-104178
Rocks Landing Bar & Grille LLC,6560,Loan-104196
SNJ Express LLC,18409,Loan-104207
T & L Investments Holdings LL,6560,Loan-104214
WINNING OUTDOORS LLC,131,Loan-104230
100%ELITES LLC,Readycap L-7922,Loan-104235
Ace Healthy Products LLC ,6560,Loan-104242
D D & J SALES INC.,Newtek Sma-11042,Loan-104275
Fisher 5 Ventures LLC,Telhio Cre-43215,Loan-104293
Mako Products LLC,4160,Loan-104343
Millwork Installations LLC,18409,Loan-104350
PWR STORAGE SOLUTIONS LLC,7468,Loan-104372
RCTD LLC,588,Loan-104377
Rky Mtn Properties LLC,24045,Loan-104381
ALIGN OUTDOORS LLC,588,Loan-104432
Aliment Insurance Agency Inc.,17266,Loan-104433
Evergreen Seed LLC,6560,Loan-104474
Iyoyo Enterprise Transportatio,20624,Loan-104492
Kaduceus Holdings Inc.,Readycap L-7922,Loan-104496
MCKINLEY PROCESSING,6548,Loan-104515
Ortiz Partners LLC,3511,Loan-104530
COMPLETEBLUE INC.,6548,Loan-104593
VMMA CONSTRUCTION LLC,Newtek Sma-11042,Loan-104607
Irrigation Pros LLC,13058,Loan-104689
McKague Logistics Inc.,57056,Loan-104710
NEU CUSTOM PACKAGING LLC,15229,Loan-104718
Paladin Healthcare LLC,131,Loan-104722
The Range LLC,28489,Loan-104765
TOMMYS TRASH TRUCKS LLC,3511,Loan-104767
Big Guys Camping LLC,588,Loan-104798
Chosun Group LLC,57873,Loan-104806
Golden Liquors Inc,26610,Loan-104833
Maidon Enterprises LLC,6560,Loan-104861
Stairway Pianos Inc.,6384,Loan-104904
SURF'S UP SOUTH SHORE,57056,Loan-104908
Universal Events LLC,17393,Loan-104917
Veteran Builders Group Inc.,CDC Small -92106,Loan-104919
Wishbone Stick Inc,34997,Loan-104924
AUM Cleaners LLC,16889,Loan-104948
chani kr wigs llc,628,Loan-104963
Forever Fence & Rail LLC,6560,Loan-104984
Hyo Sang Lee Choi & David Sung,57873,Loan-104997
MASTER LEAK DETECTION AND REPA,3511,Loan-105028
S. HEANEY MARINE CONSTRUCTION ,Newtek Sma-11042,Loan-105057
SOUTHERN EQUIPMENT CORPORATION,21031,Loan-105067
TBS Mart Inc.,16111,Loan-105073
Arden Rose Assisted Living In,58665,Loan-105105
BOT Transport Inc.,6560,Loan-105113
Dabbour Enterprises LLC,27476,Loan-105131
David Munson & Associates LLC,17266,Loan-105132
Igna Group Corp,11813,Loan-105160
OFC Creations LLC,588,Loan-105210
Our Way Enterprises LLC,8273,Loan-105215
Rossarin Mitsumoto D.D.S. P.C,628,Loan-105227
SARJEMS INC.,23621,Loan-105231
SUP LLC,32441,Loan-105244
SRO ELGIN INC.,20624,Loan-105279
608 Partners Travel Holdings L,58665,Loan-105284
608 PARTNERS TREE SERVICES LLC,58665,Loan-105285
Ameriprise Financial,13868,Loan-105292
CHEETAWNAE LLC,6548,Loan-105313
Clean Litter Club LLC,57056,Loan-105315
Colo Solutions LLC,58665,Loan-105316
Connect Holdings LLC,58018,Loan-105318
DANIEL SCHMOLL PAINTING,6548,Loan-105325
Semtrex LLC,6560,Loan-105417
Texas Outlaw Cycles,Readycap L-7922,Loan-105447
TRAILSEND LANDSCAPE CONTRACTIN,6560,Loan-105456
TWENTY20 TAX AND CONSULTING PC,6548,Loan-105459
36 Duet Entertainment Inc.,35151,Loan-105478
America Knits LLC,873,Loan-105495
Andrea Csok DDS LLC,32441,Loan-105497
Johnny Flores Dental Corp.,34603,Loan-105566
Joylynette Real Estate LLC,27237,Loan-105567
LEVIN & RIEGNER LLC,628,Loan-105577
One World Montessori LLC,33555,Loan-105597
PIMS NEW YORK INC,588,Loan-105604
PIMS NEW YORK INC,588,Loan-105605
Saccone Restaurants LLC,6672,Loan-105622
Shrink Wrap Pro,18409,Loan-105626
Utility Systems Solutions Inc,7468,Loan-105651
Utility Systems Solutions Inc,7468,Loan-105652
BRANCA DISTRIBUTION INC.,57873,Loan-105691
Caffee Laundry,Readycap L-7922,Loan-105695
CARLTON VEEDER CONSTRUCTION LL,32773,Loan-105700
EDGE TREE CARE LLC,6548,Loan-105716
Electron Automotive LLC,17266,Loan-105718
KA Phx Thomas LLC,26610,Loan-105763
Klaafert LLC,13868,Loan-105769
Plymouth Senior Services LLC,6560,Loan-105813
Right Testing Labs Inc,Georgia's -30303,Loan-105822
Sandhu and Sons Inc,26610,Loan-105828
Sweet Pea Flower Truck LLC,6560,Loan-105846
Advanced Pool Service Inc,18409,Loan-105878
SPACE LUSTER LLC,6560,Loan-105988
Spickard Agency LLC,Newtek Sma-11042,Loan-105989
Stor365 Toledo LLC,34997,Loan-105991
The Jared Dalton Agency,Readycap L-7922,Loan-105999
Turf Sellers,983,Loan-106005
Woodco Inc,33555,Loan-106019
Blossom Behavior Center LLC,18409,Loan-106043
DC Endeavor LLC,24998,Loan-106063
Derby City Education LLC,6548,Loan-106066
Go Yard Baseball LLC,17534,Loan-106085
Jhovanny Hernandez Agency Corp,20624,Loan-106105
JMTI LLC,32441,Loan-106107
Kurtz Real Estate L.L.C.,18503,Loan-106114
ScooBee LLC,6548,Loan-106154
Bella Terra Pharmacy,11813,Loan-106219
Degree Incorporated,17943,Loan-106253
DESHI CORP,32773,Loan-106255
DIXIE FLYING SERVICE INC.,10988,Loan-106258
DZ Innovation Inc.,6384,Loan-106263
Fresh Off the Boat LLC,9366,Loan-106267
KT Health IV Hydration Therapy,America Fi-84405,Loan-106295
Lit Da Light LLC,18409,Loan-106298
PREFERRED TRUCKING SERVICES I,10988,Loan-106320
SIMPLY HOUSEKEEPING LLC,57703,Loan-106337
TML Transport LLC,6384,Loan-106360
Brass Tacks Provisions LLC,27476,Loan-106405
Prabh Trucking Co,6560,Loan-106497
Sharan Northwest Dental Arts ,19772,Loan-106508
ABOVE THE LINE 2 LLC,35361,Loan-106541
Eyes Savvy Incorporated,14851,Loan-106590
Jackson Fence LLC,5452,Loan-106617
JR Tooling LLC,6560,Loan-106623
Premier Chiro Med P. C. a Pr,58739,Loan-106653
South Shores Animal Hospital,58665,Loan-106675
SUPREME IMPROVEMENTS INC,6548,Loan-106683
1020 Movers LLC,588,Loan-106703
BLUE TWILIGHT INC,35519,Loan-106723
Fletcher Law Office LLC,12633,Loan-106762
FZ CONSULTING ASSOCIATES CORPO,6548,Loan-106769
Jay Maa Ambe LLC,58626,Loan-106783
Jibriel & Aya LLC,17266,Loan-106784
L.J.V. Development LLC,32773,Loan-106793
MJAG INC,34444,Loan-106805
Reno Craft Collective LLC,57056,Loan-106831
U2 JAPAN RENSSELAER INC,17534,Loan-106850
Alex's Tires Incorporated,58722,Loan-106869
Chocolate Nosh LLC,4048,Loan-106902
Fisher Custom Carpentry,Newtek Sma-11042,Loan-106922
K & Edmond Investments LLC,27476,Loan-106943
Nighthawk.cloud Inc.,59052,Loan-106969
PDC St. George LLC,33555,Loan-106980
SCOUT 1 SOLUTIONS INC.,6672,Loan-107004
WeddingKiss Philly Inc,18409,Loan-107036
CarriageWay Florida LLC a Pen,57095,Loan-107071
Contract Testing Laboratories ,33823,Loan-107079
Frye Capital Group LLC,32441,Loan-107095
Magnolia Occupational & Physic,8870,Loan-107131
MFI-DBIV-ATX1 LLC,35361,Loan-107135
Nebraska Parkour LLC,5452,Loan-107140
PHR HOLDINGS LLC,20624,Loan-107143
Pluristyx Inc,28489,Loan-107145
SHS OPERATIONS LLC,23621,Loan-107170
Smithcorp Inc,34607,Loan-107174
Sunray Family Dentistry PLLC,6560,Loan-107177
Vitalia Company LLC,Readycap L-7922,Loan-107190
Wasserman Chiropractic Inc.,11063,Loan-107193
JAWS-SDG Holdings LLC,7468,Loan-107280
Kaye's Konnections LLC,35361,Loan-107283
Shop & Save Inc.,6548,Loan-107330
Avante Imports Inc.,6560,Loan-107386
COMPREHENSIVE HEALTH & WELLNES,Newtek Sma-11042,Loan-107409
Delipan Bakery in Provo L.L.C,9204,Loan-107418
Hamby Tax Service,Readycap L-7922,Loan-107439
JCMD Medical Services Inc.,34997,Loan-107451
Raluca Ionela Tomoiaga,17266,Loan-107512
THE HOMETOWN WELCOME PROGRAM ,Newtek Sma-11042,Loan-107550
TRUE NORTH FARMS LLC,9846,Loan-107557
WILD BIRD CENTER OF COLORADO S,Newtek Sma-11042,Loan-107569
ALLIANCE MULTISERVICE LLC,588,Loan-107580
Beana's Para Siempre Limited L,18409,Loan-107584
Cynic Studio Limited Liability,28489,Loan-107608
DDAR Management Services LLC,32441,Loan-107610
Great Oaks Landscaping Inc.,57252,Loan-107636
HBEC Properties LLC,14851,Loan-107644
I'LANN Properties LLC,57056,Loan-107655
Kiwi Acquisitions LLC,3285,Loan-107670
Last Minute Dumpster Inc.,9204,Loan-107672
Thunder Dunks Inc,6560,Loan-107740
VALEK'S DISCOUNT CONSTRUCTION ,6548,Loan-107744
WHB Group Inc,57463,Loan-107746
2D Cafe LLC,34997,Loan-107750
AV SOLUTIONS LLC,588,Loan-107756
Beauty Bar Lash + Brow Studio,58665,Loan-107760
Bhuri Inc.,14851,Loan-107763
CRUSTERS LLC,58410,Loan-107780
GRINMAN ASSOCIATES INC.,628,Loan-107805
PARADOXE CORPORATION,12368,Loan-107838
WIREDZONE.COM INC.,10988,Loan-107885
FORTITUDE HEALTH AND TRAINING ,59086,Loan-107887
Fodge Farms LLC,58665,Loan-107968
GOLDSMITH PROPERTIES LLC,32441,Loan-107973
Pink Box Cookies LLC,6672,Loan-108038
R3EWASTE,6548,Loan-108044
Sonin Beako LLC,34607,Loan-108065
WJS Cyber Consulting LLC,3510,Loan-108102
YANI WATER LLC,57056,Loan-108106
Atekin 80 Inc.,18409,Loan-108118
ATNetwork LLC,CDC Small -92106,Loan-108120
Awesome Dawesome LLC,588,Loan-108122
FOREVER YOUNG FACIAL REJUVENAT,3511,Loan-108158
ITA DISTRIBUTION LLC,6548,Loan-108173
REEVES FAMILY CAR SHARING LLC,Black Hill-57702,Loan-108220
Sam's Food Store,29961,Loan-108225
Anthony Kennedy Financial Serv,17266,Loan-108295
Baber's Ice Cream LLC,2720,Loan-108300
CRISTIAN SAHDALA,6548,Loan-108324
Dean Russell Custom Homes Inc,57095,Loan-108327
LAMBS MEDICAL SUPPLY OF INDIAN,12854,Loan-108364
MHT Consulting LLC,27476,Loan-108379
Mitchell Automotive LLC,35456,Loan-108383
Perry Weather LLC,628,Loan-108403
Belray Home Furnishings & Deco,16111,Loan-108486
Brazelton Local LLC,6560,Loan-108493
DAYCO LOGISTICS LLC,6560,Loan-108506
DJ Steakburgers LLC,25858,Loan-108511
Dynamic Design Group Inc.,24170,Loan-108515
Express Lines LLC,6560,Loan-108521
FENIX TRANSPORTATION LLC,3511,Loan-108524
Floor Coverings International-,35519,Loan-108529
Green Landia LLC,4063,Loan-108543
Shane Thiara Inc.,24170,Loan-108626
Shingle Creek Holdings LLC,6548,Loan-108629
Tolliver Trucking LLC,6560,Loan-108651
WARRIOR FIT L.L.C.,2270,Loan-108664
Woodstock Hardware LLC,57071,Loan-108669
FORHUMT GROUP LLC,628,Loan-108733
Jubilee Care @ Home Health Car,35278,Loan-108752
K.C. BUILT INC.,32773,Loan-108754
Laura Berberich & Timothy Cump,588,Loan-108762
LEYNGOLD INSTITUTE FOR PLASTIC,1281,Loan-108766
Michael Johnson Insurance Inc.,6560,Loan-108776
RSV Spas LLC,23621,Loan-108799
Rusty  Ingram,8728,Loan-108800
Titan Metal Products LLC,Telhio Cre-43215,Loan-108818
Ventura Naples LLC,8889,Loan-108824
Treehouse Spa and Wellness LLC,18409,Loan-108858
Aureo Investments & Services L,18409,Loan-108870
Bamcis Trucking LLC,27476,Loan-108875
BRADY CHIROPRACTIC HEALTH CARE,11813,Loan-108890
East Coast Builders Group LLC,588,Loan-108918
Frontier Performance Lubricant,6548,Loan-108932
MAESTRO DENTAL STUDIO. INC,26610,Loan-108953
North Coast Compressors,ESL FCU-14604,Loan-108970
ROCK POINT PARTNERS LLC ,16160,Loan-108983
Beauty Factory Spa Inc,6560,Loan-109055
Cameo Marketing LLC,32441,Loan-109067
Charleys Philly Steaks,15019,Loan-109069
H&H Plumbers LLC,33555,Loan-109101
HARBOR WINE & SPIRITS LLC,9846,Loan-109103
Mens Corner Corp,588,Loan-109140
MERCADO EXPRESS TRANSPORTATION,6548,Loan-109141
MOUNTAINTOP DRYWALL INC,6548,Loan-109150
P&L Fitness LLC,6560,Loan-109162
RICHARD J NOVAK LTD,588,Loan-109172
Universal Foods & Services Jr ,18409,Loan-109197
Zane Construction LLC,17534,Loan-109207
American Dream Restaurants LLC,Newtek Sma-11042,Loan-109220
BEST NATIONWIDE COMMERCIAL INC,11813,Loan-109228
GENDY'S GUTTERS LLC,32441,Loan-109278
GS Frisco LLC,17491,Loan-109285
IAO MIND & BODY HEALTH LLC,17308,Loan-109291
IMPERIAL ELECTRIC CO LLC,6548,Loan-109293
Indy Bait & Tackle LLC,6560,Loan-109295
KDNY Jeans Company Inc.,18409,Loan-109309
La Fuerza LLC,6560,Loan-109314
Pacific Crest Construction In,17266,Loan-109344
Team Fitness LLC,18609,Loan-109383
Valiant Capital Group LLC,35361,Loan-109396
Aviatori Coffeehouse LLC,19506,Loan-109424
CWH Greenville LLC,58665,Loan-109441
EDUCARE LLC,20624,Loan-109452
GARI'S TRUCK TIRES LLC,Newtek Sma-11042,Loan-109463
MARILLIAN LLC,6560,Loan-109510
Museum Smiles PLLC,57056,Loan-109526
NNJ Aquatic Center LLC,32551,Loan-109535
PLUMBPLUS LLC,3511,Loan-109544
ZRestore LLC,32551,Loan-109594
Clearcom Wireless Services LLC,588,Loan-109595
BOTELLO PLASTERING AND CONSTRU,6548,Loan-109617
PIP PRINTING,57056,Loan-109736
VMC PROPERTIES LLC,America Fi-84405,Loan-109794
A&C INDUSTRIES LLC,11813,Loan-109803
Alice Wine & Spirits Inc,57944,Loan-109809
ALITE STAFFING INC,58291,Loan-109810
COWTOWN EATS LLC,6548,Loan-109833
DA HING GREENHOUSE LLC,18409,Loan-109835
DIAMOND IRON LLC,3931,Loan-109839
Elite Buyers NW Corporation,17266,Loan-109846
Orchard Park TKD LLC,17534,Loan-109923
Scott Fick Plumbing Heating An,588,Loan-109939
T T Dairy Bar Limited Liabilit,Magnifi Fi-56352,Loan-109956
TURF AND FIELDSCAPE LLC,6548,Loan-109970
Voodoo Bayou Las Olas LLC,131,Loan-109976
Bloom Chiropractic Co. PLLC,14207,Loan-110008
HB&B INC,17266,Loan-110047
Independent Waste LLC,57993,Loan-110052
INSPIRATIONS DANCE ACADEMY LLC,6548,Loan-110053
Portlandlabs Inc.,17266,Loan-110100
WISCONSIN REPOSSESSORS LLC,6548,Loan-110149
ACT Audio LLC,588,Loan-110158
Advanced Lawn & Outdoor Soluti,12633,Loan-110160
Araza Natural Beauty,28489,Loan-110163
Delta Restoration LLC,35278,Loan-110200
GEMINI LTD,6548,Loan-110212
HanCo LLC,32441,Loan-110215
Iminov Realty LLC,18409,Loan-110221
JSA INTERESTS INC,3511,Loan-110234
Kubota & Basol LLP,628,Loan-110239
Matsas Construction LLC,983,Loan-110255
MN Mac & Cheese LLC,14851,Loan-110267
NORTH AUSTIN MARTIAL ARTS AND ,32974,Loan-110275
P&A Industries LLC,13421,Loan-110278
SYLVIA SANG LEE D.M.D. A PRO,24920,Loan-110312
THE KHALIDI GROUP LLC,3511,Loan-110322
AKI'S CLEANERS,6548,Loan-110340
Anthony Zak,2720,Loan-110347
Bacon and Eggs LLC,12437,Loan-110353
Bamboo Grill LLC,983,Loan-110355
FAIRFAX ENTERPRISES LLC,32441,Loan-110384
Flavors of the Isle LLC,6560,Loan-110389
Hanumankrupa Inc.,58626,Loan-110399
Michael A. Covas DDS INC.,6560,Loan-110435
N&R Hospitality Corporation,Centerston-90017,Loan-110438
Sukhwant Singh,6560,Loan-110478
Accelera Training Logic SPV L,19772,Loan-110515
BDP Photo Inc,19690,Loan-110536
JM TRUCKING LLC,57603,Loan-110599
Lowry Hill Meats LLC,16111,Loan-110615
MCEL ENTERPRISES LLC,6560,Loan-110624
Northgate Ineterests LLC,33555,Loan-110646
Springs Interests LLC,33555,Loan-110691
SUBURBAN AUTO SALES 2018  LLC,983,Loan-110696
Vitality Foot and Ankle Instit,4767,Loan-110722
Air City CD LLC,9204,Loan-110741
CMRG LLC,10988,Loan-110773
Lone Pine Gear Exchange L.L.C,14851,Loan-110844
NEUROLOGY CLINICAL NEUROPHYSI,Readycap L-7922,Loan-110860
DSK Holdings Ltd.,7468,Loan-110997
Greenfield Transportation LLC,18409,Loan-111015
Jimmys Elite Services LLC,18409,Loan-111039
Miller Operations Inc.,15229,Loan-111063
Ogiâ€™s Bakery and CafÃ©,Newtek Sma-11042,Loan-111073
THE STANDARD LLC,3511,Loan-111140
WILDLIFE GETTERS LLC,6548,Loan-111156
Z & A Enterprises LLC,35323,Loan-111159
12 Gauge Construction LLC,5296,Loan-111162
Aquariumart Inc,57056,Loan-111179
Arccon Construction Inc,Telhio Cre-43215,Loan-111180
Bayardo Windows Services LLC,18409,Loan-111183
BENJAMIN WINN CONSTRUCTION HOI,3511,Loan-111185
Blue Trail Software Holding I,628,Loan-111190
BodinCo,57056,Loan-111191
DUROS FAMILY LLC,3511,Loan-111207
Everwell Parts Inc.,18409,Loan-111215
MODERN HILL INC.,6560,Loan-111273
P17 Solutions LLC,3510,Loan-111289
THE THINGS WE DO INC.,628,Loan-111340
UP2 INK LLC,3511,Loan-111349
VOX LOGISTICS INC,6560,Loan-111353
GLENN ENGINEERING AND ASSOCIAT,7468,Loan-111431
LAUAHI LLC,17308,Loan-111451
Michael Desmond,6560,Loan-111464
Academy for Launchpad Learning,20624,Loan-111545
Capstone Games LLC,7468,Loan-111582
DAFFY APPLE CORP.,20624,Loan-111593
Fit Nâ€™ Fine Fitness,57903,Loan-111611
TJD Technologies LLC,Readycap L-7922,Loan-111726
WILSON RENTAL PROPERTIES LLC,6560,Loan-111736
WOODALL CUSTOMS LLC,588,Loan-111737
BIRTHTRACKS,57056,Loan-111768
Co-Co Confections and Coffee L,57056,Loan-111784
Fruitopia LLC,18409,Loan-111798
GOLF BOX LLC,17308,Loan-111803
Ivy League LLC,3511,Loan-111819
MKE MCKENXIE LLC,CDC Small -92106,Loan-111850
Shri Hari Postal LLC,VelocitySB-92626,Loan-111878
Steve Towers Enterprise LLC,58665,Loan-111887
DyerVent WizardCypress,Newtek Sma-11042,Loan-111975
EJQ Express Inc.,23621,Loan-111979
Foreign Snax Corp,18409,Loan-111982
FRANCHISE-INITIATIVE LLC,32441,Loan-111983
Grace & Gray LLC,5452,Loan-111987
KAH TRUCKING COMPANY LLC,6560,Loan-112010
Matthew Andrews PC,11813,Loan-112030
Old North Heating and Cooling ,6560,Loan-112041
R & J WALTERS INC.,32441,Loan-112056
REISKE LLC,6548,Loan-112057
STEADFAST CONTRACTING LLC,6560,Loan-112085
The Rodriguez Corporation,17266,Loan-112095
Tropical Smoothie Cafe Franchi,CRF Small -55402,Loan-112103
Ace Handyman Services Greater ,35519,Loan-112122
AMPLEX ELECTRIC INC.,58665,Loan-112125
Jaydee Group USA INC,58410,Loan-112192
Jaydee Group USA INC,58410,Loan-112193
MEGA ROAD SERVICES LLC,3511,Loan-112218
Starting Strength Chicago,Readycap L-7922,Loan-112265
SWEET BASIL FAIRFIELD LLC,23621,Loan-112267
448 Real Estate LLC,17838,Loan-112296
Coco Poko Inc.,24170,Loan-112331
DOUGHBOYZROC LLC,ESL FCU-14604,Loan-112341
Law Office of Jay T. Alkam Es,Readycap L-7922,Loan-112379
Murray Clinics LLC,32441,Loan-112393
Praedium Valuation LLC,8056,Loan-112405
ProjX LLC,6548,Loan-112410
Security Trading Inc,18409,Loan-112422
JIMR LLC,17838,Loan-112462
Abbey Creek Equestrian Center ,34444,Loan-112482
Catarse LLC,11813,Loan-112496
Golden Rule Hospice Inc.,34444,Loan-112532
Hopecare Professional Caregivi,6548,Loan-112542
ISCO Express Trucking Limited ,Readycap L-7922,Loan-112547
Liberty Guns & Equipment LLC,Newtek Sma-11042,Loan-112571
LIGHTING MANAGEMENT INC.,Newtek Sma-11042,Loan-112572
NEW HEART TRUCKING LLC,17534,Loan-112595
NICASHOOTING INC.,34997,Loan-112597
Tap Truck Central Arkansas LL,8728,Loan-112649
Vallejo Family Fitness Inc,6560,Loan-112668
AVIOTRADE INC.,World Trad-90017,Loan-112710
Banner Fire Equipment Inc,12368,Loan-112712
Bishop Brothers Inc,873,Loan-112717
DI&K Trucking Inc,18409,Loan-112747
GecTwo Inc.,35323,Loan-112771
Miller GraphicsLLC,34444,Loan-112832
ONE WAY INSURANCE GROUP LLC,588,Loan-112849
PKI INC.,6560,Loan-112852
Sasse Holdings LLC,29961,Loan-112878
SSDN TRANSPORTATION INC.,6560,Loan-112894
TEKNOBILITY LLC,6560,Loan-112899
VELARDE TRUCKING LLC,3511,Loan-112908
VIV ESTHETICS,3511,Loan-112910
235 Roosevelt Ave LLC,27237,Loan-112922
CLEAR DEFINITION AUTO BODY INC,588,Loan-112969
Gocci US Corporation,6560,Loan-113003
HARMONY CONSTRUCTION GROUP LLC,57056,Loan-113007
ITS BOBA TIME ON 6STREET LLC,57873,Loan-113018
METRO HOMES DMV LLC,34997,Loan-113054
Rogers Motorcars LP,983,Loan-113086
SHAWN'S CONSTRUCTION SERVICES,588,Loan-113097
Two Scents LLC,18409,Loan-113137
Yung Mogul NYC LLC,18409,Loan-113147
ADIR TRUCKING LLC,3511,Loan-113156
BE UNSTOPPABLE FITNESS AND NUT,28489,Loan-113167
Classic Court LLC,32203,Loan-113186
Cuyuna Outfitters LLC,12923,Loan-113194
FRENCHTOWN DOG WASH LLC,18409,Loan-113215
GROSS CONSTRUCTION INC,6560,Loan-113222
Haas Drywall Inc.,17266,Loan-113223
HARRINGTON TRUCKING LLC,6548,Loan-113226
Krav Maga Centers Of America L,11813,Loan-113263
MARISCAL AUTOMOTIVE GROUP INC,3511,Loan-113271
Omkar Laxmi LLC,57056,Loan-113287
Sunset Operations Inc.,17534,Loan-113340
1883 Locale LLC,6560,Loan-113364
742 LOGISTICS INC.,Readycap L-7922,Loan-113367
EDEN TEXTILES INC.,18409,Loan-113430
FREEDOM HILL CONSTRUCTION LLC,588,Loan-113447
JDAM Management LLC,13058,Loan-113462
JOLAMAR CORPORATION,21031,Loan-113464
SILKSFIT INC,3511,Loan-113519
SMT Colorado LLC,3832,Loan-113521
Thompson Insurance Agency LLC,34603,Loan-113530
GRAY DUCK PHYSICAL THERAPY PLL,6548,Loan-113633
MCMASTER CUSTOM DIESEL LLC,6560,Loan-113680
North40fab LLC,12923,Loan-113689
PRESTIGE INVESTMENTS & HOLDING,6560,Loan-113706
SAC COMMERCIAL CONSTRUCTION L.,3511,Loan-113714
3 BEAUTIFUL DAUGHTERS,Fund-Ex So-33324,Loan-113760
5 Star Transport LLC,4988,Loan-113762
Big Dogs,17266,Loan-113787
Design2M LLC,18409,Loan-113808
Echo Restaurant Group LLC,6560,Loan-113814
G7 LOGISTICS LLC,3511,Loan-113827
Jamesgang Properties LLC,6560,Loan-113845
LITTLE JOE'S TRANSPORT LLC,3511,Loan-113867
Max Power Electric LLC,34603,Loan-113875
PRO WARRIOR PAINTING & CONSTRU,18409,Loan-113910
SALLYZ APPLIED BEHAVIOR SERVIC,18221,Loan-113927
SELF STORAGE HICO LLC,58665,Loan-113934
Top Tier Staffing and Event Re,14851,Loan-113957
VIVANTA VENTURE GROUP LLC,3285,Loan-113964
Wilson Investments Firm LLC,5510,Loan-113970
ABACO LIGHTING INC,11813,Loan-113974
AMBROSE HOME REPAIR,6560,Loan-113984
APTITUDE 8 INC.,628,Loan-113987
BRIDGEMAN REMEDIATION OF THE S,32441,Loan-114007
Cadence Trucking LLC,6560,Loan-114012
Christian Brothers Transportat,4988,Loan-114018
Heart of Ohio Pediatrics LLC,6560,Loan-114062
Parkside Appliance Inc.,35323,Loan-114121
Richard L. McNeese Jr,27237,Loan-114138
THE DAHLIA CENTER LLC,6560,Loan-114178
World Brands Inc.,12368,Loan-114196
8734 Cleta LLC,27237,Loan-114206
ALL TOMORROWS LLC,20624,Loan-114212
Bamcis Trucking LLC,27476,Loan-114219
Center Point Auto Parts Inc.,14207,Loan-114244
Clouse Reed City Ace Hardware,57038,Loan-114253
GBB Enterprises L.L.C.,23621,Loan-114298
GBB Enterprises L.L.C.,23621,Loan-114299
Goodman and Sons LLC,35519,Loan-114304
J Gutierrez Industries LLC,983,Loan-114320
PARKROSE CHIROPRACTIC PC,6548,Loan-114379
Route 30 Storage LLC,58665,Loan-114401
TannerHill Corp,57056,Loan-114428
Johns Campus Corner Inc,34997,Loan-114529
Key Hotel Management LLC,14851,Loan-114534
Keynote Technologies LLC,983,Loan-114536
Mars Lifestyle LLC,17534,Loan-114546
SAGAT TRANSPORTATION LLC,3511,Loan-114569
JOHN CRISAFULLI JR REALTOR LLC,588,Loan-114592
BRUNOS LOGISTICS CORP,628,Loan-114627
H&V ENTERPRISES GROUP INC,3511,Loan-114668
Kentucky Laser Hair Removal,Newtek Sma-11042,Loan-114692
lovemyfabric,57056,Loan-114706
MC TRANSPORT & LOGISTICS LLC,3511,Loan-114712
Rock The Boat Holdings LLC,16958,Loan-114741
SAINT MINA & SAINT LUCINDA LL,24170,Loan-114745
SCIpact LLC,CRF Small -55402,Loan-114746
ADVANCED DENTISTRY LLC,22257,Loan-114794
Amerisignage LLC,6560,Loan-114799
DUNBAR ELECTRIC LLC,6560,Loan-114844
PATTON TRUCKING LLC,Black Hill-57702,Loan-114915
Red Rover Electric LLC,258,Loan-114923
South Austin Microendodontics ,16889,Loan-114946
Tom Fenlon DDS PC,9846,Loan-114960
Tropical Breeze Enterprise LLC,628,Loan-114963
Carl Preston CCAS Trucking LLC,Readycap L-7922,Loan-115008
Christensen Law Office PLLC,5116,Loan-115013
Hoffman Custom Embroidery & Sc,6384,Loan-115054
K & H FIRE PROTECTION LLC,17308,Loan-115068
KANDE CORPORATE HOUSING LLC,6560,Loan-115069
Longmont Climbing Collective L,11813,Loan-115077
NEW GUARD IT INC.,6384,Loan-115097
NS2JInc.,6560,Loan-115100
Rainy Day Ventures LLC,6560,Loan-115114
S & E REAL ESTATE LLC,17308,Loan-115125
Shah Hospitality LLC,21567,Loan-115130
Al Fattah Enterprises LLC,57665,Loan-115183
CARROLL CABINET COMPANY LLC,19742,Loan-115201
Sai Milford Food LLC dba Wing ,7888,Loan-115321
ANM LLC,3511,Loan-115385
Boutier Enterprises LLC,33555,Loan-115392
EWW Investments LLC,3511,Loan-115415
Ironclad Trucking LLC,8252,Loan-115441
QUALITY INN,Newtek Sma-11042,Loan-115503
SIEVES OUTDOOR SERVICES LLC,6548,Loan-115512
JAS Capital LLC,6560,Loan-115553
Big Day Rentals LLC,12854,Loan-115579
HEADBANGERS KICKBOXING ACADEMY,6672,Loan-115627
LOMBARD TRUCKING AND LOGISTICS,3511,Loan-115656
Pure Skin By Lara Corporation,18409,Loan-115705
SunnyMac LLC,7551,Loan-115733
Taku Winds LLC,2270,Loan-115734
Beam Team Properties Limited L,6560,Loan-115785
Frontier Performance Lubricant,6548,Loan-115823
Lendingbridge Inc.,983,Loan-115850
Services With A Purpose Inc,6560,Loan-115907
BARREBSCOTTSDALE LLC,34607,Loan-115966
BROWN AND DAUGHTERS GROUP LLC,32441,Loan-115973
BUD MASON CONSULTING LLC,3511,Loan-115974
Cafe Vietnam Corporation,57056,Loan-115977
CHEROKEE ACADEMY at Clayton I,Readycap L-7922,Loan-115983
Dream Wireless LLC,983,Loan-115998
Mindful Montessori LLC,17534,Loan-116058
Pizza Cake LLC,19772,Loan-116075
Ready Willing and Able Truckin,18409,Loan-116080
Something Unique Designs,628,Loan-116100
Tap Engineering LLC,588,Loan-116114
Walter Family Resort Inc.,12923,Loan-116134
BEVERAGE LO-NO DISTRIBUTION IN,6548,Loan-116162
DRAWME INC,588,Loan-116184
FHG Marine Engineering Inc,18409,Loan-116191
HEADBANGERS KICKBOXING ACADEMY,6672,Loan-116221
Invoteck Inc,18409,Loan-116234
J & K Best Food Inc,35151,Loan-116239
JS Investments Inc.,17266,Loan-116247
SAI 2610 INC,57444,Loan-116308
SBH Groups Inc.,17266,Loan-116310
SBRNET INC,3511,Loan-116311
TEAlicious Drinks and Desserts,57056,Loan-116327
Welty House Llc,20624,Loan-116346
AMG LIFE SOLUTIONS LLC,6548,Loan-116355
Barnick Chiropractic PS,17266,Loan-116495
Kupper Furnishings LLC,6560,Loan-116499
AE Land Clearing LLC ,17534,Loan-116510
Alpine Laser LLC,58511,Loan-116514
Jonpardoe LLC,16571,Loan-116595
KEILTY BONADIO LLC,588,Loan-116598
Nail Haven & Spa LLC,6560,Loan-116626
Olivetree Services LLC,27677,Loan-116630
CARE CONNECTIONS AT HOME LLC,3511,Loan-116744
Grace & Gray LLC,5452,Loan-116792
IMP Enterprises Inc.,17266,Loan-116802
KM Power Enterprises LLC,33555,Loan-116821
QBIC COMMERCE LLC,3511,Loan-116862
TRIDATA US INC.,628,Loan-116910
TUCSON PLUMBING AND LIFT LLC,3511,Loan-116912
Balneo Spa & Wellness LLC,Town and C-58701,Loan-116943
IRON VALLEY INSURANCE,Newtek Sma-11042,Loan-117012
Loma Brands LLC,6560,Loan-117032
Loma Brands LLC,6560,Loan-117033
N.G. Inc.,26610,Loan-117053
Proform Construction Inc,6560,Loan-117067
Think Green Fun LLC,57056,Loan-117106
Christopher Comden,6560,Loan-117154
Christopher Comden,6560,Loan-117155
Colorado Pools and Spas Inc,58665,Loan-117163
DD Story Holdings LLC,3511,Loan-117174
FlexRock Coatings,Newtek Sma-11042,Loan-117188
Fraenk417 corp,588,Loan-117194
Hearts and Heroes LLC,CDC Small -92106,Loan-117206
JC CONSULTING & MANAGEMENT COR,588,Loan-117217
KADUCEUS HOLDINGS INC.,34997,Loan-117222
Kim Bae LLC,59052,Loan-117226
NICOR INC,15797,Loan-117253
PRECISE FLOORS LLC,6548,Loan-117265
TENX SYSTEMS LLC,6548,Loan-117301
Allwood Flooring Products Inc,19690,Loan-117346
Blue Dawg Construction LLC,983,Loan-117364
CNG MOVING & HAULING CORP.,32441,Loan-117379
Gary S. Brown PLLC,Readycap L-7922,Loan-117412
Greater Impact LLC,20624,Loan-117420
Jabridgeco Inc.,14851,Loan-117442
Medina Realty Inc,11813,Loan-117469
PEYDAY LLC,3511,Loan-117487
Robinray LLC,18409,Loan-117511
Tustin Tennis Shop,26610,Loan-117549
W & S ELECTRIC INC,6548,Loan-117557
You Glow Spray Tan Inc.,34997,Loan-117564
ANJ Business Holdings LLC,CRF Small -55402,Loan-117594
Keyboard USA Inc,18409,Loan-117691
KF & JPLUS FOODS LLC,35151,Loan-117692
8020 Coit LLC,24170,Loan-117796
Annie's Pizza Station,17266,Loan-117804
Avoca Healthcare Group LLC,27237,Loan-117811
Chisel L.L.C.,6560,Loan-117828
Maintenance Warriors LLC,11813,Loan-117916
Sorny B's LLC,9733,Loan-117988
The Culberson Learning Station,3511,Loan-118005
BILINGUAL BUSINESS RESOURCES L,6548,Loan-118060
Digitec Dental Laboratory LLC,26610,Loan-118086
E & G HEALTHCARE N.P. IN FAMI,18409,Loan-118090
Express Fuel Inc,20845,Loan-118095
GRAND & ABERDEEN SERVICE STATI,20624,Loan-118107
HUFFMAN OUTDOOR SERVICES LLC,6548,Loan-118115
TLN Holding Inc.,588,Loan-118235
Christose Inc.,6560,Loan-118301
Claire E. Buchanan Inc.,27476,Loan-118302
JAX Storage Solutions LLC,58665,Loan-118358
North Wind Painting Services L,18409,Loan-118394
RZ Inc.,20845,Loan-118434
ALEJANDRO CARS & TRUCKS INC.,983,Loan-118490
GRP AUTO SHOP CORP,35361,Loan-118567
IZO GALBI INC.,Readycap L-7922,Loan-118580
KF Ennis 86 LLC,26610,Loan-118590
Poolscapes and More LLC,6560,Loan-118642
Restorative Arts Dental Labora,14851,Loan-118651
RICKEY TANNO DESIGN LLC,6560,Loan-118654
SEAL CRETE LLC,6560,Loan-118664
Servedwell Fishermen's Pier L,18221,Loan-118666
United States Parking,57056,Loan-118703
Behailu Tadesse,17266,Loan-118735
Caldwell Crane & Rigging LLC,6560,Loan-118745
Coriba LLC,11813,Loan-118750
Dally Enterprises LLC,12923,Loan-118754
Hanbae LLC,24170,Loan-118777
NSP HOSPITALITY INC.,35406,Loan-118819
Nutmeg Pharmacy,58665,Loan-118820
NYLYB INTERNATIONAL LIMITED LI,588,Loan-118821
Powers Energy Solutions LLC,588,Loan-118832
SJ Distribution LLC,628,Loan-118853
Abruzzo LLC,6560,Loan-118888
Granite Care Plus LLC,18409,Loan-118972
The Dog Stop,58665,Loan-119059
The Mattawan Mushroom Company,Everwise C-46601,Loan-119061
22910 Crenshaw Corp.,33188,Loan-119082
Affirmative Spaces Psychologic,18409,Loan-119089
ASHBERT INC,588,Loan-119103
CREATIVE COOKERY LLC,17308,Loan-119138
FETTLE AND MANE SALON LLC,3511,Loan-119155
GREYSTONE ENTERPRISES INC,11813,Loan-119164
OBERLIN CABINET COMPANY LLC,6560,Loan-119225
PB & K LLC,34997,Loan-119234
SARAH HUMMEL DVM LLC,57056,Loan-119257
TANYA HEMBREE DESIGN LLC,12437,Loan-119278
TOPOUT ENGINEERING LLC,3511,Loan-119288
Triton Exteriors LLC,59086,Loan-119293
Celli Beauty Inc.,24920,Loan-119348
Crane Agency LLC,35278,Loan-119356
Fire Extinguisher Services LLC,17266,Loan-119379
Maher Removal And Disposal Inc,32773,Loan-119424
Nu Ascent LLC,18409,Loan-119442
OWETZKY LLC,588,Loan-119447
Pender Athletic Brands Inc.,Mountain A-84070,Loan-119451
Shatemuc Hospitality LLC,588,Loan-119483
Sweetpuppy - St Cloud LLC,3832,Loan-119492
4N LLC,6548,Loan-119517
Dyson and Associates LLC,18409,Loan-119551
esGlobal Products LLC,18409,Loan-119554
NOLACO LLC,3511,Loan-119610
KSP Transport LLC,17838,Loan-119682
ROAM OVERLAND VEHICLES LLC,Newtek Sma-11042,Loan-119687
AAA CONSULTANT LLC,6548,Loan-119697
Enchanted Garden Cafe LLC,11813,Loan-119751
Extensive Enterprises LLC,628,Loan-119753
West 5 LLC,6560,Loan-119868
West 5 LLC,6560,Loan-119869
WHITHAM GROUP LLC,34997,Loan-119871
I & H Properties Inc,18409,Loan-119960
McGlone Consulting LLC,18409,Loan-119999
Megan Bruce,17534,Loan-120001
THE GLASSES PLACE LLC,58115,Loan-120049
Wildly Rooted Boutique LLC,19506,Loan-120068
AAA CONSULTANT LLC,6548,Loan-120085
BCD Global Investments LLC,CDC Small -92106,Loan-120103
DOUBLE W RANCH LLC,6560,Loan-120136
H & M Associates LLC,Newtek Sma-11042,Loan-120163
IDEA 2 FORM LLC,11813,Loan-120170
4371 CLARK ROAD LLC,34997,Loan-120292
BRIGHT HORIZONS BEHAVIORAL HEA,588,Loan-120303
FORTUNA BUSINESS MANAGEMENT CO,34997,Loan-120343
Fuller Home Services LLC,18409,Loan-120351
JERSEY MIKE'S SUBS,58665,Loan-120380
Lufi Transport LLC,6560,Loan-120392
SouthCoast Property Management,32441,Loan-120441
Steel Mill Fleming Island Inc,23621,Loan-120443
The Upscale Team Corp,588,Loan-120453
Winstel Controls Inc.,17534,Loan-120465
2716 S & K Corp.,628,Loan-120469
EJYC LLC,26610,Loan-120516
GOOD ENERGY GROUP INC.,3511,Loan-120529
Harley Logistics LLC,18409,Loan-120534
JSCV LLC,6560,Loan-120548
JSCV LLC,6560,Loan-120549
TJBRADY TRUCKING LLC,3511,Loan-120615
United Precision Machining LLC,6548,Loan-120626
WE THE PEOPLE LOGISTICS LLC,3511,Loan-120628
FOCUS & BALANCE PLLC,3510,Loan-120698
JacksonWest LLC,34997,Loan-120730
KMW Enterprises LLC,6560,Loan-120742
OATA LLC,12368,Loan-120779
SGM Engineering Inc.,58665,Loan-120808
SHARP CONSTRUCTION,3511,Loan-120809
ELSA SHOPEE,3511,Loan-120914
Gleaton Smoothie LLC,14851,Loan-120931
HELPMEBUILDCREDIT,34444,Loan-120938
LABELLA ENTERPRISES INC.,6560,Loan-120962
Rightway Steel LLC,628,Loan-121009
STABLE INN INC,6672,Loan-121027
T.Z. Group Inc.,Newtek Sma-11042,Loan-121036
CC BRO LLC,35151,Loan-121099
DLB Property LLC,10218,Loan-121115
GRM LLC,18409,Loan-121138
JUST DRAINS INC,6560,Loan-121167
Kay & Edwards LLC,8728,Loan-121171
PURSUIT FITNESS LLC,6548,Loan-121226
Think Mink Lashes LLC,Readycap L-7922,Loan-121268
A&L STINGRAY ENTERPRISES LLC,3511,Loan-121297
Asher Nichols And Craftsmen LL,32773,Loan-121314
Baejjang2 LLC,34997,Loan-121318
BAKC LLC,6548,Loan-121319
Captain Verde's Party Boats LL,983,Loan-121336
Emory Recovery Center Llc,32773,Loan-121360
Ridgenet Network Group LLC,2720,Loan-121456
SalesGiant LLC,Readycap L-7922,Loan-121460
Schooley Mitchell of Toms Rive,Readycap L-7922,Loan-121461
Seaberry Decorative Concrete D,PeopleFund-78702,Loan-121462
South Allegheny Senior Care LL,7468,Loan-121469
TRUSTSTORM SOLUTIONS INC,588,Loan-121487
Tucan services Corp,18409,Loan-121488
BK Iron Works Corp,Lendstream-28202,Loan-121523
JLA CONSTRUCTION SOLUTIONS LLC,628,Loan-121604
JNH CONSULTING SERVICES LLC,Newtek Sma-11042,Loan-121605
OUR WAY LOGISTICS LLC,6560,Loan-121649
Rio Dental Clinic,11813,Loan-121671
URBAN AIR PORT RICHEY,57056,Loan-121712
Aderica Investments Co,628,Loan-121746
BKBM MYRTLE LLC,58665,Loan-121778
DMB eSports LLC,14851,Loan-121806
DVG LLC,588,Loan-121811
H&W Endeavors Inc.,6560,Loan-121834
LMS ENTERPRISES INC,19690,Loan-121868
NJS Concrete LLC,17534,Loan-121887
Vortex Supply LLC,57777,Loan-121967
World Class Tae Kwon Do Center,17534,Loan-121975
Bentley Courier Service LLC,18409,Loan-122018
Grant Olson DDS PC,58115,Loan-122075
Gratus Wealth Advisors LLC,20624,Loan-122077
HIGHLIFE HAMPTON INN,57056,Loan-122090
Houston Paint Protection LLC,58228,Loan-122092
Ireland's Finest Inc.,4767,Loan-122097
MD Pest Patrol,Readycap L-7922,Loan-122138
Northeast Bladecutters LLC,16958,Loan-122155
Runner Management LLC,Readycap L-7922,Loan-122187
SALAZAR FAMILY SERVICE LLC,628,Loan-122189
THE LASH SUPPLY INC,VelocitySB-92626,Loan-122226
Yoon Foods Inc.,24170,Loan-122251
55 Seventy Dallas LLC,23498,Loan-122255
ACC3 INTERNATIONAL INC.,628,Loan-122263
CHILL FACTOR COOLING & HEATING,6548,Loan-122295
Construction Services Inc,12923,Loan-122301
DIVINEBASE INC,588,Loan-122317
DNB Automotive Inc,35278,Loan-122319
DWS Transportation LLC,Readycap L-7922,Loan-122322
Global Food Corporation,7213,Loan-122344
GREEN FOREST CAR WASH,22366,Loan-122348
LIVING DELIBERATELY LLC,588,Loan-122394
LOC VO STATE FARM AGENCY INC.,6672,Loan-122395
LONNIE'S LLC,32773,Loan-122398
Min & Tim LLC,26610,Loan-122414
New Little Butte Market Inc,VelocitySB-92626,Loan-122425
We Crush Events LLC,628,Loan-122499
Woodland Construction,Readycap L-7922,Loan-122509
JJ&S LLC,24920,Loan-122613
MAIN LAVANDERIA LLC,Readycap L-7922,Loan-122641
MI OH MY HYDROPONIC FARMS LLC,Neighborho-10032,Loan-122646
Midtown Dental Group Central P,32441,Loan-122647
Muhammad Faisal,3511,Loan-122657
MYLK AND HUMMUS LLC,6548,Loan-122660
PAPAMAHI LLC,32441,Loan-122678
PINTURA INC.,6548,Loan-122684
Sabrosas Empanadas Corp.,29950,Loan-122703
SHRI HANUMAN KRUPA INC.,20624,Loan-122708
STARK HEATING AND AIR,6548,Loan-122716
Indio Palms RV,58665,Loan-122852
LA LUX TRANSPORT LLC,6548,Loan-122864
Lubemer International Insuranc,Readycap L-7922,Loan-122875
R S FAB AND EQUIPMENT SERVICES,6560,Loan-122909
SALU-SALO FILIPINO CUISINE LLC,Newtek Sma-11042,Loan-122919
UBIQUITY CONSTRUCTION LLC,6548,Loan-122961
LOADED DAIQUIRIS TO GO LLC,3511,Loan-122999
Nitsrik L.L.C.,588,Loan-123002
AGD Contracting Corp.,588,Loan-123019
DAZZLING MASSAGE LLC,3511,Loan-123067
DL Bravo Landscape Maintenance,17266,Loan-123073
G&G Heating & Air Conditioning,17534,Loan-123084
GEORGES ENTERPRISES INC.,24170,Loan-123089
GOLDEN PLIERS LLC,6548,Loan-123093
Honor Storage LLC,7468,Loan-123099
Pioneer Grocery # one inc.,Readycap L-7922,Loan-123159
PSG Ventures LLC,58665,Loan-123161
SWANDERFUL TOO LLC,10988,Loan-123186
The Costa Group LLC,18409,Loan-123188
VM Energy LLC,57056,Loan-123204
Wild Mountain Inc.,35406,Loan-123207
Adobe Communications Electroni,17281,Loan-123214
Civarrii LLC,18409,Loan-123249
CKM TRANSPORT INC,588,Loan-123250
COOPER DOORS INC.,3510,Loan-123255
Lancaster Container Inc,23621,Loan-123313
SOHA Wellness LLC,17838,Loan-123367
Tag Industries dba Rattlesnake,6560,Loan-123374
ABA SOLUTIONS LLC,628,Loan-123397
Brian Hill,3330,Loan-123413
CAMBER LEGAL,57056,Loan-123417
Elite Global Staffing Agency L,628,Loan-123445
Henristarisabel Enterprises I,Readycap L-7922,Loan-123465
Know Pressure Washing LLC,Newtek Sma-11042,Loan-123484
Ohio Dumpster Solutions LLC,7468,Loan-123515
PA Capital LLC,20624,Loan-123519
Pennypacker LLC,32441,Loan-123522
RESTORE & RENEW PT LLC,6548,Loan-123532
RNB Flooring Inc.,983,Loan-123533
3GIRLSCHAI INC,6548,Loan-123592
KRONOS LOGISTICS AND CONSULTIN,11813,Loan-123688
Play It all Forward LLC,CDC Small -92106,Loan-123725
Stillman Agency LLC,9087,Loan-123752
Forever Family Therapy LLC,17266,Loan-123853
FREEWAY LOGISTICS LLC,6560,Loan-123854
FUTURE FITNESS LLC,32441,Loan-123856
Haw River Valley Enterprises ,57095,Loan-123869
HMA Express LLC,6560,Loan-123870
Ishan Futures Inc,24170,Loan-123879
Jubilee Amusements Inc.,35406,Loan-123884
Roache Insurance & Financial S,588,Loan-123937
Shoppers StopInc,18618,Loan-123958
SUMMIT LUSSO NAILS INC,35151,Loan-123973
Three Little Birds Express Tra,16958,Loan-123983
Ty's Burger House Inc.,6384,Loan-123989
Whole Family Chiropractors LLC,32441,Loan-123998
Harminder  Atwal ,17534,Loan-124083
Lamesa Hospitality LLC,9366,Loan-124105
LAURALEISER LLC,18409,Loan-124108
ROCK PAPER SCISSORS TOY STORE,32773,Loan-124168
The Optimal Financial Group LL,58665,Loan-124196
TUMU STUDIO CO,20624,Loan-124203
ALIGN OUTDOORS LLC,588,Loan-124227
Code Accounting,Readycap L-7922,Loan-124256
Devnext Inc.,35278,Loan-124264
Eagle Bluff Resort LLC,26610,Loan-124268
McCormick Construction and Dev,23627,Loan-124323
THE T.L. BROWN LAW FIRM P.C.,34997,Loan-124383
A & H DONNAY TRUCKING & SONS L,35406,Loan-124418
BEST WHOLESALE LLC,11813,Loan-124434
Coffee Shack Coffee Roasters &,6560,Loan-124452
Coffee Shack Coffee Roasters &,6560,Loan-124453
Costlow Enterprises LLC,8889,Loan-124457
HAPPENING HOWELL'S TRANSPORT L,3511,Loan-124497
House to Home LLC,12854,Loan-124508
J Bar V Farms LLC,17266,Loan-124515
Legend Hot Chicken,26610,Loan-124537
Mr. Plum Inc,26610,Loan-124554
One Nation Exteriors LLC,22559,Loan-124563
Synergy Contractors Group LLC,17266,Loan-124607
The George Group LLC,11813,Loan-124609
VIEWGOL LLC,34997,Loan-124622
Virtuous Cleaning Atlanta LLC.,Readycap L-7922,Loan-124624
Beach Bike Boys LLC,588,Loan-124662
Beach Bike Boys LLC,588,Loan-124663
F8 ENTERPRISES L.L.C.,34997,Loan-124710
Settimio Consulting Services ,Newtek Sma-11042,Loan-124799
Guitar Castle LLC,17266,Loan-124822
Beacon Search Group Inc.,Newtek Sma-11042,Loan-124828
Tony & Sons Inc,6560,Loan-124844
Tony & Sons Inc,6560,Loan-124845
Arcana Integrative LLC,34607,Loan-124863
Duongvofamily LLC,17534,Loan-124886
Fitness Mentors LLC,Lendistry -90021,Loan-124900
GLOBAL TAXES LLC,35361,Loan-124908
Infinity Pharmacy Group LLC,28905,Loan-124921
LED Inspirations LLC,58629,Loan-124943
NOCTURNAL PRINT,32773,Loan-124970
NOWON INC.,11813,Loan-124971
PEACHY KEEN SALON + BEAUTY BAR,588,Loan-124978
REDEFINED REAL ESTATE INC,34997,Loan-124992
Skyview Tree Care LLC,6560,Loan-125014
Synergy Contractors Group LLC,17266,Loan-125028
Texas Orthopedic and Spine Ass,5510,Loan-125031
Toliao Iorio Holding LLC,34997,Loan-125037
Tuscon Excavating LLC,6560,Loan-125041
US Mattress Factory Inc,18409,Loan-125043
2XP VENTURES LLC,Newtek Sma-11042,Loan-125057
Elevation Dance Inc. ,17534,Loan-125125
INTROSPECTIVE FAMILY THERAPY L,6560,Loan-125154
IRM PTPC,628,Loan-125156
Jordan Montessori School LLC,11813,Loan-125170
Lee Trucking and Hauling LLC,6560,Loan-125189
Selam Pharmacy LLC,Readycap L-7922,Loan-125247
The Brick House Bath Co LTD,17534,Loan-125262
ATJ INTERNATIONAL INC.,26610,Loan-125301
E.F. Engineering Inc,16111,Loan-125336
KC SCRATCH & CHIP REPAIR INC.,12633,Loan-125384
SharpeVision PLLC,58665,Loan-125438
WT COMP INC.,18409,Loan-125485
Amy Tran DDS Inc.,3511,Loan-125499
Canyon Lake Insurance Agency L,32441,Loan-125522
Evergreen Pack LLC.,22257,Loan-125548
FAITH ESSENTIALS & MORE LLC,Readycap L-7922,Loan-125550
J.Wint Care Management LLC,18409,Loan-125580
LAJUNKAWAY LLC,6548,Loan-125594
Open and Affordable Dental For,58665,Loan-125615
Amanda Tison,17534,Loan-125692
AZTECA BAKERIES INC.,4063,Loan-125698
LORENA VACA,6548,Loan-125776
New York Pizza Department Inc.,57873,Loan-125785
Pinches Tacos LLC LLC,CDC Small -92106,Loan-125802
US Investment & Management LLC,57873,Loan-125841
Comfort Inn,57252,Loan-125867
THOMAS TECHNOLOGIES L.L.C.,57056,Loan-125902
AMMI Risk Solutions Inc.,16958,Loan-125912
Axis General Contracting LLC,57056,Loan-125918
Beat By Bee,Readycap L-7922,Loan-125923
DLU LLC,16635,Loan-125958
ELITE LEGAL GROUP LLC,11813,Loan-125964
G World Intimates LLC,18409,Loan-125981
JOY'S CHICKEN INC,26610,Loan-126018
Sunshine Pediatric Day Center,20624,Loan-126112
VESTA SENTINAM LLC,8056,Loan-126131
VESTA SENTINAM LLC,8056,Loan-126132
Affordable Heating Cooling a,6560,Loan-126149
EZG Holdings LLC,16571,Loan-126217
Howard's Bar Inc,Metropolit-55411,Loan-126235
PARK PLACE REALTY LLC.,6548,Loan-126291
TRUE PROPERTY INC,17751,Loan-126362
E-Mobility Market Services In,3510,Loan-126444
MOON STAR PAINTING LLC,18409,Loan-126531
MORGAN-TODT INC.,34997,Loan-126532
MP Squared Subs 3 LLC,33555,Loan-126534
Tina Washateria LLC,11813,Loan-126616
A+ Prestige General Contractin,6560,Loan-126645
Lazy Dog Warehouse LLC,57056,Loan-126756
Move A Freight LLC,18409,Loan-126784
ABTY Corporation,6560,Loan-126898
Faith Family Farm LLC,Readycap L-7922,Loan-126959
Fluent Engineering Inc,17266,Loan-126961
Global Tac Warehouse Inc.,31628,Loan-126967
Nature is Art LLC,6560,Loan-127039
Patriot Brokerage Services Cor,58665,Loan-127054
REILLY PAINTING & CONTRACTING,6560,Loan-127072
Scenic Vision Landscaping LLC,34997,Loan-127089
BLA Clean LLC,19123,Loan-127178
CB Technology Group LLC,17943,Loan-127185
Eugene Williams Insurance Agen,34603,Loan-127221
ISLAND DOG OBEDIENCE LLC,11813,Loan-127262
Local Roots LLC,8870,Loan-127288
RAINIER RESTORATION LLC,18409,Loan-127328
RAJA ENTERPRISES INC,18409,Loan-127329
The Bandwidth Team LLC,3510,Loan-127373
THE FEATHERED CRYSTAL,3511,Loan-127374
Valley Environmental Resources,58665,Loan-127388
WILLIAM SEIDEL DBA FOOD PRODUC,588,Loan-127396
Barnett & Rangel Holdings Inc,17534,Loan-127432
Betsabeti LLC,18409,Loan-127438
Castro FH LLC,16635,Loan-127457
CPJD P.O.P. Pizza LLC,24045,Loan-127471
F & T Wine & Spirits Plaza In,31628,Loan-127492
Golden Goose Eco System LLC,18409,Loan-127510
Infinium Integration LLC,23627,Loan-127528
Infinium Integration LLC,23627,Loan-127529
MATTHEW T BRUNS TRUCKING LLC,6384,Loan-127562
Newsher Properties LLC.,16450,Loan-127580
RTG ASSOCIATES INC,588,Loan-127626
SUBURBAN CAR WASH LLC,3832,Loan-127651
A & D SOLUTIONS OF FLORIDA LLC,18409,Loan-127697
Bernal Ventures LLC,9769,Loan-127738
DENTISTRY AFTER HOURS PLLC,58665,Loan-127794
Face MedSpa LLC,6384,Loan-127825
Fairway P&D Inc.,27476,Loan-127826
GHOST TRUCKING LLC,3511,Loan-127846
H.D. Lime LLC,6560,Loan-127859
High Tide Mushroom Farm LLC,18409,Loan-127869
INSTANT QUALITY HOME CARE LLC,18409,Loan-127881
KE LAWN MAINTENANCE LLC,6560,Loan-127897
Laingsburg Family Dental PLLC,6560,Loan-127907
New Absolute Laundry,18409,Loan-127955
PMIII LLC,6560,Loan-127988
Project X LLC,18409,Loan-127994
Revery Inc,Readycap L-7922,Loan-128009
TAG-WA LLC,6560,Loan-128052
VANG SERVICE CORPORATION,18409,Loan-128078
Winfield Street Coffee Naples ,6672,Loan-128095
BOLD MECHANICAL AND CONTROLS E,588,Loan-128114
Caladium Management Services ,6560,Loan-128121
K4 Mobile Detailing LLC,6560,Loan-128152
K4 Mobile Detailing LLC,6560,Loan-128153
SERVICE OWLS LLC,6384,Loan-128186
The Western Edge,Mortgage C-94612,Loan-128197
Nu Way Market,26610,Loan-128330
Okidoki Nails and Spa Inc,26610,Loan-128332
Pacesetters Leadership Develop,11813,Loan-128337
Rapha Health Network Internati,12368,Loan-128354
B A Properties LLC,6560,Loan-128410
Loma Brands LLC,6560,Loan-128489
PAYMENT-AS-A-SERVICE CORPORATI,35583,Loan-128508
A.S. Research LLC,34997,Loan-128578
ASHIRVAD CORP.,7213,Loan-128586
IAN BURNS CONSTRUCTION,57056,Loan-128638
Motto Mortgage Priority,Readycap L-7922,Loan-128678
Padron Visuals LLC,628,Loan-128691
Texas Infusion LLC,2270,Loan-128724
AARONS GENERAL CONSTRUCTION,6548,Loan-128751
ELWOOD FIRE PROTECTION INC.,34997,Loan-128808
FOSSETT ELECTRIC LLC,6548,Loan-128817
Mia Pagonas & Farzad Ghayour,8273,Loan-128859
Reserve Tech Inc.,Lendistry -90021,Loan-128892
Industrial Coating Services I,13058,Loan-128939
DJR One Enterprises LLC,6560,Loan-129007
Hartsell Electric,Newtek Sma-11042,Loan-129037
Neato Agency LLC,16450,Loan-129082
Stephens Boswell Wealth Manage,58479,Loan-129115
Tumble Living LLC,628,Loan-129136
3918 14th Avenue Holdings LLC,35323,Loan-129155
Dynamic Science Inc.,35278,Loan-129215
Gogna Wireless Corp,11813,Loan-129242
High Exposure Nutrition LLC,CDC Small -92106,Loan-129249
J & S Kids LLC,35361,Loan-129260
Law Offices of Geoff Rill APC,11063,Loan-129274
RCD Trucking Inc,6560,Loan-129313
Two Vets Sporting Goods Inc,6959,Loan-129354
VLM TRANSPORTATION LLC,3511,Loan-129365
ADIS TRANS INC,6560,Loan-129381
ARMANDOS AUTO REPAIRS INC.,6384,Loan-129390
BELLA MADRE LLC,2270,Loan-129399
Body Work LLC,6560,Loan-129406
BREMER C & R JEWELRY INC.,16450,Loan-129407
BREMER C & R JEWELRY INC.,16450,Loan-129408
Charleston Bathroom Remodelers,57252,Loan-129410
CNB Services LLC,32441,Loan-129412
Cocktail Works LLC,588,Loan-129415
DOB TRANS INC,6560,Loan-129431
Frye Insurance Agency Inc,Newtek Sma-11042,Loan-129457
GetGoing Infrastructure Group,20624,Loan-129465
Law Office of Kevin R. McSpadd,57056,Loan-129502
VJP LLC,6560,Loan-129614
Cats and Caffeine LLC,34997,Loan-129641
Crush City Inc.,2270,Loan-129665
DOLPHIN INNOVATIVE SOLUTIONS L,34997,Loan-129679
Golden Age Companions LLC,35361,Loan-129694
Hardcore Power Washing,11813,Loan-129699
IITJOBS INC.,34997,Loan-129706
Iron Diamond Media LLC,8843,Loan-129709
Itsy Bitsy Play and Cafe LLC,6560,Loan-129710
Quality Sleep Inc.,17266,Loan-129772
Veteran Junk Removal Service -,32441,Loan-129819
WORKLIFE COFFEE LLC,3511,Loan-129826
ABDO KABAB HOUSE LLC,Newtek Sma-11042,Loan-129841
Amado Trader LLC,Newtek Sma-11042,Loan-129846
Bolad LLC,6560,Loan-129859
Chrystal L Hair and Makeup LLC,12633,Loan-129872
Clary Liquors LLC,983,Loan-129874
CRYSTAL'S MOBILE CAR DETAIL,Readycap L-7922,Loan-129879
Federal Ventures LLC,11813,Loan-129892
Handsaw Inc,35406,Loan-129909
Lucent Health Group LP,20624,Loan-129950
Decor and Insulate Glass of Fl,34997,Loan-130040
Northern Lakes Data Corp.,34997,Loan-130043
CCP Realty LLC,7888,Loan-130103
CCP Realty LLC,7888,Loan-130104
CHANTHIDA PRAK LLC,6548,Loan-130105
Felbar LLC,58727,Loan-130125
JCL Decorating Services,34997,Loan-130152
KTS Advocacy LLC,6384,Loan-130163
Providence J SC LLC,24170,Loan-130206
Raska Sewer Service,13058,Loan-130207
Alchemy Liquor Services Ltd.,17266,Loan-130296
Coupler Realty LLC,11813,Loan-130330
C-Suite Attire LLC,6560,Loan-130336
Erick N Cuenca D.M.D. Inc,6548,Loan-130355
EVG Business Assets LLC,34997,Loan-130356
FOREMOST SALES COMPANY LLC,6560,Loan-130369
Gulf Coast Asphalt LLC,Newtek Sma-11042,Loan-130384
Swapna Rani,Readycap L-7922,Loan-130484
Thrive Chiropractic & Health L,57785,Loan-130492
Tri-Leaf Trucking L.L.C.,588,Loan-130495
LITECRAFT LIGHTING INC,3510,Loan-130650
RHONDA'S TAX SERVICE INC.,Readycap L-7922,Loan-130690
SENECA ELECTRIC LLC,4063,Loan-130697
Spoede Animal Hospital,58665,Loan-130702
SWIFT COMPANIES LLC,1617,Loan-130710
WALDSCRAFT,3511,Loan-130736
4070 INC,32773,Loan-130748
Belle Lacet LLC,35444,Loan-130765
Brian Furer Enterprises LLC,6560,Loan-130773
Buckeye Recycling and Disposal,6560,Loan-130775
HAMILL GROUP LLC,3511,Loan-130822
Human Resource Specialties In,28489,Loan-130835
LEONE CONSTRUCTION MANAGEMENT ,628,Loan-130863
Level Architecture Incorporate,6560,Loan-130864
Quality Signs LLC,588,Loan-130906
SHV Construction Inc,18409,Loan-130924
Toro Design & Manufacturing LL,2270,Loan-130949
Ultra Ceiling Inc,28489,Loan-130954
Agri Export International LLC,18409,Loan-130973
APL SITE DEVELOPMENT LLC,18409,Loan-130980
Element Five Solutions inc.,5116,Loan-131029
Fiesta Pilipino Restaurant and,18409,Loan-131036
Gerald C Cardilicchia Jr,18409,Loan-131045
KMSB ENTERPRISES LLC,3510,Loan-131066
Mad Crab Seasonings and Sauces,6560,Loan-131077
Oky Property Management Servic,3510,Loan-131095
Tritac Shooting Solutions LLC,17266,Loan-131150
Countertop Concepts CO LLC,19772,Loan-131171
6023 Hazeltine LLC,27237,Loan-131187
Al's Plumbing Inc,17266,Loan-131197
BIO TECH DENTAL,11813,Loan-131207
Camflo Heating & Cooling LLC,58665,Loan-131213
Polycon Inc.,6560,Loan-131320
Projext X lll LLC,18409,Loan-131324
YOURS BEVERAGE LLC,Newtek Sma-11042,Loan-131373
AMPM Consulting LLC,24998,Loan-131386
Back2good Chiropractics PLLC,26610,Loan-131390
Brett E. Blumstein Profession,11813,Loan-131396
Centennial Medical Group LLP,Readycap L-7922,Loan-131404
Fanroll LLC,6560,Loan-131445
Friendly Home Services Inc.,22559,Loan-131453
Hooked On Scoops LLC,32974,Loan-131463
Lebanon Halal Meat Market Inc,6560,Loan-131490
LUMOS LANGUAGE SCHOOL INC,58722,Loan-131497
Maryanski Plumbing LLC,Port 51 Le-10017,Loan-131500
Norby 1 Pizza Inc,6560,Loan-131514
RADHESHYAM LLC,Mountain A-84070,Loan-131534
RAM RESTAURANTS INC,16889,Loan-131536
TOP BEVERAGE CONCEPTS,3511,Loan-131569
WBG? SPORTS AND FITNESS LLC,588,Loan-131583
ZULU GLOBAL AVLINK LLC,7213,Loan-131590
A1 Capital Construction Inc.,588,Loan-131593
ARK1 LLC,6560,Loan-131608
Business Mind Technology Syste,34997,Loan-131627
GROUND BREAKING EARTHWORKS LLC,6548,Loan-131675
Law Office of Kerri A. Koen P,32773,Loan-131713
LUCKY STAR EXPRESS INC,6560,Loan-131720
Mizeres Enterprises LLC,11813,Loan-131735
Parrtakencare LLC,6560,Loan-131750
RED EYE EYEWEAR,58665,Loan-131765
1116 S MCCLINTOCK LLC,628,Loan-131822
Atlantic Risk Management Inc,32441,Loan-131847
Caledonia Community Center LL,6560,Loan-131868
Kids USA Montessori of North R,57873,Loan-131948
KRISHNA EXPRESS LLC,6560,Loan-131952
Mena Group LLC,2270,Loan-131967
R.S. HEROLD & ASSOCIATES LLC,628,Loan-131998
SUPERCONVENIENCE INC,57056,Loan-132027
TAMIR ENTERPRISES INC.,6560,Loan-132034
The Dean Company of North Caro,35519,Loan-132038
Vida Veterinary Urgent Care L,58665,Loan-132059
Wellness Fi Group LLC,58665,Loan-132063
West Ave Auto Repair LLC,24045,Loan-132065
AQUIA LLC,588,Loan-132087
Bright Point Fiber LLC ,17534,Loan-132104
Charm City Core LLC,588,Loan-132118
FBR Aviation Inc.,12368,Loan-132154
Group Packaging Solutions LLC,6560,Loan-132175
METROPROPERTYSOLUTIONS LLC,588,Loan-132224
Peregrine Pets LLC,11813,Loan-132250
SMS CRANFORD LLC,23621,Loan-132292
Titus Brinager DDS PLLC,58665,Loan-132313
Streeter Electric,58665,Loan-132352
C & T DANCE LLC,14851,Loan-132388
Enjoy Optical LLC,27476,Loan-132415
GEATLEY GATES AND FABRICATIONS,11813,Loan-132424
Motor N' LLC,18409,Loan-132469
TIny's Place Luxury Cat Boardi,17266,Loan-132507
Inglenook House Inc,35519,Loan-132605
B&M CONTRACTORS LLC,628,Loan-132709
DEFINE BEAUTY MEDSPA LLC,6548,Loan-132739
Euroline Cabinet Design LLC,628,Loan-132749
GFR Ventures LLC,34603,Loan-132757
J. Wilson Trucking Inc.,2720,Loan-132773
Outsideah Boston LLC,18409,Loan-132808
Thorne Capital LLC,18409,Loan-132846
5 Star Logistics Inc.,19850,Loan-132860
Boatman Enterprises Inc.,25858,Loan-132882
CITADEL STUDIOS INC.,57056,Loan-132899
Green Haven of Marlboro Inc,18409,Loan-132935
HELTON BREWING COMPANY LLC,19690,Loan-132938
Ink Freely Inc.,34997,Loan-132945
Pete Paints,Readycap L-7922,Loan-133003
CT QUALITY CARE LLC,6560,Loan-133112
FH Studio Moo LLC,32773,Loan-133129
ABA Therapy Realty Holdings L,6384,Loan-133264
Ajami Inc.,18409,Loan-133268
APRISA TRANSPORT,3511,Loan-133279
CHACEWATER INC,34997,Loan-133302
CYS Truck Solutions LLC,18409,Loan-133314
ELEGANT BARBERSHOP INC.,18409,Loan-133324
HOUSLEY INSTITUTE FOR RESTORAT,6560,Loan-133347
HOUSLEY INSTITUTE FOR RESTORAT,6560,Loan-133348
The Company Dime,57056,Loan-133438
Cre8ive Beginnings of W Melbou,17838,Loan-133488
J.B. Pro Contracting Inc.,18409,Loan-133522
Latchkey LLC,628,Loan-133536
Lyss's Pooch Pad LLC,17534,Loan-133544
Y & C TRADING INC,32551,Loan-133626
9A Wealth Advisors LLC,58665,Loan-133629
BMH Equipment LLC,20624,Loan-133655
Detail Cop L.L.C.,18409,Loan-133676
DIAMOND PEAK RECRUITING LLC,6560,Loan-133678
Dogtopia Fulshear/Katy,58665,Loan-133679
Gents? Bounty BBQ LLC,CRF Small -55402,Loan-133694
LA TRANSPORTATION L.L.C.,3511,Loan-133723
T&K BAILEY ENTERPRISE LLC,Newtek Sma-11042,Loan-133795
Alucci Barber Salon and Wellne,18409,Loan-133830
Cottonwood Farms LLC,34997,Loan-133867
Metro Tech Electric Inc.,27476,Loan-133941
R.L. HUESTON LLC,6560,Loan-133968
RAPS CONSULTING INC,18409,Loan-133971
SHAZEE LLC,588,Loan-133985
Tada 17 LLC,18409,Loan-134001
BATTERIES PLUS BROUSSARD,33555,Loan-134050
CORFU VETERINARY CLINIC P.C.,26333,Loan-134065
JKZ Entertainment LLC,18409,Loan-134113
KC ALLEN FITNESS LLC,58665,Loan-134119
OAKFX Inc,57056,Loan-134151
PRACHI CORPORATION,32773,Loan-134157
Young Star Logistics LLC,17534,Loan-134214
Your Direction Support Plannin,1931,Loan-134215
Conflict Solutions LLC,18409,Loan-134230
Compassion Consulting and Dist,983,Loan-134267
Dk Stroudsburg LLC,Newtek Sma-11042,Loan-134281
GLORY AFRICAN SUPERMARKET LLC,57056,Loan-134299
Lancs Industries Holdings LLC,22086,Loan-134329
ROGER WILCO AVIATION SERVICES,3511,Loan-134384
The Sound of Beauty Inc.,57056,Loan-134409
BHL TRIM INC,26610,Loan-134453
Garza Law LLC,18409,Loan-134502
H and H Electric Inc.,34997,Loan-134506
Heir and Heiress LLC DBA Hush ,588,Loan-134509
IX VII Enterprises & Logistics,4988,Loan-134517
MAD Squared & Sons Inc.,609,Loan-134544
Narwhal Water LLC,6384,Loan-134556
North Speed and Restoration In,57603,Loan-134561
PAUL G SIMMONS,6548,Loan-134571
Tot's BBQ LLC,6560,Loan-134614
Universal Technology Professio,18409,Loan-134615
Amarillo Urban Air LLC,5510,Loan-134638
Americargo Loadgistics LLC,34997,Loan-134639
EasyLivingInternet Cafe LLC,Readycap L-7922,Loan-134679
Goedverwagting Corporation,6560,Loan-134694
KAPAO INC,588,Loan-134711
Letke Design & Consulting LLC,588,Loan-134727
Mountain Auto Service and Towi,11813,Loan-134742
UNITED AUTO SOLUTIONS INCORPOR,588,Loan-134801
WebsterTrucking LLC,588,Loan-134810
99 Bxng LLC,4048,Loan-134821
Mid Ohio Utilities LLC,34997,Loan-134949
Nexterra Inc.,17266,Loan-134956
OAHU MORTGAGE BROKERS INC.,17308,Loan-134962
Shaw Consulting Group LLC,58665,Loan-134998
EADES EXCAVATION LLC,6560,Loan-135079
Patriot Axe Throwing LLC,18409,Loan-135143
PROJECT SKIN LLC,14851,Loan-135152
RGS EXCAVATING LLC,6548,Loan-135159
Rutherford CW Property LLC,35151,Loan-135163
GROVEWAY PHARMACY INC.,34997,Loan-135213
Savantech LLC,34997,Loan-135217
Charlene K Corporation,34997,Loan-135263
Gersten Rentals Inc.,34997,Loan-135293
HJC Holdings LLC,34997,Loan-135305
Jabal Transportation Inc.,6560,Loan-135317
MCS LTD.,35406,Loan-135346
Mordy's Eyewear Inc.,18409,Loan-135352
Revel Hospitality LLC,CDC Small -92106,Loan-135374
Seatrading LLC,22559,Loan-135382
SYBARITIC INC.,16111,Loan-135395
WEAVER QUALITY PAINTING LLC,6560,Loan-135414
Anthem Corporation,17266,Loan-135439
BRIGHTER SOLUTIONS L.L.C.,6384,Loan-135462
Cherry Creek Liquor LLC,24170,Loan-135470
GE Real Estate Holdings LLC,35444,Loan-135507
National Pavement Partners LLC,8889,Loan-135559
TOP FLITE MANUFACTURING INC.,18409,Loan-135624
Auto Parts AAA Inc,983,Loan-135656
Certifiably Skinsane,Readycap L-7922,Loan-135671
CLIMATE HOLDINGS LLC,58665,Loan-135675
Ga Plastering Inc.,34997,Loan-135714
Harmony Care Hospice Inc.,58665,Loan-135728
Harmony Care Hospice Inc.,58665,Loan-135729
J and M Flooring,18409,Loan-135746
KitchenCrest Cabinets LLC,6560,Loan-135767
LEX-MAR SERVICE INC,Newtek Sma-11042,Loan-135777
Ordonez Enterprises LLC,34997,Loan-135815
SMT Carolinas LLC,3832,Loan-135863
THE LIVE BUTCHER LLC,6548,Loan-135885
UP NORTH CLOTHING AND JEWELRY,6548,Loan-135899
5Fifteen Restaurant Group Inc,26610,Loan-135914
ALI & SON HOME IMPROVEMENT INC,7213,Loan-135922
Double Take Media LLC,6560,Loan-135967
Double Take Media LLC,6560,Loan-135968
FAST LANE FUELS,57056,Loan-135983
Freedom Bound Quilt Shop Inc.,6560,Loan-135986
Good Hands Towing Service LLC,6560,Loan-135992
Hogan Family Enterprise LLC,6560,Loan-135998
ICS Georgia Inc.,24998,Loan-136001
Pavel Russ LLC,6560,Loan-136065
RJA Construction LLC,3510,Loan-136079
UNITED OIL CHANGE INC,6548,Loan-136110
Dixon Roman Group Inc.,6560,Loan-136169
RNM Transport LLC,18409,Loan-136266
Source Engineering & Manufactu,58665,Loan-136283
1ST TEAM HOTSHOT LLC,3511,Loan-136343
Bullet Investment Group LLC,CDC Small -92106,Loan-136376
David L. Cooley Insurance Agen,3510,Loan-136390
INDUSTRIAL TRAFFIC SOLUTIONS L,131,Loan-136443
Salam Elwanni,6560,Loan-136523
San Remo Pizzeria Express Inc,18409,Loan-136525
WAYA TRAVEL AGENCY LLC,6548,Loan-136565
A & R Home Services LLC,32441,Loan-136582
Prado Marketing Consulting Inc,18409,Loan-136748
Saicam LLC,2720,Loan-136763
Svetlana Mihova PA,18409,Loan-136783
The 624 Group LLC,6560,Loan-136787
The 624 Group LLC,6560,Loan-136788
Barklee Financial Group LLC,Readycap L-7922,Loan-136847
CONVERT2MEDIA LLC,34997,Loan-136870
NOMAD TINY HOMES LLC,57056,Loan-136960
SEASIDE CROSSFIT LLC,18221,Loan-136986
Stay Hydrated Studios LLC,Readycap L-7922,Loan-137007
TUQUY LLC,10988,Loan-137021
CTNT LLC,6560,Loan-137091
MAJESTIC HOME INSPECTIONS LLC,35406,Loan-137154
Patriot International Foods In,6560,Loan-137174
Patriot International Foods In,6560,Loan-137175
Radhekrishna1723 Corporation,14851,Loan-137185
Air Doctor Duct Cleaning and L,8728,Loan-137239
EDWARDS + HOTCHKISS ARCHITECTS,12437,Loan-137294
GAIAM CORP LLC,3511,Loan-137307
Hansen Capaz Fernandez,33555,Loan-137315
Math Rocks!,Readycap L-7922,Loan-137345
AIR BUD ENTERTAINMENT INC.,Newtek Sma-11042,Loan-137437
AP Concrete Inc,CDC Small -92106,Loan-137444
Dominguez Hoops LLC,34607,Loan-137473
Gibbs & Crivelli PLLC,3510,Loan-137489
KARDAN ACTUARIAL SERVICES LLC,18409,Loan-137524
Liang's Food,19416,Loan-137542
Paul C. Nowak MD PA,11813,Loan-137576
PRAKTEK INC,23621,Loan-137579
Sofabeds Warehouse Corp,18409,Loan-137601
Third Tooth LLC,11813,Loan-137617
Velocity Benefits Inc.,58665,Loan-137625
Walton Farms LLC.,11813,Loan-137628
4 Guys Kitchen LLC,6560,Loan-137635
Cali Cosmetics Supply Inc.,3510,Loan-137662
CellTonic Inc,6560,Loan-137668
CS&S TRUCKING LLC,4063,Loan-137675
DUE AMICI,Newtek Sma-11042,Loan-137685
Epic Wealth Solutions LLC,58665,Loan-137694
Jean Marie & A Enterprises LL,24998,Loan-137728
Just Made,Readycap L-7922,Loan-137734
RC Hayward Financial LLC,58665,Loan-137769
Whole Beauty Bar,Newtek Sma-11042,Loan-137809
AVIOTRADE INC.,18409,Loan-137829
Duck Duck Rooter LLC,15699,Loan-137860
LaPlante Design LLC,6560,Loan-137893
MAUI STEAMER POTS LLC,17308,Loan-137909
MAYALINA LLC,3511,Loan-137910
Nick Forbes Construction LLC,58892,Loan-137920
RADIAL CONSULTING LLC,588,Loan-137937
RADIAL CONSULTING LLC,588,Loan-137938
Randall Mart,20624,Loan-137939
Rewired Productions Inc.,Readycap L-7922,Loan-137942
RVF Custom Hauling LLC,588,Loan-137948
BC Beverage Inc.,35406,Loan-138008
STRENGTH PATTERNS LLC,6548,Loan-138136
VIDEO GAME VENTURES LLC,3832,Loan-138163
XTRAMILE NY INC,6548,Loan-138175
Shun Chien Dental Corporation,3510,Loan-138184
BIG HAPPY INC.,Newtek Sma-11042,Loan-138210
CMA Construction LLC,34997,Loan-138219
Diamond Little People Academy ,34997,Loan-138230
ENVISION PAINTING INC.,6560,Loan-138242
FLORES FAMILY APPAREL LLC,6548,Loan-138249
FLORES FAMILY APPAREL LLC,6548,Loan-138250
MANTECA INSURANCE & FINANCIAL ,57056,Loan-138312
MCR Venture Partners-12 L.P.,57665,Loan-138320
PERFECT 10 LIFESTYLE LLC,19690,Loan-138339
ROSE EXCAVATING INC.,6560,Loan-138360
SAFER SCHOOL SOLUTIONS LLC,Newtek Sma-11042,Loan-138363
BAYARD ELECTRIC L.L.C.,18409,Loan-138425
Cool Crew LLC,3330,Loan-138454
Jason F. Clausen P.C.,35278,Loan-138510
LOYAL FREIGHT LIMITED LIABILIT,3511,Loan-138528
LPI Physical Therary,Readycap L-7922,Loan-138529
North Star Messaging + Strateg,Readycap L-7922,Loan-138547
R. Moses Construction Corp,7213,Loan-138570
Uptown Deals Inc.,18409,Loan-138627
Utah 59 LLC,2270,Loan-138629
Blingle 124 LLC,6560,Loan-138674
CUNA'S FORMAL WEAR & FLOWERS I,6548,Loan-138700
Ego Esthetics LLC,6560,Loan-138716
FOXY BOSS LLC,1617,Loan-138741
Healthy Kids Extended Day Prog,628,Loan-138757
Thomas A Jordan DDS LLC,13868,Loan-138863
TRONSON CONSTRUCTION LLC,9204,Loan-138865
Greene Legal Group LLC,Newtek Sma-11042,Loan-138946
Hong Thoa Thi Pham Revocable T,2270,Loan-138960
JECTNYC LLC,628,Loan-138980
Lewis Phillips Delivery Inc.,34997,Loan-139004
Mccaskill Holdings LLC,16635,Loan-139018
North Fork Mechanical & Fabric,6560,Loan-139031
Sukhumvit 51 Inc.,588,Loan-139078
Tyeesha A Barrett,CDC Small -92106,Loan-139104
Carfeine Inc.,34997,Loan-139143
Elizabeth Mateer LLC,Readycap L-7922,Loan-139162
KITCHENS & BATH INSTALLATION A,588,Loan-139200
N. SMITH EXCAVATING & DRAINAGE,6560,Loan-139225
RCM Grill Inc.,34607,Loan-139244
VANCE ARCHITECTS LLC,32773,Loan-139284
VMP LLC,58626,Loan-139287
Productive Flourishing LLC,34997,Loan-139297
Earth Mama Angel Baby LLC,17266,Loan-139365
Jaydon Swarey,8870,Loan-139398
MIDWEST CONSOLIDATORS INTERNAT,3832,Loan-139420
Rare Form Brewing Company,34997,Loan-139442
Redlin and Son Painting Inc,11813,Loan-139445
Turfscape Enterprises LLC,57095,Loan-139479
YAM EXPORT & IMPORT LLC,18409,Loan-139487
AUTOHUB LLC,11813,Loan-139507
Blackbird Fabrication LLC,18409,Loan-139520
Earthheat Inc.,28489,Loan-139562
Hexany Audio LLC,3510,Loan-139588
M.A. NOURSE INC.,34997,Loan-139624
Michael Berg Insurance Agency,34997,Loan-139634
R.E.A.D. Worldwide LLC,11813,Loan-139662
Texas Crispy Chicken & Burger ,18409,Loan-139695
Three90 Inc,18409,Loan-139706
Tidewater Lighting & Design LL,18409,Loan-139708
TP Rental Properties LLC,58665,Loan-139711
Connor Carriers LLC,588,Loan-139783
Golden Touch Health Care LLC,6560,Loan-139827
Golden Touch Holding LLC,6560,Loan-139828
KB United Investments Inc.,6560,Loan-139865
Mega World Builder Corp,12368,Loan-139894
ADVANCED RECREATIONAL CONCEPTS,29961,Loan-140015
ALI CYRUS MODARRESI,Readycap L-7922,Loan-140017
Alpha Aviation Components Inc,3510,Loan-140021
Aspen Property Services Co.,17534,Loan-140029
Athiri LLC,16111,Loan-140030
Clinical Consulting Solutions ,16635,Loan-140064
Jeffrey D. Stimpfig dba JDs Ou,CDC Small -92106,Loan-140113
Jintec Real Estate LLC ,57463,Loan-140116
Lighthouse Guidecare Services ,6560,Loan-140127
Myrtle Merchandise Inc,588,Loan-140141
The Girls Custom Bra Fittings,10619,Loan-140205
The Girls Custom Bra Fittings,10619,Loan-140206
COCKTAIL THYME LLC,628,Loan-140272
GI Environmental Vacuum Servic,34997,Loan-140309
GO Ventures LLC,58665,Loan-140313
Little Sprouts of Idaho Childc,Mountain A-84070,Loan-140358
MELIMAR COMPANY INC,12368,Loan-140374
MILESTONE RECOVERY LLC,57056,Loan-140376
Surfing Pup Ahwatukee LLC,58665,Loan-140445
HLM GROUP LLC,34997,Loan-140477
BLUE STAR ROOFING INC,35361,Loan-140524
Butana LLC,18409,Loan-140528
CASTLE VISION DESIGN,34997,Loan-140532
Chance LLC,America Fi-84405,Loan-140537
Dollins Construction Inc.,983,Loan-140562
Dougherty Sprague Enterprises,34997,Loan-140564
Jim Seghi Renovations Inc,6384,Loan-140602
KI Overseas LLC,588,Loan-140617
LIZZIE'S HOMEMADE CHEESE CAKES,3511,Loan-140628
MedVed Inc.,24998,Loan-140638
People of Excellence LLC,6560,Loan-140661
SANDSTONE PARTNERS HEALTH LLC,58665,Loan-140693
SEASIDE CLAIMS SERVICES,18409,Loan-140701
Stratisholdings LLC,58665,Loan-140719
Ubiquity Systems LLC,34997,Loan-140743
Vantar Health LLC,14851,Loan-140744
Windcrest LLC,5219,Loan-140755
125 PIT STOP LTD,34997,Loan-140764
3NA LLC,3510,Loan-140766
DWJR Properties LLC,6560,Loan-140838
Elucidation Concepts LLC,35278,Loan-140842
INTEGRATED CONSTRUCTION SERVIC,18409,Loan-140886
Orchid Energy Solutions LLC,34997,Loan-140949
Rolling Debris Pros LLC,58228,Loan-140967
Sector Storage LLC,58665,Loan-140974
Teide Express Inc,18409,Loan-140994
TLC Bookkeeping,18409,Loan-141006
X-Pro Logistics Inc.,24045,Loan-141025
EXPORT GLOBAL METALS INC.,17266,Loan-141102
FORNEY INDUSTRIES INC,33555,Loan-141109
Infinity Services LLC,19608,Loan-141137
Jordans Barbershop LLC,2270,Loan-141148
LILLIE AESTHETICS LLC,588,Loan-141171
Lucas Kim DDS PLLC.,17266,Loan-141177
ROGA GROUP LLC,3511,Loan-141234
SMP Tech Inc.,18409,Loan-141248
Bella Mia Salon and Spa LLC,57716,Loan-141317
Blingle 121 LLC,6560,Loan-141319
PatioContract,Newtek Sma-11042,Loan-141461
PROPELLA ELECTRIC LLC,34997,Loan-141470
Sheng Mei Spa Inc,18409,Loan-141490
SPA FOOD HOUSE INC,26610,Loan-141496
Swim Ventures Inc.,6560,Loan-141508
The Garret LLC,19690,Loan-141513
ALEXANDRE TRUCKING GROUP LLC,33555,Loan-141550
Billion Tower Int'l LLC,Newtek Sma-11042,Loan-141570
Electrical PowerPros LLC,Readycap L-7922,Loan-141624
JUST LIZARDS INC.,57056,Loan-141689
Namkim Corporation,24170,Loan-141744
Pickett Excavating LLC,Newtek Sma-11042,Loan-141756
Red Zone Industries Inc.,588,Loan-141766
Statler Logistics Corp,32974,Loan-141794
VCC Wellness LLC,34607,Loan-141817
WOODLEY & LOWE,57056,Loan-141824
7802 MUNSON REALTY LLC,6560,Loan-141839
CHANNEL BAKERS INC.,34997,Loan-141867
Design Associates Internationa,11813,Loan-141881
Eternal Harmony Vegan Wellness,Readycap L-7922,Loan-141894
GAIA 2 CHILDREN LLC,10988,Loan-141902
HW ARVADA LLC,3511,Loan-141918
Keith Construction Company LL,27476,Loan-141932
Toddlers Cove Academy Inc,57095,Loan-142012
ALL SERVICES CONSTRUCTION NY,18409,Loan-142040
Atlas Furniture Installations ,29961,Loan-142045
Bio-Hack Synergistics LLC,11813,Loan-142055
E & M LOGISTICS LLC,6560,Loan-142095
GRANT PROPERTY MANAGEMENT COMP,58030,Loan-142117
The Browning Agency LLC,6560,Loan-142224
Top Dog Car Wash II Inc.,10988,Loan-142232
Cocojuana LLC,18409,Loan-142289
Elwood Fire Protection Inc,34997,Loan-142298
JOYRIDE MOTORS LLC,3511,Loan-142331
SCRIMCO INC.,34997,Loan-142399
Seventy-Eight Distribution LL,2720,Loan-142402
Universal Financial Consultant,CDC Small -92106,Loan-142426
VILLAGE GRIND NEW PALTZ LLC,588,Loan-142430
We Be Book'N LLC,28489,Loan-142433
DEFY BAGS LLC,3510,Loan-142490
Healthcare Navigation Systems ,18409,Loan-142518
IN THE BOX LLC,12854,Loan-142524
Peck-Hol Company,6560,Loan-142586
Premier Flight Solutions LLC,18409,Loan-142592
UPPERMAN ENTERPRISES LLC,6560,Loan-142636
AP Services LLC,18409,Loan-142654
APG LOGISTICS LLC,3511,Loan-142656
Ave Holdings LLC,34607,Loan-142659
EMS of Northern Virginia LLC,6560,Loan-142689
John Horse Logistics LLC,6560,Loan-142713
RIALS EXQUISITE FLOORING LLC,18609,Loan-142766
Seybo LLC,2270,Loan-142778
Legacy Carwash Lewisville LLC,24170,Loan-142812
BROOKLYN MAGAZINE LLC,Newtek Sma-11042,Loan-142836
Bull Bear Defense Solutions LL,Readycap L-7922,Loan-142837
Collective Therapy Corp.,57056,Loan-142844
CVR HOLDINGS LLC,6560,Loan-142849
IN TIME LLC,628,Loan-142865
Loving Life LLC,Newtek Sma-11042,Loan-142873
African Rich LLC,CDC Small -92106,Loan-142904
Brite Sources USA Inc.,27237,Loan-142921
OEP Clean LLC,17393,Loan-143009
The Good Life Veterinary Preve,58665,Loan-143055
Kanga LLC,33555,Loan-143164
L & M PROCESSING LLC,7888,Loan-143166
ROUENERGY HERBAL SUPPLEMENTS L,6548,Loan-143193
3102 Anson LLC,58665,Loan-143238
ARK 786 Investments LLC,20845,Loan-143252
BRYAN INGEBRAND ECOMMERCE LLC,3511,Loan-143263
Doria Inc,588,Loan-143285
Doria Inc,588,Loan-143286
DRIFTWOOD BAY CONCEPTS INC.,19690,Loan-143291
PINNACLE AUTOMOTIVE SERVICE LL,3511,Loan-143374
RejuvifacebyBri LLC,628,Loan-143378
Sendy's Music Inc.,18409,Loan-143394
THE DAIRY MART GROUP LLC,3832,Loan-143407
WNB FACTORY EOM LLC,24170,Loan-143425
Woodland Painting Inc,6560,Loan-143426
Y & G EXPRESS LLC,34997,Loan-143427
BITTNER & ASSOCIATES LLC,6548,Loan-143450
CEREBRAL SOLUTIONS COUNSELING ,6548,Loan-143461
Crew Towing of Delaware LLC,18409,Loan-143469
Kiwi Hifi llc,3510,Loan-143537
Luminare Press LLC,17266,Loan-143542
PEABODY'S PARLOR LLC,6560,Loan-143569
PEABODY'S PARLOR LLC,6560,Loan-143570
Rooster's Fun Unlimited Corp,2270,Loan-143584
W Investment LLC,19690,Loan-143624
WHITE SPACE STUDIOS LLC,Mountain A-84070,Loan-143629
A.S. Research LLC,34997,Loan-143639
ASADOR,11813,Loan-143649
JAMZ WORLD LLC,6548,Loan-143707
PASSIVE LEGACY LLC,3511,Loan-143733
PEMA PRODUCTS CORP,18409,Loan-143734
Punjab 47 LLC,18409,Loan-143740
THE PRACTICE AGENCY LLC,58665,Loan-143773
Toropoint Financial LLC,59113,Loan-143778
Vander Linden Custom Services ,13058,Loan-143781
Vsl Siding LLC,17266,Loan-143784
1A Trade LLC,34997,Loan-143799
AZ WATER SYSTEMS LLC,34997,Loan-143833
FRONTIER TOWN CONSTRUCTION LL,6548,Loan-143905
National Supply Inc.,34997,Loan-143985
Sherdor Motor Lines LLC,588,Loan-144028
SRG 2MB LLC,34997,Loan-144039
Taxstra LLC,3664,Loan-144047
Value Rx Bluegrass LLC,6548,Loan-144061
Beachables LLC,34997,Loan-144098
Duck Duck Rooter LLC,15699,Loan-144121
Five K First LLC,57873,Loan-144133
Healthy Skin by Bertha Corp,18409,Loan-144147
Strength for Life Inc.,14851,Loan-144257
Zachary Wagner,6560,Loan-144281
A&O Fitness LLC,14851,Loan-144289
AMG TRUCKING INC,34997,Loan-144303
Cross Recruiting Inc.,33555,Loan-144339
Exquisite Tapas Lounge LLC,CDC Small -92106,Loan-144371
FALCON MEDICAL GROUP INC.,628,Loan-144373
FORTUNE TRUCKING LLC,Readycap L-7922,Loan-144378
MHETRA LLC,34997,Loan-144424
SANDBOX VENTURES INC,17534,Loan-144473
Armaks Enterprises Corp.,34997,Loan-144540
CD CONTRACTOR SERVICES INC,3510,Loan-144559
HOLLER DOGS AND MORE LLC,6560,Loan-144605
INTERNATIONAL AUTO REPAIR LLC,3511,Loan-144613
JDS OUTDOOR DESIGNS,34997,Loan-144616
EDENS SUB SHOP I LLC,10988,Loan-144713
B&S WHOLESALER INC.,18409,Loan-144742
BAYNATRANS LLC,11813,Loan-144743
Compost Services LLC,18409,Loan-144763
Crystal Nails & Spa LLC,6548,Loan-144766
Fayetteville Yoga LLC,16889,Loan-144790
Gagliardi Wilson LLC,6560,Loan-144796
Good Old Days Spices LLC.,58291,Loan-144802
HULTON DEVELOPMENT INC.,34997,Loan-144813
La Pastaverse LLC ,17534,Loan-144837
NOTARIA NEW JERSEY,57056,Loan-144862
VikRti Management Consulting ,3510,Loan-144932
GALA-GO LOGISTICS LLC,3511,Loan-145039
Halima Sisters LLC,Readycap L-7922,Loan-145054
Supercool HVAC,18221,Loan-145157
True North Inc.,34997,Loan-145171
WMK Logistics Inc,34997,Loan-145182
Blackpoint IT Services Inc.,17534,Loan-145211
KIKI FOODS ABORN INC,17281,Loan-145294
LEWANDOWSKI & LENTINI DESIGNS ,6384,Loan-145307
Railquip Inc,35278,Loan-145350
Alyft Transport LLC,18409,Loan-145429
Flushed LLC,588,Loan-145482
MHETRA LLC,Newtek Sma-11042,Loan-145537
MONEYCUZ LLC,3511,Loan-145540
TIN GOOSE HEALTH HOLDINGS LLC,32551,Loan-145623
XANDELYN WASHINGTON LLC,3511,Loan-145640
ADAMS DOORS AND CONTRACTING LL,6548,Loan-145650
BULL TRUCKING LLC,3510,Loan-145666
DRIVE 365 LLC,58665,Loan-145690
Empire Properties Investment L,57252,Loan-145698
Entertainment Project Services,58665,Loan-145699
JLK SALES & MARKETING LLC,6548,Loan-145729
RAMEN GODDESS LLC,6548,Loan-145780
RC Custom Coolers LLC,18409,Loan-145783
SUITE SKIN ESTHETICS LLC,3511,Loan-145812
United Real Estate Holdings LL,7213,Loan-145828
Buka Transportation LLC,6560,Loan-145878
DAHLONEGA MARKETPLACE LLC,57056,Loan-145895
DONOVANKLIMCZAK AND COMPANY,6560,Loan-145904
Nashley & Natou Incorporated,34997,Loan-145960
SPARK Training Solutions LLC,13058,Loan-145995
AXE Building Services LLC,32551,Loan-146029
Bruening Excavating Corp.,6560,Loan-146043
Buch Medical Corp.,14851,Loan-146045
Building Block Play Studio LLC,6560,Loan-146046
HT General Services LLC,6560,Loan-146091
JPC Online Holdings LLC,34997,Loan-146102
Kentucky Realty Corporation,258,Loan-146106
Lafayette Hardware Inc.,6560,Loan-146113
Moondi LLC,58816,Loan-146128
Puroclean Atl LLC,35278,Loan-146157
REICH TRUCKING LLC,9536,Loan-146162
Rotheram Enterprises LLC,6560,Loan-146170
S & I OIL PLUS,34607,Loan-146172
SN TRANSPORT INC,6560,Loan-146180
TEW JR ENTERPRISES LLC,6560,Loan-146192
Bartlemay Holdings LLC,6560,Loan-146234
Bindie Productions LLC,18409,Loan-146240
Hart Design Group LLC,16958,Loan-146289
Janes Construction,Readycap L-7922,Loan-146301
JENNYS NAILS,6548,Loan-146308
VNJ LLC,34997,Loan-146416
ZIN ZIN'S BURMESE CUISINE LLC,6548,Loan-146425
COPPLE SHOW HORSES INC,Newtek Sma-11042,Loan-146478
FOOD INTERNACIONAL INC,18409,Loan-146501
Hiwasse Diner LLC,8728,Loan-146516
Lady Lanells Inc.,18409,Loan-146544
Liquivida Wellness Center,Newtek Sma-11042,Loan-146548
Mile High Sign and Design LLC,14851,Loan-146568
BLINDS COLLECTION LLC,3511,Loan-146682
CANDICE THIEM,6548,Loan-146688
Crafted Body LLC,Readycap L-7922,Loan-146701
GAZEMAN'S CEDAR AVE REPAIR LLC,6548,Loan-146725
M and M Deals,18409,Loan-146760
My Brothers Trucking LLC,18409,Loan-146776
Nova Pressroom Products LLC,873,Loan-146783
Strickland Brothers 10 Minute,58665,Loan-146827
TDI Auto Sale LLC,Mountain A-84070,Loan-146835
BRIAN TEBELMAN,6548,Loan-146902
Crestwood Cabinetry Inc.,13058,Loan-146911
Early Bird Lewis Center LLC,34603,Loan-146921
Onesource Print Management Inc,9536,Loan-146994
RH2 Resolutions LLC,17266,Loan-147008
S.S.L Corp,18409,Loan-147019
Vudame Corporation,35278,Loan-147048
Wayne Investments LLC,983,Loan-147051
Worob Chiropractic PLLC,34997,Loan-147056
Aifuwa LLC,18409,Loan-147070
BAYLOR CONSTRUCTION GROUP LLC,588,Loan-147083
Jacob Lichter & Associates LTD,35323,Loan-147152
KEET Consulting L.L.C.,6384,Loan-147168
SERVICE PROVIDER SOLUTIONS LL,6560,Loan-147237
The Spliff Experience LLC,11813,Loan-147251
1117 Pacific Blvd LLC,24045,Loan-147275
Emerald Valley Gardens LLC,18409,Loan-147345
LA PIAZZA ACADEMY,3511,Loan-147390
Lighting Gallery Inc,34997,Loan-147395
PORT TOWNSEND CAR WASH,57056,Loan-147426
Shampoochies Salon Inc.,35278,Loan-147444
SNS Fitness LLC,59052,Loan-147450
Space and Soul LLC,18409,Loan-147453
Elbless Pros Corporation,28489,Loan-147531
Northwestern Medivan Inc.,6560,Loan-147604
Northwestern Medivan Inc.,6560,Loan-147605
Northwestern Medivan Inc.,6560,Loan-147606
Orcutt & Company LLC,58665,Loan-147610
SAVAGE SURFACE CLEANING LLC,3511,Loan-147633
Webber Law PLLC,26333,Loan-147669
LITTLEFIELD'S PAINT AND BODY I,Newtek Sma-11042,Loan-147690
RDS INVESTMENTS INC.,Newtek Sma-11042,Loan-147692
Sour Grapes LLC,34997,Loan-147695
CARBON AND BONE INC,57056,Loan-147744
GNDJ CONSIGNMENTS LLC,6548,Loan-147789
M Import Car Wash Inc.,11813,Loan-147826
PJMM LLC,28489,Loan-147849
Zamurai Mastermind Group Inc,3510,Loan-147903
2nd Amendment on Main LLC,Readycap L-7922,Loan-147905
Americorp Petrochemical LLC,34603,Loan-147922
Kambrell Garvin Law Firm LLC,18409,Loan-148019
M & M LANDSCAPING,32773,Loan-148032
M.A.'s Soul Food Plus LLC,18409,Loan-148033
MARCO'S INTERNATIONAL INC.,3510,Loan-148035
MASA Y MAS LLC,6384,Loan-148036
MCWH INC.,8056,Loan-148037
Restore Wellness of Greater Na,34997,Loan-148065
Roll-N-Rock Trucking LLC,58892,Loan-148070
Tomech LLC,33555,Loan-148104
Wildcat Distribution Inc,18409,Loan-148120
Chu LLC,17751,Loan-148171
Global Investment and Developm,34997,Loan-148210
MOOSAUTO REPAIR LLC,6548,Loan-148266
MORTAL EMBLEM LLC,6548,Loan-148267
Trem J Plumbing LLC,32441,Loan-148355
1291 Saratoga LLC,58665,Loan-148373
A.S Agency Inc.,18409,Loan-148378
Alpha Design LLC,Readycap L-7922,Loan-148386
DYLAN PECKENPAUGH REALTOR LLC,57056,Loan-148431
Eilenberger's Inc.,34997,Loan-148435
GOLF BOX LLC,17308,Loan-148452
Janchi LLC,16571,Loan-148478
Mama's Fried Chicken Company,6560,Loan-148504
MARI'S CAFE & MARKET INC,7213,Loan-148506
MH Supply Chain Management Inc,18409,Loan-148512
S.M.H Construction LLC,18409,Loan-148552
APEX EQUIPMENT CONSULTING LLC,6548,Loan-148605
CALM Family LLC,6560,Loan-148629
New England Tek LLC,18409,Loan-148722
PERFECT MELODY HOME HEALTH CAR,57056,Loan-148727
Riverflow Pools L.C.,3510,Loan-148744
Supreme Plumbing & Heating Sup,35323,Loan-148769
WHALE RESEARCH ECOEXCURSIONS L,17266,Loan-148788
Young Innovators Academy Fishh,9846,Loan-148796
Izziban Inc.,3510,Loan-148884
Sapporo Japanese Restaurant,22366,Loan-148946
T&K TRANS INC,628,Loan-148964
Cape Lifestyles LLC,Readycap L-7922,Loan-149035
EIT Partners Inc.,3510,Loan-149067
ESFD LLC,59113,Loan-149074
Findlay Barbell LLC,6560,Loan-149079
GROVEWAY PHARMACY INC.,34997,Loan-149093
Mediterranean Cuisine and Gril,17534,Loan-149158
PM2 Glenn Mills LLC,7551,Loan-149189
Schaeffner Trucking,9087,Loan-149218
Schofield Transport & Logistic,34997,Loan-149219
Vuemax LLC,57056,Loan-149264
BG TASTE OF INDIA,3511,Loan-149295
CL1 DUMP TRUCKING LLC,6560,Loan-149305
DIGISEG 1811 LLC,34997,Loan-149318
Total Cyber Academy,Newtek Sma-11042,Loan-149448
Wayman Professional Services L,34997,Loan-149453
To The Moon Inc,11813,Loan-149462
Envision Benefits Group LLC,609,Loan-149496
PRIME AUTO PARTS LLC,3511,Loan-149532
Professional Only Consignment ,588,Loan-149533
Tiller Holdings Inc.,12923,Loan-149562
Vac-Tank Western Services Inc,28489,Loan-149564
Action Mat and Towel Rental L,6560,Loan-149586
AD LAUREL LLC,588,Loan-149587
JE Trucking Solutions Inc,18409,Loan-149668
KADENCE HOSPITALITY LLC,6672,Loan-149675
Living Rooms LLC,6560,Loan-149682
Migliare Enterprises LLC,9366,Loan-149693
P & M WOOD WORKS CORP,3511,Loan-149713
PLATINUM REFRIGERATION INC,983,Loan-149724
Supreme 757 Springdale LLC and,35323,Loan-149751
CT Eatz Corp,59052,Loan-149840
EngAssist LLC,58665,Loan-149859
Global Aerospace Computer Serv,3832,Loan-149879
Ooh and Aah Designs LLC,6560,Loan-149949
110 E. Ogden LLC,6560,Loan-150041
Acklen Avenue Software LLC,12368,Loan-150048
BALLA CLOICHE VINEYARDS LLC,588,Loan-150075
Breslyn Enterprises LLC,14851,Loan-150088
Evys Shop Vegas LLC,59052,Loan-150122
Fairmont Hospice,58665,Loan-150127
Fairmont Hospice,58665,Loan-150128
FUTURA ENERGY INC.,32203,Loan-150137
Grits and Toppings,CDC Small -92106,Loan-150148
MAF PLUMBING INC,29961,Loan-150199
T Matos Transport Corp,18409,Loan-150294
The Rental System Inc,18409,Loan-150307
BDS Automotive Inc.,34607,Loan-150354
D'ALEO LLC,34997,Loan-150368
Genetti Bistro LLC,6560,Loan-150388
Mr Jewelry Corp,18409,Loan-150438
Soju House LLC,6560,Loan-150476
TEOPM,57056,Loan-150484
ARAndrews Construction Inc,34997,Loan-150517
Central Maine Tick and Mosquit,17534,Loan-150535
Daniel Bailey Wilson,628,Loan-150547
Freedom Adventures Holdings LL,58030,Loan-150564
Gardner Solutions Inc,10674,Loan-150565
HOME REPAIR SPECIALIST LLC,6548,Loan-150572
KIDWELL ELECTRIC INC.,3832,Loan-150590
Nopalli LLC,PCR Small -90010,Loan-150621
PizzaPlace Dearborn LLC,34997,Loan-150635
The Vine LLC,35278,Loan-150679
#1 Voyager Home Health Care,57056,Loan-150730
Firethorn Lighting LLC,6560,Loan-150803
HIGH IMPACT FITNESS LLC,6548,Loan-150827
J .NNA,26610,Loan-150832
Kienzle Trucking LLC,6560,Loan-150846
Naples Flats LLC,6560,Loan-150878
NewGuard Plastic Cards LLC,7468,Loan-150884
SCARLETT LOGISTICS LLC,6560,Loan-150917
Vida Aesthetics LLC,19608,Loan-150946
Jan Lasserud Construction Inc,6560,Loan-151043
Mike Sommers Construction Inc,6560,Loan-151075
NORTHSIDE DAIRY HAVEN,6548,Loan-151089
Sandra Vallego Garcia,6548,Loan-151115
L'ROSE CONSULTING SERVICES IN,19690,Loan-151323
PECAN AUTO SALES,Newtek Sma-11042,Loan-151348
Wojo Family Services NTX 1 LL,6560,Loan-151409
53 DIGITAL CONSULTING LIMITED,6548,Loan-151415
AGT CONSULTING LLC,6548,Loan-151428
CSS Kennel inc.,6560,Loan-151461
FSW Logistics LLC,18409,Loan-151494
Galaxy Home Health LLC,Readycap L-7922,Loan-151496
SCHNAEIDR MEDICAL GROUP INC,3511,Loan-151576
ZAMY GLOBAL LLC,3511,Loan-151620
2020 Texas Investments LLC,33555,Loan-151625
GT COMFORT SPECIALIST LLC,11813,Loan-151699
NINE&SIX GROUP LLC,22366,Loan-151752
REALTY GROUP LLC,5116,Loan-151769
Snappy Booth Inc.,17534,Loan-151794
Bay Area Pipe & Equipment Inc,Main Stree-94612,Loan-152101
BG & SK INC,11813,Loan-152107
Capitology LLC,3510,Loan-152118
Centurion Deliveries LLC,3510,Loan-152125
Clarus Retail LLC,21031,Loan-152128
Eatery Investment Group,8889,Loan-152144
EXCLUSIVE SPORTS INC.,3511,Loan-152150
Jhovanny Hernandez Agency Corp,20624,Loan-152185
Penn. Turf Management Company,57777,Loan-152254
SAGE DIRECT INC.,3832,Loan-152280
Tanni Supportive Living LLC,6560,Loan-152297
WENTLAND BROS DIESEL LLC,588,Loan-152327
Xtrade sales 1 inc,6560,Loan-152339
AMAZIN BILLIARDS LLC,18409,Loan-152360
Around The World Trading Inc.,Readycap L-7922,Loan-152365
Beach Boys Inspections LLC,32441,Loan-152374
MILITARYTOYSHOP.COM LLC,6560,Loan-152495
RATZYS ART INC.,588,Loan-152531
Rugars Steakhouse LLC,10619,Loan-152540
THE BENNU GROUP INC.,6548,Loan-152562
ZEN SPIRIT GROUP LLC,3511,Loan-152598
Anton Enterprises LLC,15883,Loan-152609
BOROS VENTURES LLC,34997,Loan-152631
Christina's Estate Sales,17266,Loan-152656
Hitch N Post RV Park L.L.C.,Mountain A-84070,Loan-152703
Moovers Chicago Inc.,VelocitySB-92626,Loan-152756
Sounds of Destiny LLC,Readycap L-7922,Loan-152812
SRA Trucking L.L.C.,18409,Loan-152816
Viewgol LLC,34997,Loan-152844
WealthCare Inc,Magnifi Fi-56352,Loan-152851
Cedarcrest Capital LLC,8537,Loan-152904
Charge Analytics LLC,18409,Loan-152906
Gung Inc.,26610,Loan-152945
J.A.K. FITNESS ENTERPRISES LL,32441,Loan-152964
KAP EXPRESS INCORPORATED,58115,Loan-152974
Lighthouse Pediatrics PLLC,33555,Loan-152983
MEZEI'S MENSWEAR INC,588,Loan-152990
NORTH TEXAS INSURANCE AGENCY I,58665,Loan-152997
PK Market,57944,Loan-153009
Seacoast Mechanical LLC,18409,Loan-153037
SSA2022 LLC,Gesa CU-99352,Loan-153049
ZJ Development LLC,6672,Loan-153092
APOLLO HOT CHICKEN ONE LLC,3511,Loan-153093
BRAZIL & BENSKE LLC,628,Loan-153138
E&V's Five Star LLC,18409,Loan-153172
Fox Underground LLC,8728,Loan-153186
PCB HOLDINGS LLC,3511,Loan-153247
SAR INCORPORATED,1281,Loan-153271
Kimenker Insurance Agency Inc,11813,Loan-153420
LOCAL ARCHITECTS LLC,6548,Loan-153431
Mysurance INC.,58665,Loan-153443
St Christine Rose Home Care L.,CDC Small -92106,Loan-153481
BNB ELLISON LLC,19690,Loan-153533
Code Guru LLC,57252,Loan-153549
FORGED TECHNICAL CONSULTING IN,34997,Loan-153589
Hormaza Trucking,34997,Loan-153604
JASO ENTERPRISES LLC,3510,Loan-153609
Knot and Pine LLC,34997,Loan-153621
Open and Affordable Dental Laf,58665,Loan-153654
STRONG HOPE COUNSELING CENTER ,6548,Loan-153702
24-7LABORATORIES LLC,34997,Loan-153734
CAPS EXPRESS LLC.,34997,Loan-153771
Diamond Agency LLC,4048,Loan-153790
Iceland Cooling Inc.,18409,Loan-153835
Lil M Bubble Tea House Inc,18409,Loan-153862
PRIME PHARMA SOLUTIONS LLC,23621,Loan-153910
Sara Federschmidt DVM LLC,17308,Loan-153924
VICARIOUS DREAMS LLC,3511,Loan-153972
Ralston Valley Canine LLC,6560,Loan-154098
Chin Global LLC,18409,Loan-154174
Family First Electric LLC,18609,Loan-154197
Air Clinic Air Conditioning & ,35361,Loan-154309
Elite Hydraulics LLC,9351,Loan-154352
Paul C. Nowak M.D. P.A.,34997,Loan-154429
THE CREATIVE SCHOOL LLC,3511,Loan-154471
The Landscaping People Inc.,58030,Loan-154473
Start-up Business Consulting L,628,Loan-154646
T.K. FULLER ENTERPRISES INC.,3511,Loan-154651
Agnes Krahn,6560,Loan-154672
BE PREPARED TUTORING LLC,588,Loan-154679
Counterpoint Solutions LLC,34997,Loan-154697
Solray Enterprise Inc.,3510,Loan-154779
ABC DESIGN BUILD LLC,6548,Loan-154824
ARH QUALITY INC,18409,Loan-154828
LATTE' DA COFFEE LLC,588,Loan-154886
Nellie's Fish & Shrimp Fry LLC,6560,Loan-154892
RW WIRELESS LIMITED LIABILITY ,18409,Loan-154913
WINDREACH VETERINARY SERVICES,6560,Loan-154944
Anicet Enterprise LLC,18409,Loan-154952
MAE'S PET GROOMING LLC,6548,Loan-155018
NOTEWORTHY ART LAB LLC,628,Loan-155034
OM RUDRA LLC,20845,Loan-155037
Roman Express Inc,6560,Loan-155052
ROYAL AC & ELECTRICAL WORKS LL,3511,Loan-155054
VALOR BOUTIQUE AND BEAUTY SALO,6548,Loan-155090
Watkins Auto Sales I LLC,34997,Loan-155092
4-C Personal Wealth Management,58665,Loan-155099
HAUT BY MP INC.,34997,Loan-155172
JOSEPH E HEFLIN,6548,Loan-155192
Rooted Land Management LLC,29294,Loan-155236
Spa at Serenbe LLC,33555,Loan-155249
Woodchuckers Firewood LLC,5116,Loan-155282
Cottonwood Farms LLC,34997,Loan-155323
CT Excavating & Construction ,4214,Loan-155325
Prosper's Finest HVAC LLC,Fund-Ex So-33324,Loan-155414
ALB Holdings LLC,6560,Loan-155485
ALB Holdings LLC,6560,Loan-155486
FUGIT PROPERTY MAINTENANCE LL,6384,Loan-155555
guzman builders llc,18409,Loan-155566
Paul Davis Restoration of Lehi,57777,Loan-155637
PERFECT HOME CONSTRUCTION L.L.,34997,Loan-155639
Platinum Equipment Rental LLC,America Fi-84405,Loan-155645
Southern Sierra Land & Cattle ,34997,Loan-155667
Broadview Technical Solutions,17838,Loan-155730
Designer Maid Company LLC,18409,Loan-155750
Fayâ€™s Too Inc,18221,Loan-155765
LightSpeed Hosting LLC,11813,Loan-155799
ZOOM BLOOMZ LLC,18409,Loan-155865
DEFINITIVE PRECISION CUSTOM DE,588,Loan-155923
RAMwright Consulting Company ,6560,Loan-156028
7071 DAVIS CREEK ROAD LLC,57095,Loan-156104
O'CONNOR INSURANCE GROUP LLC,6560,Loan-156216
T & JJ'S SUPREME STEAKS & CATE,6548,Loan-156252
WELCOME TO THE CORE LLC,6548,Loan-156275
Atlantic Installation LLC,18409,Loan-156302
Bluewater Engineering and Deve,9846,Loan-156311
Body Builders Incorporated,34997,Loan-156313
IRON SPEAR PROTECTION GROUP LL,3511,Loan-156369
Marbridge Restoration LLC,6560,Loan-156399
Pro Reps Performance Inc.,18409,Loan-156426
UPSTATE NY MEDICAL PROCESSING,ESL FCU-14604,Loan-156458
Little Blueberry Kids L.L.C.,Readycap L-7922,Loan-156481
UNINETWORK RETAIL COMMERCIAL,3511,Loan-156488
Amari Painting & Lining LLC,7468,Loan-156495
Gilbert Tires Inc,18409,Loan-156551
Northern Lakes Data Corp.,34997,Loan-156602
Premierx Pharmacy .INC,6672,Loan-156619
Second Oak Inc,32441,Loan-156633
Amari Painting & Lining LLC,7468,Loan-156691
Connected Office Technologies ,18409,Loan-156721
NASH DIRTWORX LLC,6548,Loan-156792
NDO LLC,18409,Loan-156793
Serenity Falls Securities LLC,2270,Loan-156828
1033A LLC,6560,Loan-156873
A&Z GLASS & DOOR DESIGN LLC,6384,Loan-156875
Ethos Dynamics Inc ,9846,Loan-156933
Goddess LLC,CDC Small -92106,Loan-156945
N.Sayaan Inc,Florida Bu-33607,Loan-157005
New Age Behavioral Consultants,18409,Loan-157006
SSNT TX LLX,35406,Loan-157058
The Riverside Cooler LLC,12633,Loan-157069
ACRik Inc,35444,Loan-157096
Chouman Transportation Service,6560,Loan-157129
Green Ramp Group LLC,Main Stree-94612,Loan-157175
Integrity Logistics Solutions ,25858,Loan-157184
PHOENIX INN RESORT,57056,Loan-157240
TUALATIN VALLEY PLUMBING LLC,17266,Loan-157281
Bright Horizons Therapy LLC,18409,Loan-157332
Broadway Construction Services,6560,Loan-157333
F45 Cranford,58665,Loan-157367
Jalene Peaspanen,19690,Loan-157414
Luma Health Inc.,CDC Small -92106,Loan-157431
Night Gallery Inc.,628,Loan-157454
PHILLIP MARCIANO LLC,18409,Loan-157462
Ultra A&C Solutions Inc.,3510,Loan-157503
Zzini Restaurant Group Inc.,258,Loan-157517
Bright Horizons Therapy,18409,Loan-157538
North Technology Professional,3832,Loan-157624
QMN Ventures LLC,57095,Loan-157640
SCOTT COHEN,58665,Loan-157655
Avocado Girl LLC,34997,Loan-157709
FLY OVER STATES INC.,Readycap L-7922,Loan-157768
Quest Education L.L.C.,34997,Loan-157847
R & M PROJECTS LLC,3511,Loan-157849
Brandywine Center for Autism L,23621,Loan-157950
D'GEARS PARTNERS LLC,58665,Loan-157984
ICE ON TIME LLC,18409,Loan-158018
IQ Works Solutions LLC,18409,Loan-158021
Jose M. Espinoza,CDC Small -92106,Loan-158030
BARAJAS SERVICE LLC,588,Loan-158174
CAFE AGORA INC.,10988,Loan-158191
DRAMANE EXPRESS CORPORATION,3511,Loan-158212
FMV L L C,6548,Loan-158217
GRATEFUL BILL INC,6384,Loan-158227
Hi Five Painting of Frisco LL,32441,Loan-158232
K&S Sigman LLC,32441,Loan-158256
Livewell Construction and Remo,17266,Loan-158276
MAY EXPRESS LIMITED LIABILITY ,34997,Loan-158284
XB Fitness Holdings LLC,57095,Loan-158380
Conalt Inc,18409,Loan-158435
GV Solutions LLC,588,Loan-158460
SCALEUP FINANCIAL SOLUTIONS LL,3511,Loan-158542
TMT ARKANSAS INC,12368,Loan-158565
WHITTIER PHARMACY INC.,6548,Loan-158578
Drift Current LLC,32441,Loan-158630
Good at Stuff Lawn Care LLC,19506,Loan-158652
Jab Fab Inc.,17266,Loan-158668
Liosbel Plumbing Repair Inc,628,Loan-158685
Take Go Mart Inc,18409,Loan-158776
BROOKS DECKER HOLDINGS LLC,17491,Loan-158832
Cummard Companies Inc.,59052,Loan-158843
Get Plated LLC,34997,Loan-158876
Handy Contractor Services LLC,6560,Loan-158880
INNOVATIVE ROOFING SYSTEMS LLC,6560,Loan-158890
Just Right Manufacturing Inc.,35406,Loan-158905
Orchid Energy Solutions LLC,34997,Loan-158953
PETER  PITSUL,6560,Loan-158959
Ali Nasrallah OD PLLC,6560,Loan-159036
Jumana Transport LLC,6560,Loan-159122
OURLEGACY MANAGEMENT SERVICES,3511,Loan-159152
Aipperspach Inc,3511,Loan-159230
DC Handling Inc.,18409,Loan-159277
DUKE FIRE LLC,628,Loan-159282
Flame Safety Association LLC,6560,Loan-159294
Goldmind Group Inc.,18409,Loan-159303
JACK MAXWELL III AGENCY LLC,6548,Loan-159312
M&E CONCIERGE INC,628,Loan-159333
Modern Buggy RV LLC,9087,Loan-159340
MTM Fuel Services Inc.,628,Loan-159345
SOUTH BRONX RESTORATION LLC,628,Loan-159376
HiLight Tactical LLC,18409,Loan-159495
Impact Enterprises LLC,588,Loan-159500
Kevin L Ehlers,20624,Loan-159513
Medex Polymers International L,5296,Loan-159528
River Styx LLC,32441,Loan-159558
Rugars Steakhouse LLC,10619,Loan-159562
Balanced Being Yoga & Wellness,Readycap L-7922,Loan-159634
DocuDad LLC,628,Loan-159663
Furrballz Healthy Pet Center,Readycap L-7922,Loan-159678
Steel Leaf Designs LLC,28489,Loan-159784
ALL AROUND REMODELING INC,6548,Loan-159824
Beagle Shipping Inc,3510,Loan-159843
Coastal Consulting LLC,32441,Loan-159858
Evergreen Tree & Landscape LL,18409,Loan-159890
Hawkeye Technologies,Newtek Sma-11042,Loan-159906
JNJ SPIRITS INC.,588,Loan-159920
Sony Larsen Trucking LLC,17266,Loan-159996
ADDITIVE ENGINEERING SOLUTIONS,7468,Loan-160037
BRAND REPAIR LLC,6548,Loan-160064
JMS Business Services Inc.,6560,Loan-160116
Pearl Street LLC,18409,Loan-160160
REGAL VENTURE GROUP LLC,6548,Loan-160170
Rehoboth Lobster Co. LLC,588,Loan-160171
Rehoboth Lobster Co. LLC,588,Loan-160172
SHAYA'S DISTRIBUTORS INC,588,Loan-160184
Blue Bird Construction LLC,6560,Loan-160245
TDDA LLC,58892,Loan-160378
VBMS2022 1 Hospitality LLC,20845,Loan-160392
CLEAN SPACE INC.,18409,Loan-160442
DDK CORP.,628,Loan-160456
Faid & Rana Inc.,34997,Loan-160461
Level Inc.,16571,Loan-160503
COMFY COUCH RESIDENTIAL ASSIST,34997,Loan-160635
DLB Property LLC,10218,Loan-160642
KIRK SMITH UNLIMITED ENTERPRIS,32441,Loan-160698
Medicine Solutions LLC,18409,Loan-160720
OVERSON ROOFING LLC,628,Loan-160739
Tsaz33 LLC,CRF Small -55402,Loan-160791
BEST SAA TRUCKING INC,3511,Loan-160828
Cavanagh Electric Inc,18409,Loan-160835
Discover Casting Inc.,34997,Loan-160853
Fun4All LLC,18409,Loan-160870
Jorke's LLC.,34997,Loan-160893
JRust Ventures LLC,35361,Loan-160894
Oksana Putyatina,CDC Small -92106,Loan-160932
UA LOGISTICS LLC,6560,Loan-160993
Blue Streak Transport LLC,6560,Loan-161029
Mes Trucking LLC,6672,Loan-161113
AZ Water Systems LLC,34997,Loan-161248
Teriyaki Madness,Readycap L-7922,Loan-161406
Twohands Pizza LLC,CRF Small -55402,Loan-161419
iDwell Design and Build LLC,18409,Loan-161459
Juvo Veterinary Admin Services,58665,Loan-161460
ARIS MUSES LLC,6548,Loan-161494
CMD CONSTRUCTION INC.,Newtek Sma-11042,Loan-161516
M.D.F.C. Corporation,11813,Loan-161575
Philomena Bakery LLC,6560,Loan-161602
Zalen Mawi,58665,Loan-161668
J&G TRUCKING EXCAVATING & HAUL,6548,Loan-161774
PRO Lawncare and Lighting Inco,34997,Loan-161831
Carolina Clean Crew NC Inc.,Newtek Sma-11042,Loan-161941
Limitless Creative Company LLC,6560,Loan-162011
Melanated Concepts Inc,12633,Loan-162020
Navona Foods Inc.,6560,Loan-162032
VINCENT LANDSCAPES INC,17491,Loan-162120
A & A Martinez Inc.,2270,Loan-162129
DUALITY CONSULTING LLC,6548,Loan-162191
G&G TRUCK REPAIR LLC,6560,Loan-162203
Luke Adams Glass Inc.,3510,Loan-162255
Project Remedies Inc.,34997,Loan-162291
FRANZ EVANS LLC,32441,Loan-162347
Auto Body Parts LLC,3511,Loan-162367
HOLLAND SHARPE INC,6548,Loan-162435
Jobiak LLC,57095,Loan-162444
CMA Construction LLC,34997,Loan-162624
Convo Corp.,Newtek Sma-11042,Loan-162628
Country Services LLC,18409,Loan-162629
CREPAS INC.,34997,Loan-162632
Mobil One LLC,35444,Loan-162744
Seattle Movement Arts Center ,17534,Loan-162797
Chrystal L Hair and Makeup LLC,12633,Loan-162884
Crusellas Trucking LLC,628,Loan-162888
DESERT PEACE THERAPY LLC,3511,Loan-162891
DTB Logistics Inc.,15019,Loan-162898
Greenwood Lake Roasters LLC,3510,Loan-162916
PENOJA ANALYTICS LLC,22257,Loan-162984
PUTTIN' ON THE SCHNITZ: THE LL,Lake Michi-49512,Loan-162994
SEITEC,Newtek Sma-11042,Loan-163003
SHREE HARIKRUSHAN PHYSICAL THE,18409,Loan-163006
TEMPO TOURING INC.,Newtek Sma-11042,Loan-163020
Wieners on Wheels LLC,6560,Loan-163048
Yukon Transport LLC,19690,Loan-163055
Buffalo-Niagara Hospitalists L,3510,Loan-163089
Shirtworx Ink LLC,12633,Loan-163216
BEVERAGE LO-NO DISTRIBUTION IN,6548,Loan-163264
Comfort Specialists LLC,34997,Loan-163279
SAB School Transportation,Readycap L-7922,Loan-163382
SHOREHOUSE,Newtek Sma-11042,Loan-163389
Emek Renovation Corp.,628,Loan-163504
Everwell Parts Inc.,18409,Loan-163511
GIRO LOGISTICS LLC,6548,Loan-163523
HTTD LLC,35444,Loan-163534
MS FOOD & LIQUOR LLC,6548,Loan-163581
DAILY DOSE CAFE LLC,Newtek Sma-11042,Loan-163716
D&D Electric,Newtek Sma-11042,Loan-163964
E.M.O. Technologies LLC,Newtek Sma-11042,Loan-163975
HARMONY TRUCKING LLC,6548,Loan-163997
Hi-Tech Automotive Inc,7213,Loan-164001
InterConnect Wiring LLP,12368,Loan-164008
Lazy Daisy Beverly Hills,Newtek Sma-11042,Loan-164034
Noble Consult LLC,17534,Loan-164047
Araon PK Inc,31628,Loan-164140
Mucho Mucho Holdings LLC,58377,Loan-164260
PILLAR HOME SERVICES INC.,32441,Loan-164275
PRINCESSICA LLC,CRF Small -55402,Loan-164277
4HisGlory LLC,6560,Loan-164353
BLAKEBOROUGH HARDSCAPES LLC,19123,Loan-164379
Gateway Electrical Services LL,18409,Loan-164428
Snowball Excavating LLC,9087,Loan-164536
Bailey Family Catering LLC,6560,Loan-164617
BOLSTER & LAUREL TRANSPORTATIO,3510,Loan-164620
Interior Wood Specialties Inc,3510,Loan-164631
Blue Sky Xpress Carwash Inc.,10988,Loan-164675
Liquor Supply LLC,34607,Loan-164750
SEGAL INTERNATIONAL LLC,588,Loan-164809
CT Financial Partners,58665,Loan-164916
JACK COOLEY MD LLC,18409,Loan-164974
HEAVY METAL FABRICATION,6548,Loan-165225
Linear Concepts LLC,Newtek Sma-11042,Loan-165251
Mooned Enterprises LLC DBA Th,Black Hill-57702,Loan-165273
Pietra Potenza Enterprises,18409,Loan-165298
The Shipping Post LLC,15019,Loan-165347
All Saints Ice Cream Inc.,6560,Loan-165378
Beyond Exercise LLC,6560,Loan-165397
Craig Steven Landers,20624,Loan-165414
META SKIN STUDIO,6548,Loan-165495
QIXIANG FASHION INC,57056,Loan-165529
S N R Consulting Group Inc,18409,Loan-165540
Lexaco LLC,18409,Loan-165675
The Wicked Group Inc,34997,Loan-165756
Timber Tavern LLC,11813,Loan-165758
COYLE VENTURES INC.,6548,Loan-165839
Estate of Sylvia Moy LLC,Newtek Sma-11042,Loan-165859
Faim Films Entertainment LLC,CDC Small -92106,Loan-165861
MVL Ventures LLC,6560,Loan-165933
Novellis Pork Store Inc,29950,Loan-165942
Renasolve Inc.,17266,Loan-165977
Viking Mechanical Services LL,6384,Loan-166027
Dope Sweat LLC,6560,Loan-166106
LARRY'S CARPET-VINTAGE FLOORS ,58665,Loan-166179
MORA TECHNOLOGY SOLUTIONS,Newtek Sma-11042,Loan-166208
SERVICE PROVIDER SOLUTIONS LL,6560,Loan-166264
Zachary Zucchi,19690,Loan-166311
AL-BARAWI INTERNATIONAL FOOD M,6548,Loan-166324
Bay Engineering Services LLC,3510,Loan-166337
Bright Bubble Tea & More LLC,6560,Loan-166346
LIMS ENTERPRISE,Readycap L-7922,Loan-166436
American Safety Utility Corpor,9846,Loan-166562
Anim Labs Corporation,57056,Loan-166563
Cox Trucking LLC,18409,Loan-166600
One Nation Exteriors LLC,22559,Loan-166685
ROYAL G SNACKS INC.,34997,Loan-166704
Sea Run Transportation,34997,Loan-166706
THE FACE LAB,6548,Loan-166734
W Investment D LLC,6560,Loan-166751
Citizens Logistics LLC,18409,Loan-166805
Shinya Shokudo LLC,18503,Loan-166917
STRAGORA COMPANY,6384,Loan-166928
The Stables Two Point OH LLC,35456,Loan-166937
TROPICAL FLUTTER LLC,3511,Loan-166946
2 Cheesy Guys LLC,17308,Loan-166988
Access Specialties Internation,13058,Loan-166995
DIAMOND NAILS & SPA,6548,Loan-167056
Meal Boosters LLC,18409,Loan-167150
StreetLogic Pro Inc.,34607,Loan-167222
Elite Healthcare LLC,58665,Loan-167323
Sherrell Limited Company,5510,Loan-167447
SN1 LLC,6548,Loan-167450
EUROPEAN HAPPY MEAL LLC,3511,Loan-167556
KKD ROGERS LLC,28489,Loan-167608
Leeto LLC,1281,Loan-167618
MB Consulting,Newtek Sma-11042,Loan-167629
New England School of Dance L,18409,Loan-167641
Stonewall Defense LLC,588,Loan-167688
YAK Properties LLC,8273,Loan-167724
Invisishield LLC,34997,Loan-167834
Pacific Travel Inc,628,Loan-167891
Sour Grapes LLC,34997,Loan-167933
TCG Construction Inc.,1281,Loan-167951
3oakcherrycreek LLC,17534,Loan-167978
ADESSO ECLECTIC IMPORTS LLC,3510,Loan-167985
Amblee Holdings LLC,6384,Loan-167992
Blade Shumway Excavating & Har,17534,Loan-168012
Dellables Inc,Lendistry -90021,Loan-168038
DNA REH LLC,27237,Loan-168041
Rios Financial Group L.L.C.,CDC Small -92106,Loan-168145
Agile Manufacturing Group Inc,1678,Loan-168222
Avantera LLC,3510,Loan-168227
HW WESTMINSTER LLC,3511,Loan-168295
Multiply&Flourish LLC,18409,Loan-168340
DPI Electric and Communication,7551,Loan-168471
Taqueria 86 Inc.,628,Loan-168594
DANIEL SCHMOLL,6548,Loan-168679
MKK Investment Corporation,16571,Loan-168748
NATURAL-GINGER CORP.,34997,Loan-168753
ALIGNED MOTION LLC,16889,Loan-168833
BANKMANN CORP.,Newtek Sma-11042,Loan-168850
C&B LLC,2270,Loan-168863
Naamans Dental LLC,32441,Loan-168981
READY RIGS LLC,17308,Loan-169003
STEAK & BONES INC,3511,Loan-169025
Tempe Commercial LLC,17281,Loan-169034
Atticus Injury Law PC,11063,Loan-169074
BOLD VENTURES LLC,6548,Loan-169084
CLARK HYDROSEEDING INC,18409,Loan-169103
Junho Hwang,27237,Loan-169162
Sacred Heart Enterprises P.C.,15797,Loan-169209
Trash N Dash LLC,34997,Loan-169241
Austin Borders LLC,35361,Loan-169292
Fowling Management Company-Atl,6672,Loan-169333
Happy Little Stars LLC,6560,Loan-169340
Amy Allpaks LLC,6560,Loan-169480
John Joseph Camarero,588,Loan-169562
JSL TRUCKING INC,6384,Loan-169565
SCKD ENTERPRISES LLC,34997,Loan-169627
Scoggins LLC,58115,Loan-169628
ASHCRAFT LANDSCAPE CONSTRUCTIO,6560,Loan-169698
ASR Construction Group LLC,4214,Loan-169699
David K. Larkins Inc.,2270,Loan-169737
Employvio Employment Backgroun,32441,Loan-169744
Powers Holdings Inc.,18409,Loan-169820
ZoRaK Corp,35361,Loan-169875
Ahin Cosmetics Inc.,34997,Loan-169886
G&C Accounting Solutions LLC,18409,Loan-169930
MASCOT LLC,5116,Loan-169974
CCF CONTRACTING LLC,6548,Loan-170094
ENERGY AND LAND ACQUISITIONS L,6548,Loan-170119
Haesol Inc.,34997,Loan-170140
Chris Cavanaugh Logging Inc.,19690,Loan-170308
KLEC VENTURES LLC,Mountain A-84070,Loan-170377
LAW OFFICE OF CHRISTOPHER Q. D,34997,Loan-170380
MICHAEL PUGLIESE,6548,Loan-170391
AMVI LLC,588,Loan-170502
CREATIVE COMMUNICATIONS INC.,29961,Loan-170534
FT Partners LLC,20624,Loan-170568
JONES LAW FIRM PC,18409,Loan-170591
Kormylo LLC,873,Loan-170599
Savemax Distribution Inc.,59052,Loan-170650
SCAGLIA MOTORSPORTS LLC,3511,Loan-170651
SUN TRADE GLOBAL LLC.,18409,Loan-170666
Top Shelf Solutions LLC,6560,Loan-170677
Top Shelf Solutions LLC,6560,Loan-170678
UNICORN TRANS INC.,6560,Loan-170683
Venture One Services LLC,6560,Loan-170687
Venture One Services LLC,6560,Loan-170688
Voodoo Bayou Orlando LLC,23621,Loan-170693
BAD BRAND LLC,1281,Loan-170722
BEHAVIOR GENIUS LLC,11813,Loan-170724
DIANE PELLETIER,32773,Loan-170757
PM Solutions Consulting LLC,34997,Loan-170846
24/7 coin laundry union city L,Georgia's -30303,Loan-170924
R4SFUnit1 LLC,35444,Loan-171079
Slice N Spice,588,Loan-171098
UNREAL BOBA LLC,17308,Loan-171117
Yep Commerce Inc,17266,Loan-171127
Dan Gillies Construction Servi,983,Loan-171174
NFXL Delivery Service Manageme,3510,Loan-171249
VENGYT LLC,3510,Loan-171314
My Gardener LLC,6560,Loan-171330
Axe Capital LLC,6560,Loan-171362
M & R LOGISTICS LLC,6548,Loan-171485
Nebo Hospitality LLC,17534,Loan-171505
ROSHNI LLC,58626,Loan-171538
VIJILAN SECURITY LLC,34997,Loan-171588
Automated Drive Systems LLC,13421,Loan-171627
SHC Tulsa Inc.,27476,Loan-171797
SOHILA KHALAF MOHAMED KHALAF,628,Loan-171807
Stewart Simmons LLC,3510,Loan-171814
Mike Robbins Custom Homes L.L,34997,Loan-172021
San Diego Hockey Development C,34607,Loan-172068
TWINS DRYWALL LLC,6548,Loan-172104
VWD Productions,57056,Loan-172117
ADAMY INC.,3510,Loan-172143
ClearWater Plumbing LLC,6560,Loan-172178
FIRE LOOP LLC,19690,Loan-172204
HEART LEAF CANDLE CO LLC,6548,Loan-172218
Nomadic Capital LLC,59113,Loan-172267
Phoenixville Rush Bowls LLC,6560,Loan-172277
Weinbergers Photography Inc.,18409,Loan-172340
DUMMER INVESTMENTS LLC,58626,Loan-172428
HOMELAND FENCE,6548,Loan-172456
Husky Logistics Inc,6560,Loan-172459
Husky Logistics Inc,6560,Loan-172460
KJB Acquiring Company LLC,16571,Loan-172476
Ohm Excavating LLC,57056,Loan-172503
Suhsan Inc.,26610,Loan-172545
EPAS Performance LLC,3510,Loan-172585
BACK HOME BBQ & BREW CO.,6560,Loan-172620
CC&LP LLC,17534,Loan-172632
CC&LP LLC,17534,Loan-172633
Crown Royalties LLC,34997,Loan-172639
DIESEL TRUCK REPAIR LLC,14851,Loan-172644
Jeanne.DallasRealty LLC,24170,Loan-172672
Wildflower Hair Lounge LLC,6560,Loan-172759
Arrow Trucking LLC,9087,Loan-172778
BRAND VENTURES INC.,34997,Loan-172789
Livingston Glass & Mirror LLC,12368,Loan-172869
LOUIS AUTO SALES INC,29961,Loan-172874
OTR VAN LLC,6548,Loan-172901
Benjamin Roger Shaw General Co,34997,Loan-172962
Clausen Enterprises LLC,17838,Loan-172980
JTL PINNACLE PARTNERS LLC,7888,Loan-173048
JTL PINNACLE PARTNERS LLC,7888,Loan-173049
K&K FENCE,6548,Loan-173051
CAIXIU HUANG,17308,Loan-173195
DPD Deliveries LLC ,17534,Loan-173228
Fresh Provisions Inc.,57056,Loan-173241
Movement Specialists Physical ,Business R-70119,Loan-173292
A Step Ahead Transportation In,18409,Loan-173370
Fojo LLC,18409,Loan-173429
GOBBLIN' SALES INC.,588,Loan-173435
IDYLLIC LIVING INC,6548,Loan-173447
Crimes of Beauty LLC,3510,Loan-173564
IRBUSINESS INC,34997,Loan-173655
Obsidian Engineering LLC,5452,Loan-173698
RENEW: CONCIERGE PHYSICAL THER,34217,Loan-173717
4072 Verdugo LLC,57944,Loan-173772
Aqua Mosaic Pools and Spas LLC,18409,Loan-173784
Bamboo Early Learning LLC,First Chil-55401,Loan-173790
SARASOTA CONSTRUCTION INC,57777,Loan-173968
SCHMENK DENTAL ANESTHESIA LLC,6560,Loan-173969
Sunrise Roofing & Chimney Inc.,3510,Loan-173987
THE COACH'N U LLC,3511,Loan-173994
BLUELIGHT TOWING LLC,6548,Loan-174048
Bright Bubble Tea & More LLC,6560,Loan-174053
Meta Technologies Inc.,18409,Loan-174155
SPEECH & LANGUAGE THERAPY SOLU,10988,Loan-174229
D-Moye Enterpises Inc,11813,Loan-174330
JH International Trucking Inc.,3510,Loan-174377
Proper Motion Inc.,18409,Loan-174437
Savantech LLC,34997,Loan-174451
Clear Telecom LLC,26333,Loan-174519
Clear Telecom LLC,26333,Loan-174520
Inca Hospitality Inc.,31628,Loan-174566
PNW Electrical Services LLC,17534,Loan-174627
Shook Awnings LLC,18409,Loan-174648
Tag Media Group LLC DBA Gulf C,3510,Loan-174662
United Water Restoration of Me,6560,Loan-174677
United Water Restoration of Me,6560,Loan-174678
Colorado Family Counseling Cen,34997,Loan-174729
PAGAN AFFINITY DENTISTRY,57056,Loan-174827
PURE AIRSOFT,ESL FCU-14604,Loan-174840
SARASOTA CONSTRUCTION INC,57777,Loan-174854
Scope Management LLC,35278,Loan-174856
Yalai Inc.,34997,Loan-174890
Yulian Service Corp,18409,Loan-174892
CATHEDRAL COFFEE LLC,34997,Loan-174942
DDHW LLC,6548,Loan-174959
NA Insulation Services Inc.,6560,Loan-175050
NA Insulation Services Inc.,6560,Loan-175051
PERLU ADVANCED AUTOMOTIVE REPA,3510,Loan-175065
ACTIVCORE PHYSICAL THERAPY OF ,34997,Loan-175147
Deliris Trucking LLC,18409,Loan-175197
Hollywood Pyrotechnics Inc.,3832,Loan-175234
Infinite Mechanical LLC,18409,Loan-175238
KURT R CRIST-LANDSCAPE ARCHITE,3510,Loan-175258
Mega Ventas USA Corp,628,Loan-175271
MGL Associates Inc,34997,Loan-175273
Onemmcs LLC,3510,Loan-175290
Poshman LLC,6560,Loan-175295
Oni Design Group Inc,6560,Loan-175492
Oni Design Group Inc,6560,Loan-175493
Redeemed Athletics LLC,588,Loan-175507
A S Clark & Sons,588,Loan-175577
Phountain Water Filtration Inc,18409,Loan-175706
ROZELL BROS ENTERPRISES LLC,10988,Loan-175726
TOTALLY ALIGNED LLC,10988,Loan-175758
American Industrial Inspection,3510,Loan-175805
DNA Merchandise Inc,16571,Loan-175853
PROGRESS ONE LLC,57944,Loan-175962
3 FORBES ROAD LLC,6384,Loan-176027
Blum Consulting Partners Inc.,11813,Loan-176066
PRECISE HAULING SERVICES LLC,Everwise C-46601,Loan-176220
The Valley Coffee Shop LLC,11813,Loan-176269
Top Pallet LLC,18409,Loan-176270
Whitmore Chiropractic LLC,24998,Loan-176548
GSR HOME HEALTH INC.,34997,Loan-176649
Handyman Dan Services LLC,2270,Loan-176650
HL SERVICE & REPAIR INC,18409,Loan-176657
JEL ENTERPRISES LLC,6548,Loan-176670
SIN CITY IRON LLC,6548,Loan-176766
Thomas Van Bogart,13058,Loan-176788
W2T LLC,6560,Loan-176811
Blackhearts LLC dba MOSQUITO A,32441,Loan-176860
LAKE EFFECT COFFEE COMPANY,6548,Loan-176944
Brush Buckhead LLC,31628,Loan-177118
Machne Yedidois Inc,588,Loan-177205
THE RAVEN PROJECT LLC,6560,Loan-177290
5R Group Inc.,34997,Loan-177316
BIRAS INVESTMENTS LLC,34997,Loan-177349
Lovejoy Controls Corporation,16160,Loan-177475
MOHAMED RIZK ELAARAG,628,Loan-177495
Oski,24170,Loan-177515
Paul J. Wolf Inc.,6560,Loan-177520
WASHINGTION BROADBAND INC.,28489,Loan-177618
C D T Construction LLC,24998,Loan-177672
EPIPHANY GLOBAL LLC,6548,Loan-177702
Lily's Handmade Ice Cream,33555,Loan-177765
SERGEY A. KALITENKO PHYSICIAN,34997,Loan-177847
STEADY HANDZ PAINTING LLC,6548,Loan-177860
CFO CONSULTANTS LLC,18409,Loan-177945
Cute Nail Studio,Fund-Ex So-33324,Loan-177960
GAG Enterprises Corporation,628,Loan-177985
NANA'S ASIAN BISTRO LLC,35406,Loan-178039
Avida Home Health LLC,6560,Loan-178153
COM-BRO Contracting Inc,588,Loan-178182
FORTTUNA FOODS INTERNATIONAL ,3510,Loan-178199
ONE DROP LLC,3511,Loan-178266
Titus L Eberly,588,Loan-178322
Accurate Tool & Die LLC,ESL FCU-14604,Loan-178349
APEX PREMIER SOLUTIONS LLC,Telhio Cre-43215,Loan-178361
ART OF THE MATTER LLC,6548,Loan-178363
DL Accounting Services LLC,18409,Loan-178414
Expedited Goods LLC,18409,Loan-178426
Industrial Water Solutions LLC,6560,Loan-178452
LOTUS THAI MASSAGE,6548,Loan-178468
Vain Aesthetics LLC,18409,Loan-178558
Angel & Son Auto Repair LLC,Readycap L-7922,Loan-178588
Bell Cabinetry Inc.,12368,Loan-178601
Radiance Hospice Inc.,628,Loan-178733
Peace Patties.Love LLC,6548,Loan-178953
T&C Eats LLC,4048,Loan-178991
WORLD BALLY MOTORS INTERNATION,3511,Loan-179019
CasAmerica Realty Inc,Lendistry -90021,Loan-179071
Dae Seung Inc.,34997,Loan-179082
General Freight Corporation,34997,Loan-179103
Thomas Mechanical Inc,16958,Loan-179181
Itch tickets LLC,18409,Loan-179324
SIN CITY IRON LLC,6548,Loan-179397
Welcome to Harlem,18409,Loan-179438
Ads On The Go Inc,18409,Loan-179453
Alpha Professional Services I,3510,Loan-179457
Blue Willow,31628,Loan-179470
Earth Alchemy Tattoo LLC,19690,Loan-179500
Hanlon Architects D.P.C.,3510,Loan-179524
SCOTCH & SODA INC.,20624,Loan-179623
DESERT MILE SOLUTIONS LLC,6548,Loan-179932
Ivy Brook Parking LLC,33761,Loan-179984
JIN'S FAMILY INC,6548,Loan-179987
JOEY SPEAKES FITNESS,6548,Loan-179989
KMB GROCERIES INC,588,Loan-180000
Rotem Inc,Gesa CU-99352,Loan-180048
Shore Prosthetics and Orthotic,6560,Loan-180054
Marine Teknik Inc.,7213,Loan-180197
MKXB LLC,6560,Loan-180201
NGUYENDOH HOLDINGS LLC,Readycap L-7922,Loan-180210
Scott Wellness LLC,57703,Loan-180241
BRAMHA TRADING LLC,32773,Loan-180334
BRAMHA TRADING LLC,32773,Loan-180335
Christopher Stack,6560,Loan-180348
CUNNINGHAM & CUNNINGHAM EST LL,3511,Loan-180354
UNA Design LLC,3510,Loan-180496
Automotive Interiors Inc.,628,Loan-180532
Goliath Trucking Enterprises I,34607,Loan-180609
LUCIANO HARDWOOD FLOORING,6548,Loan-180659
NEW EARTH YOGA LLC,35361,Loan-180682
Olson Woodworking LLC,34997,Loan-180686
THE CANINE CULTURE,58722,Loan-180752
Beast AF LLC,58665,Loan-180809
GMC FREIGHT LLC,17491,Loan-180882
Jones Law Firm LLC,Readycap L-7922,Loan-180902
Team Wiery Enterprises LLP,6560,Loan-181005
FIRST STEP THERAPY LLC,18409,Loan-181102
H.Y. INTERNATIONAL CORPORATION,18409,Loan-181118
RIVERVIEW COMPANIES NORTH JERS,Readycap L-7922,Loan-181203
Wakelight Technologies Inc.,58665,Loan-181257
WITH LOVE ASSISTED LIVING AND ,3511,Loan-181260
HHH Dental Holdings LLC,58115,Loan-181379
Jill Temple dba Esales Califor,6548,Loan-181392
The Ticket Ninja LLC,983,Loan-181481
Venfield Inc,18409,Loan-181490
ESG Brands Inc,18409,Loan-181574
M. BHUIYAN CONSTRUCTION CO. IN,Readycap L-7922,Loan-181653
MRES NEVADA HYDRAULICS INC.,58665,Loan-181666
The Brothers that Just Do Gutt,Readycap L-7922,Loan-181733
Workshop Bar LLC,3931,Loan-181762
Culture Kicks LLC,588,Loan-181824
Dunwell Restaurant Group LLC,23737,Loan-181843
Fenson Contracting LLC,34997,Loan-181856
Gera Inc,3510,Loan-181866
Get Some Ltd,6560,Loan-181867
HAVENS FITNESS & BOXING LLC,3511,Loan-181875
Iverson Integrity Services LL,5452,Loan-181893
Lynnfield Communities LLC,628,Loan-181919
On Time Departure LLC,3510,Loan-181945
Pringle Educational Services ,18409,Loan-181963
Rick's Appliance Service Inc.,34997,Loan-181976
Spartan Business Services LLC,9204,Loan-182006
SRK Nutritionals LLC,18409,Loan-182008
METAL BOUTIQUE LLC,34997,Loan-182180
NEJM TRANSPORTATION LLC,3511,Loan-182191
609 GROVE STREET LLC,35151,Loan-182279
Afghan Cuisine Restaurant LLC,Justine Pe-63106,Loan-182283
J&J AMORE INC.,3510,Loan-182367
MILLER FINANCIAL SOLUTIONS LLC,11813,Loan-182392
Iskander Services Inc,18409,Loan-182528
The Wicked Group Inc,34997,Loan-182768
Banana Stand - Albuquerque Flo,6560,Loan-182800
Diamond Elite Solutions LLC,32441,Loan-182815
Disselbrett Trucking LLC,17534,Loan-182816
Glo With Ivy Esthetics And Per,Readycap L-7922,Loan-182832
ILASHLEIGH LLC,628,Loan-182851
MLS Technologies Inc.,3510,Loan-182878
Banana Stand - Albuquerque Flo,6560,Loan-182965
FEEL GOOD BEAUTY INC,6548,Loan-183004
FRESH DONUTS,6548,Loan-183005
Lexington Tax Group LLC,18409,Loan-183047
TAMROB CONCEPTS LLC,35406,Loan-183117
JOEL YI LLC,6384,Loan-183224
MS. TRICIA'S BEAUTY SUPPLY,3511,Loan-183260
Prestige Fire Protection Group,32773,Loan-183283
Purple Pie Promos Inc.,6560,Loan-183286
World Brands Inc.,12368,Loan-183342
APC Supplies and Services LLC,18409,Loan-183363
Dot Dash LLC,3510,Loan-183410
Maid Easy LLC,19690,Loan-183474
Mount Mechanical Inc.,34997,Loan-183488
Noble Bakes LLC,6560,Loan-183495
AVI 1ST VENTURES LLC,6548,Loan-183581
ELECTRICAL ALLIANCE CORPORATIO,3510,Loan-183622
Globe Importing Co. Inc.,18409,Loan-183643
NINTH DENIM LLC,34997,Loan-183700
ROAM COMMUNICATIONS INC.,3510,Loan-183723
SLEEPY KITTEN TRUCKING INC,57056,Loan-183736
ASYK INC.,34997,Loan-183786
M.A. Nourse Inc.,34997,Loan-183890
Clean & Safe Global Inc,23621,Loan-184026
Ferry Family Holdings Inc,34607,Loan-184056
JVR US TRUCK AND SERVICES LLC,3511,Loan-184094
Port Logistics Solutions Corp,34997,Loan-184147
Heart & Home Property Manageme,6560,Loan-184279
JINSOL GUKBAP BUENAPARK INC.,Readycap L-7922,Loan-184290
OC Davoc Enterprises Inc.,3510,Loan-184331
C&L Castings LLC,6560,Loan-184435
CAPOBIANCO INC,6548,Loan-184438
DonutNV of Amarillo TX,Readycap L-7922,Loan-184463
Invisishield L.L.C.,34997,Loan-184502
BERNICE GONZALEZ MD PA,17491,Loan-184652
Mark J Peniston CPA LLC,58665,Loan-184764
Visible Weight Loss Clinic LLC,6560,Loan-184859
Design by Melo LLC,18561,Loan-184938
OHM Gilbert LLC,35444,Loan-185034
Randy Fanous MD,16571,Loan-185050
BankRoll Entertainment LLC,18409,Loan-185126
Mittal Dermatology P.A.,6560,Loan-185236
DOWNTOWN REALTY GROUP LLC,588,Loan-185375
Exito Supermarket 2,18409,Loan-185386
ATBIZ LLC,18409,Loan-185556
ATLAS PUBLIC POLICY L.L.C.,3510,Loan-185557
JX TRANSPORT LLC,6560,Loan-185636
Palladin Consulting LLC,3510,Loan-185691
Sanders Logistics LLC,8728,Loan-185718
E.B.Y Jewelry Inc,18409,Loan-185831
LOTT'S CONSTRUCTION LLC,6384,Loan-185892
Ray Lift LLC,18409,Loan-185941
Tawl Holding Company Inc.,12923,Loan-185979
Commercial Finance Auditing & ,3510,Loan-186093
Elite Intelligence Inc.,35583,Loan-186117
First Legal AXV Solutions Inc.,57056,Loan-186130
G B LLC,33188,Loan-186133
Gaydoshbuilder LLC,588,Loan-186138
OCTAGON SQUARED LLC,22257,Loan-186217
SRK Services LLC,CDC Small -92106,Loan-186271
1322 Urca Investment  Corp,18409,Loan-186315
1600 W LAFAYETTE INC,58626,Loan-186317
CHM TEAM LLC,22257,Loan-186365
RUSHCUTTERS LLC,11813,Loan-186516
Veritas Logistics LLC,6560,Loan-186933
Confident Kids Pediatric Denti,58665,Loan-186995
Garza Law LLC,588,Loan-187043
Miller Professional Surveying ,6560,Loan-187130
Riverview Companies Westcheste,30776,Loan-187176
SUNCOAST PAINTING AND PROFESSI,3510,Loan-187196
THE QUI GROUP LLC,588,Loan-187404
BUBBI'S BREAD CORP,6548,Loan-187446
FTF AQUARIUM SERVICES LLC,Everwise C-46601,Loan-187474
THE BERKELEY CLINIC INC.,34997,Loan-187559
TT Food Inc,24920,Loan-187574
Heat Theory LLC,5452,Loan-187598
SEASIDE CREAMERY LLC,6548,Loan-187614
A&M Auto Parts LLC,18409,Loan-187728
BOONDOGGIES LLC,6548,Loan-187749
Desert Premier Lighting LLC,6560,Loan-187768
DTB Logistics Inc.,15019,Loan-187775
Home Grown Occupational & Phys,34997,Loan-187808
V&A Martinez Trucking LLC,4042,Loan-187928
West Paces Ace Services LLC,58103,Loan-187937
DS IT Solutions Inc,11813,Loan-187978
Fresh Cut Christmas Trees,17266,Loan-187988
Lauren Claire LLC,8870,Loan-188022
Nadav Elkalay Inc,3510,Loan-188055
SEASIDE CREAMERY LLC,6548,Loan-188082
Hammond Foot and Ankle LLC,59052,Loan-188227
HOLLOWAY ENTERPRISES LLC,11813,Loan-188233
Mercedes Salon LLC,18409,Loan-188261
MOON ADVISORY INC.,19690,Loan-188269
PRECISION EXPRESS LLC.,34997,Loan-188291
Inca Distributions Inc.,3510,Loan-188560
Jacobs Tax Services LLC,3931,Loan-188639
Triskel Balance Inc.,18409,Loan-188686
JT Gibson Company LLC,3510,Loan-188788
Milk Jar Cookies LLC,34997,Loan-188813
MK WELDING & BUILDS LLC,3511,Loan-188817
Retro Source Video Games Inc,18409,Loan-188849
Specialty Family Tree LLC,4160,Loan-188871
XPRESS MOLD SOLUTIONS INC,628,Loan-188909
AJR ACCOUNTING AND ASSOCIATES ,22257,Loan-188921
Declercq Inc,6560,Loan-188963
DG OASIS LLC,6548,Loan-188968
CHRISTINE CHOI HAIR INC,6548,Loan-189276
K2 INVESTMENTS INC.,18409,Loan-189481
Logan Domenico,34997,Loan-189518
Oxford Care LLC,58665,Loan-189608
Punch List Services LLC,33823,Loan-189643
RUSH MASONRY INC.,34997,Loan-189671
Saileela Eastland LLC,11813,Loan-189679
Springs Realty LLC,34997,Loan-189721
Trafford Truck Equipment LLC,18409,Loan-189777
Andolini Import Corp,18409,Loan-189847
Nuway Incorporated,17393,Loan-189942
AZ Water Systems LLC,34997,Loan-190009
JCMD MEDICAL SERVICES INC,34997,Loan-190097
Not Sorry LLC,3510,Loan-190144
Pride Waste LLC,18409,Loan-190156
Caritas Academy LLC,588,Loan-190271
Davis and Davis Inc,America Fi-84405,Loan-190295
MAE MONROE LLC,6548,Loan-190366
MSC CONTRACTING USA,6548,Loan-190383
T.H.E. Landscape Professionals,6560,Loan-190445
Crushr San Diego Inc.,6560,Loan-190532
MAC Construction & Excavation ,18409,Loan-190658
META SKIN STUDIO,6548,Loan-190665
S.A.F.E. Enterprises LLC,6672,Loan-190719
Sinai Health LLC,628,Loan-190733
PATHUS ORACLE,3511,Loan-190923
REVIVE FINISHES LLC,6548,Loan-190935
RMAN Distributing LLC,57056,Loan-191017
LEXCOR CONTRACTING INC,19506,Loan-191051
Angelic Hands of the Carolinas,18409,Loan-191095
CREEK SUBS LLC,34997,Loan-191135
SOPASHA COSMETICS LLC,3511,Loan-191236
Unbridled Chicken LLC,31223,Loan-191262
BANDYAN BRANDS LLC,6560,Loan-191287
JSM INJURY FIRM APC,628,Loan-191396
WKQ Media LLC,CDC Small -92106,Loan-191527
ARCH + DESIGN CONSULTANTS LLC,6384,Loan-191539
FIRE LOOP LLC,19690,Loan-191593
Morning Starr Solutions Llc,628,Loan-191653
NORTHWEST BUILDERS INC,6548,Loan-191661
HR Konnect LLC,Lendistry -90021,Loan-191856
A-WIN TRANSPORT LLC,3511,Loan-192003
JL Holding LLC,34997,Loan-192064
Beeline Feed and Tack LLC,27476,Loan-192158
Beeline Feed and Tack LLC,27476,Loan-192159
Chaos Rods Pompano Beach LLC,30776,Loan-192200
Bailey Jaymes Boutique LLC,18409,Loan-192425
East River Group LLC,6560,Loan-192465
East River Group LLC,6560,Loan-192466
Fitzmaurice Hand Institute PL,34997,Loan-192479
JP AVIATION SERVICES INC,6548,Loan-192511
Stafford Ridge Nursery LLC,3510,Loan-192591
All State House Services Inc.,18409,Loan-192643
CHALCO HILLS ANIMAL HOSPITAL ,5452,Loan-192684
Safari Transportation Services,34997,Loan-192831
Denim Culture Inc.,34997,Loan-192930
QUEEN TRANS LLC,3511,Loan-193052
REF EXPERTS & HVAC LLC,3510,Loan-193056
WILSON REALTY CONSULTANTS LLC,6560,Loan-193101
QUALICARE MEDICAL SUPPLIES LLC,588,Loan-193336
PF RE Inc.,12854,Loan-193606
Brooklyn Nail Story Inc.,18409,Loan-193726
NOVA CARE MULTICLINIC LLC,3511,Loan-193841
ZAMOR LIVING LLC,18409,Loan-193939
BIJAN HOLDINGS LLC,3511,Loan-193971
Rubinsky Roofing LLC,57056,Loan-194415
WESLEY CHANNELS INSURANCE AGEN,6548,Loan-194476
Credo Pharmacy LLC,20624,Loan-194555
PACK PACKAGING INC,6548,Loan-194745
Arizona Auto Body Solutions In,3510,Loan-194846
Arizona Auto Body Solutions In,3510,Loan-194847
Broadway Tower Nail Spa Inc,26610,Loan-194866
Eriko Hayakawa,20624,Loan-194914
PUTNAM LUMBER & EXPORT COMPANY,18409,Loan-195044
RGI Irrigation and Landscape ,34997,Loan-195054
Bake & Che LLC,Readycap L-7922,Loan-195161
Blue Shine Builders Inc,18409,Loan-195170
GLP Solutions Inc,6560,Loan-195244
Neese Law Office LLC,19690,Loan-195315
TRGonzales DDS Dental Corporat,31628,Loan-195415
A.M.C. Enterprises LLC,18409,Loan-195457
Future Poly USA LLC,57056,Loan-195567
LAKE AUTO CENTER LLC,6548,Loan-195612
Vivid Surfaces LLC,6384,Loan-195741
MULCAHY WOODWORKING LLC,17308,Loan-195996
Reb Fishel Inc,18409,Loan-196032
WTL Inc.,6560,Loan-196113
P.G.S. Inc.,6560,Loan-196192
AVIOTRADE INC.,18409,Loan-196365
Cafe De Paris LLC,6560,Loan-196433
Care Holdings LLC,6560,Loan-196440
Costantini Consulting LLC,588,Loan-196485
Family Unlimited Incorporated,19690,Loan-196572
FLORIDA PHYSICIANS PSN LLC,34997,Loan-196586
FOUR SEASONS ANTIQUES & ART L,19690,Loan-196595
FTM Inc,24170,Loan-196599
JK Freight LLC,6560,Loan-196722
JR RESEARCH INC,6548,Loan-196744
JUNE'S THAI KITCHEN LLC,588,Loan-196749
Mikhail Pharmacy LLC,20624,Loan-196864
Milestone Media International ,628,Loan-196867
PENNYBIRD LLC,6560,Loan-196954
REPUBLIXE LIMITED LIABILITY CO,22257,Loan-197026
Singularity Consulting LLC,PeopleFund-78702,Loan-197085
Sparkling Distributers LLC,34444,Loan-197111
SPENCER BENJAMIN WONG,6548,Loan-197117
WED THE DARK LLC,6548,Loan-197244
AMIS79 LLC,24920,Loan-197314
Life Choice LLC,628,Loan-197663
Muirhead Group LLC,12633,Loan-197737
P.J. ROAD EXPRESS INC.,6560,Loan-197776
Poured Floor Systems Inc.,18409,Loan-197803
Talk N Coffee Inc.,17838,Loan-197914
2011 THAI  LLC,34997,Loan-198043
ERVIN LLC,19690,Loan-198231
H Infinity LLC,4063,Loan-198277
HQI Contractors Inc,6384,Loan-198302
North Coast Street Customs LL,6560,Loan-198441
SHERLOCK TEMPLE INCORPORATED,6560,Loan-198540
B&N LEGAL INTERPETING INC.,628,Loan-198734
DYNOMETRICS INC,58665,Loan-198836
PRIME FINANCIAL CONSULTING INC,34997,Loan-199041
SEYMOUR'S CAPTIVE CRYPTIDS LLC,6560,Loan-199086
Sidner Karate Academy Inc. Ch,5296,Loan-199091
Sidner Karate Academy Inc. Ch,5296,Loan-199092
YOSSI'S FISH MARKET CORP.,34997,Loan-199188
Clinical Research Philadelphia,18409,Loan-199212
HANDYMAN MOUNTING SERVICES & M,3511,Loan-199394
PRT RX INC.,3510,Loan-199441
LEGACY INDUSTRIAL COATINGS LLC,628,Loan-199578
Morgan Thaxton Group LLC,18409,Loan-199592
Oakland Park Ventures LLC,6560,Loan-199599
3 Boys & a Redhead Inc.,6560,Loan-199666
Bantam Veterinary Group Inc.,7888,Loan-199686
Jaden Pacer LLC,588,Loan-199733
LVSI Corporation,588,Loan-199961
DEF2 LLC,VelocitySB-92626,Loan-200090
Jeremy Kauranen,6560,Loan-200111
JP Golini Consulting Inc.,18409,Loan-200222
LAW OFFICE OF CHRISTOPHER Q. D,34997,Loan-200227
CDM PROPERTY SERVICES INC.,628,Loan-200350
HIGGINS WELLNESS CENTER LLC,32441,Loan-200570
GENERAL PRO TOUCH LLC,588,Loan-200739
James Leroy,6560,Loan-200753
Princ Films Inc.,34997,Loan-200773
MARVIC ENTERPRISES INC.,22257,Loan-200834
CONTRACTING CNC MACHINING INC,18409,Loan-200959
East Coast Canine Estates Inc,34997,Loan-200985
Moore and Company PLLC,33555,Loan-201071
NEURODIAGNOSTIC WORKFORCE LLC,6548,Loan-201085
OLGA KARNAKOVA DDS INC.,22257,Loan-201091
JPL Mental Health Inc,31628,Loan-201290
MARTINEZ MARTINEZ CONSTRUCTION,6548,Loan-201309
Transformational Advisory Grou,58665,Loan-201368
Big D Ballistics LLC,Readycap L-7922,Loan-201419
E. Sampson Funeral Service In,628,Loan-201466
MIedu Group Inc,Readycap L-7922,Loan-201558
RYAN K. ANDERSON D.P.M. P.C.,17534,Loan-201592
Division 8 Glass and Aluminum,18409,Loan-201689
FORK FANTASY RESTAURANT LLC,6548,Loan-201700
LMMS ENTERPRISE INC.,6560,Loan-201731
Revurse Health and Fitness LLC,14851,Loan-201774
THE NASH GROUP P.S.  CERTIFIE,28489,Loan-201803
Y2K CORP,33188,Loan-201883
ANAT EBGI GALLERY INC.,3510,Loan-201945
CHARLES NETWORKS LLC,6548,Loan-201969
Ghost Host Rentals LLC,2270,Loan-201999
Think Tank QA LLC,57336,Loan-202090
URBAN SPEECH THERAPY,6548,Loan-202095
3 Jays Liquor Inc.,26610,Loan-202521
Abundant Life Home Health Agen,59195,Loan-202530
BookBrowsers LLC,34607,Loan-202558
Sport Temp LLC,18409,Loan-202701
Liquid Life Vacation Rentals ,11813,Loan-202825
SEVA SENIOR HOME CARE SERVICES,57056,Loan-202865
Genna Express Inc.,6560,Loan-203024
Surfas Incorporated,Mortgage C-94612,Loan-203344
IN YOUR CORNER CONSULTING LLC,33555,Loan-203479
PGS Enterprises LLC,6560,Loan-203532
Classic Window Coverings LLC,873,Loan-203652
STRYFFELER TREE SERVICE LLC,6560,Loan-203811
Classic Window Coverings LLC,873,Loan-203890
DANIELSON BUILDERS LLC,18409,Loan-203894
LR WALLS INC.,6560,Loan-203971
Inclusion Sports Performance T,18409,Loan-204081
A&S Rug Design Inc,18409,Loan-204160
Kraken RC Inc.,57056,Loan-204260
Overland Heating & Cooling LLC,34997,Loan-204299
FREEDOM HOME INSPECTIONS LLC,6560,Loan-204464
HYBRIDGE SOLUTIONS INC,18409,Loan-204482
S & R INNOVATIVE CONCEPTS LLC,3510,Loan-204569
V K LOGISTICS LLC,6560,Loan-204615
WE SOLUTIONS LLC,6548,Loan-204625
C & S Vending LLC,32441,Loan-204669
ELITE ACCENT LIGHTING LLC,6560,Loan-204704
RICH PHILLIPS CONSTRUCTION LL,17266,Loan-204830
West Hill Market LLC,Readycap L-7922,Loan-204892
ESTATE MANAGEMENT SERVICES OF ,3511,Loan-204968
EVERYDAY LAS VEGAS LLC,31628,Loan-204969
Rick Roby Agency LLC,20624,Loan-205099
Ascend Agency LLC,628,Loan-205189
COMMON SENSE ADVISORY LLC,3510,Loan-205222
ROOF BUILDERS LLC,6548,Loan-205341
CHICAGO SPORTS AND ENTERTAINME,58511,Loan-205513
Engine Logistics LLC,3510,Loan-205554
C.D.WEBSTER INC,34997,Loan-205872
Jansen Fitness LLC,6560,Loan-205988
Wattworks Energy LLC,21031,Loan-206238
AVANTI CONSULTANT GROUP CORP.,18409,Loan-206276
Awaken Beauty Co LLC,18409,Loan-206278
CLEAN WORK LLC,588,Loan-206316
Frodge Consulting Services LL,20624,Loan-206383
GXP-Storage LLC,58665,Loan-206409
Marginalia LLC,17266,Loan-206483
Rodriguez Professional Design ,18409,Loan-206560
Anderson Attorney Services L.L,57056,Loan-206664
Meridian Stone and Countertops,588,Loan-206820
A Sparks Company LLC,258,Loan-207258
Biz International Corp,18409,Loan-207612
DRIBBLE VENTURES LLC,3511,Loan-207659
FOX TRANSIT LLC,3511,Loan-207680
GREGORY A HILL,628,Loan-207692
Simcat Enterprises DBA Lube N ,3510,Loan-207862
The Cloak & Blaster LLC,628,Loan-207887
VSECURE LABS INC.,3510,Loan-207924
Helio Home Improvements LLC,6560,Loan-207965
THE COMMUNITY BUZZ MAGAZINE IN,18409,Loan-208004
ELI TRUCKS LLC,6560,Loan-208028
HANS NEW CORP,628,Loan-208152
Shepherd Transportation LLC,18409,Loan-208213
ALARM CONTROLS SYSTEMS INC,32773,Loan-208257
DJ Capital Partners LLC,14851,Loan-208546
EduMarc Recycling LLC,628,Loan-208551
MANAGED DIRECT RESPONSE,3510,Loan-208631
MANAGED DIRECT RESPONSE,3510,Loan-208632
PC Expert Services,Readycap L-7922,Loan-208663
Aviation Turbine Repair Llc,628,Loan-208756
Bend Subport I LLC,6560,Loan-208766
ELECTRONICS BAZAR INC.,6384,Loan-208805
H.O.L.Y. Lifestyles Rehab and ,6560,Loan-208837
Jam Delivery LLC,588,Loan-208853
NORTHLAND CHILD PSYCHIATRY LLC,6548,Loan-208901
Hudson View Dairy Inc.,18409,Loan-209288
Insectek Pest Solutions Inc.,3510,Loan-209487
Red Frog Fabrication LLC,28489,Loan-209571
BCE CONSTRUCTION INC,6548,Loan-209675
FIRST CHOICE VENDING & AMUSEME,34997,Loan-209725
RCI TRUCKING LLC,6384,Loan-210060
THE RESULTANTS INC.,34997,Loan-210094
Buckley Installation & Service,18409,Loan-210151
MARTINEZ MARTINEZ CONSTRUCTION,6548,Loan-210256
PHILO - KITCHEN LIMITED,6548,Loan-210292
PizzaPlace Dearborn LLC,34997,Loan-210295
COCHO INC.,34997,Loan-210485
Premier Creative Solutions Inc,CDC Small -92106,Loan-210584
Yama Sushi & Food Inc.,3510,Loan-210637
Ammar Construction Service LLC,6560,Loan-210659
GPS TRACKER SHOP LLC,6548,Loan-210749
Beyond Dental Health Of Abingt,58665,Loan-210994
Harper Hauling LLC,24998,Loan-211127
Niu Baguette BBQ & Noodle Soup,17308,Loan-211249
Sharona Jewelry Inc,26610,Loan-211338
TINA AND KEVIN NAILS BAR LLC,628,Loan-211401
XICOMM LLC,34997,Loan-211448
AE&B LEGACY INVESTMENT INC.,6560,Loan-211458
OKANO,57463,Loan-211581
Compliance Connection Inc.,588,Loan-211668
Advance Fence Inc.,19690,Loan-211754
ASCEND TRANSPORT LLC.,6560,Loan-211765
Horman Mathematical and Actuar,Readycap L-7922,Loan-211854
Passport Surgical Partners LLC,CDC Small -92106,Loan-211909
Savant Financial Technologies ,34997,Loan-211931
All Star Power Excavation LLC,3510,Loan-212029
Black Onyx Limo LLC,17534,Loan-212063
Justice Systems Corporation,28489,Loan-212242
La Geothermal Energy Corp,Readycap L-7922,Loan-212259
PBH HOME SERVICES LLC dba LAWN,32441,Loan-212335
SOUTH CENTRAL SYSTEMS LLC,588,Loan-212413
Gaya Food Inc,26610,Loan-212590
TML Communications LLC,3510,Loan-212736
Double G Painting Contractors,CDC Small -92106,Loan-212813
R. K. INDUSTRIES INC.,34997,Loan-212918
SSIT Inc,3510,Loan-213072
Betance LLC,6560,Loan-213109
Good Goods LLC,58626,Loan-213180
NINTH ISLAND PARTNERS LLC,628,Loan-213263
ANI KHATCHADOURIAN PSYD PSYC,628,Loan-213382
Arizona ZD LLC,6560,Loan-213577
Lightholder Consulting LLC,57056,Loan-213847
Ampol South Shore Enterprises ,57056,Loan-213931
AURORA ROSE CONSULTING AND SUP,6548,Loan-213936
AUTO WASH LLC,5296,Loan-213937
Brownhelm Country Market Inc.,34997,Loan-213958
Baeuerle Contractors LLC,9366,Loan-214398
MONICA WELLNESS LLC,6548,Loan-214498
NUVE LLC,Readycap L-7922,Loan-214596
2401 Food Corp.,3510,Loan-214656
RMC Transport LLC,588,Loan-214803
SSK Cabling LLC,6560,Loan-215079
ITAF CORPORATION,6560,Loan-215239
COLLISION RESOURCE LLC,6548,Loan-215473
Denim Culture Inc.,34997,Loan-215492
HF TRUCKING LLC,34997,Loan-215559
INDEPENDENT LIVING SERVICES OF,35406,Loan-215567
Simon Law LLLC,Readycap L-7922,Loan-215726
YOUWON CONSTRUCTION INC,6548,Loan-215803
St. Augustine Sailing Enterpri,3510,Loan-215845
MK DESIGNS STUDIO LLC,3511,Loan-215873
eMaids of Space Coast,Readycap L-7922,Loan-215969
WAELY INSURANCE AGENCY,Readycap L-7922,Loan-216070
KD Fragrances Inc.,3510,Loan-216197
MARK JUPITER LLC,628,Loan-216216
Growth Spurt Nutrition Inc.,2270,Loan-216449
Andrew & Dan Beauty Inc,26610,Loan-216647
BLUELIGHT TOWING LLC,6548,Loan-216667
CIMARRON LLC,6548,Loan-216683
H Rivero MD PA,628,Loan-216741
J Anthony Salon & Spa,57056,Loan-216764
Those Mother Shuckers LLC,35519,Loan-217187
GENUINE RESOURCES LLC,57056,Loan-218020
PAC Partners LLC,4063,Loan-218435
Jbh Construction Llc,628,Loan-218880
ICONTRACTING ROOFING,Readycap L-7922,Loan-219086
Novatrix Creative LLC,20624,Loan-219134
PSC ELECTRICAL LLC,6548,Loan-219148
COLORFUL NAILS,32773,Loan-219256
Malama Kai Technologies LLC,10619,Loan-219521
MSC Blinds LLC,20624,Loan-219531
Hoy Landscaping Inc.,6560,Loan-219967
Hoy Landscaping Inc.,6560,Loan-219968
ABERT RIM OUTFITTERS LLC,6548,Loan-220351
Advanture.co LLC,34997,Loan-220355
Amber Barnett,6560,Loan-220361
Caldwell Crane & Rigging LLC,Telhio Cre-43215,Loan-220630
Commercial Construction Servic,3510,Loan-220635
Funtastik Labs LLC,3510,Loan-220657
ABSTRACT THERAPY LLC,Readycap L-7922,Loan-221078
ATX TRAILER TREATS LLC,6560,Loan-221325
Auto Glass Brands LLC,Readycap L-7922,Loan-221326
Movement Science Physical Ther,3510,Loan-221441
NORTHLAKE HYDROCOLONIC LLC,3511,Loan-221445
RMT Marketing Inc,57873,Loan-221473
D'MIRA DIAMONDS & JEWELRY LLC,22257,Loan-221606
iTrip Charlotte iTrip Vacatio,57056,Loan-221654
LUXTIMECO INC.,19690,Loan-221683
SCARLETT LOGISTICS LLC,6560,Loan-221737
Ideal Improvement Contracting ,628,Loan-221885
TRENTHAM HOME SERVICES LLC dba,32441,Loan-222063
ELM GROUP OR ELM MANAGEMENT OR,628,Loan-222239
Grow Up Grow Out LLC,18409,Loan-222260
SLB Construction LLC,6560,Loan-222607
TERRA MASONRY LTD.,6560,Loan-222627
CLEAN VAPOR LIMITED LIABILITY ,34997,Loan-222731
Ed and Sons Glass Shop,18409,Loan-222764
Juniper Tree Restaurants LLC,8728,Loan-222818
1982 LLC,2270,Loan-222978
CANYON GROUP LOGISTICS LLC,19690,Loan-223015
Everest Carrier LLC,17534,Loan-223052
Gibson Financial Inc,20624,Loan-223062
HOUSE OF RIDES LLC,6548,Loan-223073
Dtr Property Management Llc,628,Loan-223346
Hudson Dorms LLC,11813,Loan-223380
SAAFI BEHAVIORAL HEALTH SERVIC,19690,Loan-224026
JT Food Service LLC,18409,Loan-224276
CR BUILDERS LLC,6548,Loan-224473
REANER SOLUTIONS INC,33555,Loan-224583
The Rutherford Law Center LLC,57056,Loan-224702
Sleep Cycle,34997,Loan-224745
Timothy Schuring dba SNKRFEST,22257,Loan-224751
South Mountain Adventures LLC,588,Loan-224913
Performance Acquisitions Inc,35406,Loan-225441
Saicam LLC,2720,Loan-225472
SUNSET SCOOPS LLC,57603,Loan-225498
Carina Construction LLC,6560,Loan-225609
VAN DEN BERG PAINTING LLC,6548,Loan-225855
Jimmy John's,131,Loan-225916
LA Pain dba Beverly Hills Adva,Lendistry -90021,Loan-226116
Htoo Trucking LLC,9087,Loan-226436
NEUROPRAXIS LLC,57056,Loan-226822
Pacific Granite L.L.C.,16111,Loan-226833
EATALIA LLC,3511,Loan-227004
T-SYZYGY ENTERPRISES LLC,6548,Loan-227213
Oskey Investment Group LLC,58665,Loan-227539
Williams Drug Company LLC,34997,Loan-227604
American Fastening Technologie,6560,Loan-227857
BADABING WINGS LLC,Readycap L-7922,Loan-227869
BEX Contracting Inc.,18409,Loan-227875
Integrity Personal Insurance,58665,Loan-227974
NAMASTE SF INC,6548,Loan-228030
Precise Air Systems Inc.,34997,Loan-228057
DEHAN HOME MEDICAL EQUIPMENT &,20624,Loan-228195
Graves Automotive Inc.,588,Loan-228235
Skineez,Readycap L-7922,Loan-228398
SYSTEM STUDIOS LLC,6548,Loan-228428
GN2 Food Arena Inc,26610,Loan-228605
Learn To Fly San Diego LLC,57056,Loan-228655
BNMA Trucking LLC,6560,Loan-228845
Rocky Top Concrete,9366,Loan-229016
Dresden Castle LLC,Readycap L-7922,Loan-229090
Elicier Cleaning Service Inc.,18409,Loan-229295
BEST LIFE WATER LLC,6548,Loan-229460
Eric Yavne Enterprises LLC,17534,Loan-229516
PETRIFIED RIVER LLC dba THE GR,32441,Loan-229616
PRECISION COPY PRODUCTS INCOR,7888,Loan-229619
Safe Site Utility Services LL,8273,Loan-229644
Glass Enterprises LLC,2720,Loan-229813
JINYEONDAVID INC,17308,Loan-230501
EPLEX INC,6548,Loan-230608
GREEN J'S PRODUCE,Readycap L-7922,Loan-230621
A&J Powell Farm Trucking LLC,609,Loan-230745
EPLEX INC,6548,Loan-230823
M & J'S TRANSPORT LLC,3511,Loan-230898
Ten 3 One Services LLC,18409,Loan-230984
Bald Birds Brewing Company LL,7468,Loan-231047
GORGEOUS NAILS LLC,6548,Loan-231136
HBTRANSIT LOGISTICS,57056,Loan-231475
MACAM SERVICES LLC,Readycap L-7922,Loan-231524
360 ENTERPRISES LLC,6548,Loan-231668
Genna Express Inc.,628,Loan-231762
JCAT Pizza LLC,6560,Loan-232097
Samuel & Sons Plumbing Heatin,18409,Loan-232152
Cesar Martin Estela ESQ. Lim,18409,Loan-232510
Marine Teknik Inc.,7213,Loan-232608
ON3 LLC,Readycap L-7922,Loan-232637
ALL-TECH MANUFACTURING LTD,6560,Loan-232748
ROGUE DRY ICE BLASTING AND LAS,6548,Loan-232955
WEEBUMA SMALL BUSINESS MARKETI,6560,Loan-233016
Sirrus7 LLC,1281,Loan-233286
HUNG NGUYEN DESIGN,6548,Loan-233414
Nostra Air LLC,58665,Loan-233459
PHOENIX TECHNOLOGY SOLUTIONS ,34997,Loan-233468
666 SSBB LLC,588,Loan-233514
APS24 TRANSPORT LLC,3511,Loan-233534
Clear Mobile Auto Scan Inc.,Mortgage C-94612,Loan-233585
LIBERTY AUTO ELECTRICAL LLC,588,Loan-233682
Mahaffey Insurance Agency LLC,58665,Loan-233691
MP Restoration LLC,11063,Loan-233696
South Construction Services LL,11813,Loan-234052
ZENITHEN USA LLC,6560,Loan-234105
ZENITHEN USA LLC,6560,Loan-234106
Apex Diving And Marine Service,628,Loan-234136
BTM METALWORKS LLC,4160,Loan-234175
Jamanee Express Inc,6560,Loan-234290
Quaidventurez LLC,28489,Loan-234383
SAMUEL RECCO dba SCR CONTRACTI,32773,Loan-234400
KNS Culinary Group LLC,33555,Loan-234715
MAKK Transport LLC,588,Loan-234727
PRO SERIES LAWN CARE INCORPORA,19690,Loan-234758
APERION INC.,34997,Loan-234880
EDTOMORROW LLC,34997,Loan-234961
KAREN AND NEPALI FOODS LLC,6548,Loan-235036
MKV Wholesale,Lendistry -90021,Loan-235072
Ordinal Worlds Inc.,18409,Loan-235094
LNT Machining Inc,15229,Loan-235368
Diamond Cleaning Network LLC,18409,Loan-235899
ARROW MEDICAL SERVICES,6560,Loan-236201
Sugar Maple Veterinary Center ,3510,Loan-236982
Bailey Jaymes Boutique LLC,18409,Loan-237042
TruSummit Insurance Solutions,58665,Loan-238165
EAGLE EYE VIEWINGS LLC,6548,Loan-238596
Comfort Keepers,58665,Loan-238863
Old Town Sweets LLC,57056,Loan-239552
The Gray Group Insurance Broke,58665,Loan-239627
Sji Dermatology Pllc,628,Loan-239875
SUNSTATE SWEEPING L.L.C.,2270,Loan-239895
LEARNING LEARNERS LLC,Readycap L-7922,Loan-240097
LUMIERE LLC,6548,Loan-240103
LUSTROUS SPIRITS INC.,6548,Loan-240105
BIG TEX EXPRESS INC,3511,Loan-240252
DOCTOR GOLDENEYE LLC,6560,Loan-240288
Next Step Insurance Group LLC,Readycap L-7922,Loan-240377
Chef Mac's Restaurant Services,58377,Loan-241113
Konala Protein Bowls & Salads,57056,Loan-242119
Accent Speaker Technology Ltd.,18409,Loan-242591
Salinas Tax and Accounting LLC,17266,Loan-242799
Elevation Dealer Services LLC,CDC Small -92106,Loan-242955
LOUIS H COHEN GENERAL CONTRACT,18409,Loan-243343
Fast Cutting Supply Corp,18409,Loan-244170
R3 HEALTH LLC,VelocitySB-92626,Loan-244317
The Warren Group LLC,34997,Loan-244370
Value Wholesale Inc.,Readycap L-7922,Loan-244383
CLARITY PROMISES UNLIMITED LLC,6560,Loan-244443
Gantt Construction Services LL,Telhio Cre-43215,Loan-244486
Hop Junction,31628,Loan-244501
Main Street Humboldt Coffee LL,4016,Loan-244553
Documents Online Inc.,8870,Loan-244709
SOUTH BAY ELITE,628,Loan-244956
THREE ANGELS ENTERPRISES LLC,34997,Loan-244981
OTI MANAGEMENT CONSULTING INC,18409,Loan-245185
PLANET GEMENON LLC,6548,Loan-245198
BEBE COUTURE LLC,University-84106,Loan-245315
Metal Innovations Inc.,3510,Loan-245472
C & S AEROSPACE INC,6548,Loan-247056
DREAMS BY BELLA LLC,6560,Loan-247112
FOUR PATHWAYS MENTAL HEALTH P,3511,Loan-247878
VLAD GERTS DDS PC,628,Loan-248455
No8.health LLC,2270,Loan-248630
ADR CARPET LLC,Readycap L-7922,Loan-249069
OUTREACH SERVICES AND SOLUTION,6560,Loan-249770
Crouch Famiily Medicine PC,628,Loan-249907
AUDIBERT Properties LLC,18221,Loan-250174
LA FRUITNEST INC.,19690,Loan-250391
Affordable Roofing Contractors,Lendistry -90021,Loan-250653
TruSummit Insurance Solutions,58665,Loan-250916
Four Horizons LLC,6560,Loan-251052
BIG REPUTATION LLC dba SQUEEG,32441,Loan-251255
Okidoki Nails and Spa Inc,26610,Loan-251510
Keyflow USA Inc.,17281,Loan-252266
THE LION HEART EXPERIENCE LLC,22257,Loan-252401
TRIPLE AIM HEALTH LLC,19123,Loan-252508
VIRTUES PLUMBING LLC,17308,Loan-253211
Rattler Realty LLC,Mortgage C-94612,Loan-253454
DIVA FAM INC.,Lendistry -90021,Loan-253615
OMNIDATA INC.,22257,Loan-253750
SAMUEL RECCO,32773,Loan-253942
HUGH W. GRUHN DDS PLLC,6548,Loan-254725
WickedKewl LLC,57056,Loan-255057
LEAD GENIE INC,19690,Loan-256369
HUERTA'S PLUMBING INC,6548,Loan-256964
HAMDAPTOR,6548,Loan-257268
Trinity One Contractor Inc,628,Loan-257992
Edgefinders Executive Educatio,PeopleFund-78702,Loan-258988
Eunhye Place Inc.,57463,Loan-258996
RESERVOIR TATTOO STUDIO INC.,34997,Loan-259097
Uplift Hospice LLC,58665,Loan-259163
Baeuerle Contractors LLC,9366,Loan-259523
AMS CPAS LA CORP,32441,Loan-259824
Comfort Environmental Acquisit,7468,Loan-259841
PRICE GOODS INC.,Lendistry -90021,Loan-259893
LOVE AND HAIR PEACE LLC,34997,Loan-260940
TCS LLC,6548,Loan-261067
The 616 Comics LLC,18409,Loan-261740
LITTLE DOGS RESORT AND SALON ,Mountain A-84070,Loan-262241
ACCURATE RESTORATION BUILDERS ,6548,Loan-262607
HydraX LLC dba Mr. Rooter Plum,32441,Loan-264328
Tailwind Solutions LLC,2270,Loan-264476
ANTOINE PROFESSIONAL REAL ESTA,19690,Loan-266864
Deep Blue Cloud Computing Inc.,628,Loan-267451
Classic Tax & Accounting CPA,Readycap L-7922,Loan-268113
INTEGRITY PERSONAL INSURANCE,58665,Loan-268300
Jochy Corporation,18409,Loan-270774
Fencing By Barone Inc.,18409,Loan-271485
SWEDENT DENTAL PC,Mountain A-84070,Loan-274725
MYOPIA CARE OPTOMETRIC PC,10988,Loan-276250
Lemon Leaf Cafe LLC,588,Loan-277482
THE ROMAN GUY INC,19690,Loan-278497
EMPOWER PATHWAYS ADULT DAY PRO,6548,Loan-279937
Vanil  LLC,6560,Loan-282697
Marcel's Restaurant LLC,6560,Loan-283630
RELAX COLON LLC,6548,Loan-284801
Lucasys Inc.,33555,Loan-285472
LUCKY DICE INC.,31628,Loan-285474
Tex Transversal LLC,31628,Loan-287874
TCE Presents LLC,Lendistry -90021,Loan-290404
OVERKIND LLC,32441,Loan-293542
